case,width,engine,round,batch,warmup,iterations,seconds,ns_per_iteration
make-seq,8,2-stackless,0,0,True,560363,0.12074706299999999,215.48007809223662
make-seq,8,2-stackless,0,1,True,560363,0.120665591,215.33468662277846
make-seq,8,2-stackless,0,2,False,560363,0.12067840899999999,215.35756108094216
make-seq,8,2-stackless,0,3,False,560363,0.12059894900000001,215.2157601411942
make-seq,8,2-stackless,0,4,False,560363,0.12060859400000001,215.23297219837858
make-seq,8,2-stackful,0,0,True,560363,0.122341015,218.32457710448406
make-seq,8,2-stackful,0,1,True,560363,0.12253268099999999,218.66661610420385
make-seq,8,2-stackful,0,2,False,560363,0.12253571300000002,218.67202688257436
make-seq,8,2-stackful,0,3,False,560363,0.122397959,218.4261969473359
make-seq,8,2-stackful,0,4,False,560363,0.12223702999999997,218.13900989180223
make-seq,8,1x,0,0,True,560363,0.0191565,34.185875941131016
make-seq,8,1x,0,1,True,560363,0.0192965,34.43571399253698
make-seq,8,1x,0,2,False,560363,0.0192649,34.37932197521963
make-seq,8,1x,0,3,False,560363,0.0192576,34.36629470539632
make-seq,8,1x,0,4,False,560363,0.0193824,34.58900748264964
make-seq,8,1x,1,0,True,560363,0.0195486,34.88560094081872
make-seq,8,1x,1,1,True,560363,0.0193047,34.45034736411933
make-seq,8,1x,1,2,False,560363,0.019265,34.37950043097064
make-seq,8,1x,1,3,False,560363,0.0194714,34.74783310104343
make-seq,8,1x,1,4,False,560363,0.0192384,34.332031201203506
make-seq,8,2-stackless,1,0,True,560363,0.12103549999999999,215.99481050676076
make-seq,8,2-stackless,1,1,True,560363,0.12099090400000001,215.91522638004295
make-seq,8,2-stackless,1,2,False,560363,0.12080281200000001,215.57956538886404
make-seq,8,2-stackless,1,3,False,560363,0.12097674999999997,215.88996775304574
make-seq,8,2-stackless,1,4,False,560363,0.12108757599999997,216.08774312365372
make-seq,8,2-stackful,1,0,True,560363,0.12263052299999999,218.84122078010145
make-seq,8,2-stackful,1,1,True,560363,0.122528364,218.65891216943302
make-seq,8,2-stackful,1,2,False,560363,0.12232050199999997,218.2879704762805
make-seq,8,2-stackful,1,3,False,560363,0.12227726699999997,218.2108151323338
make-seq,8,2-stackful,1,4,False,560363,0.12231662799999998,218.28105710048663
make-seq,8,2-stackless,2,0,True,560363,0.120757321,215.49838408317467
make-seq,8,2-stackless,2,1,True,560363,0.12082530699999999,215.61970901005242
make-seq,8,2-stackless,2,2,False,560363,0.12066697100000001,215.33714931214234
make-seq,8,2-stackless,2,3,False,560363,0.12068081500000005,215.36185472631144
make-seq,8,2-stackless,2,4,False,560363,0.12049806299999999,215.035723272236
make-seq,8,1x,2,0,True,560363,0.0195911,34.96144463499553
make-seq,8,1x,2,1,True,560363,0.0198679,35.45541015377532
make-seq,8,1x,2,2,False,560363,0.0196605,35.08529292619249
make-seq,8,1x,2,3,False,560363,0.0198937,35.50145173753442
make-seq,8,1x,2,4,False,560363,0.0196753,35.11170437734112
make-seq,8,2-stackful,2,0,True,560363,0.12246683,218.54910120761008
make-seq,8,2-stackful,2,1,True,560363,0.12246014999999999,218.53718036344296
make-seq,8,2-stackful,2,2,False,560363,0.122251419,218.16468788981427
make-seq,8,2-stackful,2,3,False,560363,0.12232193700000005,218.29053131630755
make-seq,8,2-stackful,2,4,False,560363,0.12229612299999998,218.2444647487432
get-string,64,2-stackful,0,0,True,422087,0.037706715,89.33398801668851
get-string,64,2-stackful,0,1,True,422087,0.03769647500000001,89.30972761539684
get-string,64,2-stackful,0,2,False,422087,0.037967297,89.95135363088653
get-string,64,2-stackful,0,3,False,422087,0.03810644299999999,90.2810155252353
get-string,64,2-stackful,0,4,False,422087,0.038153777,90.39315828253417
get-string,64,2-stackless,0,0,True,422087,0.037048442,87.77442091322405
get-string,64,2-stackless,0,1,True,422087,0.036792834,87.16883959941907
get-string,64,2-stackless,0,2,False,422087,0.036951776000000006,87.54540177735872
get-string,64,2-stackless,0,3,False,422087,0.037371494000000005,88.5397891903802
get-string,64,2-stackless,0,4,False,422087,0.03698494899999999,87.62399457931657
get-string,64,1x,0,0,True,422087,0.0207378,49.131577139310146
get-string,64,1x,0,1,True,422087,0.0206401,48.90010827151748
get-string,64,1x,0,2,False,422087,0.020594,48.79088908210866
get-string,64,1x,0,3,False,422087,0.0207257,49.1029100635651
get-string,64,1x,0,4,False,422087,0.0206641,48.95696858704485
get-string,64,2-stackless,1,0,True,422087,0.037102994,87.90366441041776
get-string,64,2-stackless,1,1,True,422087,0.036950083,87.5413907559342
get-string,64,2-stackless,1,2,False,422087,0.036762196,87.09625266828877
get-string,64,2-stackless,1,3,False,422087,0.03671298400000002,86.97966059129993
get-string,64,2-stackless,1,4,False,422087,0.036579467000000004,86.6633348101221
get-string,64,2-stackful,1,0,True,422087,0.038011285000000006,90.05556911252896
get-string,64,2-stackful,1,1,True,422087,0.037881313,89.74764207379047
get-string,64,2-stackful,1,2,False,422087,0.03798757900000001,89.9994053358668
get-string,64,2-stackful,1,3,False,422087,0.038066039999999995,90.1852935532248
get-string,64,2-stackful,1,4,False,422087,0.03798299499999999,89.98854501560103
get-string,64,1x,1,0,True,422087,0.0204436,48.43456443813716
get-string,64,1x,1,1,True,422087,0.0204926,48.55065424900554
get-string,64,1x,1,2,False,422087,0.0203986,48.32795134652335
get-string,64,1x,1,3,False,422087,0.0204158,48.36870123931796
get-string,64,1x,1,4,False,422087,0.0204676,48.49142475366453
get-string,64,1x,2,0,True,422087,0.0204303,48.40305434661575
get-string,64,1x,2,1,True,422087,0.020174,47.795833560379734
get-string,64,1x,2,2,False,422087,0.0201917,47.83776804308116
get-string,64,1x,2,3,False,422087,0.0203366,48.18106219807765
get-string,64,1x,2,4,False,422087,0.0203959,48.32155456102652
get-string,64,2-stackless,2,0,True,422087,0.036531826,86.55046471462045
get-string,64,2-stackless,2,1,True,422087,0.0364414,86.33622926079221
get-string,64,2-stackless,2,2,False,422087,0.036402616,86.24434299089998
get-string,64,2-stackless,2,3,False,422087,0.03666175299999999,86.85828514026727
get-string,64,2-stackless,2,4,False,422087,0.03654133500000001,86.57299324546837
get-string,64,2-stackful,2,0,True,422087,0.037758414,89.45647224387389
get-string,64,2-stackful,2,1,True,422087,0.037869004,89.71847983946438
get-string,64,2-stackful,2,2,False,422087,0.037865297000000006,89.70969728989523
get-string,64,2-stackful,2,3,False,422087,0.037796845999999995,89.5475245624717
get-string,64,2-stackful,2,4,False,422087,0.03774582500000001,89.42664663919999
push-shared-seq,8,2-stackless,0,0,True,120254,0.021847769,181.6801852745023
push-shared-seq,8,2-stackless,0,1,True,120254,0.021891603000000003,182.04469705789415
push-shared-seq,8,2-stackless,0,2,False,120254,0.021892973999999996,182.05609792605648
push-shared-seq,8,2-stackless,0,3,False,120254,0.02177897799999999,181.10813777504274
push-shared-seq,8,2-stackless,0,4,False,120254,0.02200602900000001,182.99623297353943
push-shared-seq,8,1x,0,0,True,120254,0.026412,219.63510569294994
push-shared-seq,8,1x,0,1,True,120254,0.0260736,216.8210620852529
push-shared-seq,8,1x,0,2,False,120254,0.0265017,220.38102682655048
push-shared-seq,8,1x,0,3,False,120254,0.0260908,216.96409267051408
push-shared-seq,8,1x,0,4,False,120254,0.0264273,219.7623363879788
push-shared-seq,8,2-stackful,0,0,True,120254,0.022148943999999997,184.18467576962092
push-shared-seq,8,2-stackful,0,1,True,120254,0.022000864000000002,182.9532822193025
push-shared-seq,8,2-stackful,0,2,False,120254,0.022138239999999997,184.09566417749096
push-shared-seq,8,2-stackful,0,3,False,120254,0.022138155999999992,184.09496565602802
push-shared-seq,8,2-stackful,0,4,False,120254,0.022118971,183.93542834333994
push-shared-seq,8,2-stackful,1,0,True,120254,0.022096514,183.74868195652536
push-shared-seq,8,2-stackful,1,1,True,120254,0.022035263999999995,183.23934338982485
push-shared-seq,8,2-stackful,1,2,False,120254,0.022128811000000005,184.0172551432801
push-shared-seq,8,2-stackful,1,3,False,120254,0.022109949000000004,183.86040381193143
push-shared-seq,8,2-stackful,1,4,False,120254,0.022176605000000002,184.4146972242088
push-shared-seq,8,2-stackless,1,0,True,120254,0.021641994999999997,179.9690238994129
push-shared-seq,8,2-stackless,1,1,True,120254,0.021716296000000003,180.5868910805462
push-shared-seq,8,2-stackless,1,2,False,120254,0.021752577000000002,180.88859414239863
push-shared-seq,8,2-stackless,1,3,False,120254,0.021784350000000008,181.1528098857419
push-shared-seq,8,2-stackless,1,4,False,120254,0.021736472000000007,180.7546692833503
push-shared-seq,8,1x,1,0,True,120254,0.0203343,169.09458313236982
push-shared-seq,8,1x,1,1,True,120254,0.020242,168.32704109634608
push-shared-seq,8,1x,1,2,False,120254,0.020272,168.57651304738303
push-shared-seq,8,1x,1,3,False,120254,0.0202086,168.0492956575249
push-shared-seq,8,1x,1,4,False,120254,0.0201052,167.18944899961747
push-shared-seq,8,2-stackless,2,0,True,120254,0.021815585,181.41255176542984
push-shared-seq,8,2-stackless,2,1,True,120254,0.021936545,182.4184226720109
push-shared-seq,8,2-stackless,2,2,False,120254,0.021801535999999996,181.2957240507592
push-shared-seq,8,2-stackless,2,3,False,120254,0.022022257000000003,183.13118066758696
push-shared-seq,8,2-stackless,2,4,False,120254,0.021781652,181.13037404161193
push-shared-seq,8,1x,2,0,True,120254,0.0198647,165.18951552547108
push-shared-seq,8,1x,2,1,True,120254,0.019638,163.30433914880172
push-shared-seq,8,1x,2,2,False,120254,0.0196778,163.63530527051074
push-shared-seq,8,1x,2,3,False,120254,0.0197313,164.0801969165267
push-shared-seq,8,1x,2,4,False,120254,0.0196209,163.16214013671063
push-shared-seq,8,2-stackful,2,0,True,120254,0.022188765,184.51581652169574
push-shared-seq,8,2-stackful,2,1,True,120254,0.022158867000000002,184.26719277529233
push-shared-seq,8,2-stackful,2,2,False,120254,0.022154656000000002,184.2321752290984
push-shared-seq,8,2-stackful,2,3,False,120254,0.022150754999999994,184.19973555973183
push-shared-seq,8,2-stackful,2,4,False,120254,0.022081986999999997,183.62787932210153
assign-seq,64,2-stackful,0,0,True,37393,0.020150141,538.8746824271923
assign-seq,64,2-stackful,0,1,True,37393,0.020134332,538.4519027625491
assign-seq,64,2-stackful,0,2,False,37393,0.020135266,538.4768806995962
assign-seq,64,2-stackful,0,3,False,37393,0.020132221000000006,538.3954483459473
assign-seq,64,2-stackful,0,4,False,37393,0.020125988999999997,538.2287861364425
assign-seq,64,1x,0,0,True,37393,0.177029,4734.281817452465
assign-seq,64,1x,0,1,True,37393,0.17732,4742.0640226780415
assign-seq,64,1x,0,2,False,37393,0.178841,4782.740085042655
assign-seq,64,1x,0,3,False,37393,0.175081,4682.186505495681
assign-seq,64,1x,0,4,False,37393,0.174824,4675.313561361752
assign-seq,64,2-stackless,0,0,True,37393,0.020049499999999998,536.1832428529403
assign-seq,64,2-stackless,0,1,True,37393,0.020011835,535.1759687642073
assign-seq,64,2-stackless,0,2,False,37393,0.019978433999999996,534.2827267135559
assign-seq,64,2-stackless,0,3,False,37393,0.019992935999999996,534.6705533121171
assign-seq,64,2-stackless,0,4,False,37393,0.019975770000000004,534.2114834327282
assign-seq,64,1x,1,0,True,37393,0.164704,4404.674671730003
assign-seq,64,1x,1,1,True,37393,0.163536,4373.43887893456
assign-seq,64,1x,1,2,False,37393,0.16308,4361.244083117161
assign-seq,64,1x,1,3,False,37393,0.163052,4360.495279865216
assign-seq,64,1x,1,4,False,37393,0.16369,4377.5572968202605
assign-seq,64,2-stackful,1,0,True,37393,0.020189622,539.9305217554088
assign-seq,64,2-stackful,1,1,True,37393,0.020158606000000003,539.1010616960394
assign-seq,64,2-stackful,1,2,False,37393,0.020159835,539.1339288102051
assign-seq,64,2-stackful,1,3,False,37393,0.020143029,538.6844864011981
assign-seq,64,2-stackful,1,4,False,37393,0.020142850000000004,538.6796994089804
assign-seq,64,2-stackless,1,0,True,37393,0.020023200999999997,535.4799293985504
assign-seq,64,2-stackless,1,1,True,37393,0.020008308000000002,535.0816462974354
assign-seq,64,2-stackless,1,2,False,37393,0.020073395,536.8222661995561
assign-seq,64,2-stackless,1,3,False,37393,0.020264925999999996,541.9443746155697
assign-seq,64,2-stackless,1,4,False,37393,0.020090799000000006,537.287700906587
assign-seq,64,2-stackless,2,0,True,37393,0.020026259,535.5617094108522
assign-seq,64,2-stackless,2,1,True,37393,0.020088028999999997,537.2136228705906
assign-seq,64,2-stackless,2,2,False,37393,0.020048338,536.1521675179846
assign-seq,64,2-stackless,2,3,False,37393,0.020038703000000005,535.8944989703956
assign-seq,64,2-stackless,2,4,False,37393,0.020099368999999992,537.5168881876285
assign-seq,64,1x,2,0,True,37393,0.165981,4438.8254486133765
assign-seq,64,1x,2,1,True,37393,0.167079,4468.189233278956
assign-seq,64,1x,2,2,False,37393,0.166311,4447.650629797021
assign-seq,64,1x,2,3,False,37393,0.163288,4366.806621560185
assign-seq,64,1x,2,4,False,37393,0.163287,4366.779878586901
assign-seq,64,2-stackful,2,0,True,37393,0.020226706,540.9222581766641
assign-seq,64,2-stackful,2,1,True,37393,0.020197016,540.128259299869
assign-seq,64,2-stackful,2,2,False,37393,0.020272875000000003,542.1569545102026
assign-seq,64,2-stackful,2,3,False,37393,0.020221918,540.7942128205814
assign-seq,64,2-stackful,2,4,False,37393,0.020343839000000002,544.0547428663119
const-table,0,1x,0,0,True,807426,0.0695895,86.18684560566541
const-table,0,1x,0,1,True,807426,0.068281,84.56626365759834
const-table,0,1x,0,2,False,807426,0.068701,85.08643516557555
const-table,0,1x,0,3,False,807426,0.0687386,85.1330029005754
const-table,0,1x,0,4,False,807426,0.0694492,86.01308355192921
const-table,0,2-stackless,0,0,True,807426,0.019915525,24.66544921763728
const-table,0,2-stackless,0,1,True,807426,0.019821449,24.54893575386475
const-table,0,2-stackless,0,2,False,807426,0.019876741000000003,24.617415094386363
const-table,0,2-stackless,0,3,False,807426,0.019913188,24.662554834746466
const-table,0,2-stackless,0,4,False,807426,0.019792143999999998,24.51264140614743
const-table,0,2-stackful,0,0,True,807426,0.022217269999999997,27.51616866437295
const-table,0,2-stackful,0,1,True,807426,0.022334307,27.661119409085167
const-table,0,2-stackful,0,2,False,807426,0.022264308000000003,27.57442539625923
const-table,0,2-stackful,0,3,False,807426,0.02218982,27.482171740815875
const-table,0,2-stackful,0,4,False,807426,0.022255468,27.563477024519894
const-table,0,1x,1,0,True,807426,0.0693391,85.87672430662377
const-table,0,1x,1,1,True,807426,0.0695344,86.11860405783317
const-table,0,1x,1,2,False,807426,0.0690232,85.48548102240949
const-table,0,1x,1,3,False,807426,0.0685455,84.89384785726494
const-table,0,1x,1,4,False,807426,0.0688646,85.28905435296856
const-table,0,2-stackless,1,0,True,807426,0.019725254,24.429797900984116
const-table,0,2-stackless,1,1,True,807426,0.019761271000000004,24.474405084800345
const-table,0,2-stackless,1,2,False,807426,0.019704195,24.40371625387342
const-table,0,2-stackless,1,3,False,807426,0.019737997,24.44558015223686
const-table,0,2-stackless,1,4,False,807426,0.019715937000000003,24.41825876303216
const-table,0,2-stackful,1,0,True,807426,0.022215132999999998,27.51352198220022
const-table,0,2-stackful,1,1,True,807426,0.022273265999999996,27.585519911422217
const-table,0,2-stackful,1,2,False,807426,0.022174172,27.462791636632954
const-table,0,2-stackful,1,3,False,807426,0.022182569,27.473191351281727
const-table,0,2-stackful,1,4,False,807426,0.02225637500000001,27.564600347276414
const-table,0,2-stackless,2,0,True,807426,0.019692488,24.38921709234035
const-table,0,2-stackless,2,1,True,807426,0.019722337,24.426185186010855
const-table,0,2-stackless,2,2,False,807426,0.019736361999999993,24.443555198866513
const-table,0,2-stackless,2,3,False,807426,0.019735146000000002,24.44204917850057
const-table,0,2-stackless,2,4,False,807426,0.019810072999999997,24.534846537020105
const-table,0,1x,2,0,True,807426,0.0695477,86.13507615558578
const-table,0,1x,2,1,True,807426,0.0699758,86.6652795426454
const-table,0,1x,2,2,False,807426,0.0679789,84.19211172293188
const-table,0,1x,2,3,False,807426,0.0686333,85.00258847250399
const-table,0,1x,2,4,False,807426,0.0691306,85.6184963080208
const-table,0,2-stackful,2,0,True,807426,0.022180002,27.470012112565115
const-table,0,2-stackful,2,1,True,807426,0.022119457000000002,27.395026912683026
const-table,0,2-stackful,2,2,False,807426,0.022098824999999996,27.36947410660543
const-table,0,2-stackful,2,3,False,807426,0.022295139000000005,27.612609700455526
const-table,0,2-stackful,2,4,False,807426,0.022182524999999995,27.473136857123745
take-table,64,2-stackless,0,0,True,102538,0.09015472899999999,879.2323723887728
take-table,64,2-stackless,0,1,True,102538,0.09014849,879.1715266535333
take-table,64,2-stackless,0,2,False,102538,0.08991650400000001,876.909087362734
take-table,64,2-stackless,0,3,False,102538,0.08987867,876.5401119584934
take-table,64,2-stackless,0,4,False,102538,0.08969978900000003,874.7955782246585
take-table,64,2-stackful,0,0,True,102538,0.087183563,850.2561294349412
take-table,64,2-stackful,0,1,True,102538,0.08730605999999999,851.4507792233122
take-table,64,2-stackful,0,2,False,102538,0.08753621300000003,853.6953422145939
take-table,64,2-stackful,0,3,False,102538,0.08845667000000002,862.6720825450078
take-table,64,2-stackful,0,4,False,102538,0.08788450799999997,857.0920829351066
take-table,64,1x,0,0,True,102538,0.0206644,201.52918917864596
take-table,64,1x,0,1,True,102538,0.0206543,201.43068911037858
take-table,64,1x,0,2,False,102538,0.0205807,200.71290643468762
take-table,64,1x,0,3,False,102538,0.0204422,199.36218767676374
take-table,64,1x,0,4,False,102538,0.0203908,198.86091010162087
take-table,64,2-stackless,1,0,True,102538,0.090660823,884.168045017457
take-table,64,2-stackless,1,1,True,102538,0.09101631,887.6349255885623
take-table,64,2-stackless,1,2,False,102538,0.09090407400000003,886.5403460180619
take-table,64,2-stackless,1,3,False,102538,0.09073855199999997,884.9260956913531
take-table,64,2-stackless,1,4,False,102538,0.090817435,885.6954007294856
take-table,64,2-stackful,1,0,True,102538,0.08753412899999999,853.6750180420916
take-table,64,2-stackful,1,1,True,102538,0.087760939,855.8869784860246
take-table,64,2-stackful,1,2,False,102538,0.087292396,851.3175213091732
take-table,64,2-stackful,1,3,False,102538,0.08732679299999996,851.6529774327562
take-table,64,2-stackful,1,4,False,102538,0.08813378100000002,859.523113382356
take-table,64,1x,1,0,True,102538,0.0205515,200.42813396009285
take-table,64,1x,1,1,True,102538,0.0208358,203.20076459458932
take-table,64,1x,1,2,False,102538,0.0207308,202.1767539838889
take-table,64,1x,1,3,False,102538,0.0207045,201.92026370711346
take-table,64,1x,1,4,False,102538,0.0206293,201.18687706021183
take-table,64,1x,2,0,True,102538,0.0206332,201.22491174003784
take-table,64,1x,2,1,True,102538,0.0207305,202.1738282392869
take-table,64,1x,2,2,False,102538,0.0203355,198.32159784665197
take-table,64,1x,2,3,False,102538,0.0205912,200.81530749575768
take-table,64,1x,2,4,False,102538,0.0203471,198.43472663792934
take-table,64,2-stackful,2,0,True,102538,0.08659637099999999,844.5295500204801
take-table,64,2-stackful,2,1,True,102538,0.086454723,843.1481304491994
take-table,64,2-stackful,2,2,False,102538,0.08706643600000002,849.1138504749462
take-table,64,2-stackful,2,3,False,102538,0.08655740900000003,844.1495738165366
take-table,64,2-stackful,2,4,False,102538,0.08671082699999999,845.6457801010356
take-table,64,2-stackless,2,0,True,102538,0.09091026399999999,886.6007138816827
take-table,64,2-stackless,2,1,True,102538,0.08995103600000001,877.2458600713883
take-table,64,2-stackless,2,2,False,102538,0.08957237499999998,873.5529754822601
take-table,64,2-stackless,2,3,False,102538,0.09058889599999997,883.4665782441629
take-table,64,2-stackless,2,4,False,102538,0.09025275900000002,880.188408199887
get-table,256,1x,0,0,True,94544,0.0196484,207.8228126586563
get-table,256,1x,0,1,True,94544,0.0201367,212.98760365544086
get-table,256,1x,0,2,False,94544,0.0201268,212.88289050600778
get-table,256,1x,0,3,False,94544,0.0200978,212.5761550177695
get-table,256,1x,0,4,False,94544,0.019915,210.6426637332882
get-table,256,2-stackless,0,0,True,94544,0.02441314,258.2198764596378
get-table,256,2-stackless,0,1,True,94544,0.024516986,259.3182645117617
get-table,256,2-stackless,0,2,False,94544,0.024627455000000006,260.4867046031478
get-table,256,2-stackless,0,3,False,94544,0.024669364,260.92997969199524
get-table,256,2-stackless,0,4,False,94544,0.024774077000000005,262.03753807750894
get-table,256,2-stackful,0,0,True,94544,0.024699624,261.2500423083432
get-table,256,2-stackful,0,1,True,94544,0.024814153999999998,262.4614359451684
get-table,256,2-stackful,0,2,False,94544,0.024686388999999996,261.1100545777627
get-table,256,2-stackful,0,3,False,94544,0.024820406000000003,262.5275638855983
get-table,256,2-stackful,0,4,False,94544,0.024577057,259.95364063293283
get-table,256,2-stackless,1,0,True,94544,0.024370871000000002,257.7727936199019
get-table,256,2-stackless,1,1,True,94544,0.024381032999999996,257.8802779658148
get-table,256,2-stackless,1,2,False,94544,0.024421511,258.3084172448807
get-table,256,2-stackless,1,3,False,94544,0.024498327,259.1209066677949
get-table,256,2-stackless,1,4,False,94544,0.024375709999999995,257.8239761380944
get-table,256,2-stackful,1,0,True,94544,0.024843979000000002,262.7768975291928
get-table,256,2-stackful,1,1,True,94544,0.024812491,262.4438462514808
get-table,256,2-stackful,1,2,False,94544,0.024815577000000005,262.4764871382637
get-table,256,2-stackful,1,3,False,94544,0.024709304999999987,261.35243907598567
get-table,256,2-stackful,1,4,False,94544,0.024732421000000004,261.59693899136914
get-table,256,1x,1,0,True,94544,0.0198388,209.8366897952276
get-table,256,1x,1,1,True,94544,0.0202411,214.09185141309865
get-table,256,1x,1,2,False,94544,0.020051,212.08114740226773
get-table,256,1x,1,3,False,94544,0.0202115,213.7787696733796
get-table,256,1x,1,4,False,94544,0.0200327,211.88758673210356
get-table,256,2-stackless,2,0,True,94544,0.024121612,255.1363597901506
get-table,256,2-stackless,2,1,True,94544,0.024181156000000002,255.76616178710447
get-table,256,2-stackless,2,2,False,94544,0.024319885,257.23351032323575
get-table,256,2-stackless,2,3,False,94544,0.024358827,257.64540319851073
get-table,256,2-stackless,2,4,False,94544,0.02457253899999999,259.90585335928233
get-table,256,2-stackful,2,0,True,94544,0.024736338,261.6383694364529
get-table,256,2-stackful,2,1,True,94544,0.024846444,262.80297004569303
get-table,256,2-stackful,2,2,False,94544,0.024833235999999995,262.66326789642915
get-table,256,2-stackful,2,3,False,94544,0.025130286,265.8051912337113
get-table,256,2-stackful,2,4,False,94544,0.024988803000000004,264.30871340328315
get-table,256,1x,2,0,True,94544,0.0198566,210.02496192249112
get-table,256,1x,2,1,True,94544,0.0203812,215.5737011338636
get-table,256,1x,2,2,False,94544,0.020408,215.85716703333898
get-table,256,1x,2,3,False,94544,0.0204246,216.0327466576409
get-table,256,1x,2,4,False,94544,0.0201317,212.93471822643426
add-float,64,1x,0,0,True,266518,0.0203736,76.44361731665404
add-float,64,1x,0,1,True,266518,0.0200789,75.33787586579518
add-float,64,1x,0,2,False,266518,0.0201079,75.44668652773922
add-float,64,1x,0,3,False,266518,0.0201103,75.45569154803803
add-float,64,1x,0,4,False,266518,0.0200647,75.28459616236051
add-float,64,2-stackful,0,0,True,266518,0.0257863,96.75256455473927
add-float,64,2-stackful,0,1,True,266518,0.025895482999999997,97.16222919277496
add-float,64,2-stackful,0,2,False,266518,0.025727033000000003,96.53018933055179
add-float,64,2-stackful,0,3,False,266518,0.025560888000000004,95.90679803990726
add-float,64,2-stackful,0,4,False,266518,0.02573186100000001,96.5483044297196
add-float,64,2-stackless,0,0,True,266518,0.02484033,93.2031982830428
add-float,64,2-stackless,0,1,True,266518,0.024837862999999998,93.19394187259397
add-float,64,2-stackless,0,2,False,266518,0.024803902999999995,93.06652083536571
add-float,64,2-stackless,0,3,False,266518,0.024844784999999994,93.21991385197245
add-float,64,2-stackless,0,4,False,266518,0.024873456999999988,93.32749382780896
add-float,64,2-stackful,1,0,True,266518,0.025795706999999998,96.78786048221882
add-float,64,2-stackful,1,1,True,266518,0.025654232,96.25703329606256
add-float,64,2-stackful,1,2,False,266518,0.025698350000000002,96.42256808170555
add-float,64,2-stackful,1,3,False,266518,0.025646325999999997,96.22736925836152
add-float,64,2-stackful,1,4,False,266518,0.025676410999999982,96.34025093989892
add-float,64,2-stackless,1,0,True,266518,0.02493269,93.54974148087558
add-float,64,2-stackless,1,1,True,266518,0.024981108000000002,93.73141026122065
add-float,64,2-stackless,1,2,False,266518,0.025211306000000003,94.59513428736523
add-float,64,2-stackless,1,3,False,266518,0.02498655200000001,93.75183664893181
add-float,64,2-stackless,1,4,False,266518,0.024929356,93.53723200684381
add-float,64,1x,1,0,True,266518,0.0205389,77.06383808973503
add-float,64,1x,1,1,True,266518,0.0202838,76.10667947380665
add-float,64,1x,1,2,False,266518,0.0199875,74.99493467608191
add-float,64,1x,1,3,False,266518,0.0199884,74.99831155869397
add-float,64,1x,1,4,False,266518,0.0199466,74.84147412182291
add-float,64,2-stackful,2,0,True,266518,0.025879588,97.10258969375427
add-float,64,2-stackful,2,1,True,266518,0.025552375999999998,95.87486023458078
add-float,64,2-stackful,2,2,False,266518,0.025657485,96.26923885065925
add-float,64,2-stackful,2,3,False,266518,0.025566592000000013,95.92819997148415
add-float,64,2-stackful,2,4,False,266518,0.02553482800000001,95.80901852782931
add-float,64,1x,2,0,True,266518,0.0199662,74.91501512092992
add-float,64,1x,2,1,True,266518,0.020067,75.29322597348022
add-float,64,1x,2,2,False,266518,0.0199565,74.87861983055554
add-float,64,1x,2,3,False,266518,0.0200578,75.25870672900142
add-float,64,1x,2,4,False,266518,0.0200056,75.06284753750215
add-float,64,2-stackless,2,0,True,266518,0.025014097000000002,93.85518801731968
add-float,64,2-stackless,2,1,True,266518,0.025059988999999998,94.02737901380019
add-float,64,2-stackless,2,2,False,266518,0.025183825,94.49202305285196
add-float,64,2-stackless,2,3,False,266518,0.025030867999999998,93.91811434874941
add-float,64,2-stackless,2,4,False,266518,0.025076869,94.0907143232352
add-float4,8,2-stackful,0,0,True,1214816,0.037977540000000004,31.261968890762063
add-float4,8,2-stackful,0,1,True,1214816,0.037808699,31.12298405684482
add-float4,8,2-stackful,0,2,False,1214816,0.0380235,31.29980178068119
add-float4,8,2-stackful,0,3,False,1214816,0.03818120400000001,31.429618971103448
add-float4,8,2-stackful,0,4,False,1214816,0.03797933199999998,31.263444011274117
add-float4,8,2-stackless,0,0,True,1214816,0.033740785,27.77439957985407
add-float4,8,2-stackless,0,1,True,1214816,0.034013006000000005,27.998483720991498
add-float4,8,2-stackless,0,2,False,1214816,0.033949332,27.94606919895688
add-float4,8,2-stackless,0,3,False,1214816,0.033749163,27.781296097516
add-float4,8,2-stackless,0,4,False,1214816,0.033705610999999996,27.745445400784973
add-float4,8,1x,0,0,True,1214816,0.0185601,15.278116192081765
add-float4,8,1x,0,1,True,1214816,0.0186637,15.363396596686247
add-float4,8,1x,0,2,False,1214816,0.018766,15.447606880383532
add-float4,8,1x,0,3,False,1214816,0.0187033,15.395994125859389
add-float4,8,1x,0,4,False,1214816,0.0187559,15.439292864104523
add-float4,8,2-stackful,1,0,True,1214816,0.037806397,31.12108911966915
add-float4,8,2-stackful,1,1,True,1214816,0.037556215999999996,30.915147643758395
add-float4,8,2-stackful,1,2,False,1214816,0.03751048500000001,30.877503259752924
add-float4,8,2-stackful,1,3,False,1214816,0.037616233,30.964551833364066
add-float4,8,2-stackful,1,4,False,1214816,0.03753288000000002,30.895938150304257
add-float4,8,2-stackless,1,0,True,1214816,0.033795822,27.819704383215235
add-float4,8,2-stackless,1,1,True,1214816,0.033934867,27.934162045939466
add-float4,8,2-stackless,1,2,False,1214816,0.033629392999999994,27.682705035165814
add-float4,8,2-stackless,1,3,False,1214816,0.03365552100000001,27.704212819060672
add-float4,8,2-stackless,1,4,False,1214816,0.033631366999999995,27.6843299726049
add-float4,8,1x,1,0,True,1214816,0.0182851,15.05174446171272
add-float4,8,1x,1,1,True,1214816,0.0183792,15.129204751995363
add-float4,8,1x,1,2,False,1214816,0.0185053,15.233006479993678
add-float4,8,1x,1,3,False,1214816,0.0186285,15.334421015199009
add-float4,8,1x,1,4,False,1214816,0.018713,15.403978874166953
add-float4,8,2-stackful,2,0,True,1214816,0.038039698,31.31313548718489
add-float4,8,2-stackful,2,1,True,1214816,0.037808921999999995,31.123167623738897
add-float4,8,2-stackful,2,2,False,1214816,0.037866213999999995,31.170328675289092
add-float4,8,2-stackful,2,3,False,1214816,0.03775105000000001,31.07552913363012
add-float4,8,2-stackful,2,4,False,1214816,0.037487304,30.8584213576377
add-float4,8,2-stackless,2,0,True,1214816,0.033678808000000005,27.72338197718832
add-float4,8,2-stackless,2,1,True,1214816,0.033791756,27.816357374285488
add-float4,8,2-stackless,2,2,False,1214816,0.033917577000000004,27.919929437873726
add-float4,8,2-stackless,2,3,False,1214816,0.033673472999999995,27.71899036561915
add-float4,8,2-stackless,2,4,False,1214816,0.03401161899999999,27.997341984300498
add-float4,8,1x,2,0,True,1214816,0.0183051,15.068207860285014
add-float4,8,1x,2,1,True,1214816,0.0185677,15.284372283539236
add-float4,8,1x,2,2,False,1214816,0.0186532,15.354753312435793
add-float4,8,1x,2,3,False,1214816,0.0185763,15.291451544925321
add-float4,8,1x,2,4,False,1214816,0.0184942,15.223869293786056
const-table,64,1x,0,0,True,305067,0.0378805,124.17108372914802
const-table,64,1x,0,1,True,305067,0.0382168,125.27346451763056
const-table,64,1x,0,2,False,305067,0.0387521,127.02816102692195
const-table,64,1x,0,3,False,305067,0.0379881,124.52379313396729
const-table,64,1x,0,4,False,305067,0.0384955,126.1870343236076
const-table,64,2-stackful,0,0,True,305067,0.02066552,67.74092248588015
const-table,64,2-stackful,0,1,True,305067,0.020751732,68.02352270157047
const-table,64,2-stackful,0,2,False,305067,0.020727946999999997,67.9455562220758
const-table,64,2-stackful,0,3,False,305067,0.020898763999999993,68.50548895816327
const-table,64,2-stackful,0,4,False,305067,0.02088759200000001,68.46886749468153
const-table,64,2-stackless,0,0,True,305067,0.019968791,65.4570668082749
const-table,64,2-stackless,0,1,True,305067,0.019915232999999997,65.28150537422925
const-table,64,2-stackless,0,2,False,305067,0.020037512,65.68233207787142
const-table,64,2-stackless,0,3,False,305067,0.020151335000000006,66.05544028033188
const-table,64,2-stackless,0,4,False,305067,0.019842381000000006,65.04269881698121
const-table,64,2-stackful,1,0,True,305067,0.020943646000000003,68.65261073796904
const-table,64,2-stackful,1,1,True,305067,0.020876279000000005,68.4317838376488
const-table,64,2-stackful,1,2,False,305067,0.020992406999999998,68.81244775737788
const-table,64,2-stackful,1,3,False,305067,0.020881114999999992,68.44763609305494
const-table,64,2-stackful,1,4,False,305067,0.020977496000000012,68.7635699698755
const-table,64,2-stackless,1,0,True,305067,0.019754193,64.75362133564103
const-table,64,2-stackless,1,1,True,305067,0.019880921000000003,65.16903172090066
const-table,64,2-stackless,1,2,False,305067,0.019951471999999998,65.40029567275384
const-table,64,2-stackless,1,3,False,305067,0.019822476,64.97745085505807
const-table,64,2-stackless,1,4,False,305067,0.019867629999999997,65.1254642422812
const-table,64,1x,1,0,True,305067,0.0375382,123.04903512998784
const-table,64,1x,1,1,True,305067,0.0388541,127.36251380844207
const-table,64,1x,1,2,False,305067,0.0377169,123.63480809133732
const-table,64,1x,1,3,False,305067,0.0378106,123.94195373475335
const-table,64,1x,1,4,False,305067,0.0375143,122.97069168412185
const-table,64,2-stackless,2,0,True,305067,0.019964335,65.4424601808783
const-table,64,2-stackless,2,1,True,305067,0.019873084,65.14334228218719
const-table,64,2-stackless,2,2,False,305067,0.019788001,64.86444289287272
const-table,64,2-stackless,2,3,False,305067,0.019631388,64.35107042059613
const-table,64,2-stackless,2,4,False,305067,0.019866075999999996,65.12037027931568
const-table,64,2-stackful,2,0,True,305067,0.020702203,67.86116820239488
const-table,64,2-stackful,2,1,True,305067,0.020563894,67.40779566455893
const-table,64,2-stackful,2,2,False,305067,0.020663083999999998,67.73293735474502
const-table,64,2-stackful,2,3,False,305067,0.020676771999999996,67.77780618683764
const-table,64,2-stackful,2,4,False,305067,0.020713941,67.89964499601727
const-table,64,1x,2,0,True,305067,0.0372022,121.9476377320392
const-table,64,1x,2,1,True,305067,0.0374012,122.59995345284807
const-table,64,1x,2,2,False,305067,0.037654,123.42862387606657
const-table,64,1x,2,3,False,305067,0.0372506,122.10629140483894
const-table,64,1x,2,4,False,305067,0.0376667,123.47025407533427
take-table,0,2-stackless,0,0,True,2952117,0.053729270999999995,18.200251209555717
take-table,0,2-stackless,0,1,True,2952117,0.053677176,18.18260455124238
take-table,0,2-stackless,0,2,False,2952117,0.05381828300000001,18.230403131041218
take-table,0,2-stackless,0,3,False,2952117,0.053666115999999986,18.178858087264153
take-table,0,2-stackless,0,4,False,2952117,0.05360032199999998,18.156571030213225
take-table,0,1x,0,0,True,2952117,0.0199597,6.7611480168299565
take-table,0,1x,0,1,True,2952117,0.0196424,6.653665826930301
take-table,0,1x,0,2,False,2952117,0.020038,6.787671355843959
take-table,0,1x,0,3,False,2952117,0.0195909,6.636220718894272
take-table,0,1x,0,4,False,2952117,0.0199272,6.750138968069355
take-table,0,2-stackful,0,0,True,2952117,0.062347257999999996,21.11950779728581
take-table,0,2-stackful,0,1,True,2952117,0.062306873,21.105827783925907
take-table,0,2-stackful,0,2,False,2952117,0.062314866999999996,21.108535671181052
take-table,0,2-stackful,0,3,False,2952117,0.06231847900000001,21.10975919992331
take-table,0,2-stackful,0,4,False,2952117,0.06228883299999999,21.099716915013865
take-table,0,1x,1,0,True,2952117,0.0201656,6.830894574977889
take-table,0,1x,1,1,True,2952117,0.0200019,6.775442843220644
take-table,0,1x,1,2,False,2952117,0.0203407,6.89020794230039
take-table,0,1x,1,3,False,2952117,0.0202591,6.862566761412234
take-table,0,1x,1,4,False,2952117,0.0201362,6.820935620099068
take-table,0,2-stackful,1,0,True,2952117,0.062509094,21.17432811775414
take-table,0,2-stackful,1,1,True,2952117,0.062300014,21.103504366527478
take-table,0,2-stackful,1,2,False,2952117,0.06238683299999999,21.132913431276602
take-table,0,2-stackful,1,3,False,2952117,0.06246078300000002,21.157963251456504
take-table,0,2-stackful,1,4,False,2952117,0.06237473100000002,21.128814000258124
take-table,0,2-stackless,1,0,True,2952117,0.053790779,18.22108642713009
take-table,0,2-stackless,1,1,True,2952117,0.053816791,18.229897731018113
take-table,0,2-stackless,1,2,False,2952117,0.053875977000000005,18.249946394401036
take-table,0,2-stackless,1,3,False,2952117,0.05373792599999999,18.203183003925655
take-table,0,2-stackless,1,4,False,2952117,0.05371333699999997,18.19485372700336
take-table,0,2-stackful,2,0,True,2952117,0.062698778,21.238581668680474
take-table,0,2-stackful,2,1,True,2952117,0.062496703,21.170130790886674
take-table,0,2-stackful,2,2,False,2952117,0.062598673,21.20467210479801
take-table,0,2-stackful,2,3,False,2952117,0.062360751999999964,21.1240787543312
take-table,0,2-stackful,2,4,False,2952117,0.062349144999999995,21.12014699959385
take-table,0,1x,2,0,True,2952117,0.0195931,6.636965946810374
take-table,0,1x,2,1,True,2952117,0.019725,6.681645747780322
take-table,0,1x,2,2,False,2952117,0.0197376,6.6859138712998165
take-table,0,1x,2,3,False,2952117,0.0196977,6.672398146821417
take-table,0,1x,2,4,False,2952117,0.0197049,6.674837074546842
take-table,0,2-stackless,2,0,True,2952117,0.053787763,18.220064787405107
take-table,0,2-stackless,2,1,True,2952117,0.053675183999999994,18.181929781238342
take-table,0,2-stackless,2,2,False,2952117,0.053730211000000014,18.200569625119876
take-table,0,2-stackless,2,3,False,2952117,0.05379409000000002,18.22220799514383
take-table,0,2-stackless,2,4,False,2952117,0.053765122,18.21239537592853
const-seq,8,2-stackless,0,0,True,712033,0.020007568,28.09921450269861
const-seq,8,2-stackless,0,1,True,712033,0.019982279999999998,28.06369929483605
const-seq,8,2-stackless,0,2,False,712033,0.020017310999999996,28.11289785726223
const-seq,8,2-stackless,0,3,False,712033,0.020005736999999996,28.09664299267028
const-seq,8,2-stackless,0,4,False,712033,0.01997089399999999,28.04770846295044
const-seq,8,2-stackful,0,0,True,712033,0.022130042,31.080079153634735
const-seq,8,2-stackful,0,1,True,712033,0.022116653,31.06127524988308
const-seq,8,2-stackful,0,2,False,712033,0.022114009999999996,31.057563343272005
const-seq,8,2-stackful,0,3,False,712033,0.02213959800000001,31.09349987992131
const-seq,8,2-stackful,0,4,False,712033,0.022136773,31.08953236717961
const-seq,8,1x,0,0,True,712033,0.0591718,83.10260900829034
const-seq,8,1x,0,1,True,712033,0.0592469,83.20808164790115
const-seq,8,1x,0,2,False,712033,0.0597138,83.86380968297817
const-seq,8,1x,0,3,False,712033,0.0585749,82.26430516563137
const-seq,8,1x,0,4,False,712033,0.0585519,82.23200329198225
const-seq,8,2-stackful,1,0,True,712033,0.022125106999999998,31.07314829509306
const-seq,8,2-stackful,1,1,True,712033,0.022277708999999996,31.28746701346707
const-seq,8,2-stackful,1,2,False,712033,0.022197447000000002,31.17474470986598
const-seq,8,2-stackful,1,3,False,712033,0.022123676999999994,31.071139961209653
const-seq,8,2-stackful,1,4,False,712033,0.022189325999999995,31.163339339609255
const-seq,8,2-stackless,1,0,True,712033,0.020120067,28.257211393292163
const-seq,8,2-stackless,1,1,True,712033,0.020268506000000002,28.465683472535687
const-seq,8,2-stackless,1,2,False,712033,0.020260575000000003,28.4545449438439
const-seq,8,2-stackless,1,3,False,712033,0.020172557,28.3309298866766
const-seq,8,2-stackless,1,4,False,712033,0.020180777999999996,28.34247569986222
const-seq,8,1x,1,0,True,712033,0.0592866,83.2638374906781
const-seq,8,1x,1,1,True,712033,0.0593642,83.37282120351163
const-seq,8,1x,1,2,False,712033,0.0593345,83.3311096536256
const-seq,8,1x,1,3,False,712033,0.0588642,82.67060655896566
const-seq,8,1x,1,4,False,712033,0.0587562,82.51892819574374
const-seq,8,1x,2,0,True,712033,0.0590297,82.90303960631039
const-seq,8,1x,2,1,True,712033,0.0591178,83.02676982667938
const-seq,8,1x,2,2,False,712033,0.0584932,82.14956329271256
const-seq,8,1x,2,3,False,712033,0.0588279,82.61962577577162
const-seq,8,1x,2,4,False,712033,0.0583199,81.90617569691292
const-seq,8,2-stackless,2,0,True,712033,0.020349500000000003,28.5794338183764
const-seq,8,2-stackless,2,1,True,712033,0.020347256999999997,28.576283683480955
const-seq,8,2-stackless,2,2,False,712033,0.020322775999999994,28.541901850054693
const-seq,8,2-stackless,2,3,False,712033,0.020311882999999996,28.526603401808618
const-seq,8,2-stackless,2,4,False,712033,0.020417782999999995,28.675332463523453
const-seq,8,2-stackful,2,0,True,712033,0.022289607,31.304176913148687
const-seq,8,2-stackful,2,1,True,712033,0.022369667000000003,31.416615522033393
const-seq,8,2-stackful,2,2,False,712033,0.022261368000000004,31.264517234454026
const-seq,8,2-stackful,2,3,False,712033,0.022137668,31.09078933139335
const-seq,8,2-stackful,2,4,False,712033,0.022253140000000005,31.25296159026338
make-table,256,2-stackless,0,0,True,13035,0.062004745,4756.789029535865
make-table,256,2-stackless,0,1,True,13035,0.062155237,4768.334253931722
make-table,256,2-stackless,0,2,False,13035,0.06193630400000001,4751.5384733410065
make-table,256,2-stackless,0,3,False,13035,0.062000212,4756.441273494438
make-table,256,2-stackless,0,4,False,13035,0.06249814100000001,4794.640659762179
make-table,256,2-stackful,0,0,True,13035,0.062435456,4789.831683927887
make-table,256,2-stackful,0,1,True,13035,0.062337134999999995,4782.288837744533
make-table,256,2-stackful,0,2,False,13035,0.062311624999999995,4780.331799002684
make-table,256,2-stackful,0,3,False,13035,0.062197661000000015,4771.588876102801
make-table,256,2-stackful,0,4,False,13035,0.06206909199999999,4761.7255082470265
make-table,256,1x,0,0,True,13035,0.021045,1614.4994246260069
make-table,256,1x,0,1,True,13035,0.0210867,1617.698504027618
make-table,256,1x,0,2,False,13035,0.0211001,1618.7265055619487
make-table,256,1x,0,3,False,13035,0.0210997,1618.6958189489835
make-table,256,1x,0,4,False,13035,0.0210324,1613.5327963176064
make-table,256,1x,1,0,True,13035,0.0212641,1631.308016877637
make-table,256,1x,1,1,True,13035,0.0211996,1626.3598005370156
make-table,256,1x,1,2,False,13035,0.0212495,1630.187955504411
make-table,256,1x,1,3,False,13035,0.0213595,1638.626774069812
make-table,256,1x,1,4,False,13035,0.0215779,1655.3816647487533
make-table,256,2-stackless,1,0,True,13035,0.061990019,4755.659301879555
make-table,256,2-stackless,1,1,True,13035,0.062017003,4757.7294207901805
make-table,256,2-stackless,1,2,False,13035,0.06226696200000001,4776.905408515536
make-table,256,2-stackless,1,3,False,13035,0.061978068,4754.7424626006905
make-table,256,2-stackless,1,4,False,13035,0.06200851099999999,4757.07794399693
make-table,256,2-stackful,1,0,True,13035,0.062256722,4776.119831223628
make-table,256,2-stackful,1,1,True,13035,0.062056517,4760.760797851937
make-table,256,2-stackful,1,2,False,13035,0.06261414300000001,4803.539930955121
make-table,256,2-stackful,1,3,False,13035,0.06254336400000002,4798.110011507481
make-table,256,2-stackful,1,4,False,13035,0.06247022699999999,4792.499194476409
make-table,256,2-stackless,2,0,True,13035,0.062440261000000004,4790.200306866131
make-table,256,2-stackless,2,1,True,13035,0.062067041,4761.568162639049
make-table,256,2-stackless,2,2,False,13035,0.061976424000000016,4754.6163406214055
make-table,256,2-stackless,2,3,False,13035,0.062081161999999995,4762.651476793249
make-table,256,2-stackless,2,4,False,13035,0.062031857999999995,4758.869044879171
make-table,256,1x,2,0,True,13035,0.0200047,1534.6912159570388
make-table,256,1x,2,1,True,13035,0.0200107,1535.1515151515152
make-table,256,1x,2,2,False,13035,0.0198329,1521.5113156885309
make-table,256,1x,2,3,False,13035,0.0198281,1521.1430763329497
make-table,256,1x,2,4,False,13035,0.0197187,1512.7502876869964
make-table,256,2-stackful,2,0,True,13035,0.062051720000000005,4760.392788645954
make-table,256,2-stackful,2,1,True,13035,0.06202386099999999,4758.255542769466
make-table,256,2-stackful,2,2,False,13035,0.06211644400000001,4765.358189489835
make-table,256,2-stackful,2,3,False,13035,0.06212498599999999,4766.013502109704
make-table,256,2-stackful,2,4,False,13035,0.062141679000000005,4767.294131185271
update-string,256,1x,0,0,True,69845,0.0334078,478.3134082611497
update-string,256,1x,0,1,True,69845,0.0335941,480.98074307394944
update-string,256,1x,0,2,False,69845,0.0337562,483.3015963920109
update-string,256,1x,0,3,False,69845,0.0336541,481.83978810222635
update-string,256,1x,0,4,False,69845,0.0335688,480.61851242035937
update-string,256,2-stackful,0,0,True,69845,0.020489288,293.3536831555587
update-string,256,2-stackful,0,1,True,69845,0.020693117,296.2719879733696
update-string,256,2-stackful,0,2,False,69845,0.020622427999999998,295.25990407330517
update-string,256,2-stackful,0,3,False,69845,0.020646385000000003,295.6029064356791
update-string,256,2-stackful,0,4,False,69845,0.020280263000000007,290.3609850382992
update-string,256,2-stackless,0,0,True,69845,0.02030715,290.7459374328871
update-string,256,2-stackless,0,1,True,69845,0.020391437000000002,291.95270957119334
update-string,256,2-stackless,0,2,False,69845,0.020328242999999996,291.0479347125778
update-string,256,2-stackless,0,3,False,69845,0.020273936,290.27039874006726
update-string,256,2-stackless,0,4,False,69845,0.020271997,290.2426372682368
update-string,256,2-stackful,1,0,True,69845,0.020281712,290.38173097573195
update-string,256,2-stackful,1,1,True,69845,0.020310099,290.78815949602694
update-string,256,2-stackful,1,2,False,69845,0.020568404,294.48641992984466
update-string,256,2-stackful,1,3,False,69845,0.020456088999999997,292.8783592239959
update-string,256,2-stackful,1,4,False,69845,0.020642965,295.5539408690672
update-string,256,2-stackless,1,0,True,69845,0.020204998,289.2833846374114
update-string,256,2-stackless,1,1,True,69845,0.020125863000000004,288.1503758321999
update-string,256,2-stackless,1,2,False,69845,0.020026609,286.72931491158994
update-string,256,2-stackless,1,3,False,69845,0.020085989999999998,287.5794974586584
update-string,256,2-stackless,1,4,False,69845,0.020053025999999988,287.10753812012297
update-string,256,1x,1,0,True,69845,0.0333917,478.0828978452288
update-string,256,1x,1,1,True,69845,0.033852,484.6732049538263
update-string,256,1x,1,2,False,69845,0.033298,476.741355859403
update-string,256,1x,1,3,False,69845,0.0335293,480.05297444341033
update-string,256,1x,1,4,False,69845,0.0332335,475.8178824540053
update-string,256,1x,2,0,True,69845,0.0333795,477.90822535614575
update-string,256,1x,2,1,True,69845,0.0332697,476.33617295439905
update-string,256,1x,2,2,False,69845,0.033219,475.610279905505
update-string,256,1x,2,3,False,69845,0.0330709,473.4898704273749
update-string,256,1x,2,4,False,69845,0.033025,472.8327009807431
update-string,256,2-stackful,2,0,True,69845,0.020301807,290.66943947311904
update-string,256,2-stackful,2,1,True,69845,0.020239305000000003,289.7745722671631
update-string,256,2-stackful,2,2,False,69845,0.020162542000000006,288.67552437540274
update-string,256,2-stackful,2,3,False,69845,0.020169114000000002,288.7696184408333
update-string,256,2-stackful,2,4,False,69845,0.020202880000000006,289.25306034791333
update-string,256,2-stackless,2,0,True,69845,0.019979043000000002,286.04829264800634
update-string,256,2-stackless,2,1,True,69845,0.020088000999999998,287.6082897845228
update-string,256,2-stackless,2,2,False,69845,0.020299452000000003,290.6357219557592
update-string,256,2-stackless,2,3,False,69845,0.020161053999999998,288.65422005870136
update-string,256,2-stackless,2,4,False,69845,0.020065364000000002,287.2841864127712
get-int,64,1x,0,0,True,434802,0.019243,44.256926141094105
get-int,64,1x,0,1,True,434802,0.0192101,44.181259515825595
get-int,64,1x,0,2,False,434802,0.0192823,44.3473121098799
get-int,64,1x,0,3,False,434802,0.0193159,44.42458866334562
get-int,64,1x,0,4,False,434802,0.019213,44.187929218356864
get-int,64,2-stackful,0,0,True,434802,0.036386405,83.68499914903795
get-int,64,2-stackful,0,1,True,434802,0.036386603,83.68545452872802
get-int,64,2-stackful,0,2,False,434802,0.036370833000000005,83.64918514634249
get-int,64,2-stackful,0,3,False,434802,0.03640111,83.71881914066633
get-int,64,2-stackful,0,4,False,434802,0.03661133,84.20230357726045
get-int,64,2-stackless,0,0,True,434802,0.035081547,80.68395959540204
get-int,64,2-stackless,0,1,True,434802,0.035228407,81.02172253117512
get-int,64,2-stackless,0,2,False,434802,0.035209335999999994,80.97786118739103
get-int,64,2-stackless,0,3,False,434802,0.035137843,80.81343462081591
get-int,64,2-stackless,0,4,False,434802,0.03507742,80.67446791873083
get-int,64,2-stackless,1,0,True,434802,0.03526928,81.11572623860975
get-int,64,2-stackless,1,1,True,434802,0.035239216000000004,81.04658212243736
get-int,64,2-stackless,1,2,False,434802,0.035334321,81.26531386700154
get-int,64,2-stackless,1,3,False,434802,0.03537815699999999,81.36613217050518
get-int,64,2-stackless,1,4,False,434802,0.035297594000000015,81.1808455342892
get-int,64,1x,1,0,True,434802,0.019232,44.23162726942378
get-int,64,1x,1,1,True,434802,0.0194087,44.63801914434616
get-int,64,1x,1,2,False,434802,0.019279,44.3397224483788
get-int,64,1x,1,3,False,434802,0.0193472,44.49657545273481
get-int,64,1x,1,4,False,434802,0.019189,44.13273168016706
get-int,64,2-stackful,1,0,True,434802,0.036824049,84.6915354575186
get-int,64,2-stackful,1,1,True,434802,0.03681747700000001,84.67642053164431
get-int,64,2-stackful,1,2,False,434802,0.036880105999999996,84.82046080744797
get-int,64,2-stackful,1,3,False,434802,0.036879893999999996,84.81997322919398
get-int,64,2-stackful,1,4,False,434802,0.036890353999999986,84.844030156255
get-int,64,1x,2,0,True,434802,0.0193287,44.45402735038017
get-int,64,1x,2,1,True,434802,0.0191975,44.152280808275954
get-int,64,1x,2,2,False,434802,0.0193846,44.58259161641391
get-int,64,1x,2,3,False,434802,0.0191664,44.08075399837167
get-int,64,1x,2,4,False,434802,0.0191347,44.00784725001265
get-int,64,2-stackful,2,0,True,434802,0.036577824,84.12524321415265
get-int,64,2-stackful,2,1,True,434802,0.03645891,83.85175321180675
get-int,64,2-stackful,2,2,False,434802,0.03671732000000001,84.44606970529118
get-int,64,2-stackful,2,3,False,434802,0.036537975,84.03359460168076
get-int,64,2-stackful,2,4,False,434802,0.036394177,83.70287395182174
get-int,64,2-stackless,2,0,True,434802,0.037647318,86.58496971035092
get-int,64,2-stackless,2,1,True,434802,0.038030226,87.46561883340003
get-int,64,2-stackless,2,2,False,434802,0.037814908999999994,86.97041181963283
get-int,64,2-stackless,2,3,False,434802,0.03788743900000001,87.13722337983728
get-int,64,2-stackless,2,4,False,434802,0.03791060600000001,87.19050510347242
do-int,256,2-stackful,0,0,True,4119,0.030693838999999997,7451.769604272881
do-int,256,2-stackful,0,1,True,4119,0.030555638,7418.217528526341
do-int,256,2-stackful,0,2,False,4119,0.030537192999999997,7413.73949987861
do-int,256,2-stackful,0,3,False,4119,0.03063743599999999,7438.076232095166
do-int,256,2-stackful,0,4,False,4119,0.030589645999999998,7426.473901432386
do-int,256,2-stackless,0,0,True,4119,0.02893256,7024.170915270697
do-int,256,2-stackless,0,1,True,4119,0.028815228000000002,6995.685360524399
do-int,256,2-stackless,0,2,False,4119,0.028862865,7007.25054624909
do-int,256,2-stackless,0,3,False,4119,0.028938030000000003,7025.498907501822
do-int,256,2-stackless,0,4,False,4119,0.028865217000000012,7007.821558630739
do-int,256,1x,0,0,True,4119,0.0201182,4884.243748482641
do-int,256,1x,0,1,True,4119,0.020087,4876.669094440398
do-int,256,1x,0,2,False,4119,0.0200632,4870.8909929594565
do-int,256,1x,0,3,False,4119,0.0200669,4871.7892692401065
do-int,256,1x,0,4,False,4119,0.0201719,4897.280893420733
do-int,256,2-stackful,1,0,True,4119,0.030695122999999998,7452.081330420004
do-int,256,2-stackful,1,1,True,4119,0.03059278,7427.234765719835
do-int,256,2-stackful,1,2,False,4119,0.030634424000000007,7437.3449866472465
do-int,256,2-stackful,1,3,False,4119,0.030529879999999995,7411.964068948773
do-int,256,2-stackful,1,4,False,4119,0.03057883,7423.848021364409
do-int,256,2-stackless,1,0,True,4119,0.028877445999999998,7010.790483126972
do-int,256,2-stackless,1,1,True,4119,0.028849435,7003.990046127701
do-int,256,2-stackless,1,2,False,4119,0.029075254000000002,7058.813789754795
do-int,256,2-stackless,1,3,False,4119,0.029029125000000003,7047.614712308814
do-int,256,2-stackless,1,4,False,4119,0.028863338000000002,7007.36537994659
do-int,256,1x,1,0,True,4119,0.0200672,4871.862102452052
do-int,256,1x,1,1,True,4119,0.0200459,4866.690944403981
do-int,256,1x,1,2,False,4119,0.0200074,4857.344015537752
do-int,256,1x,1,3,False,4119,0.0200643,4871.1580480699195
do-int,256,1x,1,4,False,4119,0.0200287,4862.515173585822
do-int,256,2-stackless,2,0,True,4119,0.028855765,7005.526826899733
do-int,256,2-stackless,2,1,True,4119,0.028823897,6997.789997572227
do-int,256,2-stackless,2,2,False,4119,0.028841683,7002.108035931051
do-int,256,2-stackless,2,3,False,4119,0.028959161999999997,7030.629278951201
do-int,256,2-stackless,2,4,False,4119,0.029016919000000002,7044.651371692159
do-int,256,1x,2,0,True,4119,0.0200631,4870.8667152221415
do-int,256,1x,2,1,True,4119,0.019998,4855.061908230153
do-int,256,1x,2,2,False,4119,0.0200291,4862.612284535081
do-int,256,1x,2,3,False,4119,0.0200797,4874.896819616411
do-int,256,1x,2,4,False,4119,0.0200284,4862.442340373877
do-int,256,2-stackful,2,0,True,4119,0.030811602,7480.359796067007
do-int,256,2-stackful,2,1,True,4119,0.030706201000000002,7454.770818159748
do-int,256,2-stackful,2,2,False,4119,0.030671420999999997,7446.32702112163
do-int,256,2-stackful,2,3,False,4119,0.030677155999999997,7447.719349356639
do-int,256,2-stackful,2,4,False,4119,0.030694143999999993,7451.843651371691
assign-string,8,1x,0,0,True,323344,0.019637,60.73098619426988
assign-string,8,1x,0,1,True,323344,0.0194209,60.062657726755404
assign-string,8,1x,0,2,False,323344,0.0196439,60.75232569647187
assign-string,8,1x,0,3,False,323344,0.0195212,60.37285367905389
assign-string,8,1x,0,4,False,323344,0.0194612,60.18729279034094
assign-string,8,2-stackful,0,0,True,323344,0.035833674999999995,110.82214298085009
assign-string,8,2-stackful,0,1,True,323344,0.035728615,110.49722586471374
assign-string,8,2-stackful,0,2,False,323344,0.035689983999999994,110.37775248651589
assign-string,8,2-stackful,0,3,False,323344,0.03568240399999999,110.35430996090847
assign-string,8,2-stackful,0,4,False,323344,0.035724797,110.48541800682864
assign-string,8,2-stackless,0,0,True,323344,0.034725647,107.39536530753625
assign-string,8,2-stackless,0,1,True,323344,0.034702332,107.32325943886387
assign-string,8,2-stackless,0,2,False,323344,0.03469853499999999,107.31151652728977
assign-string,8,2-stackless,0,3,False,323344,0.034717263,107.36943626602009
assign-string,8,2-stackless,0,4,False,323344,0.03469037899999999,107.28629261715075
assign-string,8,2-stackful,1,0,True,323344,0.035713027,110.44901714582612
assign-string,8,2-stackful,1,1,True,323344,0.035674942,110.33123237171557
assign-string,8,2-stackful,1,2,False,323344,0.035676601,110.33636313028849
assign-string,8,2-stackful,1,3,False,323344,0.035675393999999985,110.33263026374384
assign-string,8,2-stackful,1,4,False,323344,0.035725285999999995,110.48693032807162
assign-string,8,1x,1,0,True,323344,0.0194338,60.10255331782869
assign-string,8,1x,1,1,True,323344,0.0193858,59.95410460685833
assign-string,8,1x,1,2,False,323344,0.019431,60.09389380968875
assign-string,8,1x,1,3,False,323344,0.0195592,60.49037557523876
assign-string,8,1x,1,4,False,323344,0.019554,60.474293631550296
assign-string,8,2-stackless,1,0,True,323344,0.034822145,107.69380288485328
assign-string,8,2-stackless,1,1,True,323344,0.034737095999999995,107.43077341778414
assign-string,8,2-stackless,1,2,False,323344,0.034770353000000004,107.53362672571629
assign-string,8,2-stackless,1,3,False,323344,0.03480999800000001,107.65623608293338
assign-string,8,2-stackless,1,4,False,323344,0.034737507,107.43204450987184
assign-string,8,2-stackful,2,0,True,323344,0.035802028,110.72426889009847
assign-string,8,2-stackful,2,1,True,323344,0.035767885,110.61867546637637
assign-string,8,2-stackful,2,2,False,323344,0.03585873299999999,110.89963939333958
assign-string,8,2-stackful,2,3,False,323344,0.03586442000000001,110.91722747290814
assign-string,8,2-stackful,2,4,False,323344,0.035805745,110.73576438715423
assign-string,8,1x,2,0,True,323344,0.0201589,62.34505665792469
assign-string,8,1x,2,1,True,323344,0.0204314,63.187812360829334
assign-string,8,1x,2,2,False,323344,0.0203122,62.81916472858627
assign-string,8,1x,2,3,False,323344,0.0205547,63.56913998713444
assign-string,8,1x,2,4,False,323344,0.0202883,62.74524964124895
assign-string,8,2-stackless,2,0,True,323344,0.034952644,108.09739472512247
assign-string,8,2-stackless,2,1,True,323344,0.034911391,107.96981233608788
assign-string,8,2-stackless,2,2,False,323344,0.034852102999999995,107.78645343658764
assign-string,8,2-stackless,2,3,False,323344,0.034764723,107.51621492899203
assign-string,8,2-stackless,2,4,False,323344,0.034706238,107.33533945271908
update-seq,256,2-stackful,0,0,True,69826,0.020155083999999997,288.64726606135247
update-seq,256,2-stackful,0,1,True,69826,0.020206675,289.38611691919914
update-seq,256,2-stackful,0,2,False,69826,0.020370640000000002,291.7343110016327
update-seq,256,2-stackful,0,3,False,69826,0.020107952999999998,287.97228825938754
update-seq,256,2-stackful,0,4,False,69826,0.020017091,286.67102511958296
update-seq,256,1x,0,0,True,69826,0.0401949,575.6437430183599
update-seq,256,1x,0,1,True,69826,0.0402062,575.8055738550111
update-seq,256,1x,0,2,False,69826,0.0407313,583.3256952997451
update-seq,256,1x,0,3,False,69826,0.0403156,577.3723254948013
update-seq,256,1x,0,4,False,69826,0.040085,574.0698307220806
update-seq,256,2-stackless,0,0,True,69826,0.019942111999999998,285.59722739380743
update-seq,256,2-stackless,0,1,True,69826,0.020121598999999997,288.167716896285
update-seq,256,2-stackless,0,2,False,69826,0.020010633,286.57853808037123
update-seq,256,2-stackless,0,3,False,69826,0.020004573999999997,286.4917652450376
update-seq,256,2-stackless,0,4,False,69826,0.020113907,288.05755735685847
update-seq,256,1x,1,0,True,69826,0.0401934,575.6222610488929
update-seq,256,1x,1,1,True,69826,0.0399699,572.4214475983158
update-seq,256,1x,1,2,False,69826,0.0400976,574.2502792656031
update-seq,256,1x,1,3,False,69826,0.0405785,581.1373986767106
update-seq,256,1x,1,4,False,69826,0.0398421,570.5911837997307
update-seq,256,2-stackful,1,0,True,69826,0.02017384,288.9158766075674
update-seq,256,2-stackful,1,1,True,69826,0.020160777000000005,288.7287972961362
update-seq,256,2-stackful,1,2,False,69826,0.020334809000000002,291.2211640363189
update-seq,256,2-stackful,1,3,False,69826,0.020216699000000005,289.5296737604904
update-seq,256,2-stackful,1,4,False,69826,0.020216204,289.52258471056626
update-seq,256,2-stackless,1,0,True,69826,0.020005632,286.50691719416835
update-seq,256,2-stackless,1,1,True,69826,0.019821070000000003,283.8637470283276
update-seq,256,2-stackless,1,2,False,69826,0.019856231999999994,284.36731303525903
update-seq,256,2-stackless,1,3,False,69826,0.020025493999999998,286.7913671125368
update-seq,256,2-stackless,1,4,False,69826,0.019841262999999998,284.15293730129173
update-seq,256,2-stackful,2,0,True,69826,0.020102295,287.89125827055824
update-seq,256,2-stackful,2,1,True,69826,0.020078315000000003,287.54783318534646
update-seq,256,2-stackful,2,2,False,69826,0.020326704,291.10508979463236
update-seq,256,2-stackful,2,3,False,69826,0.020541018,294.1743476641939
update-seq,256,2-stackful,2,4,False,69826,0.020520560999999993,293.88137656460333
update-seq,256,2-stackless,2,0,True,69826,0.020189019,289.13325981726007
update-seq,256,2-stackless,2,1,True,69826,0.020148418,288.55180018904133
update-seq,256,2-stackless,2,2,False,69826,0.019901011000000003,285.00860710909984
update-seq,256,2-stackless,2,3,False,69826,0.019804688999999993,283.62914960043526
update-seq,256,2-stackless,2,4,False,69826,0.019802241999999998,283.5941053475782
update-seq,256,1x,2,0,True,69826,0.039793,569.8880073325122
update-seq,256,1x,2,1,True,69826,0.0397794,569.6932374760117
update-seq,256,1x,2,2,False,69826,0.0399041,571.4791052043652
update-seq,256,1x,2,3,False,69826,0.0400089,572.9799788044568
update-seq,256,1x,2,4,False,69826,0.0398067,570.0842093203105
get-int,0,2-stackless,0,0,True,3237556,0.059378584,18.340558124708885
get-int,0,2-stackless,0,1,True,3237556,0.059211294,18.288886431616938
get-int,0,2-stackless,0,2,False,3237556,0.059552579999999994,18.394301133324024
get-int,0,2-stackless,0,3,False,3237556,0.05907043000000001,18.245377068381213
get-int,0,2-stackless,0,4,False,3237556,0.059094621999999986,18.252849371562988
get-int,0,2-stackful,0,0,True,3237556,0.06873564,21.230718480236327
get-int,0,2-stackful,0,1,True,3237556,0.06872943799999999,21.228802837696083
get-int,0,2-stackful,0,2,False,3237556,0.06875146600000001,21.235606735451068
get-int,0,2-stackful,0,3,False,3237556,0.06884524100000003,21.26457148540443
get-int,0,2-stackful,0,4,False,3237556,0.06881704,21.25586090248323
get-int,0,1x,0,0,True,3237556,0.0208354,6.435533470309085
get-int,0,1x,0,1,True,3237556,0.0211235,6.524520348065022
get-int,0,1x,0,2,False,3237556,0.0206727,6.385279513311893
get-int,0,1x,0,3,False,3237556,0.0207916,6.42200474679048
get-int,0,1x,0,4,False,3237556,0.0208949,6.453911530796687
get-int,0,2-stackful,1,0,True,3237556,0.06890808500000001,21.28398242377893
get-int,0,2-stackful,1,1,True,3237556,0.068780511,21.244578008843707
get-int,0,2-stackful,1,2,False,3237556,0.06879944200000002,21.25042532082843
get-int,0,2-stackful,1,3,False,3237556,0.068617017,21.19407880512337
get-int,0,2-stackful,1,4,False,3237556,0.06873618000000004,21.230885272718073
get-int,0,2-stackless,1,0,True,3237556,0.058980692,18.21765924666631
get-int,0,2-stackless,1,1,True,3237556,0.058896213,18.191565798398546
get-int,0,2-stackless,1,2,False,3237556,0.05896248000000001,18.21203401578228
get-int,0,2-stackless,1,3,False,3237556,0.058804423999999994,18.16321447412801
get-int,0,2-stackless,1,4,False,3237556,0.058783274000000024,18.15668176859335
get-int,0,1x,1,0,True,3237556,0.0207539,6.4103601605655625
get-int,0,1x,1,1,True,3237556,0.0209593,6.4738030786185625
get-int,0,1x,1,2,False,3237556,0.0207341,6.404244436235234
get-int,0,1x,1,3,False,3237556,0.0209466,6.4698803665481
get-int,0,1x,1,4,False,3237556,0.0210931,6.515130549093205
get-int,0,2-stackful,2,0,True,3237556,0.068986963,21.30834586336113
get-int,0,2-stackful,2,1,True,3237556,0.06919373,21.372211013492894
get-int,0,2-stackful,2,2,False,3237556,0.069571252,21.488818108474415
get-int,0,2-stackful,2,3,False,3237556,0.069411752,21.439552551368994
get-int,0,2-stackful,2,4,False,3237556,0.06910902499999999,21.346047759482765
get-int,0,2-stackless,2,0,True,3237556,0.059874691,18.49379315755465
get-int,0,2-stackless,2,1,True,3237556,0.06013082300000001,18.572905920391804
get-int,0,2-stackless,2,2,False,3237556,0.059686777999999996,18.435751536035205
get-int,0,2-stackless,2,3,False,3237556,0.05929689400000002,18.315326128721793
get-int,0,2-stackless,2,4,False,3237556,0.05930096400000001,18.31658324983414
get-int,0,1x,2,0,True,3237556,0.0212543,6.564921193641129
get-int,0,1x,2,1,True,3237556,0.0211744,6.540242083843492
get-int,0,1x,2,2,False,3237556,0.0212263,6.55627269458814
get-int,0,1x,2,3,False,3237556,0.0212733,6.570789817998515
get-int,0,1x,2,4,False,3237556,0.0213602,6.5976310525594
get-seq,64,2-stackful,0,0,True,232502,0.020594905,88.57947458516486
get-seq,64,2-stackful,0,1,True,232502,0.020665119000000003,88.88146768629949
get-seq,64,2-stackful,0,2,False,232502,0.020877886000000005,89.79658669602844
get-seq,64,2-stackful,0,3,False,232502,0.020564890999999995,88.4503832225099
get-seq,64,2-stackful,0,4,False,232502,0.020607462999999993,88.6334870237675
get-seq,64,2-stackless,0,0,True,232502,0.020058751,86.27345571220893
get-seq,64,2-stackless,0,1,True,232502,0.019807126999999997,85.19121125839776
get-seq,64,2-stackless,0,2,False,232502,0.020233422,87.02472236797963
get-seq,64,2-stackless,0,3,False,232502,0.020434285000000003,87.88864181813491
get-seq,64,2-stackless,0,4,False,232502,0.020397319999999997,87.72965393846073
get-seq,64,1x,0,0,True,232502,0.0335893,144.46886478395885
get-seq,64,1x,0,1,True,232502,0.0341894,147.04991785016904
get-seq,64,1x,0,2,False,232502,0.0343355,147.67829954150932
get-seq,64,1x,0,3,False,232502,0.0339512,146.02541053410295
get-seq,64,1x,0,4,False,232502,0.0337863,145.31616932327464
get-seq,64,2-stackful,1,0,True,232502,0.020785824,89.4006245107569
get-seq,64,2-stackful,1,1,True,232502,0.020969053999999997,90.18870375308597
get-seq,64,2-stackful,1,2,False,232502,0.020890315,89.8500443006942
get-seq,64,2-stackful,1,3,False,232502,0.021216709,91.25387738600098
get-seq,64,2-stackful,1,4,False,232502,0.021198934000000003,91.1774264307404
get-seq,64,1x,1,0,True,232502,0.0278612,119.83208746591427
get-seq,64,1x,1,1,True,232502,0.0277217,119.2320926271602
get-seq,64,1x,1,2,False,232502,0.0272715,117.29576519771872
get-seq,64,1x,1,3,False,232502,0.0275409,118.45446490782875
get-seq,64,1x,1,4,False,232502,0.0274887,118.22995071010142
get-seq,64,2-stackless,1,0,True,232502,0.020201006,86.88529991139862
get-seq,64,2-stackless,1,1,True,232502,0.020226979000000003,86.99701077840193
get-seq,64,2-stackless,1,2,False,232502,0.020075031,86.34347661525493
get-seq,64,2-stackless,1,3,False,232502,0.020122495000000004,86.54762109573252
get-seq,64,2-stackless,1,4,False,232502,0.02005329900000001,86.25000645155745
get-seq,64,1x,2,0,True,232502,0.0271302,116.6880284900775
get-seq,64,1x,2,1,True,232502,0.0274243,117.9529638454723
get-seq,64,1x,2,2,False,232502,0.0273281,117.53920396383687
get-seq,64,1x,2,3,False,232502,0.0273524,117.64371919381338
get-seq,64,1x,2,4,False,232502,0.0270908,116.51856758221435
get-seq,64,2-stackful,2,0,True,232502,0.020703677,89.04730711993875
get-seq,64,2-stackful,2,1,True,232502,0.02053019,88.30113289348049
get-seq,64,2-stackful,2,2,False,232502,0.020870919,89.76662136239688
get-seq,64,2-stackful,2,3,False,232502,0.020552784000000004,88.3983105521673
get-seq,64,2-stackful,2,4,False,232502,0.020544414999999996,88.36231516288031
get-seq,64,2-stackless,2,0,True,232502,0.019767506,85.0207998210768
get-seq,64,2-stackless,2,1,True,232502,0.019825135,85.26866435557544
get-seq,64,2-stackless,2,2,False,232502,0.019947669,85.79568777902986
get-seq,64,2-stackless,2,3,False,232502,0.019788494000000004,85.11107001230098
get-seq,64,2-stackless,2,4,False,232502,0.019859195999999996,85.41516202011164
update-string,64,1x,0,0,True,200959,0.0280869,139.76433003747033
update-string,64,1x,0,1,True,200959,0.0271753,135.2280813499271
update-string,64,1x,0,2,False,200959,0.0275735,137.20958006359507
update-string,64,1x,0,3,False,200959,0.0274689,136.68907588114988
update-string,64,1x,0,4,False,200959,0.027442,136.55521773097996
update-string,64,2-stackless,0,0,True,200959,0.020375735,101.3924979722232
update-string,64,2-stackless,0,1,True,200959,0.020089299,99.96715250374454
update-string,64,2-stackless,0,2,False,200959,0.019866757999999998,98.85975746296508
update-string,64,2-stackless,0,3,False,200959,0.020386748999999996,101.44730517170167
update-string,64,2-stackless,0,4,False,200959,0.020304887000000008,101.03994844719574
update-string,64,2-stackful,0,0,True,200959,0.021190101,105.44489672022651
update-string,64,2-stackful,0,1,True,200959,0.021146549,105.22817589657592
update-string,64,2-stackful,0,2,False,200959,0.021064454999999996,104.81966470772643
update-string,64,2-stackful,0,3,False,200959,0.02132336400000001,106.1080319866242
update-string,64,2-stackful,0,4,False,200959,0.021341366,106.19761244831035
update-string,64,2-stackless,1,0,True,200959,0.020612763,102.57198234465737
update-string,64,2-stackless,1,1,True,200959,0.020594677,102.48198388726058
update-string,64,2-stackless,1,2,False,200959,0.020411347999999996,101.56971322508569
update-string,64,2-stackless,1,3,False,200959,0.020220199,100.61852915271274
update-string,64,2-stackless,1,4,False,200959,0.020242921999999997,100.73160196856074
update-string,64,1x,1,0,True,200959,0.027272,135.70927403102127
update-string,64,1x,1,1,True,200959,0.0273159,135.92772655118705
update-string,64,1x,1,2,False,200959,0.027291,135.80382067984016
update-string,64,1x,1,3,False,200959,0.0275634,137.1593210555387
update-string,64,1x,1,4,False,200959,0.0277623,138.14907518449036
update-string,64,2-stackful,1,0,True,200959,0.021227556,105.63127802188507
update-string,64,2-stackful,1,1,True,200959,0.021126236,105.12709557670968
update-string,64,2-stackful,1,2,False,200959,0.021122740999999993,105.10970396946637
update-string,64,2-stackful,1,3,False,200959,0.021082229999999993,104.90811558576621
update-string,64,2-stackful,1,4,False,200959,0.021087191000000005,104.93280221338684
update-string,64,1x,2,0,True,200959,0.0275821,137.25237486253414
update-string,64,1x,2,1,True,200959,0.0279056,138.86215596216144
update-string,64,1x,2,2,False,200959,0.0273381,136.03819684612284
update-string,64,1x,2,3,False,200959,0.0273105,135.90085539836485
update-string,64,1x,2,4,False,200959,0.0274513,136.6014958275071
update-string,64,2-stackless,2,0,True,200959,0.020362071000000002,101.32450400330417
update-string,64,2-stackless,2,1,True,200959,0.020228605,100.660358580606
update-string,64,2-stackless,2,2,False,200959,0.020191108000000006,100.4737682810922
update-string,64,2-stackless,2,3,False,200959,0.020135183999999993,100.19548266064218
update-string,64,2-stackless,2,4,False,200959,0.020306351,101.04723351529417
update-string,64,2-stackful,2,0,True,200959,0.021048338,104.73946426883096
update-string,64,2-stackful,2,1,True,200959,0.020921514999999998,104.10837534024353
update-string,64,2-stackful,2,2,False,200959,0.020974100000000002,104.37004563119842
update-string,64,2-stackful,2,3,False,200959,0.021214163999999994,105.56463756288592
update-string,64,2-stackful,2,4,False,200959,0.021080622999999993,104.9001189297319
const-table,8,2-stackful,0,0,True,715098,0.022317809999999997,31.209442621850428
const-table,8,2-stackful,0,1,True,715098,0.022212697,31.06245158006315
const-table,8,2-stackful,0,2,False,715098,0.022174269999999996,31.008714889427736
const-table,8,2-stackful,0,3,False,715098,0.022202106,31.047641022629065
const-table,8,2-stackful,0,4,False,715098,0.022332693,31.230255153839053
const-table,8,2-stackless,0,0,True,715098,0.020306751999999997,28.397159550159554
const-table,8,2-stackless,0,1,True,715098,0.020166424000000002,28.20092350978468
const-table,8,2-stackless,0,2,False,715098,0.020092457,28.097487337399908
const-table,8,2-stackless,0,3,False,715098,0.020078669,28.078206064063945
const-table,8,2-stackless,0,4,False,715098,0.02008219800000001,28.083141051995685
const-table,8,1x,0,0,True,715098,0.072028,100.72465592128631
const-table,8,1x,0,1,True,715098,0.0716607,100.21102002802414
const-table,8,1x,0,2,False,715098,0.0713163,99.72940771754361
const-table,8,1x,0,3,False,715098,0.0716467,100.19144229182574
const-table,8,1x,0,4,False,715098,0.0725419,101.44329868074026
const-table,8,1x,1,0,True,715098,0.0714031,99.85078968197367
const-table,8,1x,1,1,True,715098,0.071854,100.48133262853483
const-table,8,1x,1,2,False,715098,0.0727435,101.72521808199716
const-table,8,1x,1,3,False,715098,0.0726131,101.54286545340639
const-table,8,1x,1,4,False,715098,0.0729218,101.974554536581
const-table,8,2-stackless,1,0,True,715098,0.020412426,28.5449350998045
const-table,8,2-stackless,1,1,True,715098,0.020357269,28.46780301441201
const-table,8,2-stackless,1,2,False,715098,0.020286875000000003,28.369363359987027
const-table,8,2-stackless,1,3,False,715098,0.02029923599999999,28.386649102640465
const-table,8,2-stackless,1,4,False,715098,0.020241306,28.305639227070976
const-table,8,2-stackful,1,0,True,715098,0.02223915,31.09944371261002
const-table,8,2-stackful,1,1,True,715098,0.022302749,31.188381172930143
const-table,8,2-stackful,1,2,False,715098,0.022309702999999993,31.19810571418182
const-table,8,2-stackful,1,3,False,715098,0.02227166200000001,31.144908809701622
const-table,8,2-stackful,1,4,False,715098,0.022335068,31.23357637694414
const-table,8,1x,2,0,True,715098,0.0727501,101.73444758620496
const-table,8,1x,2,1,True,715098,0.071931,100.58901017762601
const-table,8,1x,2,2,False,715098,0.0715237,100.01943789522555
const-table,8,1x,2,3,False,715098,0.0701287,98.06865632402831
const-table,8,1x,2,4,False,715098,0.0708248,99.0420893360071
const-table,8,2-stackful,2,0,True,715098,0.022203378,31.049419799803662
const-table,8,2-stackful,2,1,True,715098,0.022191831000000002,31.033272362669177
const-table,8,2-stackful,2,2,False,715098,0.022200343000000004,31.045175626277803
const-table,8,2-stackful,2,3,False,715098,0.022230177000000004,31.08689578211658
const-table,8,2-stackful,2,4,False,715098,0.022294371000000007,31.176665296225142
const-table,8,2-stackless,2,0,True,715098,0.020147841,28.17493686180076
const-table,8,2-stackless,2,1,True,715098,0.020235992,28.298208077773957
const-table,8,2-stackless,2,2,False,715098,0.020238878999999994,28.30224528666
const-table,8,2-stackless,2,3,False,715098,0.0201627,28.1957158319559
const-table,8,2-stackless,2,4,False,715098,0.020176601000000002,28.21515512559118
add-float4,64,2-stackful,0,0,True,264734,0.028842975,108.95077700635355
add-float4,64,2-stackful,0,1,True,264734,0.028968034,109.42317193862519
add-float4,64,2-stackful,0,2,False,264734,0.028872329000000002,109.06165811720446
add-float4,64,2-stackful,0,3,False,264734,0.028728666,108.51898887184872
add-float4,64,2-stackful,0,4,False,264734,0.028836935000000008,108.92796165207344
add-float4,64,2-stackless,0,0,True,264734,0.028449211,107.46338211185568
add-float4,64,2-stackless,0,1,True,264734,0.028279808,106.8234831944518
add-float4,64,2-stackless,0,2,False,264734,0.028299750000000005,106.89881163734165
add-float4,64,2-stackless,0,3,False,264734,0.028523028000000006,107.74221671564668
add-float4,64,2-stackless,0,4,False,264734,0.02886470300000002,109.03285184373756
add-float4,64,1x,0,0,True,264734,0.0202014,76.30829436339873
add-float4,64,1x,0,1,True,264734,0.0203277,76.78537701995211
add-float4,64,1x,0,2,False,264734,0.0202256,76.39970687558078
add-float4,64,1x,0,3,False,264734,0.0201218,76.00761519109749
add-float4,64,1x,0,4,False,264734,0.019993,75.52108909320299
add-float4,64,1x,1,0,True,264734,0.0200814,75.85500917902499
add-float4,64,1x,1,1,True,264734,0.0200905,75.88938330550666
add-float4,64,1x,1,2,False,264734,0.0201031,75.9369782498659
add-float4,64,1x,1,3,False,264734,0.0200867,75.87502927466815
add-float4,64,1x,1,4,False,264734,0.0200756,75.83310039511359
add-float4,64,2-stackful,1,0,True,264734,0.029110908999999997,109.96286461127016
add-float4,64,2-stackful,1,1,True,264734,0.029227267999999997,110.40239636767471
add-float4,64,2-stackful,1,2,False,264734,0.029225749000000002,110.39665853271588
add-float4,64,2-stackful,1,3,False,264734,0.029243599999999995,110.46408848126798
add-float4,64,2-stackful,1,4,False,264734,0.029269284000000007,110.56110662023015
add-float4,64,2-stackless,1,0,True,264734,0.028492113,107.62543912002236
add-float4,64,2-stackless,1,1,True,264734,0.028338396999999998,107.04479590834572
add-float4,64,2-stackless,1,2,False,264734,0.029432979999999997,111.17944804974049
add-float4,64,2-stackless,1,3,False,264734,0.029296238000000002,110.66292202739355
add-float4,64,2-stackless,1,4,False,264734,0.028721751000000004,108.4928683130992
add-float4,64,2-stackful,2,0,True,264734,0.029144254,110.08882123187803
add-float4,64,2-stackful,2,1,True,264734,0.029465324999999997,111.30162729381189
add-float4,64,2-stackful,2,2,False,264734,0.029351690000000007,110.87238511109267
add-float4,64,2-stackful,2,3,False,264734,0.029410033000000002,111.09276859035865
add-float4,64,2-stackful,2,4,False,264734,0.02926159299999999,110.53205481728826
add-float4,64,1x,2,0,True,264734,0.0200313,75.66576261454894
add-float4,64,1x,2,1,True,264734,0.02009,75.88749461723843
add-float4,64,1x,2,2,False,264734,0.0202189,76.37439845278656
add-float4,64,1x,2,3,False,264734,0.0201341,76.05407692249578
add-float4,64,1x,2,4,False,264734,0.0201956,76.28638557948733
add-float4,64,2-stackless,2,0,True,264734,0.028604242,108.04899257367772
add-float4,64,2-stackless,2,1,True,264734,0.028669595,108.2958554624642
add-float4,64,2-stackless,2,2,False,264734,0.028694888,108.39139664720058
add-float4,64,2-stackless,2,3,False,264734,0.028783536999999998,108.72625729978014
add-float4,64,2-stackless,2,4,False,264734,0.028731451000000005,108.52950886550275
assign-string,256,2-stackful,0,0,True,15690,0.041128717,2621.3331421287444
assign-string,256,2-stackful,0,1,True,15690,0.04112998799999999,2621.414149139579
assign-string,256,2-stackful,0,2,False,15690,0.04107495800000001,2617.9068196303383
assign-string,256,2-stackful,0,3,False,15690,0.04112008399999999,2620.782919056723
assign-string,256,2-stackful,0,4,False,15690,0.04114564400000001,2622.411982154239
assign-string,256,1x,0,0,True,15690,0.020904,1332.3135755258127
assign-string,256,1x,0,1,True,15690,0.0205315,1308.572339069471
assign-string,256,1x,0,2,False,15690,0.0202689,1291.8355640535374
assign-string,256,1x,0,3,False,15690,0.0207139,1320.197578075207
assign-string,256,1x,0,4,False,15690,0.0201682,1285.4174633524538
assign-string,256,2-stackless,0,0,True,15690,0.041126974999999996,2621.22211599745
assign-string,256,2-stackless,0,1,True,15690,0.041609342,2651.965710643722
assign-string,256,2-stackless,0,2,False,15690,0.04132332899999999,2633.7367112810703
assign-string,256,2-stackless,0,3,False,15690,0.0411402,2622.0650095602296
assign-string,256,2-stackless,0,4,False,15690,0.040952983,2610.132759719567
assign-string,256,1x,1,0,True,15690,0.0208861,1331.1727214786488
assign-string,256,1x,1,1,True,15690,0.021219,1352.3900573613766
assign-string,256,1x,1,2,False,15690,0.0216341,1378.8463989802422
assign-string,256,1x,1,3,False,15690,0.0209115,1332.791586998088
assign-string,256,1x,1,4,False,15690,0.0205298,1308.463989802422
assign-string,256,2-stackful,1,0,True,15690,0.041212656,2626.682982791587
assign-string,256,2-stackful,1,1,True,15690,0.041057698,2616.806755895475
assign-string,256,2-stackful,1,2,False,15690,0.041036295,2615.442638623327
assign-string,256,2-stackful,1,3,False,15690,0.04105516100000001,2616.6450605481205
assign-string,256,2-stackful,1,4,False,15690,0.041009604000000005,2613.741491395794
assign-string,256,2-stackless,1,0,True,15690,0.041072461000000005,2617.747673677502
assign-string,256,2-stackless,1,1,True,15690,0.041066554000000005,2617.371191841938
assign-string,256,2-stackless,1,2,False,15690,0.040889085000000006,2606.060229445507
assign-string,256,2-stackless,1,3,False,15690,0.04116644700000001,2623.737858508605
assign-string,256,2-stackless,1,4,False,15690,0.04094624699999999,2609.7034416826
assign-string,256,1x,2,0,True,15690,0.0208141,1326.5838113448056
assign-string,256,1x,2,1,True,15690,0.0208153,1326.6602931803698
assign-string,256,1x,2,2,False,15690,0.0211154,1345.7871255576802
assign-string,256,1x,2,3,False,15690,0.0207217,1320.6947100063735
assign-string,256,1x,2,4,False,15690,0.020281,1292.6067558954749
assign-string,256,2-stackless,2,0,True,15690,0.04108621,2618.623964308477
assign-string,256,2-stackless,2,1,True,15690,0.041227323,2627.6177820267685
assign-string,256,2-stackless,2,2,False,15690,0.041134272,2621.687189292543
assign-string,256,2-stackless,2,3,False,15690,0.04098646299999999,2612.266602931803
assign-string,256,2-stackless,2,4,False,15690,0.041195310999999984,2625.5775015933705
assign-string,256,2-stackful,2,0,True,15690,0.04127109,2630.4072657743786
assign-string,256,2-stackful,2,1,True,15690,0.04126575,2630.0669216061187
assign-string,256,2-stackful,2,2,False,15690,0.04130275600000001,2632.4254939451885
assign-string,256,2-stackful,2,3,False,15690,0.041131961999999994,2621.539961759082
assign-string,256,2-stackful,2,4,False,15690,0.041051263000000004,2616.396622052263
push-shared-seq,64,2-stackless,0,0,True,76488,0.055539102,726.1152337621588
push-shared-seq,64,2-stackless,0,1,True,76488,0.05568286399999999,727.994770421504
push-shared-seq,64,2-stackless,0,2,False,76488,0.055923318,731.1384530906809
push-shared-seq,64,2-stackless,0,3,False,76488,0.05542476000000002,724.6203326011926
push-shared-seq,64,2-stackless,0,4,False,76488,0.05580403699999997,729.578979709235
push-shared-seq,64,2-stackful,0,0,True,76488,0.055618546,727.153880347244
push-shared-seq,64,2-stackful,0,1,True,76488,0.060509779,791.1015976362305
push-shared-seq,64,2-stackful,0,2,False,76488,0.06020791099999999,787.1549916326743
push-shared-seq,64,2-stackful,0,3,False,76488,0.05989114100000001,783.013557682251
push-shared-seq,64,2-stackful,0,4,False,76488,0.059827577999999965,782.1825384374015
push-shared-seq,64,1x,0,0,True,76488,0.0198735,259.8250705993097
push-shared-seq,64,1x,0,1,True,76488,0.0204109,266.85100930864974
push-shared-seq,64,1x,0,2,False,76488,0.0205917,269.2147787888296
push-shared-seq,64,1x,0,3,False,76488,0.0202918,265.2939023114737
push-shared-seq,64,1x,0,4,False,76488,0.0199795,261.2109089007426
push-shared-seq,64,1x,1,0,True,76488,0.0200632,262.305198201025
push-shared-seq,64,1x,1,1,True,76488,0.0202193,264.3460412090785
push-shared-seq,64,1x,1,2,False,76488,0.0199633,260.9991109716557
push-shared-seq,64,1x,1,3,False,76488,0.0199758,261.16253529965485
push-shared-seq,64,1x,1,4,False,76488,0.02017,263.70149565944985
push-shared-seq,64,2-stackful,1,0,True,76488,0.055513952,725.7864240142245
push-shared-seq,64,2-stackful,1,1,True,76488,0.060021817000000005,784.7220086811004
push-shared-seq,64,2-stackful,1,2,False,76488,0.060317334000000014,788.5855820520868
push-shared-seq,64,2-stackful,1,3,False,76488,0.06012732799999998,786.1014538228216
push-shared-seq,64,2-stackful,1,4,False,76488,0.05991635100000001,783.3431518669596
push-shared-seq,64,2-stackless,1,0,True,76488,0.055507561,725.7028684238051
push-shared-seq,64,2-stackless,1,1,True,76488,0.055535916,726.0735801694383
push-shared-seq,64,2-stackless,1,2,False,76488,0.05601799499999999,732.3762550988388
push-shared-seq,64,2-stackless,1,3,False,76488,0.05667794500000001,741.004405919883
push-shared-seq,64,2-stackless,1,4,False,76488,0.056492094999999964,738.5746130111908
push-shared-seq,64,1x,2,0,True,76488,0.0202267,264.44278841125407
push-shared-seq,64,1x,2,1,True,76488,0.020318,265.63643970295993
push-shared-seq,64,1x,2,2,False,76488,0.0202601,264.8794582156678
push-shared-seq,64,1x,2,3,False,76488,0.0200818,262.54837360108775
push-shared-seq,64,1x,2,4,False,76488,0.020047,262.0934002719381
push-shared-seq,64,2-stackful,2,0,True,76488,0.055394417,724.223629850434
push-shared-seq,64,2-stackful,2,1,True,76488,0.059985577,784.2482088693652
push-shared-seq,64,2-stackful,2,2,False,76488,0.05979369,781.7394885472231
push-shared-seq,64,2-stackful,2,3,False,76488,0.059815647,782.0265531848133
push-shared-seq,64,2-stackful,2,4,False,76488,0.05986032000000002,782.6106055851901
push-shared-seq,64,2-stackless,2,0,True,76488,0.055301407000000004,723.007622110658
push-shared-seq,64,2-stackless,2,1,True,76488,0.05591543899999999,731.0354434682564
push-shared-seq,64,2-stackless,2,2,False,76488,0.05687671200000001,743.6030749921557
push-shared-seq,64,2-stackless,2,3,False,76488,0.05609430800000001,733.3739671582472
push-shared-seq,64,2-stackless,2,4,False,76488,0.056169426999999994,734.3560689258445
assign-int,64,2-stackless,0,0,True,185126,0.035698962,192.8360251936519
assign-int,64,2-stackless,0,1,True,185126,0.035476974,191.63690675539902
assign-int,64,2-stackless,0,2,False,185126,0.035783631999999996,193.29338936724173
assign-int,64,2-stackless,0,3,False,185126,0.03552036700000001,191.8713038687165
assign-int,64,2-stackless,0,4,False,185126,0.03585967299999998,193.70414204379708
assign-int,64,1x,0,0,True,185126,0.0191251,103.30855741494982
assign-int,64,1x,0,1,True,185126,0.0189154,102.17581539059884
assign-int,64,1x,0,2,False,185126,0.0189975,102.6192971273619
assign-int,64,1x,0,3,False,185126,0.0189403,102.31031837775353
assign-int,64,1x,0,4,False,185126,0.0190763,103.04495316703219
assign-int,64,2-stackful,0,0,True,185126,0.035551885000000005,192.0415554811318
assign-int,64,2-stackful,0,1,True,185126,0.036008082000000004,194.50580685587119
assign-int,64,2-stackful,0,2,False,185126,0.03591330399999999,193.99384203191335
assign-int,64,2-stackful,0,3,False,185126,0.03480742099999999,188.0201646446204
assign-int,64,2-stackful,0,4,False,185126,0.035429188,191.37877985804263
assign-int,64,1x,1,0,True,185126,0.0187926,101.51248338969134
assign-int,64,1x,1,1,True,185126,0.0187405,101.23105344468092
assign-int,64,1x,1,2,False,185126,0.0185062,99.96542895109278
assign-int,64,1x,1,3,False,185126,0.0191395,103.3863422749911
assign-int,64,1x,1,4,False,185126,0.0191652,103.52516664325918
assign-int,64,2-stackless,1,0,True,185126,0.035441385,191.44466471484287
assign-int,64,2-stackless,1,1,True,185126,0.035533175,191.94048918034204
assign-int,64,2-stackless,1,2,False,185126,0.03548607599999999,191.68607326901673
assign-int,64,2-stackless,1,3,False,185126,0.03541913599999999,191.32448170435268
assign-int,64,2-stackless,1,4,False,185126,0.03528493099999999,190.59954301394723
assign-int,64,2-stackful,1,0,True,185126,0.036580718,197.59902984994005
assign-int,64,2-stackful,1,1,True,185126,0.036138356999999996,195.20951676155696
assign-int,64,2-stackful,1,2,False,185126,0.036189081,195.48351393105236
assign-int,64,2-stackful,1,3,False,185126,0.03653366299999998,197.3448516145759
assign-int,64,2-stackful,1,4,False,185126,0.036146677000000016,195.25445912513646
assign-int,64,2-stackful,2,0,True,185126,0.03563144,192.47128982422782
assign-int,64,2-stackful,2,1,True,185126,0.035589854,192.2466536305003
assign-int,64,2-stackful,2,2,False,185126,0.035434803,191.40911055173234
assign-int,64,2-stackful,2,3,False,185126,0.035627255,192.44868359927833
assign-int,64,2-stackful,2,4,False,185126,0.03560380799999999,192.32202932057078
assign-int,64,2-stackless,2,0,True,185126,0.035513548000000006,191.8344694964511
assign-int,64,2-stackless,2,1,True,185126,0.036071163,194.8465531583894
assign-int,64,2-stackless,2,2,False,185126,0.035697735999999994,192.82940267709557
assign-int,64,2-stackless,2,3,False,185126,0.035476097999999984,191.63217484307978
assign-int,64,2-stackless,2,4,False,185126,0.035584853,192.21963959681514
assign-int,64,1x,2,0,True,185126,0.0191005,103.17567494571264
assign-int,64,1x,2,1,True,185126,0.0190185,102.73273338158876
assign-int,64,1x,2,2,False,185126,0.0192424,103.94217992070266
assign-int,64,1x,2,3,False,185126,0.019382,104.69626092499163
assign-int,64,1x,2,4,False,185126,0.0193612,104.58390501604313
get-string,256,1x,0,0,True,145688,0.020084,137.85624073362254
get-string,256,1x,0,1,True,145688,0.0203255,139.51389270221296
get-string,256,1x,0,2,False,145688,0.0201387,138.23170062050409
get-string,256,1x,0,3,False,145688,0.0201135,138.05872824117293
get-string,256,1x,0,4,False,145688,0.0200784,137.8178024271045
get-string,256,2-stackless,0,0,True,145688,0.039179547,268.927756575696
get-string,256,2-stackless,0,1,True,145688,0.03904597199999999,268.0109000054911
get-string,256,2-stackless,0,2,False,145688,0.039179093,268.92464032727474
get-string,256,2-stackless,0,3,False,145688,0.039439963999999994,270.715254516501
get-string,256,2-stackless,0,4,False,145688,0.038990827000000006,267.6323856460382
get-string,256,2-stackful,0,0,True,145688,0.039017846,267.8178436110043
get-string,256,2-stackful,0,1,True,145688,0.03904998400000001,268.0384383065181
get-string,256,2-stackful,0,2,False,145688,0.039052168,268.0534292460601
get-string,256,2-stackful,0,3,False,145688,0.03887033499999999,266.805330569436
get-string,256,2-stackful,0,4,False,145688,0.039046526,268.01470265224316
get-string,256,1x,1,0,True,145688,0.0198836,136.4806984789413
get-string,256,1x,1,1,True,145688,0.0199549,136.97010048871562
get-string,256,1x,1,2,False,145688,0.0197573,135.6137773872934
get-string,256,1x,1,3,False,145688,0.0196157,134.64183735105155
get-string,256,1x,1,4,False,145688,0.0198759,136.427845807479
get-string,256,2-stackful,1,0,True,145688,0.039018937000000004,267.82533221679205
get-string,256,2-stackful,1,1,True,145688,0.038798066,266.30927735983744
get-string,256,2-stackful,1,2,False,145688,0.038657472,265.3442424908023
get-string,256,2-stackful,1,3,False,145688,0.039106511,268.4264386909011
get-string,256,2-stackful,1,4,False,145688,0.03918405999999999,268.9587337323595
get-string,256,2-stackless,1,0,True,145688,0.038553485000000005,264.63047745867885
get-string,256,2-stackless,1,1,True,145688,0.03875056999999999,265.983265608698
get-string,256,2-stackless,1,2,False,145688,0.03868234799999999,265.514990939542
get-string,256,2-stackless,1,3,False,145688,0.03869533500000001,265.6041334907475
get-string,256,2-stackless,1,4,False,145688,0.038462226000000016,264.00407720608433
get-string,256,2-stackless,2,0,True,145688,0.03875725,266.0291170171874
get-string,256,2-stackless,2,1,True,145688,0.038756724000000006,266.0255065619681
get-string,256,2-stackless,2,2,False,145688,0.038667017,265.4097592114656
get-string,256,2-stackless,2,3,False,145688,0.038485108000000004,264.1611388721103
get-string,256,2-stackless,2,4,False,145688,0.038698361000000014,265.6249039042338
get-string,256,1x,2,0,True,145688,0.019708,135.2753830102685
get-string,256,1x,2,1,True,145688,0.0198009,135.91304705946956
get-string,256,1x,2,2,False,145688,0.0197346,135.4579649662292
get-string,256,1x,2,3,False,145688,0.0198231,136.06542748888035
get-string,256,1x,2,4,False,145688,0.019672,135.02827961122398
get-string,256,2-stackful,2,0,True,145688,0.038680519,265.5024367140739
get-string,256,2-stackful,2,1,True,145688,0.038806084,266.3643127779913
get-string,256,2-stackful,2,2,False,145688,0.03878519500000001,266.2209310306958
get-string,256,2-stackful,2,3,False,145688,0.03923974000000001,269.3409203228818
get-string,256,2-stackful,2,4,False,145688,0.038856523000000004,266.7105252320027
update-int,0,2-stackful,0,0,True,2502190,0.054571026999999994,21.80930584807708
update-int,0,2-stackful,0,1,True,2502190,0.054259473,21.68479332105076
update-int,0,2-stackful,0,2,False,2502190,0.05351707799999998,21.388095228579758
update-int,0,2-stackful,0,3,False,2502190,0.053875336999999995,21.531273404497657
update-int,0,2-stackful,0,4,False,2502190,0.05370637499999997,21.463747756964885
update-int,0,1x,0,0,True,2502190,0.0164966,6.592864650566104
update-int,0,1x,0,1,True,2502190,0.0166335,6.647576722790834
update-int,0,1x,0,2,False,2502190,0.0164913,6.5907465060606905
update-int,0,1x,0,3,False,2502190,0.0166107,6.6384647049184915
update-int,0,1x,0,4,False,2502190,0.0164462,6.572722295269345
update-int,0,2-stackless,0,0,True,2502190,0.046789074,18.699249057825345
update-int,0,2-stackless,0,1,True,2502190,0.046454954,18.565718031004838
update-int,0,2-stackless,0,2,False,2502190,0.046641599000000006,18.640310687837456
update-int,0,2-stackless,0,3,False,2502190,0.04638946199999999,18.539544159316435
update-int,0,2-stackless,0,4,False,2502190,0.046113439000000006,18.429231593124427
update-int,0,1x,1,0,True,2502190,0.0166428,6.651293466922976
update-int,0,1x,1,1,True,2502190,0.0165292,6.605893237523929
update-int,0,1x,1,2,False,2502190,0.0165838,6.627714122428753
update-int,0,1x,1,3,False,2502190,0.0164133,6.559573813339514
update-int,0,1x,1,4,False,2502190,0.0164643,6.5799559585802845
update-int,0,2-stackful,1,0,True,2502190,0.053889060999999995,21.53675819981696
update-int,0,2-stackful,1,1,True,2502190,0.054044452,21.598860198466145
update-int,0,2-stackful,1,2,False,2502190,0.053477395,21.372235921332912
update-int,0,2-stackful,1,3,False,2502190,0.05363594300000002,21.435599614737498
update-int,0,2-stackful,1,4,False,2502190,0.053196192,21.259853168624286
update-int,0,2-stackless,1,0,True,2502190,0.046082282,18.41677970098194
update-int,0,2-stackless,1,1,True,2502190,0.046678963,18.65524320695071
update-int,0,2-stackless,1,2,False,2502190,0.046196730000000005,18.462518833501857
update-int,0,2-stackless,1,3,False,2502190,0.04624246900000001,18.48079842058357
update-int,0,2-stackless,1,4,False,2502190,0.04627898400000002,18.495391636926062
update-int,0,1x,2,0,True,2502190,0.0164361,6.568685831211858
update-int,0,1x,2,1,True,2502190,0.0164476,6.5732818051386985
update-int,0,1x,2,2,False,2502190,0.0165764,6.624756713119308
update-int,0,1x,2,3,False,2502190,0.0164658,6.580555433440306
update-int,0,1x,2,4,False,2502190,0.0167029,6.675312426314548
update-int,0,2-stackful,2,0,True,2502190,0.053824641,21.511012752828524
update-int,0,2-stackful,2,1,True,2502190,0.05368939999999999,21.456963699798973
update-int,0,2-stackful,2,2,False,2502190,0.053828115999999995,21.512401536254238
update-int,0,2-stackful,2,3,False,2502190,0.05340167200000001,21.341973231449252
update-int,0,2-stackful,2,4,False,2502190,0.05389459299999999,21.53896906310072
update-int,0,2-stackless,2,0,True,2502190,0.046668795,18.65117956669957
update-int,0,2-stackless,2,1,True,2502190,0.04635411999999999,18.52541973231449
update-int,0,2-stackless,2,2,False,2502190,0.046800616,18.703861817048267
update-int,0,2-stackless,2,3,False,2502190,0.04647463299999999,18.573582741518425
update-int,0,2-stackless,2,4,False,2502190,0.046601855,18.624427001946295
get-seq,256,2-stackful,0,0,True,95416,0.025122789,263.2974448729773
get-seq,256,2-stackful,0,1,True,95416,0.025404498,266.24987423492917
get-seq,256,2-stackful,0,2,False,95416,0.025169058,263.78236354489815
get-seq,256,2-stackful,0,3,False,95416,0.025423920000000003,266.45342500209614
get-seq,256,2-stackful,0,4,False,95416,0.025281404000000007,264.9597970990191
get-seq,256,2-stackless,0,0,True,95416,0.024945473,261.439098264442
get-seq,256,2-stackless,0,1,True,95416,0.02501066,262.1222855705542
get-seq,256,2-stackless,0,2,False,95416,0.025155140999999992,263.6365075039825
get-seq,256,2-stackless,0,3,False,95416,0.025038861999999995,262.4178544478913
get-seq,256,2-stackless,0,4,False,95416,0.02504861,262.52001760710993
get-seq,256,1x,0,0,True,95416,0.0195257,204.63758698750735
get-seq,256,1x,0,1,True,95416,0.0192431,201.67581956904502
get-seq,256,1x,0,2,False,95416,0.0195233,204.6124339733378
get-seq,256,1x,0,3,False,95416,0.0193138,202.41678544478913
get-seq,256,1x,0,4,False,95416,0.0198027,207.54066403957407
get-seq,256,1x,1,0,True,95416,0.0196522,205.96336044269304
get-seq,256,1x,1,1,True,95416,0.0196589,206.03357927391633
get-seq,256,1x,1,2,False,95416,0.0196874,206.3322713171795
get-seq,256,1x,1,3,False,95416,0.0196025,205.44248344093234
get-seq,256,1x,1,4,False,95416,0.0194413,203.75303932254548
get-seq,256,2-stackful,1,0,True,95416,0.02536577,265.8439884296135
get-seq,256,2-stackful,1,1,True,95416,0.02518982,263.9999580783097
get-seq,256,2-stackful,1,2,False,95416,0.025121472000000006,263.28364215645183
get-seq,256,2-stackful,1,3,False,95416,0.025029742999999993,262.3222834744696
get-seq,256,2-stackful,1,4,False,95416,0.025474179999999985,266.9801710404962
get-seq,256,2-stackless,1,0,True,95416,0.024979328999999998,261.79392345099353
get-seq,256,2-stackless,1,1,True,95416,0.024838728000000004,260.3203655571393
get-seq,256,2-stackless,1,2,False,95416,0.024753841,259.4307139263855
get-seq,256,2-stackless,1,3,False,95416,0.02486998600000001,260.6479626058524
get-seq,256,2-stackless,1,4,False,95416,0.024974949999999996,261.74802968055667
get-seq,256,2-stackless,2,0,True,95416,0.024916196999999998,261.132273413264
get-seq,256,2-stackless,2,1,True,95416,0.024665322000000003,258.50299740085524
get-seq,256,2-stackless,2,2,False,95416,0.025023096,262.2526201056427
get-seq,256,2-stackless,2,3,False,95416,0.025073596000000004,262.78188144545993
get-seq,256,2-stackless,2,4,False,95416,0.025321793999999995,265.38310136664705
get-seq,256,2-stackful,2,0,True,95416,0.025304468,265.2015175651882
get-seq,256,2-stackful,2,1,True,95416,0.025477495999999995,267.01492412174053
get-seq,256,2-stackful,2,2,False,95416,0.025349237000000004,265.67071560325314
get-seq,256,2-stackful,2,3,False,95416,0.025419828000000005,266.41053911293704
get-seq,256,2-stackful,2,4,False,95416,0.025317909,265.3423849249602
get-seq,256,1x,2,0,True,95416,0.0195469,204.85977194600486
get-seq,256,1x,2,1,True,95416,0.0194001,203.3212459126352
get-seq,256,1x,2,2,False,95416,0.0197484,206.97157709398843
get-seq,256,1x,2,3,False,95416,0.019758,207.07218915066656
get-seq,256,1x,2,4,False,95416,0.0195014,204.38291271904083
update-string,8,2-stackless,0,0,True,619387,0.025814334999999997,41.677230875042575
update-string,8,2-stackless,0,1,True,619387,0.025784045999999998,41.628329299775416
update-string,8,2-stackless,0,2,False,619387,0.025591406000000004,41.317312116657284
update-string,8,2-stackless,0,3,False,619387,0.025435503999999998,41.06560841606297
update-string,8,2-stackless,0,4,False,619387,0.02577668999999999,41.61645304147486
update-string,8,2-stackful,0,0,True,619387,0.027683212,44.69453185165333
update-string,8,2-stackful,0,1,True,619387,0.027498777000000002,44.39676163690876
update-string,8,2-stackful,0,2,False,619387,0.027138193999999997,43.81460056475192
update-string,8,2-stackful,0,3,False,619387,0.027115098000000004,43.77731208436729
update-string,8,2-stackful,0,4,False,619387,0.027067064999999987,43.69976283002386
update-string,8,1x,0,0,True,619387,0.0186436,30.1000828238242
update-string,8,1x,0,1,True,619387,0.0188833,30.48707835327509
update-string,8,1x,0,2,False,619387,0.0192254,31.039398631227325
update-string,8,1x,0,3,False,619387,0.0185474,29.944767972204776
update-string,8,1x,0,4,False,619387,0.0187475,30.267829321571167
update-string,8,2-stackful,1,0,True,619387,0.027379057000000002,44.203473757117926
update-string,8,2-stackful,1,1,True,619387,0.027254961000000005,44.003120827527866
update-string,8,2-stackful,1,2,False,619387,0.027485219999999998,44.37487386722678
update-string,8,2-stackful,1,3,False,619387,0.027312352000000012,44.095778568164995
update-string,8,2-stackful,1,4,False,619387,0.02718077299999999,43.88334433883823
update-string,8,1x,1,0,True,619387,0.0184013,29.70888959568089
update-string,8,1x,1,1,True,619387,0.0185646,29.97253736355461
update-string,8,1x,1,2,False,619387,0.0185407,29.933950825574318
update-string,8,1x,1,3,False,619387,0.01841,29.722935741305516
update-string,8,1x,1,4,False,619387,0.0184995,29.86743344629448
update-string,8,2-stackless,1,0,True,619387,0.025585212,41.30731190677234
update-string,8,2-stackless,1,1,True,619387,0.025561072,41.26833788891275
update-string,8,2-stackless,1,2,False,619387,0.025636799000000002,41.39059909232838
update-string,8,2-stackless,1,3,False,619387,0.025751041000000002,41.57504274387419
update-string,8,2-stackless,1,4,False,619387,0.025440904000000014,41.074326713347254
update-string,8,1x,2,0,True,619387,0.0186095,30.045028390973656
update-string,8,1x,2,1,True,619387,0.0183071,29.556803743055635
update-string,8,1x,2,2,False,619387,0.0186321,30.08151607960774
update-string,8,1x,2,3,False,619387,0.0184339,29.76152227928581
update-string,8,1x,2,4,False,619387,0.0191263,30.87940173106636
update-string,8,2-stackless,2,0,True,619387,0.025396158999999998,41.00208593335022
update-string,8,2-stackless,2,1,True,619387,0.025284301999999998,40.821492863104964
update-string,8,2-stackless,2,2,False,619387,0.025440339999999992,41.073416135630865
update-string,8,2-stackless,2,3,False,619387,0.025577920000000004,41.295538976439616
update-string,8,2-stackless,2,4,False,619387,0.02569474399999999,41.48415126568687
update-string,8,2-stackful,2,0,True,619387,0.027775203999999998,44.84305288938902
update-string,8,2-stackful,2,1,True,619387,0.027471963,44.35347044739395
update-string,8,2-stackful,2,2,False,619387,0.027400918000000003,44.23876833062367
update-string,8,2-stackful,2,3,False,619387,0.027488785,44.380629557933894
update-string,8,2-stackful,2,4,False,619387,0.027358640000000004,44.170510520885976
assign-int,0,1x,0,0,True,2492150,0.0163173,6.54747908432478
assign-int,0,1x,0,1,True,2492150,0.0164437,6.59819834279638
assign-int,0,1x,0,2,False,2492150,0.0161766,6.491021808478623
assign-int,0,1x,0,3,False,2492150,0.0165437,6.638324338422648
assign-int,0,1x,0,4,False,2492150,0.0163431,6.557831591196357
assign-int,0,2-stackful,0,0,True,2492150,0.053717361000000005,21.554625925405777
assign-int,0,2-stackful,0,1,True,2492150,0.053441357999999994,21.443876973697407
assign-int,0,2-stackful,0,2,False,2492150,0.05310488999999999,21.308865838733617
assign-int,0,2-stackful,0,3,False,2492150,0.053287993000000006,21.38233774050519
assign-int,0,2-stackful,0,4,False,2492150,0.05319141799999999,21.343586060229118
assign-int,0,2-stackless,0,0,True,2492150,0.046099265,18.497789057640993
assign-int,0,2-stackless,0,1,True,2492150,0.045838146,18.393012459121643
assign-int,0,2-stackless,0,2,False,2492150,0.045573298,18.28673956222539
assign-int,0,2-stackless,0,3,False,2492150,0.04600457400000002,18.459793351122535
assign-int,0,2-stackless,0,4,False,2492150,0.04557150799999998,18.28602130690367
assign-int,0,2-stackless,1,0,True,2492150,0.046389889000000004,18.614404831169875
assign-int,0,2-stackless,1,1,True,2492150,0.046243705,18.55574704572357
assign-int,0,2-stackless,1,2,False,2492150,0.045699846,18.337518207170515
assign-int,0,2-stackless,1,3,False,2492150,0.04535425300000001,18.198845575105835
assign-int,0,2-stackless,1,4,False,2492150,0.045340257999999994,18.193229942017933
assign-int,0,1x,1,0,True,2492150,0.0159645,6.405914571755312
assign-int,0,1x,1,1,True,2492150,0.0159173,6.386975101819713
assign-int,0,1x,1,2,False,2492150,0.0160853,6.454386774471842
assign-int,0,1x,1,3,False,2492150,0.0161799,6.492345966334289
assign-int,0,1x,1,4,False,2492150,0.0162678,6.527616716489777
assign-int,0,2-stackful,1,0,True,2492150,0.053122088,21.315766707461428
assign-int,0,2-stackful,1,1,True,2492150,0.052944444,21.244485283791104
assign-int,0,2-stackful,1,2,False,2492150,0.053182622,21.340056577653833
assign-int,0,2-stackful,1,3,False,2492150,0.05308349300000001,21.300280079449475
assign-int,0,2-stackful,1,4,False,2492150,0.05347295099999999,21.456553979495613
assign-int,0,1x,2,0,True,2492150,0.0163378,6.555704913428165
assign-int,0,1x,2,1,True,2492150,0.0161589,6.483919507252773
assign-int,0,1x,2,2,False,2492150,0.0161927,6.497482093774452
assign-int,0,1x,2,3,False,2492150,0.0163082,6.543827618722789
assign-int,0,1x,2,4,False,2492150,0.0163409,6.556948819292578
assign-int,0,2-stackful,2,0,True,2492150,0.053938998,21.64355997833196
assign-int,0,2-stackful,2,1,True,2492150,0.053249035,21.366705455129104
assign-int,0,2-stackful,2,2,False,2492150,0.05298753199999999,21.26177477278655
assign-int,0,2-stackful,2,3,False,2492150,0.05347964800000002,21.459241217422715
assign-int,0,2-stackful,2,4,False,2492150,0.05386928399999999,21.615586541741063
assign-int,0,2-stackless,2,0,True,2492150,0.046687181,18.733696206087114
assign-int,0,2-stackless,2,1,True,2492150,0.045856793,18.400494753526072
assign-int,0,2-stackless,2,2,False,2492150,0.04587305600000001,18.407020444194774
assign-int,0,2-stackless,2,3,False,2492150,0.04591234800000002,18.422786750396252
assign-int,0,2-stackless,2,4,False,2492150,0.045825175999999995,18.387808117488913
get-string,0,2-stackless,0,0,True,1828221,0.049113475,26.864079889685108
get-string,0,2-stackless,0,1,True,1828221,0.049188429000000006,26.905078215379874
get-string,0,2-stackless,0,2,False,1828221,0.048759182,26.67028876705825
get-string,0,2-stackless,0,3,False,1828221,0.04897436399999999,26.78798897945051
get-string,0,2-stackless,0,4,False,1828221,0.04866648900000001,26.61958756627345
get-string,0,1x,0,0,True,1828221,0.0190719,10.431944496863345
get-string,0,1x,0,1,True,1828221,0.0198241,10.843382720141602
get-string,0,1x,0,2,False,1828221,0.0197129,10.782558563762258
get-string,0,1x,0,3,False,1828221,0.0201504,11.02186223656768
get-string,0,1x,0,4,False,1828221,0.0198218,10.842124666547425
get-string,0,2-stackful,0,0,True,1828221,0.05450557,29.81344706137825
get-string,0,2-stackful,0,1,True,1828221,0.054708347,29.92436198905931
get-string,0,2-stackful,0,2,False,1828221,0.054465147000000005,29.791336495970675
get-string,0,2-stackful,0,3,False,1828221,0.05474917600000001,29.94669462827525
get-string,0,2-stackful,0,4,False,1828221,0.054625303000000014,29.878938596591997
get-string,0,2-stackless,1,0,True,1828221,0.049613939,27.137823600100862
get-string,0,2-stackless,1,1,True,1828221,0.049854962999999995,27.26965886509344
get-string,0,2-stackless,1,2,False,1828221,0.049424492,27.03419991346779
get-string,0,2-stackless,1,3,False,1828221,0.049390664,27.015696679996566
get-string,0,2-stackless,1,4,False,1828221,0.049845002,27.26421039907101
get-string,0,2-stackful,1,0,True,1828221,0.054379998,29.744761710974768
get-string,0,2-stackful,1,1,True,1828221,0.054499944,29.810369752890924
get-string,0,2-stackful,1,2,False,1828221,0.05435702299999999,29.732194849528582
get-string,0,2-stackful,1,3,False,1828221,0.05455473499999999,29.840339324403338
get-string,0,2-stackful,1,4,False,1828221,0.054250031000000004,29.673672384246768
get-string,0,1x,1,0,True,1828221,0.0189814,10.382442822831594
get-string,0,1x,1,1,True,1828221,0.0189632,10.37248779004289
get-string,0,1x,1,2,False,1828221,0.0190492,10.41952805486864
get-string,0,1x,1,3,False,1828221,0.018806,10.286502561780004
get-string,0,1x,1,4,False,1828221,0.0191479,10.473514963453542
get-string,0,2-stackful,2,0,True,1828221,0.054018836,29.547213383939905
get-string,0,2-stackful,2,1,True,1828221,0.055097357,30.137142610220536
get-string,0,2-stackful,2,2,False,1828221,0.05473541300000001,29.93916654496366
get-string,0,2-stackful,2,3,False,1828221,0.05396674800000001,29.518722298890566
get-string,0,2-stackful,2,4,False,1828221,0.054340288999999986,29.723041689161203
get-string,0,2-stackless,2,0,True,1828221,0.048852348999999996,26.721249236279423
get-string,0,2-stackless,2,1,True,1828221,0.049059624,26.834624479206834
get-string,0,2-stackless,2,2,False,1828221,0.04932012399999999,26.977112723242975
get-string,0,2-stackless,2,3,False,1828221,0.049372523,27.00577391901745
get-string,0,2-stackless,2,4,False,1828221,0.049729621,27.20109932004938
get-string,0,1x,2,0,True,1828221,0.0192747,10.542872005080348
get-string,0,1x,2,1,True,1828221,0.0195077,10.670318303968722
get-string,0,1x,2,2,False,1828221,0.0191625,10.48150086887745
get-string,0,1x,2,3,False,1828221,0.0194116,10.617753542925062
get-string,0,1x,2,4,False,1828221,0.0194099,10.616823677225018
add-float,256,2-stackless,0,0,True,53227,0.019892957,373.7380840550848
add-float,256,2-stackless,0,1,True,53227,0.019953278999999997,374.87138106600025
add-float,256,2-stackless,0,2,False,53227,0.019866967000000006,373.2497980348321
add-float,256,2-stackless,0,3,False,53227,0.019543403,367.1708531384448
add-float,256,2-stackless,0,4,False,53227,0.019841000999999997,372.7619629135588
add-float,256,2-stackful,0,0,True,53227,0.019834544000000003,372.64065230052427
add-float,256,2-stackful,0,1,True,53227,0.019713586999999998,370.36817780449763
add-float,256,2-stackful,0,2,False,53227,0.019878258000000003,373.46192721738976
add-float,256,2-stackful,0,3,False,53227,0.019799527000000004,371.98277190147866
add-float,256,2-stackful,0,4,False,53227,0.019766550000000008,371.3632179157196
add-float,256,1x,0,0,True,53227,0.0200052,375.846844646514
add-float,256,1x,0,1,True,53227,0.019932,374.47160275799877
add-float,256,1x,0,2,False,53227,0.02043,383.8277565897007
add-float,256,1x,0,3,False,53227,0.0204115,383.48018862607324
add-float,256,1x,0,4,False,53227,0.0199714,375.21182858323783
add-float,256,1x,1,0,True,53227,0.0202339,380.1435361752494
add-float,256,1x,1,1,True,53227,0.0204001,383.2660116106487
add-float,256,1x,1,2,False,53227,0.0201439,378.45266500084546
add-float,256,1x,1,3,False,53227,0.0200645,376.96094087587124
add-float,256,1x,1,4,False,53227,0.0199718,375.2193435662352
add-float,256,2-stackless,1,0,True,53227,0.019739635000000002,370.85755349728527
add-float,256,2-stackless,1,1,True,53227,0.019756427,371.173032483514
add-float,256,2-stackless,1,2,False,53227,0.019760699,371.2532925019257
add-float,256,2-stackless,1,3,False,53227,0.019811901,372.21524790050165
add-float,256,2-stackless,1,4,False,53227,0.019885407000000008,373.59623875101
add-float,256,2-stackful,1,0,True,53227,0.019859253,373.10487158772804
add-float,256,2-stackful,1,1,True,53227,0.020067106999999997,377.00991977755643
add-float,256,2-stackful,1,2,False,53227,0.019763115000000005,371.2986829992298
add-float,256,2-stackful,1,3,False,53227,0.019851905999999996,372.9668401375241
add-float,256,2-stackful,1,4,False,53227,0.019810607999999993,372.19095571796254
add-float,256,1x,2,0,True,53227,0.0201682,378.9092002179345
add-float,256,1x,2,1,True,53227,0.0199434,374.68577977342323
add-float,256,1x,2,2,False,53227,0.020263,380.69025118830666
add-float,256,1x,2,3,False,53227,0.020067,377.0079095196047
add-float,256,1x,2,4,False,53227,0.020374,382.77565897007156
add-float,256,2-stackless,2,0,True,53227,0.019708415,370.271009074342
add-float,256,2-stackless,2,1,True,53227,0.019552252000000003,367.3371033498037
add-float,256,2-stackless,2,2,False,53227,0.020048324,376.6570349634584
add-float,256,2-stackless,2,3,False,53227,0.019678545999999998,369.7098465064723
add-float,256,2-stackless,2,4,False,53227,0.01969108800000001,369.94547879835443
add-float,256,2-stackful,2,0,True,53227,0.019780163,371.6189715745768
add-float,256,2-stackful,2,1,True,53227,0.019794000000000003,371.87893362391276
add-float,256,2-stackful,2,2,False,53227,0.019972061,375.22424709264095
add-float,256,2-stackful,2,3,False,53227,0.019804193000000005,372.07043417814276
add-float,256,2-stackful,2,4,False,53227,0.019834939999999995,372.6480921336915
const-string,64,1x,0,0,True,381245,0.019479,51.09312909021757
const-string,64,1x,0,1,True,381245,0.0194754,51.08368634342745
const-string,64,1x,0,2,False,381245,0.0194958,51.13719524190481
const-string,64,1x,0,3,False,381245,0.019358,50.7757478786607
const-string,64,1x,0,4,False,381245,0.0195973,51.40342824168186
const-string,64,2-stackless,0,0,True,381245,0.026243697,68.83682933546669
const-string,64,2-stackless,0,1,True,381245,0.025949282,68.064583142074
const-string,64,2-stackless,0,2,False,381245,0.026062189999999992,68.36073915723483
const-string,64,2-stackless,0,3,False,381245,0.025697207,67.403394142874
const-string,64,2-stackless,0,4,False,381245,0.025788724999999985,67.64344450419019
const-string,64,2-stackful,0,0,True,381245,0.027074683999999998,71.0164959540453
const-string,64,2-stackful,0,1,True,381245,0.026960575999999997,70.71719235662106
const-string,64,2-stackful,0,2,False,381245,0.026852656000000003,70.43411979173499
const-string,64,2-stackful,0,3,False,381245,0.026797664,70.28987658854543
const-string,64,2-stackful,0,4,False,381245,0.026869511000000013,70.4783302076093
const-string,64,2-stackful,1,0,True,381245,0.026581841000000002,69.72377604952197
const-string,64,2-stackful,1,1,True,381245,0.026666689,69.94633109942426
const-string,64,2-stackful,1,2,False,381245,0.026605163,69.78494931081063
const-string,64,2-stackful,1,3,False,381245,0.026727903999999997,70.10689713963461
const-string,64,2-stackful,1,4,False,381245,0.026739460000000007,70.13720835683093
const-string,64,2-stackless,1,0,True,381245,0.025598912,67.14556781072538
const-string,64,2-stackless,1,1,True,381245,0.02554444,67.00268855984997
const-string,64,2-stackless,1,2,False,381245,0.025285142999999996,66.32255636139489
const-string,64,2-stackless,1,3,False,381245,0.025509985,66.91231360411284
const-string,64,2-stackless,1,4,False,381245,0.025781670999999992,67.624941966452
const-string,64,1x,1,0,True,381245,0.0192815,50.57508950937061
const-string,64,1x,1,1,True,381245,0.0189846,49.79632519770751
const-string,64,1x,1,2,False,381245,0.0189627,49.73888182140094
const-string,64,1x,1,3,False,381245,0.0192196,50.41272672428491
const-string,64,1x,1,4,False,381245,0.0193627,50.78807590919225
const-string,64,1x,2,0,True,381245,0.0195014,51.15188395913389
const-string,64,1x,2,1,True,381245,0.019354,50.76525593778279
const-string,64,1x,2,2,False,381245,0.0193684,50.803026924943275
const-string,64,1x,2,3,False,381245,0.0194302,50.965127411507034
const-string,64,1x,2,4,False,381245,0.0193245,50.68787787380818
const-string,64,2-stackful,2,0,True,381245,0.027083527,71.03969101234115
const-string,64,2-stackful,2,1,True,381245,0.027391751,71.84815800862962
const-string,64,2-stackful,2,2,False,381245,0.027026483999999996,70.89006806646644
const-string,64,2-stackful,2,3,False,381245,0.026740960999999994,70.14114545764532
const-string,64,2-stackful,2,4,False,381245,0.026968034000000002,70.73675458038794
const-string,64,2-stackless,2,0,True,381245,0.025606473999999997,67.16540282495507
const-string,64,2-stackless,2,1,True,381245,0.025669445,67.33057482721085
const-string,64,2-stackless,2,2,False,381245,0.025570977999999994,67.07229734160445
const-string,64,2-stackless,2,3,False,381245,0.025385193,66.58498603260371
const-string,64,2-stackless,2,4,False,381245,0.025473584999999993,66.81683694212381
const-seq,0,1x,0,0,True,793352,0.0860423,108.45412881041455
const-seq,0,1x,0,1,True,793352,0.085,107.14033619377022
const-seq,0,1x,0,2,False,793352,0.0861441,108.58244511893838
const-seq,0,1x,0,3,False,793352,0.0849323,107.05500206717825
const-seq,0,1x,0,4,False,793352,0.0858885,108.26026782563099
const-seq,0,2-stackless,0,0,True,793352,0.019657992,24.778398491464067
const-seq,0,2-stackless,0,1,True,793352,0.019467997,24.53891463058012
const-seq,0,2-stackless,0,2,False,793352,0.019792255,24.947633585092117
const-seq,0,2-stackless,0,3,False,793352,0.019784404000000005,24.937737599451445
const-seq,0,2-stackless,0,4,False,793352,0.020029172999999997,25.246262692978647
const-seq,0,2-stackful,0,0,True,793352,0.022290627,28.09676789117567
const-seq,0,2-stackful,0,1,True,793352,0.022383432999999998,28.213747491655653
const-seq,0,2-stackful,0,2,False,793352,0.022625833000000005,28.519286520989425
const-seq,0,2-stackful,0,3,False,793352,0.02226524499999999,28.064774526313652
const-seq,0,2-stackful,0,4,False,793352,0.022116386000000002,27.877141546249334
const-seq,0,2-stackless,1,0,True,793352,0.020189401,25.44822600812754
const-seq,0,2-stackless,1,1,True,793352,0.020411133,25.72771354959715
const-seq,0,2-stackless,1,2,False,793352,0.020014029000000003,25.22717406649256
const-seq,0,2-stackless,1,3,False,793352,0.020244805000000005,25.518061339733187
const-seq,0,2-stackless,1,4,False,793352,0.020271914000000002,25.55223154413174
const-seq,0,2-stackful,1,0,True,793352,0.022251662,28.047653500589902
const-seq,0,2-stackful,1,1,True,793352,0.022013335,27.747248384071636
const-seq,0,2-stackful,1,2,False,793352,0.021920582,27.63033558874245
const-seq,0,2-stackful,1,3,False,793352,0.021869802000000008,27.566328691425756
const-seq,0,2-stackful,1,4,False,793352,0.022063753000000005,27.81079898960361
const-seq,0,1x,1,0,True,793352,0.0581034,73.23785658824835
const-seq,0,1x,1,1,True,793352,0.0570271,71.88120783712652
const-seq,0,1x,1,2,False,793352,0.0583437,73.54074862104085
const-seq,0,1x,1,3,False,793352,0.057702,72.73190210650506
const-seq,0,1x,1,4,False,793352,0.057405,72.35754116709859
const-seq,0,2-stackful,2,0,True,793352,0.021786345,27.46113326745253
const-seq,0,2-stackful,2,1,True,793352,0.021725618999999998,27.38458969032661
const-seq,0,2-stackful,2,2,False,793352,0.021846251999999997,27.536644515927353
const-seq,0,2-stackful,2,3,False,793352,0.021912072000000005,27.619608950377643
const-seq,0,2-stackful,2,4,False,793352,0.021773435000000008,27.44486054109652
const-seq,0,2-stackless,2,0,True,793352,0.019865892,25.040451149048593
const-seq,0,2-stackless,2,1,True,793352,0.019854724,25.026374169347275
const-seq,0,2-stackless,2,2,False,793352,0.019745114,24.88821355463905
const-seq,0,2-stackless,2,3,False,793352,0.019439697,24.503243201000313
const-seq,0,2-stackless,2,4,False,793352,0.019473417999999992,24.54574766308019
const-seq,0,1x,2,0,True,793352,0.058459,73.68608133590133
const-seq,0,1x,2,1,True,793352,0.0568085,71.60566810192701
const-seq,0,1x,2,2,False,793352,0.0583412,73.53759743468221
const-seq,0,1x,2,3,False,793352,0.0572492,72.16115923322812
const-seq,0,1x,2,4,False,793352,0.0569921,71.83709122810556
take-seq,64,2-stackful,0,0,True,94884,0.020173211,212.60919649255933
take-seq,64,2-stackful,0,1,True,94884,0.020290449000000002,213.84478942708995
take-seq,64,2-stackful,0,2,False,94884,0.020202625000000002,212.91919607099194
take-seq,64,2-stackful,0,3,False,94884,0.020324940000000007,214.208296446187
take-seq,64,2-stackful,0,4,False,94884,0.020094922,211.78409426246785
take-seq,64,1x,0,0,True,94884,0.0355202,374.35394797858436
take-seq,64,1x,0,1,True,94884,0.0348287,367.06610176636735
take-seq,64,1x,0,2,False,94884,0.0351231,370.1688377387125
take-seq,64,1x,0,3,False,94884,0.0354847,373.9798069221365
take-seq,64,1x,0,4,False,94884,0.0349406,368.2454365330298
take-seq,64,2-stackless,0,0,True,94884,0.019712558999999998,207.75429998735294
take-seq,64,2-stackless,0,1,True,94884,0.019831566,209.00853673959782
take-seq,64,2-stackless,0,2,False,94884,0.019915098,209.88889591501203
take-seq,64,2-stackless,0,3,False,94884,0.019803787999999996,208.71577926731584
take-seq,64,2-stackless,0,4,False,94884,0.019885287,209.574712280258
take-seq,64,2-stackless,1,0,True,94884,0.019968753,210.45437586948273
take-seq,64,2-stackless,1,1,True,94884,0.020013577999999997,210.92679482315245
take-seq,64,2-stackless,1,2,False,94884,0.019981025,210.58371274398212
take-seq,64,2-stackless,1,3,False,94884,0.019946932999999993,210.2244108595758
take-seq,64,2-stackless,1,4,False,94884,0.019873368000000002,209.44909573795374
take-seq,64,1x,1,0,True,94884,0.035119,370.125627081489
take-seq,64,1x,1,1,True,94884,0.0347949,366.7098773238902
take-seq,64,1x,1,2,False,94884,0.0347408,366.139707432233
take-seq,64,1x,1,3,False,94884,0.0352022,371.00248724758654
take-seq,64,1x,1,4,False,94884,0.0350472,369.3689136208423
take-seq,64,2-stackful,1,0,True,94884,0.019854128999999998,209.24633236372833
take-seq,64,2-stackful,1,1,True,94884,0.019993029,210.71022511698496
take-seq,64,2-stackful,1,2,False,94884,0.020063087,211.44857931790398
take-seq,64,2-stackful,1,3,False,94884,0.020077566000000005,211.60117617301128
take-seq,64,2-stackful,1,4,False,94884,0.019958003000000002,210.34107963407953
take-seq,64,2-stackless,2,0,True,94884,0.019626657,206.84896294422663
take-seq,64,2-stackless,2,1,True,94884,0.019843152000000003,209.13064373340083
take-seq,64,2-stackless,2,2,False,94884,0.019659239000000002,207.192350659753
take-seq,64,2-stackless,2,3,False,94884,0.019889856000000004,209.6228658151006
take-seq,64,2-stackless,2,4,False,94884,0.019927522000000003,210.01983474558412
take-seq,64,2-stackful,2,0,True,94884,0.019954229,210.30130475106446
take-seq,64,2-stackful,2,1,True,94884,0.020300382,213.94947514860252
take-seq,64,2-stackful,2,2,False,94884,0.020153697999999998,212.40354538172923
take-seq,64,2-stackful,2,3,False,94884,0.020052889000000004,211.34110071244893
take-seq,64,2-stackful,2,4,False,94884,0.020051262,211.3239534589604
take-seq,64,1x,2,0,True,94884,0.035291,371.93836684794064
take-seq,64,1x,2,1,True,94884,0.0350028,368.90097382066523
take-seq,64,1x,2,2,False,94884,0.0347214,365.9352472492728
take-seq,64,1x,2,3,False,94884,0.0351555,370.5103073226255
take-seq,64,1x,2,4,False,94884,0.0351072,370.00126470216264
update-table,8,2-stackful,0,0,True,543683,0.021721171,39.951903958740665
update-table,8,2-stackful,0,1,True,543683,0.021776568,40.053796053950556
update-table,8,2-stackful,0,2,False,543683,0.021735470999999992,39.97820605021675
update-table,8,2-stackful,0,3,False,543683,0.021533734,39.607149754544466
update-table,8,2-stackful,0,4,False,543683,0.02196934099999999,40.408364800812215
update-table,8,1x,0,0,True,543683,0.10776,198.2037326898211
update-table,8,1x,0,1,True,543683,0.108132,198.8879549296189
update-table,8,1x,0,2,False,543683,0.108988,200.4624018039924
update-table,8,1x,0,3,False,543683,0.107273,197.30799013395674
update-table,8,1x,0,4,False,543683,0.107409,197.55813589904412
update-table,8,2-stackless,0,0,True,543683,0.020218753,37.18849586983592
update-table,8,2-stackless,0,1,True,543683,0.020204496,37.162272868564955
update-table,8,2-stackless,0,2,False,543683,0.020456728,37.626204976061416
update-table,8,2-stackless,0,3,False,543683,0.02027512599999999,37.29218312877171
update-table,8,2-stackless,0,4,False,543683,0.02036056,37.4493224912311
update-table,8,2-stackful,1,0,True,543683,0.021810776,40.11671507109842
update-table,8,2-stackful,1,1,True,543683,0.021839986999999998,40.17044307068641
update-table,8,2-stackful,1,2,False,543683,0.021766207000000003,40.03473899312652
update-table,8,2-stackful,1,3,False,543683,0.021701313,39.91537899842371
update-table,8,2-stackful,1,4,False,543683,0.021944324,40.36235085518584
update-table,8,1x,1,0,True,543683,0.109113,200.69231519102124
update-table,8,1x,1,1,True,543683,0.108887,200.2766317872731
update-table,8,1x,1,2,False,543683,0.108264,199.13074346632138
update-table,8,1x,1,3,False,543683,0.108651,199.84255531256264
update-table,8,1x,1,4,False,543683,0.108504,199.57217716941673
update-table,8,2-stackless,1,0,True,543683,0.020109153999999997,36.98690965139612
update-table,8,2-stackless,1,1,True,543683,0.020287718,37.31534368372747
update-table,8,2-stackless,1,2,False,543683,0.020156027,37.073123492917745
update-table,8,2-stackless,1,3,False,543683,0.02025093800000001,37.24769396872812
update-table,8,2-stackless,1,4,False,543683,0.020402475000000003,37.52641704816962
update-table,8,2-stackless,2,0,True,543683,0.020058753,36.894206734439
update-table,8,2-stackless,2,1,True,543683,0.020152219,37.0661194114953
update-table,8,2-stackless,2,2,False,543683,0.020331681000000004,37.39620514159906
update-table,8,2-stackless,2,3,False,543683,0.020131944000000006,37.02882746011924
update-table,8,2-stackless,2,4,False,543683,0.020181463999999996,37.11990994752456
update-table,8,2-stackful,2,0,True,543683,0.021720362,39.95041595929981
update-table,8,2-stackful,2,1,True,543683,0.021795307,40.08826282962682
update-table,8,2-stackful,2,2,False,543683,0.022120098000000005,40.6856532207187
update-table,8,2-stackful,2,3,False,543683,0.022048195999999992,40.55340336188549
update-table,8,2-stackful,2,4,False,543683,0.02185367499999999,40.19561950621959
update-table,8,1x,2,0,True,543683,0.108666,199.87014491900612
update-table,8,1x,2,1,True,543683,0.108299,199.19511921468944
update-table,8,1x,2,2,False,543683,0.108432,199.43974705848814
update-table,8,1x,2,3,False,543683,0.107607,197.9223187040978
update-table,8,1x,2,4,False,543683,0.108574,199.7009286661529
update-int,256,1x,0,0,True,71532,0.0235609,329.3756640384723
update-int,256,1x,0,1,True,71532,0.0235562,329.30995917910866
update-int,256,1x,0,2,False,71532,0.023608,330.03411060783986
update-int,256,1x,0,3,False,71532,0.0234553,327.89940166638706
update-int,256,1x,0,4,False,71532,0.0232027,324.36811496952413
update-int,256,2-stackless,0,0,True,71532,0.0199148,278.4040709053291
update-int,256,2-stackless,0,1,True,71532,0.020023741999999997,279.927053626349
update-int,256,2-stackless,0,2,False,71532,0.020165800999999997,281.913003970251
update-int,256,2-stackless,0,3,False,71532,0.020179049999999997,282.09822177486996
update-int,256,2-stackless,0,4,False,71532,0.020235705999999992,282.8902589051053
update-int,256,2-stackful,0,0,True,71532,0.020300079,283.790177822513
update-int,256,2-stackful,0,1,True,71532,0.020538033000000004,287.11671699379303
update-int,256,2-stackful,0,2,False,71532,0.020556777,287.3787535648381
update-int,256,2-stackful,0,3,False,71532,0.020404554999999998,285.25072694738014
update-int,256,2-stackful,0,4,False,71532,0.020742189999999994,289.97078230721905
update-int,256,2-stackful,1,0,True,71532,0.02040223,285.21822401163115
update-int,256,2-stackful,1,1,True,71532,0.020246596000000002,283.0424984622268
update-int,256,2-stackful,1,2,False,71532,0.020338524000000004,284.3276295923503
update-int,256,2-stackful,1,3,False,71532,0.020244866,283.01831348207793
update-int,256,2-stackful,1,4,False,71532,0.020479927999999994,286.3044231952133
update-int,256,1x,1,0,True,71532,0.0237193,331.5900575966001
update-int,256,1x,1,1,True,71532,0.0237633,332.2051669183023
update-int,256,1x,1,2,False,71532,0.0238254,333.073309847341
update-int,256,1x,1,3,False,71532,0.0236474,330.5849130459095
update-int,256,1x,1,4,False,71532,0.0237896,332.57283453559245
update-int,256,2-stackless,1,0,True,71532,0.020146125,281.6379382653917
update-int,256,2-stackless,1,1,True,71532,0.020354015,284.54419001286135
update-int,256,2-stackless,1,2,False,71532,0.020269368999999995,283.36085947547946
update-int,256,2-stackless,1,3,False,71532,0.020058308999999996,280.4102918973326
update-int,256,2-stackless,1,4,False,71532,0.02004602300000001,280.2385365990048
update-int,256,2-stackless,2,0,True,71532,0.020026724000000003,279.96874126265175
update-int,256,2-stackless,2,1,True,71532,0.019900974999999998,278.2108007604987
update-int,256,2-stackless,2,2,False,71532,0.020131569000000002,281.43444891796685
update-int,256,2-stackless,2,3,False,71532,0.019980624999999995,279.3242884303528
update-int,256,2-stackless,2,4,False,71532,0.019979976999999996,279.315229547615
update-int,256,2-stackful,2,0,True,71532,0.020277812,283.47889056645977
update-int,256,2-stackful,2,1,True,71532,0.020172232000000002,282.00290778952075
update-int,256,2-stackful,2,2,False,71532,0.020472064999999998,286.19450036347365
update-int,256,2-stackful,2,3,False,71532,0.020621021000000003,288.2768690935526
update-int,256,2-stackful,2,4,False,71532,0.020434252,285.66588380025723
update-int,256,1x,2,0,True,71532,0.0235833,329.68881060224794
update-int,256,1x,2,1,True,71532,0.0235187,328.7857182799307
update-int,256,1x,2,2,False,71532,0.0235844,329.7041883352905
update-int,256,1x,2,3,False,71532,0.0234615,327.98607616171785
update-int,256,1x,2,4,False,71532,0.0233128,325.9072862495107
update-seq,64,2-stackful,0,0,True,209740,0.020513907,97.80636502336226
update-seq,64,2-stackful,0,1,True,209740,0.020700328,98.69518451416039
update-seq,64,2-stackful,0,2,False,209740,0.020673784,98.5686278249261
update-seq,64,2-stackful,0,3,False,209740,0.020402156999999997,97.27356250595975
update-seq,64,2-stackful,0,4,False,209740,0.02064669899999999,98.43949175169251
update-seq,64,1x,0,0,True,209740,0.0554041,264.1560980261276
update-seq,64,1x,0,1,True,209740,0.0552997,263.6583388957757
update-seq,64,1x,0,2,False,209740,0.0547409,260.99408791837516
update-seq,64,1x,0,3,False,209740,0.0552272,263.3126728330314
update-seq,64,1x,0,4,False,209740,0.0557819,265.9573757986078
update-seq,64,2-stackless,0,0,True,209740,0.020362505,97.0845093925813
update-seq,64,2-stackless,0,1,True,209740,0.020329558,96.92742443024697
update-seq,64,2-stackless,0,2,False,209740,0.020009617,95.4020072470678
update-seq,64,2-stackless,0,3,False,209740,0.020590622999999995,98.17213216363115
update-seq,64,2-stackless,0,4,False,209740,0.020440064999999993,97.45430056260128
update-seq,64,2-stackless,1,0,True,209740,0.020573079,98.0884857442548
update-seq,64,2-stackless,1,1,True,209740,0.020734425999999997,98.85775722322875
update-seq,64,2-stackless,1,2,False,209740,0.020621063000000002,98.3172642319062
update-seq,64,2-stackless,1,3,False,209740,0.020713439000000007,98.75769524172789
update-seq,64,2-stackless,1,4,False,209740,0.020490580999999994,97.69515113950602
update-seq,64,2-stackful,1,0,True,209740,0.020709585,98.73932011061314
update-seq,64,2-stackful,1,1,True,209740,0.020514085,97.8072136931439
update-seq,64,2-stackful,1,2,False,209740,0.020747708999999996,98.92108801373126
update-seq,64,2-stackful,1,3,False,209740,0.020126537,95.95945933059978
update-seq,64,2-stackful,1,4,False,209740,0.020638277999999996,98.39934204252883
update-seq,64,1x,1,0,True,209740,0.0570268,271.89281968151045
update-seq,64,1x,1,1,True,209740,0.0571715,272.58272146467056
update-seq,64,1x,1,2,False,209740,0.0559246,266.63774196624394
update-seq,64,1x,1,3,False,209740,0.0566866,270.2708114808811
update-seq,64,1x,1,4,False,209740,0.0565846,269.784495089158
update-seq,64,2-stackful,2,0,True,209740,0.020923677999999998,99.76007437780108
update-seq,64,2-stackful,2,1,True,209740,0.020763566,98.99669114141318
update-seq,64,2-stackful,2,2,False,209740,0.020906221000000003,99.67684275770003
update-seq,64,2-stackful,2,3,False,209740,0.020628371999999992,98.35211213883852
update-seq,64,2-stackful,2,4,False,209740,0.020691191999999997,98.65162582244682
update-seq,64,2-stackless,2,0,True,209740,0.020429990000000002,97.40626489939928
update-seq,64,2-stackless,2,1,True,209740,0.020304077999999996,96.80594068847142
update-seq,64,2-stackless,2,2,False,209740,0.020274069,96.66286354534185
update-seq,64,2-stackless,2,3,False,209740,0.020289589999999996,96.7368646896157
update-seq,64,2-stackless,2,4,False,209740,0.02061790599999999,98.30221226280153
update-seq,64,1x,2,0,True,209740,0.055818,266.1294936588157
update-seq,64,1x,2,1,True,209740,0.0557057,265.59406884714406
update-seq,64,1x,2,2,False,209740,0.0554905,264.5680366167636
update-seq,64,1x,2,3,False,209740,0.055312,263.7169829312482
update-seq,64,1x,2,4,False,209740,0.0556892,265.51540001907125
assign-table,8,1x,0,0,True,223844,0.16798,750.4333375029038
assign-table,8,1x,0,1,True,223844,0.167826,749.7453583745823
assign-table,8,1x,0,2,False,223844,0.168145,751.170457997534
assign-table,8,1x,0,3,False,223844,0.167864,749.9151194581941
assign-table,8,1x,0,4,False,223844,0.16726,747.2168117081538
assign-table,8,2-stackless,0,0,True,223844,0.019958977,89.16467271850038
assign-table,8,2-stackless,0,1,True,223844,0.019889293000000002,88.85336663033185
assign-table,8,2-stackless,0,2,False,223844,0.019999746,89.34680402423116
assign-table,8,2-stackless,0,3,False,223844,0.020106019999999995,89.8215721663301
assign-table,8,2-stackless,0,4,False,223844,0.019939455999999994,89.0774646628902
assign-table,8,2-stackful,0,0,True,223844,0.020623205000000002,92.13204285127144
assign-table,8,2-stackful,0,1,True,223844,0.020818419000000005,93.00414127696075
assign-table,8,2-stackful,0,2,False,223844,0.020825453,93.03556494701667
assign-table,8,2-stackful,0,3,False,223844,0.020852174000000008,93.15493826057437
assign-table,8,2-stackful,0,4,False,223844,0.020727674,92.59874734189883
assign-table,8,2-stackless,1,0,True,223844,0.020083188999999998,89.71957702685798
assign-table,8,2-stackless,1,1,True,223844,0.019944892999999998,89.10175390003752
assign-table,8,2-stackless,1,2,False,223844,0.019865548000000004,88.74728829005916
assign-table,8,2-stackless,1,3,False,223844,0.019916557,88.97516574042636
assign-table,8,2-stackless,1,4,False,223844,0.019968593000000007,89.20763120744807
assign-table,8,2-stackful,1,0,True,223844,0.020711625,92.52705008845446
assign-table,8,2-stackful,1,1,True,223844,0.020583984000000003,91.95682707599937
assign-table,8,2-stackful,1,2,False,223844,0.020633063,92.17608245027787
assign-table,8,2-stackful,1,3,False,223844,0.020863933,93.2074703811583
assign-table,8,2-stackful,1,4,False,223844,0.020870304999999992,93.23593663444181
assign-table,8,1x,1,0,True,223844,0.168113,751.0275012955451
assign-table,8,1x,1,1,True,223844,0.16832,751.9522524615357
assign-table,8,1x,1,2,False,223844,0.167909,750.1161523203659
assign-table,8,1x,1,3,False,223844,0.168355,752.1086113543361
assign-table,8,1x,1,4,False,223844,0.169197,755.8701595754186
assign-table,8,1x,2,0,True,223844,0.168752,753.8821679383857
assign-table,8,1x,2,1,True,223844,0.168799,754.0921355944319
assign-table,8,1x,2,2,False,223844,0.168864,754.3825163953468
assign-table,8,1x,2,3,False,223844,0.168828,754.2216901056092
assign-table,8,1x,2,4,False,223844,0.169243,756.0756598345276
assign-table,8,2-stackless,2,0,True,223844,0.020354227,90.93041135790997
assign-table,8,2-stackless,2,1,True,223844,0.020049691999999997,89.56993263165417
assign-table,8,2-stackless,2,2,False,223844,0.020407284000000005,91.1674380372045
assign-table,8,2-stackless,2,3,False,223844,0.020216434999999998,90.31483979914582
assign-table,8,2-stackless,2,4,False,223844,0.020328789,90.81676971462268
assign-table,8,2-stackful,2,0,True,223844,0.020962411,93.64741069673522
assign-table,8,2-stackful,2,1,True,223844,0.020795023,92.89962205821912
assign-table,8,2-stackful,2,2,False,223844,0.020838508000000006,93.09388681403122
assign-table,8,2-stackful,2,3,False,223844,0.020675699000000006,92.36655438609034
assign-table,8,2-stackful,2,4,False,223844,0.02079851199999999,92.91520880613281
make-seq,64,2-stackless,0,0,True,59765,0.07151374599999999,1196.5823809922192
make-seq,64,2-stackless,0,1,True,59765,0.071566969,1197.4729189324855
make-seq,64,2-stackless,0,2,False,59765,0.07113323199999999,1190.2155442148412
make-seq,64,2-stackless,0,3,False,59765,0.07117447199999999,1190.9055801890736
make-seq,64,2-stackless,0,4,False,59765,0.07158753099999998,1197.8169664519364
make-seq,64,2-stackful,0,0,True,59765,0.0716435,1198.7534510164812
make-seq,64,2-stackful,0,1,True,59765,0.071597358,1197.9813937923534
make-seq,64,2-stackful,0,2,False,59765,0.071793348,1201.2607378900695
make-seq,64,2-stackful,0,3,False,59765,0.07153926600000002,1197.009386764829
make-seq,64,2-stackful,0,4,False,59765,0.071675149,1199.2830084497616
make-seq,64,1x,0,0,True,59765,0.0178338,298.3987283527148
make-seq,64,1x,0,1,True,59765,0.0177229,296.5431272483895
make-seq,64,1x,0,2,False,59765,0.0177923,297.7043420061909
make-seq,64,1x,0,3,False,59765,0.0176095,294.6456956412616
make-seq,64,1x,0,4,False,59765,0.0176895,295.9842717309462
make-seq,64,1x,1,0,True,59765,0.0182441,305.26395047268466
make-seq,64,1x,1,1,True,59765,0.0183002,306.202626955576
make-seq,64,1x,1,2,False,59765,0.0183989,307.8540952062244
make-seq,64,1x,1,3,False,59765,0.0182804,305.87132937337907
make-seq,64,1x,1,4,False,59765,0.018604,311.2858696561533
make-seq,64,2-stackful,1,0,True,59765,0.071729014,1200.1842884631474
make-seq,64,2-stackful,1,1,True,59765,0.071754937,1200.6180373128086
make-seq,64,2-stackful,1,2,False,59765,0.07173908100000001,1200.3527315318333
make-seq,64,2-stackful,1,3,False,59765,0.07146242000000003,1195.7235840374806
make-seq,64,2-stackful,1,4,False,59765,0.07138131400000003,1194.366502133356
make-seq,64,2-stackless,1,0,True,59765,0.071524773,1196.7668869739814
make-seq,64,2-stackless,1,1,True,59765,0.07124589199999999,1192.1005939931395
make-seq,64,2-stackless,1,2,False,59765,0.07114463199999999,1190.4062913076214
make-seq,64,2-stackless,1,3,False,59765,0.07107050800000003,1189.1660336317248
make-seq,64,2-stackless,1,4,False,59765,0.07123202300000003,1191.8685350957924
make-seq,64,2-stackful,2,0,True,59765,0.071654266,1198.9335898937504
make-seq,64,2-stackful,2,1,True,59765,0.071574579,1197.6002509830168
make-seq,64,2-stackful,2,2,False,59765,0.072072521,1205.9319166736384
make-seq,64,2-stackful,2,3,False,59765,0.07170648100000002,1199.8072617752869
make-seq,64,2-stackful,2,4,False,59765,0.07154550700000001,1197.1138124320257
make-seq,64,2-stackless,2,0,True,59765,0.071462632,1195.7271312641178
make-seq,64,2-stackless,2,1,True,59765,0.07130221800000001,1193.0430519534848
make-seq,64,2-stackless,2,2,False,59765,0.070964218,1187.387567974567
make-seq,64,2-stackless,2,3,False,59765,0.070829311,1185.1302769179285
make-seq,64,2-stackless,2,4,False,59765,0.07081205899999998,1184.8416129841878
make-seq,64,1x,2,0,True,59765,0.0201427,337.0317075211244
make-seq,64,1x,2,1,True,59765,0.0197688,330.77553752196104
make-seq,64,1x,2,2,False,59765,0.0198022,331.33439303940435
make-seq,64,1x,2,3,False,59765,0.0199005,332.97916840960426
make-seq,64,1x,2,4,False,59765,0.0195544,327.1881536016063
add-float,0,1x,0,0,True,2945942,0.019472,6.609770321343733
add-float,0,1x,0,1,True,2945942,0.0192327,6.5285399373103745
add-float,0,1x,0,2,False,2945942,0.0193632,6.572838161783226
add-float,0,1x,0,3,False,2945942,0.0193285,6.561059246923395
add-float,0,1x,0,4,False,2945942,0.019352,6.5690363218284675
add-float,0,2-stackful,0,0,True,2945942,0.06381827500000001,21.663113190958956
add-float,0,2-stackful,0,1,True,2945942,0.06324093300000001,21.467134451391104
add-float,0,2-stackful,0,2,False,2945942,0.064055172,21.743527876652017
add-float,0,2-stackful,0,3,False,2945942,0.063383884,21.515659167763655
add-float,0,2-stackful,0,4,False,2945942,0.06386719600000001,21.679719424211346
add-float,0,2-stackless,0,0,True,2945942,0.054952279,18.653550884572745
add-float,0,2-stackless,0,1,True,2945942,0.05475504600000001,18.586600143519462
add-float,0,2-stackless,0,2,False,2945942,0.054777667,18.594278841878083
add-float,0,2-stackless,0,3,False,2945942,0.054902268000000004,18.636574650824763
add-float,0,2-stackless,0,4,False,2945942,0.05459787199999999,18.533247429854352
add-float,0,1x,1,0,True,2945942,0.019515,6.624366671170036
add-float,0,1x,1,1,True,2945942,0.0193272,6.560617961928647
add-float,0,1x,1,2,False,2945942,0.0197571,6.706547515192084
add-float,0,1x,1,3,False,2945942,0.0194507,6.602540036429773
add-float,0,1x,1,4,False,2945942,0.0195094,6.6224657511926575
add-float,0,2-stackful,1,0,True,2945942,0.063493565,21.552890382770606
add-float,0,2-stackful,1,1,True,2945942,0.06369701800000001,21.621952502798766
add-float,0,2-stackful,1,2,False,2945942,0.063557169,21.57448076031368
add-float,0,2-stackful,1,3,False,2945942,0.06341805299999997,21.527257834675623
add-float,0,2-stackful,1,4,False,2945942,0.06358493900000001,21.583907286701507
add-float,0,2-stackless,1,0,True,2945942,0.054185314000000005,18.393204618420867
add-float,0,2-stackless,1,1,True,2945942,0.054829217,18.61177748916985
add-float,0,2-stackless,1,2,False,2945942,0.054304485,18.43365721388948
add-float,0,2-stackless,1,3,False,2945942,0.054567229999999994,18.52284600307813
add-float,0,2-stackless,1,4,False,2945942,0.05480602800000001,18.603905983213522
add-float,0,1x,2,0,True,2945942,0.0193319,6.562213376909661
add-float,0,1x,2,1,True,2945942,0.0191865,6.512857347496998
add-float,0,1x,2,2,False,2945942,0.0196281,6.662758465713174
add-float,0,1x,2,3,False,2945942,0.0193555,6.5702243968143295
add-float,0,1x,2,4,False,2945942,0.0195084,6.622126301196697
add-float,0,2-stackless,2,0,True,2945942,0.054547289,18.516077030708683
add-float,0,2-stackless,2,1,True,2945942,0.054226943,18.407335582302707
add-float,0,2-stackless,2,2,False,2945942,0.05436775200000002,18.455133196783923
add-float,0,2-stackless,2,3,False,2945942,0.05490741399999999,18.63832146050397
add-float,0,2-stackless,2,4,False,2945942,0.05444476000000001,18.481273562072847
add-float,0,2-stackful,2,0,True,2945942,0.06374709199999999,21.638950121896492
add-float,0,2-stackful,2,1,True,2945942,0.06421799199999999,21.79879712499431
add-float,0,2-stackful,2,2,False,2945942,0.06330039400000001,21.487318487600913
add-float,0,2-stackful,2,3,False,2945942,0.06378558299999998,21.652015891691004
add-float,0,2-stackful,2,4,False,2945942,0.06331841199999999,21.493434697628125
assign-string,0,2-stackless,0,0,True,1975660,0.053109387,26.881845560470932
assign-string,0,2-stackless,0,1,True,1975660,0.05260859799999999,26.628366216859174
assign-string,0,2-stackless,0,2,False,1975660,0.05298421099999999,26.818486480467282
assign-string,0,2-stackless,0,3,False,1975660,0.05272312500000001,26.686335199376416
assign-string,0,2-stackless,0,4,False,1975660,0.05274153000000001,26.695651073565294
assign-string,0,1x,0,0,True,1975660,0.0204532,10.352591032870029
assign-string,0,1x,0,1,True,1975660,0.0203507,10.300709636273448
assign-string,0,1x,0,2,False,1975660,0.0204465,10.349199761092496
assign-string,0,1x,0,3,False,1975660,0.0205942,10.423959588188252
assign-string,0,1x,0,4,False,1975660,0.020933,10.595446584938705
assign-string,0,2-stackful,0,0,True,1975660,0.058901709000000003,29.813687071662127
assign-string,0,2-stackful,0,1,True,1975660,0.059011575999999996,29.86929734873409
assign-string,0,2-stackful,0,2,False,1975660,0.05933453300000001,30.032765253130602
assign-string,0,2-stackful,0,3,False,1975660,0.05863649400000001,29.67944585606836
assign-string,0,2-stackful,0,4,False,1975660,0.058851433000000036,29.788239373171518
assign-string,0,2-stackless,1,0,True,1975660,0.052601217,26.624630250144257
assign-string,0,2-stackless,1,1,True,1975660,0.052895953999999995,26.773814320277776
assign-string,0,2-stackless,1,2,False,1975660,0.05314414999999999,26.899441199396648
assign-string,0,2-stackless,1,3,False,1975660,0.052541579000000005,26.594443882044484
assign-string,0,2-stackless,1,4,False,1975660,0.052711095999999985,26.680246601135817
assign-string,0,2-stackful,1,0,True,1975660,0.058490504,29.605551562515817
assign-string,0,2-stackful,1,1,True,1975660,0.05863609200000001,29.679242379761703
assign-string,0,2-stackful,1,2,False,1975660,0.05914923300000001,29.938973811283322
assign-string,0,2-stackful,1,3,False,1975660,0.05822551199999998,29.471423220594627
assign-string,0,2-stackful,1,4,False,1975660,0.058365777000000035,29.542419748337284
assign-string,0,1x,1,0,True,1975660,0.0206767,10.465717785448913
assign-string,0,1x,1,1,True,1975660,0.0207689,10.512385734387497
assign-string,0,1x,1,2,False,1975660,0.0209808,10.619641031351549
assign-string,0,1x,1,3,False,1975660,0.0209991,10.628903758743913
assign-string,0,1x,1,4,False,1975660,0.020872,10.564570826964154
assign-string,0,1x,2,0,True,1975660,0.0206982,10.476600224735025
assign-string,0,1x,2,1,True,1975660,0.020653,10.45372179423585
assign-string,0,1x,2,2,False,1975660,0.0205337,10.393336910197098
assign-string,0,1x,2,3,False,1975660,0.0206433,10.44881204255793
assign-string,0,1x,2,4,False,1975660,0.0204319,10.341809825577275
assign-string,0,2-stackless,2,0,True,1975660,0.053355681,27.00650972333296
assign-string,0,2-stackless,2,1,True,1975660,0.053013701,26.833413137888098
assign-string,0,2-stackless,2,2,False,1975660,0.05318097699999999,26.918081552493845
assign-string,0,2-stackless,2,3,False,1975660,0.05308434100000001,26.869168277942563
assign-string,0,2-stackless,2,4,False,1975660,0.05251655699999999,26.58177874735531
assign-string,0,2-stackful,2,0,True,1975660,0.058876889,29.801124181286255
assign-string,0,2-stackful,2,1,True,1975660,0.058670886000000005,29.6968537096464
assign-string,0,2-stackful,2,2,False,1975660,0.059246601999999995,29.988258101090263
assign-string,0,2-stackful,2,3,False,1975660,0.05843820599999999,29.57908040857232
assign-string,0,2-stackful,2,4,False,1975660,0.058645614999999984,29.68406254112549
push-shared-seq,256,1x,0,0,True,27201,0.0200715,737.8956656005294
push-shared-seq,256,1x,0,1,True,27201,0.0201558,740.9948163670454
push-shared-seq,256,1x,0,2,False,27201,0.0200535,737.2339252233373
push-shared-seq,256,1x,0,3,False,27201,0.0197773,727.0798867688688
push-shared-seq,256,1x,0,4,False,27201,0.0201984,742.5609352597331
push-shared-seq,256,2-stackful,0,0,True,27201,0.070398779,2588.0952538509614
push-shared-seq,256,2-stackful,0,1,True,27201,0.07034649200000001,2586.173008345282
push-shared-seq,256,2-stackful,0,2,False,27201,0.070536718,2593.1663541781554
push-shared-seq,256,2-stackful,0,3,False,27201,0.070606535,2595.7330612845117
push-shared-seq,256,2-stackful,0,4,False,27201,0.070586341,2594.990662108011
push-shared-seq,256,2-stackless,0,0,True,27201,0.071199313,2617.5255689129076
push-shared-seq,256,2-stackless,0,1,True,27201,0.07070152200000002,2599.225102018309
push-shared-seq,256,2-stackless,0,2,False,27201,0.07068199800000002,2598.5073342891815
push-shared-seq,256,2-stackless,0,3,False,27201,0.070551857,2593.722914598728
push-shared-seq,256,2-stackless,0,4,False,27201,0.07043676900000001,2589.49189368038
push-shared-seq,256,2-stackless,1,0,True,27201,0.070516683,2592.4298003749864
push-shared-seq,256,2-stackless,1,1,True,27201,0.07066301000000001,2597.809271717952
push-shared-seq,256,2-stackless,1,2,False,27201,0.070024065,2574.3195103121207
push-shared-seq,256,2-stackless,1,3,False,27201,0.06995797199999998,2571.8897099371343
push-shared-seq,256,2-stackless,1,4,False,27201,0.070774383,2601.9037167751185
push-shared-seq,256,2-stackful,1,0,True,27201,0.070305641,2584.671188559244
push-shared-seq,256,2-stackful,1,1,True,27201,0.07018458100000001,2580.2206168890857
push-shared-seq,256,2-stackful,1,2,False,27201,0.07027156600000001,2583.418477261866
push-shared-seq,256,2-stackful,1,3,False,27201,0.070531607,2592.978456674387
push-shared-seq,256,2-stackful,1,4,False,27201,0.07016187699999998,2579.3859416933196
push-shared-seq,256,1x,1,0,True,27201,0.0195075,717.1611337818463
push-shared-seq,256,1x,1,1,True,27201,0.0200572,737.3699496342047
push-shared-seq,256,1x,1,2,False,27201,0.0198031,728.0283813095107
push-shared-seq,256,1x,1,3,False,27201,0.0196514,722.4513804639536
push-shared-seq,256,1x,1,4,False,27201,0.0202063,742.8513657586118
push-shared-seq,256,2-stackless,2,0,True,27201,0.071004005,2610.34539171354
push-shared-seq,256,2-stackless,2,1,True,27201,0.070539409,2593.2652843645456
push-shared-seq,256,2-stackless,2,2,False,27201,0.070765721,2601.585272600272
push-shared-seq,256,2-stackless,2,3,False,27201,0.07063455800000001,2596.7632807617374
push-shared-seq,256,2-stackless,2,4,False,27201,0.07099457800000003,2609.9988235726637
push-shared-seq,256,1x,2,0,True,27201,0.0200604,737.4875923679276
push-shared-seq,256,1x,2,1,True,27201,0.0201104,739.3257600823499
push-shared-seq,256,1x,2,2,False,27201,0.0205853,756.7846770339326
push-shared-seq,256,1x,2,3,False,27201,0.0204049,750.1525679202971
push-shared-seq,256,1x,2,4,False,27201,0.0201674,741.4212712767913
push-shared-seq,256,2-stackful,2,0,True,27201,0.07030655899999999,2584.7049373184805
push-shared-seq,256,2-stackful,2,1,True,27201,0.07064656300000001,2597.20462482997
push-shared-seq,256,2-stackful,2,2,False,27201,0.07026147099999999,2583.047351200323
push-shared-seq,256,2-stackful,2,3,False,27201,0.07061515700000001,2596.050034925187
push-shared-seq,256,2-stackful,2,4,False,27201,0.07049851800000001,2591.7619940443374
update-table,256,1x,0,0,True,69497,0.0472774,680.2797243046463
update-table,256,1x,0,1,True,69497,0.0480988,692.0989395225694
update-table,256,1x,0,2,False,69497,0.0472063,679.2566585608012
update-table,256,1x,0,3,False,69497,0.0474171,682.289883016533
update-table,256,1x,0,4,False,69497,0.0476634,685.8339208886714
update-table,256,2-stackful,0,0,True,69497,0.020483856999999998,294.74447817891416
update-table,256,2-stackful,0,1,True,69497,0.020516872,295.2195346561722
update-table,256,2-stackful,0,2,False,69497,0.020598029999999996,296.38732607162893
update-table,256,2-stackful,0,3,False,69497,0.020598297,296.3911679640848
update-table,256,2-stackful,0,4,False,69497,0.020293574999999994,292.0064894887548
update-table,256,2-stackless,0,0,True,69497,0.020286078,291.89861432867605
update-table,256,2-stackless,0,1,True,69497,0.020203324,290.70785789314647
update-table,256,2-stackless,0,2,False,69497,0.020054639,288.56841302502266
update-table,256,2-stackless,0,3,False,69497,0.020290616999999997,291.9639265004244
update-table,256,2-stackless,0,4,False,69497,0.020265045999999995,291.5959825603982
update-table,256,2-stackless,1,0,True,69497,0.020360209,292.965293465905
update-table,256,2-stackless,1,1,True,69497,0.020384489,293.31466106450637
update-table,256,2-stackless,1,2,False,69497,0.020106081999999997,289.3086320272817
update-table,256,2-stackless,1,3,False,69497,0.020355488999999997,292.8973768651884
update-table,256,2-stackless,1,4,False,69497,0.020391542,293.4161474596026
update-table,256,2-stackful,1,0,True,69497,0.020242695,291.2743715556067
update-table,256,2-stackful,1,1,True,69497,0.020677038999999998,297.5241952890052
update-table,256,2-stackful,1,2,False,69497,0.020349464999999997,292.8106968646128
update-table,256,2-stackful,1,3,False,69497,0.020159093000000003,290.0714131545247
update-table,256,2-stackful,1,4,False,69497,0.020308567,292.222211030692
update-table,256,1x,1,0,True,69497,0.0478765,688.9002402981424
update-table,256,1x,1,1,True,69497,0.0470884,677.5601824539189
update-table,256,1x,1,2,False,69497,0.0481017,692.1406679425011
update-table,256,1x,1,3,False,69497,0.0472862,680.4063484754738
update-table,256,1x,1,4,False,69497,0.0473219,680.9200397139444
update-table,256,2-stackful,2,0,True,69497,0.020235741,291.17430968243235
update-table,256,2-stackful,2,1,True,69497,0.020562405000000002,295.8747140164324
update-table,256,2-stackful,2,2,False,69497,0.020563547,295.8911463804193
update-table,256,2-stackful,2,3,False,69497,0.020699760999999997,297.851144653726
update-table,256,2-stackful,2,4,False,69497,0.020335039,292.60311955911766
update-table,256,2-stackless,2,0,True,69497,0.020453278999999998,294.3044879635092
update-table,256,2-stackless,2,1,True,69497,0.020416891000000003,293.7808970171375
update-table,256,2-stackless,2,2,False,69497,0.02016901,290.2141099615811
update-table,256,2-stackless,2,3,False,69497,0.020106207,289.3104306660719
update-table,256,2-stackless,2,4,False,69497,0.019942982999999997,286.96178252298654
update-table,256,1x,2,0,True,69497,0.0466079,670.64621494453
update-table,256,1x,2,1,True,69497,0.0479611,690.1175590313251
update-table,256,1x,2,2,False,69497,0.0472016,679.189029742291
update-table,256,1x,2,3,False,69497,0.0472952,680.5358504683655
update-table,256,1x,2,4,False,69497,0.0477528,687.1203073513965
const-string,8,1x,0,0,True,1040686,0.0188973,18.158503141197247
const-string,8,1x,0,1,True,1040686,0.0192624,18.509329423092076
const-string,8,1x,0,2,False,1040686,0.0191764,18.426691624563027
const-string,8,1x,0,3,False,1040686,0.0191488,18.400170656663008
const-string,8,1x,0,4,False,1040686,0.0189942,18.251614800237537
const-string,8,2-stackful,0,0,True,1040686,0.034749466,33.39092291046483
const-string,8,2-stackful,0,1,True,1040686,0.034719913,33.36252529581449
const-string,8,2-stackful,0,2,False,1040686,0.03497749,33.610032228741424
const-string,8,2-stackful,0,3,False,1040686,0.03500305199999999,33.634594872997226
const-string,8,2-stackful,0,4,False,1040686,0.035031016,33.66146561018405
const-string,8,2-stackless,0,0,True,1040686,0.031983139,30.732746476843158
const-string,8,2-stackless,0,1,True,1040686,0.031843593,30.59865607877881
const-string,8,2-stackless,0,2,False,1040686,0.031724371,30.484095106497062
const-string,8,2-stackless,0,3,False,1040686,0.031761462000000004,30.519736020278934
const-string,8,2-stackless,0,4,False,1040686,0.031928824999999994,30.68055590254889
const-string,8,1x,1,0,True,1040686,0.0190949,18.348377896887246
const-string,8,1x,1,1,True,1040686,0.0193992,18.640781177031304
const-string,8,1x,1,2,False,1040686,0.0194553,18.694687927001997
const-string,8,1x,1,3,False,1040686,0.0191142,18.366923356324577
const-string,8,1x,1,4,False,1040686,0.0193405,18.58437607501206
const-string,8,2-stackless,1,0,True,1040686,0.032027752,30.77561531528242
const-string,8,2-stackless,1,1,True,1040686,0.032017628000000006,30.765887116767217
const-string,8,2-stackless,1,2,False,1040686,0.03170340899999999,30.463952623557912
const-string,8,2-stackless,1,3,False,1040686,0.03176086,30.519157555689233
const-string,8,2-stackless,1,4,False,1040686,0.031841647,30.596786158360928
const-string,8,2-stackful,1,0,True,1040686,0.034902293,33.537775082974115
const-string,8,2-stackful,1,1,True,1040686,0.034816111,33.45496239980167
const-string,8,2-stackful,1,2,False,1040686,0.03484897000000001,33.48653676517221
const-string,8,2-stackful,1,3,False,1040686,0.03493274299999999,33.567034629081185
const-string,8,2-stackful,1,4,False,1040686,0.034835053000000005,33.473163855380015
const-string,8,2-stackless,2,0,True,1040686,0.031521320000000005,30.288982459646814
const-string,8,2-stackless,2,1,True,1040686,0.031655027999999995,30.417463096457524
const-string,8,2-stackless,2,2,False,1040686,0.031966202,30.716471635056106
const-string,8,2-stackless,2,3,False,1040686,0.032006954000000004,30.75563042070327
const-string,8,2-stackless,2,4,False,1040686,0.03207312699999998,30.81921636305281
const-string,8,2-stackful,2,0,True,1040686,0.035129424,33.7560263134125
const-string,8,2-stackful,2,1,True,1040686,0.035185945999999996,33.81033856513876
const-string,8,2-stackful,2,2,False,1040686,0.03486673900000001,33.5036110796148
const-string,8,2-stackful,2,3,False,1040686,0.034715053999999995,33.35785626019759
const-string,8,2-stackful,2,4,False,1040686,0.034886635,33.522729238214026
const-string,8,1x,2,0,True,1040686,0.0192874,18.533352038943544
const-string,8,1x,2,1,True,1040686,0.0194247,18.6652842451998
const-string,8,1x,2,2,False,1040686,0.0194474,18.687096780392935
const-string,8,1x,2,3,False,1040686,0.0193926,18.634439206446515
const-string,8,1x,2,4,False,1040686,0.0192833,18.529412329943902
add-float,8,2-stackless,0,0,True,1394331,0.033299341,23.881948403929915
add-float,8,2-stackless,0,1,True,1394331,0.03334370600000001,23.913766530328886
add-float,8,2-stackless,0,2,False,1394331,0.03340662,23.958887810713524
add-float,8,2-stackless,0,3,False,1394331,0.03325845299999999,23.852623946537797
add-float,8,2-stackless,0,4,False,1394331,0.03348926199999999,24.01815781188254
add-float,8,2-stackful,0,0,True,1394331,0.036892746000000004,26.459101891875033
add-float,8,2-stackful,0,1,True,1394331,0.037210594,26.687059242030767
add-float,8,2-stackful,0,2,False,1394331,0.037543942999999996,26.926133751598435
add-float,8,2-stackful,0,3,False,1394331,0.03716649699999999,26.65543332250376
add-float,8,2-stackful,0,4,False,1394331,0.037185726,26.669224165567574
add-float,8,1x,0,0,True,1394331,0.0204456,14.663376199768921
add-float,8,1x,0,1,True,1394331,0.0207582,14.887569737745197
add-float,8,1x,0,2,False,1394331,0.0207609,14.889506150261308
add-float,8,1x,0,3,False,1394331,0.0205698,14.752451175509975
add-float,8,1x,0,4,False,1394331,0.020657,14.814990127882117
add-float,8,2-stackless,1,0,True,1394331,0.032814074,23.53391985116877
add-float,8,2-stackless,1,1,True,1394331,0.033294922,23.878779142111878
add-float,8,2-stackless,1,2,False,1394331,0.033212537,23.819693458726803
add-float,8,2-stackless,1,3,False,1394331,0.033230528999999995,23.832597137982297
add-float,8,2-stackless,1,4,False,1394331,0.03335529199999998,23.922075891592442
add-float,8,2-stackful,1,0,True,1394331,0.037260593,26.722918015880015
add-float,8,2-stackful,1,1,True,1394331,0.03714520500000001,26.640162916839692
add-float,8,2-stackful,1,2,False,1394331,0.036952498,26.50195541804636
add-float,8,2-stackful,1,3,False,1394331,0.037102874999999993,26.609804271726006
add-float,8,2-stackful,1,4,False,1394331,0.03703313799999999,26.55978960519417
add-float,8,1x,1,0,True,1394331,0.0206793,14.830983460885543
add-float,8,1x,1,1,True,1394331,0.0207704,14.896319453558732
add-float,8,1x,1,2,False,1394331,0.0208662,14.965026238389592
add-float,8,1x,1,3,False,1394331,0.0206181,14.787091443853718
add-float,8,1x,1,4,False,1394331,0.0208681,14.966388899049077
add-float,8,2-stackless,2,0,True,1394331,0.033383083,23.942007313901794
add-float,8,2-stackless,2,1,True,1394331,0.033088177,23.730503732614427
add-float,8,2-stackless,2,2,False,1394331,0.03290995099999999,23.602681859615824
add-float,8,2-stackless,2,3,False,1394331,0.03331536199999999,23.893438502048646
add-float,8,2-stackless,2,4,False,1394331,0.033480679999999985,24.012002888840588
add-float,8,2-stackful,2,0,True,1394331,0.037139888,26.636349618562594
add-float,8,2-stackful,2,1,True,1394331,0.03684546,26.42518885400956
add-float,8,2-stackful,2,2,False,1394331,0.03706733999999999,26.584318931444535
add-float,8,2-stackful,2,3,False,1394331,0.03732819700000001,26.77140291652413
add-float,8,2-stackful,2,4,False,1394331,0.037057696,26.577402352812925
add-float,8,1x,2,0,True,1394331,0.0205137,14.712216826564138
add-float,8,1x,2,1,True,1394331,0.020556,14.742553955983192
add-float,8,1x,2,2,False,1394331,0.0204995,14.70203273110904
add-float,8,1x,2,3,False,1394331,0.0205358,14.728066721603406
add-float,8,1x,2,4,False,1394331,0.0209883,15.052595115507007
add-int,256,1x,0,0,True,89602,0.027004,301.3772014017544
add-int,256,1x,0,1,True,89602,0.0267498,298.54021115600096
add-int,256,1x,0,2,False,89602,0.0267844,298.9263632508203
add-int,256,1x,0,3,False,89602,0.0266139,297.02350393964423
add-int,256,1x,0,4,False,89602,0.0266601,297.5391174304145
add-int,256,2-stackless,0,0,True,89602,0.02072231,231.27061895939823
add-int,256,2-stackless,0,1,True,89602,0.020190802,225.33874243878486
add-int,256,2-stackless,0,2,False,89602,0.0207035,231.0606906095846
add-int,256,2-stackless,0,3,False,89602,0.020162137999999996,225.01883886520386
add-int,256,2-stackless,0,4,False,89602,0.02010795,224.41407557867012
add-int,256,2-stackful,0,0,True,89602,0.020570975999999998,229.5816611236356
add-int,256,2-stackful,0,1,True,89602,0.020842817,232.6155331354211
add-int,256,2-stackful,0,2,False,89602,0.020859873,232.8058860293297
add-int,256,2-stackful,0,3,False,89602,0.021254894999999996,237.2145153009977
add-int,256,2-stackful,0,4,False,89602,0.020616621,230.09108055623759
add-int,256,1x,1,0,True,89602,0.0268441,299.59264302136114
add-int,256,1x,1,1,True,89602,0.0271155,302.6215932680074
add-int,256,1x,1,2,False,89602,0.0269321,300.5747639561617
add-int,256,1x,1,3,False,89602,0.0272182,303.76777304078036
add-int,256,1x,1,4,False,89602,0.0268686,299.86607441798174
add-int,256,2-stackless,1,0,True,89602,0.020779056,231.90393071583225
add-int,256,2-stackless,1,1,True,89602,0.020330323999999997,226.89587285998076
add-int,256,2-stackless,1,2,False,89602,0.020575542999999995,229.63263096805872
add-int,256,2-stackless,1,3,False,89602,0.020348562999999993,227.0994285841833
add-int,256,2-stackless,1,4,False,89602,0.020123666,224.58947344925338
add-int,256,2-stackful,1,0,True,89602,0.020988137,234.2373719336622
add-int,256,2-stackful,1,1,True,89602,0.020358716,227.212740787036
add-int,256,2-stackful,1,2,False,89602,0.020532946999999996,229.15723979375457
add-int,256,2-stackful,1,3,False,89602,0.020919056,233.46639583937858
add-int,256,2-stackful,1,4,False,89602,0.02040323000000001,227.7095377335328
add-int,256,1x,2,0,True,89602,0.0267358,298.3839646436463
add-int,256,1x,2,1,True,89602,0.0270851,302.2823151268945
add-int,256,1x,2,2,False,89602,0.0271378,302.870471641258
add-int,256,1x,2,3,False,89602,0.0270446,301.8303162875829
add-int,256,1x,2,4,False,89602,0.0270744,302.16289814959487
add-int,256,2-stackless,2,0,True,89602,0.020129672999999997,224.65651436351862
add-int,256,2-stackless,2,1,True,89602,0.020506371000000002,228.86063927144488
add-int,256,2-stackless,2,2,False,89602,0.019937007,222.50627218142452
add-int,256,2-stackless,2,3,False,89602,0.020029525,223.53881609785495
add-int,256,2-stackless,2,4,False,89602,0.02033503299999999,226.94842749045768
add-int,256,2-stackful,2,0,True,89602,0.020851786999999997,232.71564250797968
add-int,256,2-stackful,2,1,True,89602,0.020690223999999997,230.9125242740117
add-int,256,2-stackful,2,2,False,89602,0.020388422000000003,227.54427356532224
add-int,256,2-stackful,2,3,False,89602,0.020207837,225.52886096292494
add-int,256,2-stackful,2,4,False,89602,0.02029276499999999,226.4766969487287
do-int,64,2-stackless,0,0,True,16554,0.029134121,1759.9444847166849
do-int,64,2-stackless,0,1,True,16554,0.029471961,1780.3528452337803
do-int,64,2-stackless,0,2,False,16554,0.029362289,1773.7277395191495
do-int,64,2-stackless,0,3,False,16554,0.02935394799999999,1773.223873384076
do-int,64,2-stackless,0,4,False,16554,0.029407232000000005,1776.4426724658695
do-int,64,1x,0,0,True,16554,0.0200934,1213.809351214208
do-int,64,1x,0,1,True,16554,0.0196712,1188.3049414038903
do-int,64,1x,0,2,False,16554,0.020193,1219.8260239217107
do-int,64,1x,0,3,False,16554,0.0199321,1204.0654826628006
do-int,64,1x,0,4,False,16554,0.019787,1195.30022955177
do-int,64,2-stackful,0,0,True,16554,0.031126284,1880.2877854295034
do-int,64,2-stackful,0,1,True,16554,0.031613632,1909.7276791107893
do-int,64,2-stackful,0,2,False,16554,0.031334280000000006,1892.8524827836177
do-int,64,2-stackful,0,3,False,16554,0.031297362999999995,1890.6223873384074
do-int,64,2-stackful,0,4,False,16554,0.031233026999999997,1886.7359550561796
do-int,64,1x,1,0,True,16554,0.0203039,1226.5253111030568
do-int,64,1x,1,1,True,16554,0.0201256,1215.7545004228584
do-int,64,1x,1,2,False,16554,0.0201794,1219.0044702186783
do-int,64,1x,1,3,False,16554,0.0201228,1215.5853570134107
do-int,64,1x,1,4,False,16554,0.0200285,1209.8888486166486
do-int,64,2-stackful,1,0,True,16554,0.031284851,1889.866557931618
do-int,64,2-stackful,1,1,True,16554,0.031047224,1875.5119004470218
do-int,64,2-stackful,1,2,False,16554,0.030878195000000004,1865.3011356771779
do-int,64,2-stackful,1,3,False,16554,0.031474841,1901.3435423462608
do-int,64,2-stackful,1,4,False,16554,0.031420575000000006,1898.0654222544404
do-int,64,2-stackless,1,0,True,16554,0.029506818,1782.4584994563247
do-int,64,2-stackless,1,1,True,16554,0.029162772,1761.67524465386
do-int,64,2-stackless,1,2,False,16554,0.029299934000000007,1769.9609761991064
do-int,64,2-stackless,1,3,False,16554,0.029566424999999993,1786.059260601667
do-int,64,2-stackless,1,4,False,16554,0.029453582000000006,1779.242599975837
do-int,64,2-stackful,2,0,True,16554,0.031431616,1898.7323909629094
do-int,64,2-stackful,2,1,True,16554,0.03135584599999999,1894.1552494865284
do-int,64,2-stackful,2,2,False,16554,0.030991867000000006,1872.1678748338775
do-int,64,2-stackful,2,3,False,16554,0.031125118000000007,1880.217349281141
do-int,64,2-stackful,2,4,False,16554,0.03123430000000002,1886.8128548991192
do-int,64,1x,2,0,True,16554,0.0198334,1198.1031774797632
do-int,64,1x,2,1,True,16554,0.0198759,1200.6705328017397
do-int,64,1x,2,2,False,16554,0.0196664,1188.0149812734082
do-int,64,1x,2,3,False,16554,0.0199518,1205.2555273649873
do-int,64,1x,2,4,False,16554,0.0198674,1200.1570617373445
do-int,64,2-stackless,2,0,True,16554,0.029538737,1784.38667391567
do-int,64,2-stackless,2,1,True,16554,0.029487355,1781.2827715355804
do-int,64,2-stackless,2,2,False,16554,0.029352548,1773.1393016793525
do-int,64,2-stackless,2,3,False,16554,0.029428884000000002,1777.7506342877857
do-int,64,2-stackless,2,4,False,16554,0.029410745000000016,1776.6548870363667
take-seq,0,2-stackful,0,0,True,2277153,0.04852703,21.310395041527734
take-seq,0,2-stackful,0,1,True,2277153,0.048893796999999996,21.471458878696335
take-seq,0,2-stackful,0,2,False,2277153,0.04883892100000001,21.447360366211672
take-seq,0,2-stackful,0,3,False,2277153,0.04862773399999998,21.35461868394437
take-seq,0,2-stackful,0,4,False,2277153,0.04842349800000001,21.26492949749095
take-seq,0,1x,0,0,True,2277153,0.0157683,6.924567650922006
take-seq,0,1x,0,1,True,2277153,0.0157973,6.937302851411389
take-seq,0,1x,0,2,False,2277153,0.0155704,6.837660886203079
take-seq,0,1x,0,3,False,2277153,0.0158842,6.9754645383950935
take-seq,0,1x,0,4,False,2277153,0.0158395,6.9558347638476645
take-seq,0,2-stackless,0,0,True,2277153,0.042408457999999996,18.62345569226134
take-seq,0,2-stackless,0,1,True,2277153,0.042564019,18.69176950341062
take-seq,0,2-stackless,0,2,False,2277153,0.04229301899999999,18.57276125056155
take-seq,0,2-stackless,0,3,False,2277153,0.04244488300000002,18.63945154322086
take-seq,0,2-stackless,0,4,False,2277153,0.04227927299999998,18.566724765529578
take-seq,0,1x,1,0,True,2277153,0.0159041,6.984203520799876
take-seq,0,1x,1,1,True,2277153,0.0156305,6.864053491355214
take-seq,0,1x,1,2,False,2277153,0.0158046,6.940508608775958
take-seq,0,1x,1,3,False,2277153,0.015816,6.945514860002819
take-seq,0,1x,1,4,False,2277153,0.0160133,7.03215813781507
take-seq,0,2-stackless,1,0,True,2277153,0.042833926,18.810297770944683
take-seq,0,2-stackless,1,1,True,2277153,0.042649713,18.7294015817119
take-seq,0,2-stackless,1,2,False,2277153,0.042338703000000005,18.59282314363594
take-seq,0,2-stackless,1,3,False,2277153,0.04274550799999999,18.771469462087083
take-seq,0,2-stackless,1,4,False,2277153,0.042710787,18.756221913942543
take-seq,0,2-stackful,1,0,True,2277153,0.04882628,21.44180913623283
take-seq,0,2-stackful,1,1,True,2277153,0.048585474999999996,21.33606086196228
take-seq,0,2-stackful,1,2,False,2277153,0.048837829,21.446880820041518
take-seq,0,2-stackful,1,3,False,2277153,0.048733915000000017,21.401247522674154
take-seq,0,2-stackful,1,4,False,2277153,0.048445724999999995,21.27469036994879
take-seq,0,2-stackless,2,0,True,2277153,0.042167840000000005,18.517789538076716
take-seq,0,2-stackless,2,1,True,2277153,0.042098131,18.487177190114146
take-seq,0,2-stackless,2,2,False,2277153,0.04231104999999999,18.580679471252036
take-seq,0,2-stackless,2,3,False,2277153,0.042086388,18.482020312205634
take-seq,0,2-stackless,2,4,False,2277153,0.04188164,18.392106283591836
take-seq,0,1x,2,0,True,2277153,0.0157739,6.927026862050991
take-seq,0,1x,2,1,True,2277153,0.0158547,6.962509765483479
take-seq,0,1x,2,2,False,2277153,0.0159545,7.006336420960735
take-seq,0,1x,2,3,False,2277153,0.0159475,7.003262407049505
take-seq,0,1x,2,4,False,2277153,0.0158536,6.96202670615457
take-seq,0,2-stackful,2,0,True,2277153,0.048532748,21.312906071748362
take-seq,0,2-stackful,2,1,True,2277153,0.048754858,21.410444533151704
take-seq,0,2-stackful,2,2,False,2277153,0.04886077100000001,21.456955681063157
take-seq,0,2-stackful,2,3,False,2277153,0.048957254000000006,21.499325693091333
take-seq,0,2-stackful,2,4,False,2277153,0.04884280499999999,21.449066004787554
get-table,64,2-stackful,0,0,True,235490,0.021048354000000002,89.3810947386301
get-table,64,2-stackful,0,1,True,235490,0.021206475,90.05255000212323
get-table,64,2-stackful,0,2,False,235490,0.021164377000000005,89.87378232621344
get-table,64,2-stackful,0,3,False,235490,0.020844401999999998,88.51501974606138
get-table,64,2-stackful,0,4,False,235490,0.020819433,88.40898976601979
get-table,64,1x,0,0,True,235490,0.0273763,116.2524947980806
get-table,64,1x,0,1,True,235490,0.0278197,118.13537729839908
get-table,64,1x,0,2,False,235490,0.0276487,117.40923181451441
get-table,64,1x,0,3,False,235490,0.027494,116.75230370716379
get-table,64,1x,0,4,False,235490,0.0280063,118.92776763344516
get-table,64,2-stackless,0,0,True,235490,0.020520585,87.13994224807847
get-table,64,2-stackless,0,1,True,235490,0.020558716,87.30186419805511
get-table,64,2-stackless,0,2,False,235490,0.020510026,87.0951038260648
get-table,64,2-stackless,0,3,False,235490,0.020573579,87.36497940464564
get-table,64,2-stackless,0,4,False,235490,0.020716045000000002,87.96995626141239
get-table,64,2-stackful,1,0,True,235490,0.021631414,91.8570385154359
get-table,64,2-stackful,1,1,True,235490,0.021641618,91.90036944243917
get-table,64,2-stackful,1,2,False,235490,0.02155360900000001,91.52664232026841
get-table,64,2-stackful,1,3,False,235490,0.021131612000000008,89.73464690645041
get-table,64,2-stackful,1,4,False,235490,0.021102743000000007,89.61205571361845
get-table,64,2-stackless,1,0,True,235490,0.020320734,86.29128200772857
get-table,64,2-stackless,1,1,True,235490,0.020702503000000004,87.91245063484651
get-table,64,2-stackless,1,2,False,235490,0.020701442,87.90794513567455
get-table,64,2-stackless,1,3,False,235490,0.020399078000000008,86.62396704743304
get-table,64,2-stackless,1,4,False,235490,0.020787138999999996,88.27185443118603
get-table,64,1x,1,0,True,235490,0.0276046,117.2219627160389
get-table,64,1x,1,1,True,235490,0.0278318,118.18675952269736
get-table,64,1x,1,2,False,235490,0.0276547,117.43471060342264
get-table,64,1x,1,3,False,235490,0.0276528,117.42664232026837
get-table,64,1x,1,4,False,235490,0.0277252,117.7340863730944
get-table,64,1x,2,0,True,235490,0.0275143,116.83850694296997
get-table,64,1x,2,1,True,235490,0.0273006,115.93103741135505
get-table,64,1x,2,2,False,235490,0.0277106,117.67208798675102
get-table,64,1x,2,3,False,235490,0.0273949,116.33147904369612
get-table,64,1x,2,4,False,235490,0.0281504,119.53968321372457
get-table,64,2-stackful,2,0,True,235490,0.020874702,88.64368763004798
get-table,64,2-stackful,2,1,True,235490,0.020961145000000004,89.01076478831375
get-table,64,2-stackful,2,2,False,235490,0.020964759999999992,89.02611575863091
get-table,64,2-stackful,2,3,False,235490,0.021010894000000002,89.22202216654637
get-table,64,2-stackful,2,4,False,235490,0.02113591599999999,89.75292369102719
get-table,64,2-stackless,2,0,True,235490,0.020407063,86.65787506900506
get-table,64,2-stackless,2,1,True,235490,0.020306124000000002,86.22924115673702
get-table,64,2-stackless,2,2,False,235490,0.020543208,87.23601002165697
get-table,64,2-stackless,2,3,False,235490,0.020498125,87.04456664826532
get-table,64,2-stackless,2,4,False,235490,0.02039024199999999,86.58644528430077
const-string,0,2-stackless,0,0,True,1815756,0.048377196000000004,26.64300489713376
const-string,0,2-stackless,0,1,True,1815756,0.048411640000000006,26.661974406252828
const-string,0,2-stackless,0,2,False,1815756,0.048869608999999994,26.914193867457957
const-string,0,2-stackless,0,3,False,1815756,0.04872015599999999,26.831884900834684
const-string,0,2-stackless,0,4,False,1815756,0.048523450000000024,26.723552063162685
const-string,0,2-stackful,0,0,True,1815756,0.054032735,29.75770698265626
const-string,0,2-stackful,0,1,True,1815756,0.053982178,29.729863483860168
const-string,0,2-stackful,0,2,False,1815756,0.054053316000000004,29.769041655376608
const-string,0,2-stackful,0,3,False,1815756,0.053917396000000006,29.694185782671244
const-string,0,2-stackful,0,4,False,1815756,0.05413871399999998,29.816073305003524
const-string,0,1x,0,0,True,1815756,0.0192514,10.602415743084423
const-string,0,1x,0,1,True,1815756,0.0190466,10.489625258019249
const-string,0,1x,0,2,False,1815756,0.0187399,10.320714897816668
const-string,0,1x,0,3,False,1815756,0.0190454,10.48896437627082
const-string,0,1x,0,4,False,1815756,0.0189526,10.437856187725664
const-string,0,1x,1,0,True,1815756,0.0198447,10.929166694203406
const-string,0,1x,1,1,True,1815756,0.0192486,10.600873685671424
const-string,0,1x,1,2,False,1815756,0.0190522,10.49270937284525
const-string,0,1x,1,3,False,1815756,0.0190977,10.517767805806507
const-string,0,1x,1,4,False,1815756,0.0189394,10.430586488492947
const-string,0,2-stackful,1,0,True,1815756,0.054356726,29.93614009811891
const-string,0,2-stackful,1,1,True,1815756,0.054249181,29.876911325089935
const-string,0,2-stackful,1,2,False,1815756,0.053934551,29.70363363799982
const-string,0,2-stackful,1,3,False,1815756,0.053993665999999996,29.736190325131787
const-string,0,2-stackful,1,4,False,1815756,0.05388030799999999,29.67376013076646
const-string,0,2-stackless,1,0,True,1815756,0.04867793300000001,26.808631225781443
const-string,0,2-stackless,1,1,True,1815756,0.04846296399999999,26.690240318633116
const-string,0,2-stackless,1,2,False,1815756,0.048506602999999995,26.71427383414952
const-string,0,2-stackless,1,3,False,1815756,0.048689310999999985,26.814897486226116
const-string,0,2-stackless,1,4,False,1815756,0.04828776200000001,26.59375048189295
const-string,0,2-stackful,2,0,True,1815756,0.053955599,29.71522550386726
const-string,0,2-stackful,2,1,True,1815756,0.05383711000000001,29.64996948929262
const-string,0,2-stackful,2,2,False,1815756,0.05370974699999999,29.57982625418833
const-string,0,2-stackful,2,3,False,1815756,0.05385457299999999,29.65958697093662
const-string,0,2-stackful,2,4,False,1815756,0.05372771900000001,29.589724059840645
const-string,0,2-stackless,2,0,True,1815756,0.048528075000000004,26.72609921156808
const-string,0,2-stackless,2,1,True,1815756,0.049019881999999994,26.99695443660932
const-string,0,2-stackless,2,2,False,1815756,0.048792553000000016,26.8717564474522
const-string,0,2-stackless,2,3,False,1815756,0.04865968600000001,26.798581968061793
const-string,0,2-stackless,2,4,False,1815756,0.048414079,26.663317648406505
const-string,0,1x,2,0,True,1815756,0.0190442,10.488303494522391
const-string,0,1x,2,1,True,1815756,0.019222,10.58622414024792
const-string,0,1x,2,2,False,1815756,0.0188985,10.408061435567333
const-string,0,1x,2,3,False,1815756,0.0192922,10.624885722531001
const-string,0,1x,2,4,False,1815756,0.0190688,10.501851570365181
take-seq,256,1x,0,0,True,26133,0.0420819,1610.297325220985
take-seq,256,1x,0,1,True,26133,0.0416694,1594.5126851107796
take-seq,256,1x,0,2,False,26133,0.0422425,1616.4428117705584
take-seq,256,1x,0,3,False,26133,0.0419446,1605.0434316764245
take-seq,256,1x,0,4,False,26133,0.0422607,1617.1392492251177
take-seq,256,2-stackful,0,0,True,26133,0.020016423,765.9443232694294
take-seq,256,2-stackful,0,1,True,26133,0.020158122999999997,771.3665863084987
take-seq,256,2-stackful,0,2,False,26133,0.020385893999999995,780.0824245207208
take-seq,256,2-stackful,0,3,False,26133,0.020207468,773.2548119236214
take-seq,256,2-stackful,0,4,False,26133,0.020372830999999994,779.5825584510004
take-seq,256,2-stackless,0,0,True,26133,0.019942606999999998,763.119695404278
take-seq,256,2-stackless,0,1,True,26133,0.020209291000000004,773.3245704664602
take-seq,256,2-stackless,0,2,False,26133,0.020161153,771.4825316649448
take-seq,256,2-stackless,0,3,False,26133,0.020113327000000007,769.652431791222
take-seq,256,2-stackless,0,4,False,26133,0.020308449000000006,777.1189300883942
take-seq,256,2-stackless,1,0,True,26133,0.020303375,776.9247694485899
take-seq,256,2-stackless,1,1,True,26133,0.020204823,773.1535988979451
take-seq,256,2-stackless,1,2,False,26133,0.020270624,775.6715264225309
take-seq,256,2-stackless,1,3,False,26133,0.020076382000000004,768.2387020242606
take-seq,256,2-stackless,1,4,False,26133,0.020285019999999987,776.2224007959279
take-seq,256,2-stackful,1,0,True,26133,0.020550863,786.3950943251828
take-seq,256,2-stackful,1,1,True,26133,0.020350748,778.7375349175372
take-seq,256,2-stackful,1,2,False,26133,0.020539393000000003,785.9561856656336
take-seq,256,2-stackful,1,3,False,26133,0.020570671,787.1530631768262
take-seq,256,2-stackful,1,4,False,26133,0.020383763,780.0008801132667
take-seq,256,1x,1,0,True,26133,0.0420286,1608.2577583897753
take-seq,256,1x,1,1,True,26133,0.0421838,1614.1966096506333
take-seq,256,1x,1,2,False,26133,0.041668,1594.4591129988903
take-seq,256,1x,1,3,False,26133,0.0415761,1590.9424865113076
take-seq,256,1x,1,4,False,26133,0.0420483,1609.0115945356447
take-seq,256,1x,2,0,True,26133,0.0417554,1597.8035434125436
take-seq,256,1x,2,1,True,26133,0.0421872,1614.3267133509355
take-seq,256,1x,2,2,False,26133,0.0418094,1599.8698962996978
take-seq,256,1x,2,3,False,26133,0.0413602,1582.6809015421115
take-seq,256,1x,2,4,False,26133,0.041304,1580.5303639077028
take-seq,256,2-stackful,2,0,True,26133,0.019749461,755.7288103164581
take-seq,256,2-stackful,2,1,True,26133,0.020173932999999998,771.9715685149043
take-seq,256,2-stackful,2,2,False,26133,0.019893595,761.2442122986263
take-seq,256,2-stackful,2,3,False,26133,0.019949687,763.3906172272606
take-seq,256,2-stackful,2,4,False,26133,0.020011043000000006,765.7384532965984
take-seq,256,2-stackless,2,0,True,26133,0.019664442,752.4754907588107
take-seq,256,2-stackless,2,1,True,26133,0.020048630999999997,767.1767879692342
take-seq,256,2-stackless,2,2,False,26133,0.019926122999999997,762.4889220525771
take-seq,256,2-stackless,2,3,False,26133,0.020258206000000008,775.1963417900741
take-seq,256,2-stackless,2,4,False,26133,0.020072025000000007,768.0719779589028
update-seq,0,1x,0,0,True,766631,0.0567389,74.01070397622846
update-seq,0,1x,0,1,True,766631,0.0560946,73.17027357359669
update-seq,0,1x,0,2,False,766631,0.0557862,72.76799398928559
update-seq,0,1x,0,3,False,766631,0.0553222,72.16274844090573
update-seq,0,1x,0,4,False,766631,0.0554649,72.34888753520272
update-seq,0,2-stackful,0,0,True,766631,0.021058173,27.468460054446012
update-seq,0,2-stackful,0,1,True,766631,0.021517901000000002,28.06813316967355
update-seq,0,2-stackful,0,2,False,766631,0.021477854000000005,28.015895522096034
update-seq,0,2-stackful,0,3,False,766631,0.02121353899999999,27.671120786923552
update-seq,0,2-stackful,0,4,False,766631,0.021084103999999992,27.502284671504274
update-seq,0,2-stackless,0,0,True,766631,0.0189357,24.699888212190743
update-seq,0,2-stackless,0,1,True,766631,0.018949728000000002,24.71818645476116
update-seq,0,2-stackless,0,2,False,766631,0.019076800000000005,24.883940252872637
update-seq,0,2-stackless,0,3,False,766631,0.01882349,24.55352053334655
update-seq,0,2-stackless,0,4,False,766631,0.019148079999999998,24.976918491425465
update-seq,0,2-stackful,1,0,True,766631,0.021253604,27.723381913854254
update-seq,0,2-stackful,1,1,True,766631,0.021213443,27.670995563706658
update-seq,0,2-stackful,1,2,False,766631,0.021049532999999995,27.45718996492445
update-seq,0,2-stackful,1,3,False,766631,0.021076655,27.49256813251747
update-seq,0,2-stackful,1,4,False,766631,0.021081370000000002,27.49871841863948
update-seq,0,2-stackless,1,0,True,766631,0.01897741,24.754295091119456
update-seq,0,2-stackless,1,1,True,766631,0.018889364000000002,24.639447139497364
update-seq,0,2-stackless,1,2,False,766631,0.018807790999999997,24.53304262415686
update-seq,0,2-stackless,1,3,False,766631,0.018726851000000003,24.427463799402847
update-seq,0,2-stackless,1,4,False,766631,0.01891696999999999,24.67545664080893
update-seq,0,1x,1,0,True,766631,0.0554593,72.34158284754986
update-seq,0,1x,1,1,True,766631,0.0551301,71.91217156624244
update-seq,0,1x,1,2,False,766631,0.055714,72.67381569490406
update-seq,0,1x,1,3,False,766631,0.0550799,71.84669025906858
update-seq,0,1x,1,4,False,766631,0.0560878,73.1614035957325
update-seq,0,2-stackless,2,0,True,766631,0.018831429,24.56387623250299
update-seq,0,2-stackless,2,1,True,766631,0.019117771999999998,24.937384478321384
update-seq,0,2-stackless,2,2,False,766631,0.018896231,24.64840451273168
update-seq,0,2-stackless,2,3,False,766631,0.018945893999999998,24.713185352535962
update-seq,0,2-stackless,2,4,False,766631,0.018879546999999997,24.626641761160187
update-seq,0,2-stackful,2,0,True,766631,0.021217981,27.676914969522496
update-seq,0,2-stackful,2,1,True,766631,0.021512598000000004,28.061215891347995
update-seq,0,2-stackful,2,2,False,766631,0.021468570999999992,28.003786697902893
update-seq,0,2-stackful,2,3,False,766631,0.021284307000000002,27.763431168319574
update-seq,0,2-stackful,2,4,False,766631,0.021505359,28.051773278148158
update-seq,0,1x,2,0,True,766631,0.0578337,75.43877041236266
update-seq,0,1x,2,1,True,766631,0.0581222,75.81509226733591
update-seq,0,1x,2,2,False,766631,0.0583336,76.0908442262314
update-seq,0,1x,2,3,False,766631,0.0579617,75.6057347015709
update-seq,0,1x,2,4,False,766631,0.0580073,75.66521572960133
const-int,64,2-stackful,0,0,True,438463,0.028712015,65.48332470470713
const-int,64,2-stackful,0,1,True,438463,0.029067895000000003,66.29497813954656
const-int,64,2-stackful,0,2,False,438463,0.028508984,65.02027309031777
const-int,64,2-stackful,0,3,False,438463,0.028543629,65.09928773921631
const-int,64,2-stackful,0,4,False,438463,0.028443609999999994,64.8711749908202
const-int,64,1x,0,0,True,438463,0.0206046,46.9927907257853
const-int,64,1x,0,1,True,438463,0.0206801,47.16498313426675
const-int,64,1x,0,2,False,438463,0.0204087,46.54600274139437
const-int,64,1x,0,3,False,438463,0.0204623,46.66824794794544
const-int,64,1x,0,4,False,438463,0.0205719,46.918212027012544
const-int,64,2-stackless,0,0,True,438463,0.027517188999999997,62.75829203376339
const-int,64,2-stackless,0,1,True,438463,0.027505166,62.730871247973035
const-int,64,2-stackless,0,2,False,438463,0.027538564,62.80704187126394
const-int,64,2-stackless,0,3,False,438463,0.027374765999999995,62.43346873054282
const-int,64,2-stackless,0,4,False,438463,0.027364334000000004,62.40967652914842
const-int,64,2-stackless,1,0,True,438463,0.027532453000000002,62.79310454930064
const-int,64,2-stackless,1,1,True,438463,0.027300562000000004,62.264232101682474
const-int,64,2-stackless,1,2,False,438463,0.026930307999999993,61.41979596910114
const-int,64,2-stackless,1,3,False,438463,0.027263377000000005,62.179424489637675
const-int,64,2-stackless,1,4,False,438463,0.02704840800000001,61.6891459484609
const-int,64,2-stackful,1,0,True,438463,0.028375047,64.71480375767169
const-int,64,2-stackful,1,1,True,438463,0.028722077,65.50627304926527
const-int,64,2-stackful,1,2,False,438463,0.028277371000000003,64.49203467567389
const-int,64,2-stackful,1,3,False,438463,0.028081773000000004,64.0459354609169
const-int,64,2-stackful,1,4,False,438463,0.02865972999999998,65.36407861096599
const-int,64,1x,1,0,True,438463,0.0203497,46.41144178642212
const-int,64,1x,1,1,True,438463,0.0203364,46.38110855419956
const-int,64,1x,1,2,False,438463,0.0203791,46.47849419449304
const-int,64,1x,1,3,False,438463,0.020329,46.36423141747422
const-int,64,1x,1,4,False,438463,0.0204561,46.65410764420259
const-int,64,2-stackless,2,0,True,438463,0.027399222,62.489245386725905
const-int,64,2-stackless,2,1,True,438463,0.027419542999999998,62.535591372590154
const-int,64,2-stackless,2,2,False,438463,0.027445857999999997,62.59560783920193
const-int,64,2-stackless,2,3,False,438463,0.027299982,62.262909299074266
const-int,64,2-stackless,2,4,False,438463,0.027492545999999993,62.70208888777387
const-int,64,2-stackful,2,0,True,438463,0.028792855000000003,65.66769601996064
const-int,64,2-stackful,2,1,True,438463,0.028939004,66.00101718959182
const-int,64,2-stackful,2,2,False,438463,0.028746719000000004,65.56247391456064
const-int,64,2-stackful,2,3,False,438463,0.028479695,64.95347383929773
const-int,64,2-stackful,2,4,False,438463,0.028831910000000002,65.75676853006982
const-int,64,1x,2,0,True,438463,0.0206576,47.11366751584512
const-int,64,1x,2,1,True,438463,0.020532,46.827212330344864
const-int,64,1x,2,2,False,438463,0.0203398,46.388862914316604
const-int,64,1x,2,3,False,438463,0.0201864,46.03900443138874
const-int,64,1x,2,4,False,438463,0.0202106,46.09419722986888
update-int,8,2-stackless,0,0,True,951896,0.023774993999999997,24.97646171430492
update-int,8,2-stackless,0,1,True,951896,0.024036043,25.250702807869768
update-int,8,2-stackless,0,2,False,951896,0.02408949700000001,25.306858102145622
update-int,8,2-stackless,0,3,False,951896,0.023824546000000002,25.028517821274598
update-int,8,2-stackless,0,4,False,951896,0.024109006000000002,25.327352988141566
update-int,8,1x,0,0,True,951896,0.0196891,20.68408733727214
update-int,8,1x,0,1,True,951896,0.019236,20.20808995940733
update-int,8,1x,0,2,False,951896,0.0204254,21.45759620798911
update-int,8,1x,0,3,False,951896,0.0192857,20.26030154554699
update-int,8,1x,0,4,False,951896,0.0192428,20.215233596947566
update-int,8,2-stackful,0,0,True,951896,0.026960192,28.322623479875954
update-int,8,2-stackful,0,1,True,951896,0.026715946,28.06603452478002
update-int,8,2-stackful,0,2,False,951896,0.026761083999999997,28.113453570558125
update-int,8,2-stackful,0,3,False,951896,0.026700029,28.049313160261207
update-int,8,2-stackful,0,4,False,951896,0.026870116000000013,28.227995495306224
update-int,8,2-stackless,1,0,True,951896,0.024020426,25.23429660383067
update-int,8,2-stackless,1,1,True,951896,0.024346991000000002,25.57736454402582
update-int,8,2-stackless,1,2,False,951896,0.024323438000000003,25.5526212947633
update-int,8,2-stackless,1,3,False,951896,0.024018294999999995,25.232057913889747
update-int,8,2-stackless,1,4,False,951896,0.024053550000000007,25.269094522931084
update-int,8,1x,1,0,True,951896,0.0193167,20.29286812845101
update-int,8,1x,1,1,True,951896,0.0202284,21.250640826308757
update-int,8,1x,1,2,False,951896,0.0190761,20.040109423718558
update-int,8,1x,1,3,False,951896,0.0196221,20.61370149680217
update-int,8,1x,1,4,False,951896,0.0189107,19.866350945901655
update-int,8,2-stackful,1,0,True,951896,0.027077136,28.445477237009086
update-int,8,2-stackful,1,1,True,951896,0.026966066,28.3287943220688
update-int,8,2-stackful,1,2,False,951896,0.026838118999999994,28.194381529074597
update-int,8,2-stackful,1,3,False,951896,0.026823988999999993,28.17953747047996
update-int,8,2-stackful,1,4,False,951896,0.02676250500000002,28.11494638069707
update-int,8,2-stackful,2,0,True,951896,0.02692785,28.288647079092673
update-int,8,2-stackful,2,1,True,951896,0.026897055,28.2562958558498
update-int,8,2-stackful,2,2,False,951896,0.026725713999999998,28.076296149999575
update-int,8,2-stackful,2,3,False,951896,0.026488642000000007,27.827243732508602
update-int,8,2-stackful,2,4,False,951896,0.026480491999999994,27.818681872809627
update-int,8,1x,2,0,True,951896,0.0188482,19.80069251262743
update-int,8,1x,2,1,True,951896,0.0205042,21.540378360661247
update-int,8,1x,2,2,False,951896,0.0197497,20.747749754174826
update-int,8,1x,2,3,False,951896,0.0189497,19.90732180826477
update-int,8,1x,2,4,False,951896,0.0193622,20.340667467874642
update-int,8,2-stackless,2,0,True,951896,0.023924228999999998,25.133238294939783
update-int,8,2-stackless,2,1,True,951896,0.024294429000000003,25.522146326909667
update-int,8,2-stackless,2,2,False,951896,0.024347128000000003,25.57750846731156
update-int,8,2-stackless,2,3,False,951896,0.024171281000000003,25.392775051056002
update-int,8,2-stackless,2,4,False,951896,0.024039646999999997,25.254488935766087
get-table,8,1x,0,0,True,657623,0.0514484,78.23388172250667
get-table,8,1x,0,1,True,657623,0.0513372,78.06478787998594
get-table,8,1x,0,2,False,657623,0.0509992,77.55081558887083
get-table,8,1x,0,3,False,657623,0.0514541,78.24254930256393
get-table,8,1x,0,4,False,657623,0.0507275,77.13766093947444
get-table,8,2-stackful,0,0,True,657623,0.022103752,33.61158596946883
get-table,8,2-stackful,0,1,True,657623,0.022135965999999997,33.66057148244511
get-table,8,2-stackful,0,2,False,657623,0.021904875000000004,33.30916801875848
get-table,8,2-stackful,0,3,False,657623,0.02189599099999999,33.29565875889376
get-table,8,2-stackful,0,4,False,657623,0.021738094,33.055556146910924
get-table,8,2-stackless,0,0,True,657623,0.019976777999999997,30.377249579166172
get-table,8,2-stackless,0,1,True,657623,0.019908157000000003,30.272902559673252
get-table,8,2-stackless,0,2,False,657623,0.020041509000000006,30.475681355427056
get-table,8,2-stackless,0,3,False,657623,0.020290859,30.854849967230464
get-table,8,2-stackless,0,4,False,657623,0.019960902999999988,30.353109608392632
get-table,8,2-stackless,1,0,True,657623,0.020016200999999997,30.437197299972777
get-table,8,2-stackless,1,1,True,657623,0.019952148000000003,30.33979650955031
get-table,8,2-stackless,1,2,False,657623,0.019889490000000003,30.244516995299744
get-table,8,2-stackless,1,3,False,657623,0.020042145999999997,30.47664999551414
get-table,8,2-stackless,1,4,False,657623,0.01998918100000001,30.39610992924519
get-table,8,1x,1,0,True,657623,0.051425,78.19829902542946
get-table,8,1x,1,1,True,657623,0.0511282,77.7469766112195
get-table,8,1x,1,2,False,657623,0.0512773,77.97370225798063
get-table,8,1x,1,3,False,657623,0.0507744,77.20897839643686
get-table,8,1x,1,4,False,657623,0.0510315,77.59993187586201
get-table,8,2-stackful,1,0,True,657623,0.022164698,33.70426216844606
get-table,8,2-stackful,1,1,True,657623,0.021897377,33.29776634941296
get-table,8,2-stackful,1,2,False,657623,0.021901408000000004,33.30389600120434
get-table,8,2-stackful,1,3,False,657623,0.021981181000000002,33.425201065047915
get-table,8,2-stackful,1,4,False,657623,0.02198754800000001,33.4348829040347
get-table,8,2-stackless,2,0,True,657623,0.020026322,30.45258757677271
get-table,8,2-stackless,2,1,True,657623,0.020317085000000002,30.894729959262378
get-table,8,2-stackless,2,2,False,657623,0.020011611,30.430217617084562
get-table,8,2-stackless,2,3,False,657623,0.019960197000000006,30.352036044968024
get-table,8,2-stackless,2,4,False,657623,0.019876790000000005,30.22520501868092
get-table,8,2-stackful,2,0,True,657623,0.021761878999999998,33.091724285799
get-table,8,2-stackful,2,1,True,657623,0.021810594,33.165801682727036
get-table,8,2-stackful,2,2,False,657623,0.022112383,33.624710510429225
get-table,8,2-stackful,2,3,False,657623,0.021827219999999994,33.1910836451888
get-table,8,2-stackful,2,4,False,657623,0.021660205000000002,32.93711594637049
get-table,8,1x,2,0,True,657623,0.0511774,77.82179151276644
get-table,8,1x,2,1,True,657623,0.0515764,78.42852211677511
get-table,8,1x,2,2,False,657623,0.0512993,78.00715607574553
get-table,8,1x,2,3,False,657623,0.052043,79.13804717900682
get-table,8,1x,2,4,False,657623,0.0512606,77.94830776904092
const-seq,256,1x,0,0,True,106148,0.0211574,199.31981761314393
const-seq,256,1x,0,1,True,106148,0.0211761,199.49598673550136
const-seq,256,1x,0,2,False,106148,0.020779,195.7549836077929
const-seq,256,1x,0,3,False,106148,0.0208422,196.35037871650903
const-seq,256,1x,0,4,False,106148,0.0211426,199.1803896446471
const-seq,256,2-stackless,0,0,True,106148,0.019977367,188.202952481441
const-seq,256,2-stackless,0,1,True,106148,0.020014221,188.55014696461544
const-seq,256,2-stackless,0,2,False,106148,0.019876903,187.25650035799072
const-seq,256,2-stackless,0,3,False,106148,0.019908036000000004,187.54979839469425
const-seq,256,2-stackless,0,4,False,106148,0.020009569000000005,188.5063213626258
const-seq,256,2-stackful,0,0,True,106148,0.020245321,190.72729585107587
const-seq,256,2-stackful,0,1,True,106148,0.020263538,190.8989147228398
const-seq,256,2-stackful,0,2,False,106148,0.020664443999999997,194.6757734483928
const-seq,256,2-stackful,0,3,False,106148,0.020333784000000008,191.56068884953092
const-seq,256,2-stackful,0,4,False,106148,0.020184034000000003,190.14992274936884
const-seq,256,1x,1,0,True,106148,0.0210089,197.92082752383465
const-seq,256,1x,1,1,True,106148,0.0209534,197.3979726419716
const-seq,256,1x,1,2,False,106148,0.0210707,198.50303350039567
const-seq,256,1x,1,3,False,106148,0.0209757,197.60805667558503
const-seq,256,1x,1,4,False,106148,0.0211916,199.64200927007573
const-seq,256,2-stackful,1,0,True,106148,0.020391153000000002,192.101151222821
const-seq,256,2-stackful,1,1,True,106148,0.020480100999999997,192.93911331348679
const-seq,256,2-stackful,1,2,False,106148,0.020231867,190.6005482910653
const-seq,256,2-stackful,1,3,False,106148,0.020603853000000005,194.10495722952862
const-seq,256,2-stackful,1,4,False,106148,0.020430277999999996,192.46974036251268
const-seq,256,2-stackless,1,0,True,106148,0.019949399,187.93947130421677
const-seq,256,2-stackless,1,1,True,106148,0.020024523000000002,188.6472001356597
const-seq,256,2-stackless,1,2,False,106148,0.020204337999999995,190.3412028488525
const-seq,256,2-stackless,1,3,False,106148,0.019971286000000005,188.14566454384448
const-seq,256,2-stackless,1,4,False,106148,0.020014516999999996,188.55293552398535
const-seq,256,1x,2,0,True,106148,0.0209205,197.08802803632665
const-seq,256,1x,2,1,True,106148,0.0214964,202.51347175641558
const-seq,256,1x,2,2,False,106148,0.0214685,202.25063119418172
const-seq,256,1x,2,3,False,106148,0.0211194,198.96182688321966
const-seq,256,1x,2,4,False,106148,0.0213412,201.05136224893545
const-seq,256,2-stackless,2,0,True,106148,0.020034071,188.73715001695746
const-seq,256,2-stackless,2,1,True,106148,0.019869267999999995,187.18457248370197
const-seq,256,2-stackless,2,2,False,106148,0.019925477999999996,187.7141161397294
const-seq,256,2-stackless,2,3,False,106148,0.019943052000000003,187.87967743151074
const-seq,256,2-stackless,2,4,False,106148,0.020046172,188.85115122282096
const-seq,256,2-stackful,2,0,True,106148,0.020348724,191.70143573124318
const-seq,256,2-stackful,2,1,True,106148,0.020456744,192.7190714850963
const-seq,256,2-stackful,2,2,False,106148,0.020367865,191.8817594302295
const-seq,256,2-stackful,2,3,False,106148,0.020472132999999997,192.86404830990688
const-seq,256,2-stackful,2,4,False,106148,0.020304649999999994,191.28622300938306
get-seq,0,1x,0,0,True,803659,0.0596118,74.17548985328355
get-seq,0,1x,0,1,True,803659,0.0577875,71.90549723203497
get-seq,0,1x,0,2,False,803659,0.0580636,72.24905090343043
get-seq,0,1x,0,3,False,803659,0.0583008,72.54420096085529
get-seq,0,1x,0,4,False,803659,0.0594221,73.9394444658742
get-seq,0,2-stackful,0,0,True,803659,0.022391875999999998,27.862409305439243
get-seq,0,2-stackful,0,1,True,803659,0.022135615,27.543541477168798
get-seq,0,2-stackful,0,2,False,803659,0.022183022000000004,27.602530426461975
get-seq,0,2-stackful,0,3,False,803659,0.02216826699999999,27.584170649491877
get-seq,0,2-stackful,0,4,False,803659,0.0224419,27.92465461097306
get-seq,0,2-stackless,0,0,True,803659,0.020024565999999997,24.916744539661718
get-seq,0,2-stackless,0,1,True,803659,0.019827316,24.671304620492023
get-seq,0,2-stackless,0,2,False,803659,0.019945275999999998,24.81808329154529
get-seq,0,2-stackless,0,3,False,803659,0.019925705000000002,24.793730923190065
get-seq,0,2-stackless,0,4,False,803659,0.019654532999999988,24.456309205770093
get-seq,0,2-stackful,1,0,True,803659,0.022306653,27.75636557296067
get-seq,0,2-stackful,1,1,True,803659,0.022301112999999997,27.749472101973595
get-seq,0,2-stackful,1,2,False,803659,0.022168625999999997,27.584617356366316
get-seq,0,2-stackful,1,3,False,803659,0.02215446,27.56699047730443
get-seq,0,2-stackful,1,4,False,803659,0.022120717999999998,27.525005008343086
get-seq,0,2-stackless,1,0,True,803659,0.019650088,24.4507782529655
get-seq,0,2-stackless,1,1,True,803659,0.02001806,24.90864906633286
get-seq,0,2-stackless,1,2,False,803659,0.019969844,24.84865347118616
get-seq,0,2-stackless,1,3,False,803659,0.019731194000000007,24.55169916593979
get-seq,0,2-stackless,1,4,False,803659,0.019858587999999996,24.71021664661255
get-seq,0,1x,1,0,True,803659,0.0609269,75.81188041196577
get-seq,0,1x,1,1,True,803659,0.0583869,72.65133595218867
get-seq,0,1x,1,2,False,803659,0.0577242,71.82673248230904
get-seq,0,1x,1,3,False,803659,0.0593159,73.80729886680794
get-seq,0,1x,1,4,False,803659,0.061121,76.05340075828181
get-seq,0,2-stackful,2,0,True,803659,0.022319124,27.77188334853464
get-seq,0,2-stackful,2,1,True,803659,0.022141430000000004,27.550777133087546
get-seq,0,2-stackful,2,2,False,803659,0.022408828,27.88350282893615
get-seq,0,2-stackful,2,3,False,803659,0.022259481999999997,27.69767028055431
get-seq,0,2-stackful,2,4,False,803659,0.022172570000000003,27.589524910440876
get-seq,0,2-stackless,2,0,True,803659,0.019816641,24.658021623599065
get-seq,0,2-stackless,2,1,True,803659,0.019842466,24.69015589945487
get-seq,0,2-stackless,2,2,False,803659,0.019607077,24.397259285343658
get-seq,0,2-stackless,2,3,False,803659,0.020012758,24.902051740850286
get-seq,0,2-stackless,2,4,False,803659,0.019683156999999993,24.49192630207587
get-seq,0,1x,2,0,True,803659,0.0585717,72.8812842262701
get-seq,0,1x,2,1,True,803659,0.0592716,73.7521759850882
get-seq,0,1x,2,2,False,803659,0.0582522,72.48372755111309
get-seq,0,1x,2,3,False,803659,0.0581436,72.34859561082499
get-seq,0,1x,2,4,False,803659,0.058477,72.76344817889179
const-seq,64,1x,0,0,True,307358,0.0365888,119.04294015447785
const-seq,64,1x,0,1,True,307358,0.0358037,116.48858985287515
const-seq,64,1x,0,2,False,307358,0.0363573,118.28974680990896
const-seq,64,1x,0,3,False,307358,0.0358053,116.49379550882033
const-seq,64,1x,0,4,False,307358,0.0358369,116.59660721373773
const-seq,64,2-stackless,0,0,True,307358,0.020212834,65.7631621757039
const-seq,64,2-stackless,0,1,True,307358,0.020083405999999998,65.34206365215806
const-seq,64,2-stackless,0,2,False,307358,0.020400036000000003,66.37223042836042
const-seq,64,2-stackless,0,3,False,307358,0.020389047000000007,66.33647733262193
const-seq,64,2-stackless,0,4,False,307358,0.020231168000000008,65.82281248576581
const-seq,64,2-stackful,0,0,True,307358,0.021087568,68.60913983042576
const-seq,64,2-stackful,0,1,True,307358,0.020917491,68.05578836405755
const-seq,64,2-stackful,0,2,False,307358,0.021356177999999996,69.48307185757324
const-seq,64,2-stackful,0,3,False,307358,0.021075869999999997,68.57107997839651
const-seq,64,2-stackful,0,4,False,307358,0.021066122999999992,68.53936777308543
const-seq,64,1x,1,0,True,307358,0.0363672,118.32195680606979
const-seq,64,1x,1,1,True,307358,0.037199,121.02824719057256
const-seq,64,1x,1,2,False,307358,0.0363128,118.14496450393352
const-seq,64,1x,1,3,False,307358,0.0358417,116.61222418157328
const-seq,64,1x,1,4,False,307358,0.035696,116.13818413706493
const-seq,64,2-stackful,1,0,True,307358,0.021073282999999998,68.56266308344016
const-seq,64,2-stackful,1,1,True,307358,0.021219085999999998,69.03703824204997
const-seq,64,2-stackful,1,2,False,307358,0.020858956000000005,67.86534269483795
const-seq,64,2-stackful,1,3,False,307358,0.020940966000000005,68.13216509737832
const-seq,64,2-stackful,1,4,False,307358,0.021097538,68.64157757403419
const-seq,64,2-stackless,1,0,True,307358,0.020170533,65.62553439311812
const-seq,64,2-stackless,1,1,True,307358,0.020278559,65.97700076132718
const-seq,64,2-stackless,1,2,False,307358,0.020087238,65.35453119814679
const-seq,64,2-stackless,1,3,False,307358,0.02039395,66.35242941455891
const-seq,64,2-stackless,1,4,False,307358,0.020124889999999993,65.47703329667681
const-seq,64,2-stackful,2,0,True,307358,0.021084375,68.59875129328015
const-seq,64,2-stackful,2,1,True,307358,0.021209433000000003,69.0056318690257
const-seq,64,2-stackful,2,2,False,307358,0.021240573000000006,69.10694694785887
const-seq,64,2-stackful,2,3,False,307358,0.021192319,68.94995087162202
const-seq,64,2-stackful,2,4,False,307358,0.02113989699999999,68.77939406164796
const-seq,64,1x,2,0,True,307358,0.0362459,117.9273030147255
const-seq,64,1x,2,1,True,307358,0.0362459,117.9273030147255
const-seq,64,1x,2,2,False,307358,0.0362921,118.0776163301427
const-seq,64,1x,2,3,False,307358,0.0359545,116.97922292570878
const-seq,64,1x,2,4,False,307358,0.03633,118.20092530534426
const-seq,64,2-stackless,2,0,True,307358,0.020028602,65.16375692189564
const-seq,64,2-stackless,2,1,True,307358,0.020238232999999998,65.84579871029872
const-seq,64,2-stackless,2,2,False,307358,0.020217105,65.77705802354258
const-seq,64,2-stackless,2,3,False,307358,0.020248500999999995,65.87920600732694
const-seq,64,2-stackless,2,4,False,307358,0.020331788000000003,66.15018317401858
assign-int,256,2-stackful,0,0,True,44047,0.030239218999999998,686.5216473312597
assign-int,256,2-stackful,0,1,True,44047,0.030404503999999995,690.2741162848774
assign-int,256,2-stackful,0,2,False,44047,0.030512254000000003,692.7203668808319
assign-int,256,2-stackful,0,3,False,44047,0.030075598999999995,682.8069789088927
assign-int,256,2-stackful,0,4,False,44047,0.030281111,687.4727223193407
assign-int,256,1x,0,0,True,44047,0.0217039,492.74411424160553
assign-int,256,1x,0,1,True,44047,0.0215166,488.4918382636729
assign-int,256,1x,0,2,False,44047,0.0215753,489.8245056417009
assign-int,256,1x,0,3,False,44047,0.021535,488.90957386428136
assign-int,256,1x,0,4,False,44047,0.0212711,482.9182464185983
assign-int,256,2-stackless,0,0,True,44047,0.03063312,695.4643903103503
assign-int,256,2-stackless,0,1,True,44047,0.030285489,687.5721161486593
assign-int,256,2-stackless,0,2,False,44047,0.030470432999999998,691.7709038072968
assign-int,256,2-stackless,0,3,False,44047,0.030301066,687.9257611188049
assign-int,256,2-stackless,0,4,False,44047,0.03064834200000001,695.8099757077669
assign-int,256,2-stackless,1,0,True,44047,0.030088264,683.0945126796377
assign-int,256,2-stackless,1,1,True,44047,0.03036768,689.4381002111381
assign-int,256,2-stackless,1,2,False,44047,0.030760369000000003,698.3533271278408
assign-int,256,2-stackless,1,3,False,44047,0.03058478299999999,694.3669943469473
assign-int,256,2-stackless,1,4,False,44047,0.030638326000000007,695.5825822416965
assign-int,256,2-stackful,1,0,True,44047,0.030095872,683.2672372692805
assign-int,256,2-stackful,1,1,True,44047,0.030230266,686.3183871773333
assign-int,256,2-stackful,1,2,False,44047,0.030440858000000008,691.0994619383841
assign-int,256,2-stackful,1,3,False,44047,0.03020959000000001,685.8489794991715
assign-int,256,2-stackful,1,4,False,44047,0.03019822600000001,685.5909823597523
assign-int,256,1x,1,0,True,44047,0.0203237,461.40940359161806
assign-int,256,1x,1,1,True,44047,0.0202562,459.8769496219947
assign-int,256,1x,1,2,False,44047,0.020114,456.64857992598814
assign-int,256,1x,1,3,False,44047,0.0201381,457.1957227506981
assign-int,256,1x,1,4,False,44047,0.0201678,457.8700024973324
assign-int,256,2-stackless,2,0,True,44047,0.030551302,693.6068744749927
assign-int,256,2-stackless,2,1,True,44047,0.030463528,691.6141394419598
assign-int,256,2-stackless,2,2,False,44047,0.030422533,690.6834290644085
assign-int,256,2-stackless,2,3,False,44047,0.030484055999999995,692.0801870728993
assign-int,256,2-stackless,2,4,False,44047,0.030348258000000003,688.9971621222786
assign-int,256,1x,2,0,True,44047,0.0202709,460.210684042046
assign-int,256,1x,2,1,True,44047,0.0201152,456.67582355211476
assign-int,256,1x,2,2,False,44047,0.0201443,457.33648148568574
assign-int,256,1x,2,3,False,44047,0.0200698,455.645106363657
assign-int,256,1x,2,4,False,44047,0.0202718,460.231116761641
assign-int,256,2-stackful,2,0,True,44047,0.030190347000000003,685.412105251209
assign-int,256,2-stackful,2,1,True,44047,0.030215515000000002,685.9834949031716
assign-int,256,2-stackful,2,2,False,44047,0.029999429999999994,681.077712443526
assign-int,256,2-stackful,2,3,False,44047,0.02983594099999999,677.3660181170112
assign-int,256,2-stackful,2,4,False,44047,0.029965709999999993,680.3121665493676
get-int,8,2-stackful,0,0,True,1547617,0.042204254,27.270477127092814
get-int,8,2-stackful,0,1,True,1547617,0.041459941,26.78953578307811
get-int,8,2-stackful,0,2,False,1547617,0.04199646399999998,27.136212641758256
get-int,8,2-stackful,0,3,False,1547617,0.04204598700000001,27.16821216101917
get-int,8,2-stackful,0,4,False,1547617,0.04197757799999999,27.124009364073917
get-int,8,1x,0,0,True,1547617,0.0193628,12.511364245805002
get-int,8,1x,0,1,True,1547617,0.019709,12.735063003314128
get-int,8,1x,0,2,False,1547617,0.019596,12.662047522093644
get-int,8,1x,0,3,False,1547617,0.019586,12.655585975082982
get-int,8,1x,0,4,False,1547617,0.0192861,12.461804180233223
get-int,8,2-stackless,0,0,True,1547617,0.037439378,24.19163009969521
get-int,8,2-stackless,0,1,True,1547617,0.03767674,24.345002671849688
get-int,8,2-stackless,0,2,False,1547617,0.037278564,24.087719377597946
get-int,8,2-stackless,0,3,False,1547617,0.037174241999999996,24.02031122687331
get-int,8,2-stackless,0,4,False,1547617,0.03751370400000001,24.239656194006663
get-int,8,1x,1,0,True,1547617,0.0191684,12.385751771917729
get-int,8,1x,1,1,True,1547617,0.0195038,12.602472058655339
get-int,8,1x,1,2,False,1547617,0.0192525,12.440093382277398
get-int,8,1x,1,3,False,1547617,0.0198041,12.796512315385526
get-int,8,1x,1,4,False,1547617,0.0191587,12.379484071317387
get-int,8,2-stackful,1,0,True,1547617,0.041884908,27.064130207926123
get-int,8,2-stackful,1,1,True,1547617,0.041757301,26.981676344987164
get-int,8,2-stackful,1,2,False,1547617,0.042027147999999986,27.15603925260577
get-int,8,2-stackful,1,3,False,1547617,0.04216466799999999,27.244898447096396
get-int,8,2-stackful,1,4,False,1547617,0.042184732,27.2578628950186
get-int,8,2-stackless,1,0,True,1547617,0.036979822,23.894685829892023
get-int,8,2-stackless,1,1,True,1547617,0.037357627,24.138806306728345
get-int,8,2-stackless,1,2,False,1547617,0.037197032000000005,24.03503709251062
get-int,8,2-stackless,1,3,False,1547617,0.037411711,24.173752937580808
get-int,8,2-stackless,1,4,False,1547617,0.037757947000000014,24.397474956659185
get-int,8,2-stackful,2,0,True,1547617,0.042096440000000006,27.200812604152066
get-int,8,2-stackful,2,1,True,1547617,0.041875256,27.05789352275143
get-int,8,2-stackful,2,2,False,1547617,0.04158268999999999,26.868850626479286
get-int,8,2-stackful,2,3,False,1547617,0.042300612000000015,27.33273930177816
get-int,8,2-stackful,2,4,False,1547617,0.042019711000000015,27.151233800093962
get-int,8,2-stackless,2,0,True,1547617,0.037513360999999995,24.239434562944187
get-int,8,2-stackless,2,1,True,1547617,0.037555915,24.266931030093364
get-int,8,2-stackless,2,2,False,1547617,0.03782933499999999,24.443602648458885
get-int,8,2-stackless,2,3,False,1547617,0.03738931200000001,24.159279718431634
get-int,8,2-stackless,2,4,False,1547617,0.03730324800000001,24.10366906023907
get-int,8,1x,2,0,True,1547617,0.0190801,12.328696311813582
get-int,8,1x,2,1,True,1547617,0.0192873,12.462579565874503
get-int,8,1x,2,2,False,1547617,0.0191142,12.35073018711994
get-int,8,1x,2,3,False,1547617,0.0191435,12.36966251986118
get-int,8,1x,2,4,False,1547617,0.0191942,12.402422563205237
make-seq,0,2-stackless,0,0,True,1361378,0.033914366,24.91179231631479
make-seq,0,2-stackless,0,1,True,1361378,0.034059589,25.018465848574017
make-seq,0,2-stackless,0,2,False,1361378,0.03369422699999999,24.75008924780626
make-seq,0,2-stackless,0,3,False,1361378,0.033614516,24.69153754504627
make-seq,0,2-stackless,0,4,False,1361378,0.03382095700000001,24.843178749766793
make-seq,0,2-stackful,0,0,True,1361378,0.037914149,27.8498323022702
make-seq,0,2-stackful,0,1,True,1361378,0.038081458,27.97272910242416
make-seq,0,2-stackful,0,2,False,1361378,0.03777090400000001,27.74461170960601
make-seq,0,2-stackful,0,3,False,1361378,0.037817602000000006,27.778913718306015
make-seq,0,2-stackful,0,4,False,1361378,0.03777831899999998,27.750058396712728
make-seq,0,1x,0,0,True,1361378,0.0197737,14.524768286251136
make-seq,0,1x,0,1,True,1361378,0.0198636,14.590804317390173
make-seq,0,1x,0,2,False,1361378,0.0196213,14.412822889748476
make-seq,0,1x,0,3,False,1361378,0.0199192,14.631645288817653
make-seq,0,1x,0,4,False,1361378,0.0194035,14.252837933329317
make-seq,0,1x,1,0,True,1361378,0.0195894,14.389390749666882
make-seq,0,1x,1,1,True,1361378,0.0200636,14.737714286553771
make-seq,0,1x,1,2,False,1361378,0.0196035,14.399747902492916
make-seq,0,1x,1,3,False,1361378,0.0193827,14.237559296536304
make-seq,0,1x,1,4,False,1361378,0.0202227,14.854581167023413
make-seq,0,2-stackless,1,0,True,1361378,0.033847972,24.86302261385155
make-seq,0,2-stackless,1,1,True,1361378,0.033689899999999995,24.746910850623408
make-seq,0,2-stackless,1,2,False,1361378,0.03347204200000001,24.586883290313203
make-seq,0,2-stackless,1,3,False,1361378,0.033641251999999996,24.71117646972406
make-seq,0,2-stackless,1,4,False,1361378,0.03372651899999998,24.77380933142741
make-seq,0,2-stackful,1,0,True,1361378,0.037776575,27.748777341781636
make-seq,0,2-stackful,1,1,True,1361378,0.038092905999999996,27.98113822905908
make-seq,0,2-stackful,1,2,False,1361378,0.038073814,27.96711420340273
make-seq,0,2-stackful,1,3,False,1361378,0.03768411399999999,27.680860128487453
make-seq,0,2-stackful,1,4,False,1361378,0.037839116000000006,27.794716823688944
make-seq,0,1x,2,0,True,1361378,0.0198762,14.60005964544748
make-seq,0,1x,2,1,True,1361378,0.0192713,14.15573044371218
make-seq,0,1x,2,2,False,1361378,0.0194433,14.282073017192873
make-seq,0,1x,2,3,False,1361378,0.0195025,14.325558368065298
make-seq,0,1x,2,4,False,1361378,0.0199151,14.6286336344498
make-seq,0,2-stackful,2,0,True,1361378,0.037834019999999996,27.790973557674644
make-seq,0,2-stackful,2,1,True,1361378,0.037522838999999995,27.56239560210316
make-seq,0,2-stackful,2,2,False,1361378,0.037396342,27.469477250256727
make-seq,0,2-stackful,2,3,False,1361378,0.037590566000000006,27.612144459510883
make-seq,0,2-stackful,2,4,False,1361378,0.037492841,27.540360575828316
make-seq,0,2-stackless,2,0,True,1361378,0.033544251000000004,24.63992440012987
make-seq,0,2-stackless,2,1,True,1361378,0.03362956400000001,24.702591051126145
make-seq,0,2-stackless,2,2,False,1361378,0.033541289,24.63774866348656
make-seq,0,2-stackless,2,3,False,1361378,0.033564967,24.655141334735834
make-seq,0,2-stackless,2,4,False,1361378,0.033543060999999985,24.639050285813333
add-int,8,2-stackless,0,0,True,1295572,0.030360657,23.43417193332366
add-int,8,2-stackless,0,1,True,1295572,0.030272436,23.36607768614944
add-int,8,2-stackless,0,2,False,1295572,0.030509673,23.54919139962889
add-int,8,2-stackless,0,3,False,1295572,0.030451112999999988,23.503991287246087
add-int,8,2-stackless,0,4,False,1295572,0.030525780999999988,23.56162451797352
add-int,8,2-stackful,0,0,True,1295572,0.034020104999999995,26.258752890615106
add-int,8,2-stackful,0,1,True,1295572,0.033822398999999996,26.106151568573566
add-int,8,2-stackful,0,2,False,1295572,0.03426912400000001,26.450960656760113
add-int,8,2-stackful,0,3,False,1295572,0.034267939,26.45004600284662
add-int,8,2-stackful,0,4,False,1295572,0.03406067700000001,26.290068788149185
add-int,8,1x,0,0,True,1295572,0.0199619,15.407788992043669
add-int,8,1x,0,1,True,1295572,0.0199824,15.423612118817017
add-int,8,1x,0,2,False,1295572,0.0200678,15.489528949375257
add-int,8,1x,0,3,False,1295572,0.0198638,15.33206954148438
add-int,8,1x,0,4,False,1295572,0.0199432,15.393355212987005
add-int,8,1x,1,0,True,1295572,0.020026,15.457265207954478
add-int,8,1x,1,1,True,1295572,0.0201529,15.555214221980716
add-int,8,1x,1,2,False,1295572,0.0201589,15.55984538103633
add-int,8,1x,1,3,False,1295572,0.0201644,15.564090610170643
add-int,8,1x,1,4,False,1295572,0.0201207,15.53036033504892
add-int,8,2-stackless,1,0,True,1295572,0.030530946,23.56561117406057
add-int,8,2-stackless,1,1,True,1295572,0.030549431999999998,23.579879775110914
add-int,8,2-stackless,1,2,False,1295572,0.030159649000000004,23.27902193008185
add-int,8,2-stackless,1,3,False,1295572,0.030225650000000007,23.329965451553452
add-int,8,2-stackless,1,4,False,1295572,0.030692230000000015,23.690099816914856
add-int,8,2-stackful,1,0,True,1295572,0.034065513000000006,26.293801502348003
add-int,8,2-stackful,1,1,True,1295572,0.03418635400000001,26.38707381758791
add-int,8,2-stackful,1,2,False,1295572,0.034407715000000005,26.55793348420621
add-int,8,2-stackful,1,3,False,1295572,0.034385637999999996,26.540893134461065
add-int,8,2-stackful,1,4,False,1295572,0.033963540999999986,26.21509341047814
add-int,8,1x,2,0,True,1295572,0.0198147,15.294171223212604
add-int,8,1x,2,1,True,1295572,0.0197907,15.275646586990147
add-int,8,1x,2,2,False,1295572,0.0201408,15.545874717885228
add-int,8,1x,2,3,False,1295572,0.0204999,15.823049587363728
add-int,8,1x,2,4,False,1295572,0.020411,15.75443124735638
add-int,8,2-stackless,2,0,True,1295572,0.030935480999999997,23.877855495487704
add-int,8,2-stackless,2,1,True,1295572,0.030630383,23.64236260122942
add-int,8,2-stackless,2,2,False,1295572,0.030355068000000006,23.42985800866336
add-int,8,2-stackless,2,3,False,1295572,0.03068462100000001,23.68422673537249
add-int,8,2-stackless,2,4,False,1295572,0.030464884999999997,23.514621340998414
add-int,8,2-stackful,2,0,True,1295572,0.034547210999999994,26.665604844809856
add-int,8,2-stackful,2,1,True,1295572,0.034651206000000004,26.745874409141297
add-int,8,2-stackful,2,2,False,1295572,0.034423967,26.570477750368177
add-int,8,2-stackful,2,3,False,1295572,0.034352603999999995,26.51539551642054
add-int,8,2-stackful,2,4,False,1295572,0.034454805000000005,26.594280364194354
get-table,0,2-stackless,0,0,True,807315,0.020106934,24.905933867201774
get-table,0,2-stackless,0,1,True,807315,0.019955517000000002,24.718377584957548
get-table,0,2-stackless,0,2,False,807315,0.020020227,24.79853217145724
get-table,0,2-stackless,0,3,False,807315,0.019950481,24.712139623319274
get-table,0,2-stackless,0,4,False,807315,0.019837965,24.572768993515542
get-table,0,1x,0,0,True,807315,0.0704054,87.20932969163213
get-table,0,1x,0,1,True,807315,0.0708284,87.7332887410738
get-table,0,1x,0,2,False,807315,0.0706076,87.45978954930851
get-table,0,1x,0,3,False,807315,0.0708031,87.70195029201737
get-table,0,1x,0,4,False,807315,0.0696683,86.29630317781783
get-table,0,2-stackful,0,0,True,807315,0.022548134999999997,27.929785771353185
get-table,0,2-stackful,0,1,True,807315,0.022485352,27.852018109412064
get-table,0,2-stackful,0,2,False,807315,0.022720252999999996,28.142983841499287
get-table,0,2-stackful,0,3,False,807315,0.0225592,27.943491697788346
get-table,0,2-stackful,0,4,False,807315,0.022317639,27.644276397688635
get-table,0,2-stackless,1,0,True,807315,0.019891192,24.638699887900014
get-table,0,2-stackless,1,1,True,807315,0.019933118000000003,24.690632528814657
get-table,0,2-stackless,1,2,False,807315,0.019717088,24.423041811436676
get-table,0,2-stackless,1,3,False,807315,0.019897265000000004,24.64622235434744
get-table,0,2-stackless,1,4,False,807315,0.019788695999999995,24.51174077033128
get-table,0,1x,1,0,True,807315,0.0687997,85.22039104934258
get-table,0,1x,1,1,True,807315,0.0700699,86.79375460631847
get-table,0,1x,1,2,False,807315,0.0694556,86.0328372444461
get-table,0,1x,1,3,False,807315,0.0700525,86.77220168088044
get-table,0,1x,1,4,False,807315,0.0701743,86.92307215894664
get-table,0,2-stackful,1,0,True,807315,0.022619379,28.018033852957025
get-table,0,2-stackful,1,1,True,807315,0.022560328,27.944888921920192
get-table,0,2-stackful,1,2,False,807315,0.022232596999999993,27.53893709394721
get-table,0,2-stackful,1,3,False,807315,0.022286194999999995,27.60532753633959
get-table,0,2-stackful,1,4,False,807315,0.022222901000000003,27.526926912047966
get-table,0,2-stackful,2,0,True,807315,0.022233225,27.53971498114119
get-table,0,2-stackful,2,1,True,807315,0.022445274,27.80237453781981
get-table,0,2-stackful,2,2,False,807315,0.022214593999999997,27.516637248162112
get-table,0,2-stackful,2,3,False,807315,0.022357063999999996,27.69311111524002
get-table,0,2-stackful,2,4,False,807315,0.022221125000000008,27.52472702724464
get-table,0,2-stackless,2,0,True,807315,0.019860157,24.600257644166156
get-table,0,2-stackless,2,1,True,807315,0.019732886,24.442610381325753
get-table,0,2-stackless,2,2,False,807315,0.019948612999999997,24.70982578051937
get-table,0,2-stackless,2,3,False,807315,0.019905518000000004,24.656445129843995
get-table,0,2-stackless,2,4,False,807315,0.019959806999999996,24.723691495884502
get-table,0,1x,2,0,True,807315,0.0692252,85.7474467834736
get-table,0,1x,2,1,True,807315,0.0702646,87.03492440992673
get-table,0,1x,2,2,False,807315,0.0697444,86.3905662597623
get-table,0,1x,2,3,False,807315,0.0700703,86.79425007586877
get-table,0,1x,2,4,False,807315,0.070498,87.32403089252647
update-table,64,1x,0,0,True,208244,0.062587,300.54647432819195
update-table,64,1x,0,1,True,208244,0.0635996,305.4090393960931
update-table,64,1x,0,2,False,208244,0.0627057,301.11647874608633
update-table,64,1x,0,3,False,208244,0.062981,302.43848562263497
update-table,64,1x,0,4,False,208244,0.0623829,299.56637406119745
update-table,64,2-stackless,0,0,True,208244,0.019969152,95.89304853921361
update-table,64,2-stackless,0,1,True,208244,0.019799689000000002,95.07927719406084
update-table,64,2-stackless,0,2,False,208244,0.019664444999999996,94.42982751003629
update-table,64,2-stackless,0,3,False,208244,0.019776951,94.97008797372314
update-table,64,2-stackless,0,4,False,208244,0.019751919999999992,94.84988763181649
update-table,64,2-stackful,0,0,True,208244,0.020328269,97.61754960527074
update-table,64,2-stackful,0,1,True,208244,0.020442818,98.16762067574577
update-table,64,2-stackful,0,2,False,208244,0.020155582,96.78829642150554
update-table,64,2-stackful,0,3,False,208244,0.020547222999999996,98.66897965847754
update-table,64,2-stackful,0,4,False,208244,0.020201123,97.0069869960239
update-table,64,2-stackful,1,0,True,208244,0.020071339,96.3837565548107
update-table,64,2-stackful,1,1,True,208244,0.020334955000000002,97.6496561725668
update-table,64,2-stackful,1,2,False,208244,0.0205192,98.53441155567508
update-table,64,2-stackful,1,3,False,208244,0.020648102999999994,99.15341138280091
update-table,64,2-stackful,1,4,False,208244,0.020494132000000012,98.41403353758096
update-table,64,1x,1,0,True,208244,0.0630112,302.5835078081481
update-table,64,1x,1,1,True,208244,0.0628404,301.763316109948
update-table,64,1x,1,2,False,208244,0.0625822,300.52342444440177
update-table,64,1x,1,3,False,208244,0.062845,301.78540558191355
update-table,64,1x,1,4,False,208244,0.0626421,300.8110677858666
update-table,64,2-stackless,1,0,True,208244,0.019848047,95.31149516912852
update-table,64,2-stackless,1,1,True,208244,0.019559516,93.92595224832408
update-table,64,2-stackless,1,2,False,208244,0.0195032,93.65551948675592
update-table,64,2-stackless,1,3,False,208244,0.020073428000000004,96.39378805631857
update-table,64,2-stackless,1,4,False,208244,0.019640893000000006,94.31672941357257
update-table,64,2-stackless,2,0,True,208244,0.020118782999999998,96.61158544784001
update-table,64,2-stackless,2,1,True,208244,0.020074668,96.399742609631
update-table,64,2-stackless,2,2,False,208244,0.019607289,94.15536101880487
update-table,64,2-stackless,2,3,False,208244,0.019697889000000003,94.59042757534432
update-table,64,2-stackless,2,4,False,208244,0.019781439999999997,94.99164441712604
update-table,64,2-stackful,2,0,True,208244,0.020447767,98.19138606634525
update-table,64,2-stackful,2,1,True,208244,0.020918848999999996,100.45354968210367
update-table,64,2-stackful,2,2,False,208244,0.020368825,97.81230191506118
update-table,64,2-stackful,2,3,False,208244,0.020236659999999997,97.17763777107622
update-table,64,2-stackful,2,4,False,208244,0.020192507,96.96561245462054
update-table,64,1x,2,0,True,208244,0.0627245,301.2067574575978
update-table,64,1x,2,1,True,208244,0.0630638,302.8360961180154
update-table,64,1x,2,2,False,208244,0.062883,301.9678838285857
update-table,64,1x,2,3,False,208244,0.0625905,300.5632815351222
update-table,64,1x,2,4,False,208244,0.0623035,299.1850905668351
do-int,8,1x,0,0,True,126152,0.0196108,155.45373834739044
do-int,8,1x,0,1,True,126152,0.0195355,154.856839368381
do-int,8,1x,0,2,False,126152,0.0194578,154.24091572071785
do-int,8,1x,0,3,False,126152,0.0196216,155.53934935633205
do-int,8,1x,0,4,False,126152,0.0193559,153.43315999746338
do-int,8,2-stackful,0,0,True,126152,0.033949447,269.11540839622046
do-int,8,2-stackful,0,1,True,126152,0.033553212,265.974475236223
do-int,8,2-stackful,0,2,False,126152,0.033506601,265.6049923901325
do-int,8,2-stackful,0,3,False,126152,0.033698568,267.12670429323356
do-int,8,2-stackful,0,4,False,126152,0.03380053599999999,267.9349990487665
do-int,8,2-stackless,0,0,True,126152,0.031346879,248.4849942925994
do-int,8,2-stackless,0,1,True,126152,0.030927788000000005,245.16288287145667
do-int,8,2-stackless,0,2,False,126152,0.031243948,247.6690658887691
do-int,8,2-stackless,0,3,False,126152,0.030950701999999997,245.3445208954277
do-int,8,2-stackless,0,4,False,126152,0.030955949999999996,245.3861215042171
do-int,8,2-stackful,1,0,True,126152,0.033407695,264.8209699410235
do-int,8,2-stackful,1,1,True,126152,0.033675276000000004,266.94206988394956
do-int,8,2-stackful,1,2,False,126152,0.03360898500000001,266.4165847548989
do-int,8,2-stackful,1,3,False,126152,0.033486179000000005,265.4431083137802
do-int,8,2-stackful,1,4,False,126152,0.033892106000000005,268.6608694273575
do-int,8,2-stackless,1,0,True,126152,0.032050882,254.0655875451836
do-int,8,2-stackless,1,1,True,126152,0.031375812,248.7143446001649
do-int,8,2-stackless,1,2,False,126152,0.031321695999999996,248.28537002980528
do-int,8,2-stackless,1,3,False,126152,0.031361685999999986,248.60236857124727
do-int,8,2-stackless,1,4,False,126152,0.03138043700000001,248.75100672204968
do-int,8,1x,1,0,True,126152,0.0197532,156.58253535417592
do-int,8,1x,1,1,True,126152,0.019464,154.29006278140656
do-int,8,1x,1,2,False,126152,0.0194517,154.1925613545564
do-int,8,1x,1,3,False,126152,0.0195993,155.3625784767582
do-int,8,1x,1,4,False,126152,0.0194086,153.85091001331728
do-int,8,2-stackful,2,0,True,126152,0.033760846,267.6203785909062
do-int,8,2-stackful,2,1,True,126152,0.03384664799999999,268.30052634916603
do-int,8,2-stackful,2,2,False,126152,0.033438548,265.06553998351194
do-int,8,2-stackful,2,3,False,126152,0.03331500999999999,264.08626101845385
do-int,8,2-stackful,2,4,False,126152,0.03360618300000001,266.3943734542458
do-int,8,2-stackless,2,0,True,126152,0.031565830999999996,250.2206148138753
do-int,8,2-stackless,2,1,True,126152,0.031521819000000006,249.87173409854785
do-int,8,2-stackless,2,2,False,126152,0.03151072499999999,249.78379256769603
do-int,8,2-stackless,2,3,False,126152,0.030984367,245.61138150802208
do-int,8,2-stackless,2,4,False,126152,0.03153837400000001,250.00296467753193
do-int,8,1x,2,0,True,126152,0.0196067,155.42123787177374
do-int,8,1x,2,1,True,126152,0.0196105,155.45136026380874
do-int,8,1x,2,2,False,126152,0.0194323,154.03877861627242
do-int,8,1x,2,3,False,126152,0.0197001,156.16161456021308
do-int,8,1x,2,4,False,126152,0.0195674,155.1097089225696
assign-table,0,2-stackless,0,0,True,760084,0.018717286,24.625286152583136
assign-table,0,2-stackless,0,1,True,760084,0.018699162999999998,24.601442735276624
assign-table,0,2-stackless,0,2,False,760084,0.018857548000000002,24.809821019782024
assign-table,0,2-stackless,0,3,False,760084,0.018721799000000004,24.631223654227696
assign-table,0,2-stackless,0,4,False,760084,0.01878047999999999,24.708426963335615
assign-table,0,1x,0,0,True,760084,0.0662731,87.19181037885286
assign-table,0,1x,0,1,True,760084,0.0660707,86.92552402102925
assign-table,0,1x,0,2,False,760084,0.0669063,88.02487619789392
assign-table,0,1x,0,3,False,760084,0.0665685,87.58045163429306
assign-table,0,1x,0,4,False,760084,0.0660427,86.88868598733823
assign-table,0,2-stackful,0,0,True,760084,0.020996922,27.624475715841932
assign-table,0,2-stackful,0,1,True,760084,0.020890016,27.483825471921524
assign-table,0,2-stackful,0,2,False,760084,0.021273186,27.987940806542436
assign-table,0,2-stackful,0,3,False,760084,0.02125589,27.965185426873873
assign-table,0,2-stackful,0,4,False,760084,0.020948405000000003,27.560644612963834
assign-table,0,2-stackless,1,0,True,760084,0.018992228,24.987011961835798
assign-table,0,2-stackless,1,1,True,760084,0.018709098,24.614513659016634
assign-table,0,2-stackless,1,2,False,760084,0.018663022,24.55389404328995
assign-table,0,2-stackless,1,3,False,760084,0.018673608,24.567821451313275
assign-table,0,2-stackless,1,4,False,760084,0.018518265000000006,24.363445356039605
assign-table,0,2-stackful,1,0,True,760084,0.021146642,27.821453944564023
assign-table,0,2-stackful,1,1,True,760084,0.021041788,27.68350340225554
assign-table,0,2-stackful,1,2,False,760084,0.02121952,27.917335452397367
assign-table,0,2-stackful,1,3,False,760084,0.02100713,27.637905810410427
assign-table,0,2-stackful,1,4,False,760084,0.020969880999999996,27.588899384804833
assign-table,0,1x,1,0,True,760084,0.0658233,86.60003368048794
assign-table,0,1x,1,1,True,760084,0.0655957,86.30059309234244
assign-table,0,1x,1,2,False,760084,0.066065,86.91802484988501
assign-table,0,1x,1,3,False,760084,0.0663251,87.26022386999331
assign-table,0,1x,1,4,False,760084,0.066091,86.95223159545525
assign-table,0,2-stackless,2,0,True,760084,0.018853949,24.80508601680867
assign-table,0,2-stackless,2,1,True,760084,0.018657922,24.547184258581947
assign-table,0,2-stackless,2,2,False,760084,0.018589662,24.457378395019497
assign-table,0,2-stackless,2,3,False,760084,0.018669345999999996,24.562214176327874
assign-table,0,2-stackless,2,4,False,760084,0.018604640000000006,24.477084111756078
assign-table,0,1x,2,0,True,760084,0.0653789,86.01536146004915
assign-table,0,1x,2,1,True,760084,0.0657329,86.48109945742839
assign-table,0,1x,2,2,False,760084,0.0662784,87.19878329237295
assign-table,0,1x,2,3,False,760084,0.0659557,86.77422495408403
assign-table,0,1x,2,4,False,760084,0.0655805,86.28059530262445
assign-table,0,2-stackful,2,0,True,760084,0.021146687,27.82151314854674
assign-table,0,2-stackful,2,1,True,760084,0.021311768000000002,28.03870098568053
assign-table,0,2-stackful,2,2,False,760084,0.021004425,27.634346993227066
assign-table,0,2-stackful,2,3,False,760084,0.02090379199999999,27.501949784497487
assign-table,0,2-stackful,2,4,False,760084,0.020945807999999996,27.557227885338985
update-string,0,2-stackful,0,0,True,1974939,0.058867274000000004,29.807135308989295
update-string,0,2-stackful,0,1,True,1974939,0.059292521,30.022456896137044
update-string,0,2-stackful,0,2,False,1974939,0.06030785700000002,30.536566952194484
update-string,0,2-stackful,0,3,False,1974939,0.05998018399999999,30.37065144796877
update-string,0,2-stackful,0,4,False,1974939,0.059136368999999994,29.943390150278056
update-string,0,1x,0,0,True,1974939,0.0207665,10.515008311649119
update-string,0,1x,0,1,True,1974939,0.0207854,10.52457822747943
update-string,0,1x,0,2,False,1974939,0.0205568,10.408827816960423
update-string,0,1x,0,3,False,1974939,0.0207866,10.525185841182942
update-string,0,1x,0,4,False,1974939,0.0206277,10.444727659942915
update-string,0,2-stackless,0,0,True,1974939,0.05321796,26.946634807454814
update-string,0,2-stackless,0,1,True,1974939,0.052920559000000006,26.796047371589708
update-string,0,2-stackless,0,2,False,1974939,0.052677784000000005,26.673119524197965
update-string,0,2-stackless,0,3,False,1974939,0.05297160100000001,26.821892220468584
update-string,0,2-stackless,0,4,False,1974939,0.053597881999999986,27.139006318676163
update-string,0,2-stackful,1,0,True,1974939,0.058950713,29.849384208828727
update-string,0,2-stackful,1,1,True,1974939,0.058743223000000004,29.744322736044005
update-string,0,2-stackful,1,2,False,1974939,0.058426171,29.58378511943913
update-string,0,2-stackful,1,3,False,1974939,0.05883229200000001,29.78942235684242
update-string,0,2-stackful,1,4,False,1974939,0.058789526000000036,29.767768017138778
update-string,0,1x,1,0,True,1974939,0.0207173,10.490096149805133
update-string,0,1x,1,1,True,1974939,0.0208018,10.532882281427426
update-string,0,1x,1,2,False,1974939,0.0207703,10.51693242171024
update-string,0,1x,1,3,False,1974939,0.0207857,10.52473013090531
update-string,0,1x,1,4,False,1974939,0.0206693,10.465791601664659
update-string,0,2-stackless,1,0,True,1974939,0.053644495,27.162608566644337
update-string,0,2-stackless,1,1,True,1974939,0.053507408000000006,27.0931952834999
update-string,0,2-stackless,1,2,False,1974939,0.05267585599999999,26.672143291514317
update-string,0,2-stackless,1,3,False,1974939,0.052831456,26.750930535069692
update-string,0,2-stackless,1,4,False,1974939,0.053037464000000006,26.855241604930587
update-string,0,2-stackful,2,0,True,1974939,0.05900422,29.87647719752357
update-string,0,2-stackful,2,1,True,1974939,0.058988339,29.868435936502344
update-string,0,2-stackful,2,2,False,1974939,0.058493847,29.618052506938188
update-string,0,2-stackful,2,3,False,1974939,0.05918237900000001,29.966687072360212
update-string,0,2-stackful,2,4,False,1974939,0.058775714000000034,29.760774383411356
update-string,0,1x,2,0,True,1974939,0.0205788,10.419967401524806
update-string,0,1x,2,1,True,1974939,0.0208092,10.536629232599083
update-string,0,1x,2,2,False,1974939,0.0209642,10.615112669302697
update-string,0,1x,2,3,False,1974939,0.0207006,10.48164019243126
update-string,0,1x,2,4,False,1974939,0.020626,10.44386687386294
update-string,0,2-stackless,2,0,True,1974939,0.053141672,26.90800677894355
update-string,0,2-stackless,2,1,True,1974939,0.053156036000000004,26.915279914974594
update-string,0,2-stackless,2,2,False,1974939,0.053010599000000005,26.841638653143214
update-string,0,2-stackless,2,3,False,1974939,0.05335177299999999,27.014390317878167
update-string,0,2-stackless,2,4,False,1974939,0.053009235000000016,26.840947998900226
make-table,0,1x,0,0,True,763415,0.022626,29.637877170346403
make-table,0,1x,0,1,True,763415,0.0224195,29.3673820923089
make-table,0,1x,0,2,False,763415,0.0221916,29.068855078823443
make-table,0,1x,0,3,False,763415,0.0226102,29.61718069464184
make-table,0,1x,0,4,False,763415,0.0221479,29.011612294754492
make-table,0,2-stackless,0,0,True,763415,0.018884797999999998,24.73726348054465
make-table,0,2-stackless,0,1,True,763415,0.018860825999999997,24.70586247322884
make-table,0,2-stackless,0,2,False,763415,0.018726055999999998,24.52932677508301
make-table,0,2-stackless,0,3,False,763415,0.018993387999999993,24.879505904390133
make-table,0,2-stackless,0,4,False,763415,0.01882238,24.655501922283424
make-table,0,2-stackful,0,0,True,763415,0.021175426,27.737765173594966
make-table,0,2-stackful,0,1,True,763415,0.021118846000000004,27.66365083211622
make-table,0,2-stackful,0,2,False,763415,0.021040027000000003,27.560405546131534
make-table,0,2-stackful,0,3,False,763415,0.021096077000000005,27.633825638741712
make-table,0,2-stackful,0,4,False,763415,0.021122242,27.66809926448917
make-table,0,1x,1,0,True,763415,0.0228489,29.929854666203834
make-table,0,1x,1,1,True,763415,0.0224086,29.353104143879804
make-table,0,1x,1,2,False,763415,0.0223125,29.22722241506913
make-table,0,1x,1,3,False,763415,0.0219962,28.81289992992016
make-table,0,1x,1,4,False,763415,0.022163,29.031391837991134
make-table,0,2-stackless,1,0,True,763415,0.018939929,24.809479771814807
make-table,0,2-stackless,1,1,True,763415,0.018877676000000003,24.7279343476353
make-table,0,2-stackless,1,2,False,763415,0.018672769,24.459525945914084
make-table,0,2-stackless,1,3,False,763415,0.01886177499999999,24.70710557167463
make-table,0,2-stackless,1,4,False,763415,0.018742289999999995,24.550591748917686
make-table,0,2-stackful,1,0,True,763415,0.020956881,27.451492307591547
make-table,0,2-stackful,1,1,True,763415,0.020978466,27.479766575191736
make-table,0,2-stackful,1,2,False,763415,0.021087297000000005,27.622324685786896
make-table,0,2-stackful,1,3,False,763415,0.021186087999999992,27.75173136498496
make-table,0,2-stackful,1,4,False,763415,0.021118018000000002,27.66256623199702
make-table,0,2-stackless,2,0,True,763415,0.018825428,24.659494508229468
make-table,0,2-stackless,2,1,True,763415,0.018974372,24.85459677894723
make-table,0,2-stackless,2,2,False,763415,0.01908861,25.004237537905333
make-table,0,2-stackless,2,3,False,763415,0.019066786999999995,24.975651513266044
make-table,0,2-stackless,2,4,False,763415,0.018743719000000006,24.55246360105579
make-table,0,2-stackful,2,0,True,763415,0.021185145000000002,27.75049612596033
make-table,0,2-stackful,2,1,True,763415,0.021209307,27.782146014946
make-table,0,2-stackful,2,2,False,763415,0.02102193499999999,27.536706771546267
make-table,0,2-stackful,2,3,False,763415,0.02105881400000001,27.585014703667085
make-table,0,2-stackful,2,4,False,763415,0.021192492000000007,27.760119987162955
make-table,0,1x,2,0,True,763415,0.0223736,29.307257520483617
make-table,0,1x,2,1,True,763415,0.0223796,29.31511694163725
make-table,0,1x,2,2,False,763415,0.0225947,29.596877189994956
make-table,0,1x,2,3,False,763415,0.0221556,29.021698551901654
make-table,0,1x,2,4,False,763415,0.022613,29.620848424513536
const-int,8,1x,0,0,True,1260915,0.0185711,14.728272722586375
const-int,8,1x,0,1,True,1260915,0.0186013,14.752223583667416
const-int,8,1x,0,2,False,1260915,0.0187079,14.836765364834267
const-int,8,1x,0,3,False,1260915,0.0186595,14.798380541114984
const-int,8,1x,0,4,False,1260915,0.0186052,14.755316575661325
const-int,8,2-stackful,0,0,True,1260915,0.032119082,25.472836789157082
const-int,8,2-stackful,0,1,True,1260915,0.032264006000000005,25.58777237165075
const-int,8,2-stackful,0,2,False,1260915,0.032449346000000004,25.734760868099755
const-int,8,2-stackful,0,3,False,1260915,0.032457392,25.74114194850565
const-int,8,2-stackful,0,4,False,1260915,0.032359791,25.663737048096024
const-int,8,2-stackless,0,0,True,1260915,0.028733981999999998,22.78819904593093
const-int,8,2-stackless,0,1,True,1260915,0.028508541,22.609407454110706
const-int,8,2-stackless,0,2,False,1260915,0.028501304999999998,22.603668764349695
const-int,8,2-stackless,0,3,False,1260915,0.028287538,22.434135528564575
const-int,8,2-stackless,0,4,False,1260915,0.028217146,22.378309402299124
const-int,8,1x,1,0,True,1260915,0.018583,14.73771031354215
const-int,8,1x,1,1,True,1260915,0.0186566,14.796080623991308
const-int,8,1x,1,2,False,1260915,0.0185166,14.685050142158671
const-int,8,1x,1,3,False,1260915,0.018427,14.613990633785782
const-int,8,1x,1,4,False,1260915,0.0181365,14.38360238398306
const-int,8,2-stackful,1,0,True,1260915,0.032024311,25.397676290630216
const-int,8,2-stackful,1,1,True,1260915,0.032104642,25.461384788030916
const-int,8,2-stackful,1,2,False,1260915,0.032319879999999995,25.632084636950147
const-int,8,2-stackful,1,3,False,1260915,0.032157488999999984,25.503296415698113
const-int,8,2-stackful,1,4,False,1260915,0.031813645,25.230602380017686
const-int,8,2-stackless,1,0,True,1260915,0.028246175999999998,22.40133236578199
const-int,8,2-stackless,1,1,True,1260915,0.028179818000000002,22.348705503543066
const-int,8,2-stackless,1,2,False,1260915,0.028218177999999997,22.3791278555652
const-int,8,2-stackless,1,3,False,1260915,0.028133179999999994,22.311718077745123
const-int,8,2-stackless,1,4,False,1260915,0.028301845000000006,22.445482050733006
const-int,8,1x,2,0,True,1260915,0.0184172,14.606218500057498
const-int,8,1x,2,1,True,1260915,0.0186469,14.788387797750046
const-int,8,1x,2,2,False,1260915,0.0184468,14.629693516216399
const-int,8,1x,2,3,False,1260915,0.0183743,14.572195588124497
const-int,8,1x,2,4,False,1260915,0.0183651,14.564899299318352
const-int,8,2-stackless,2,0,True,1260915,0.028090451,22.277830781614938
const-int,8,2-stackless,2,1,True,1260915,0.028369258999999997,22.498946400034892
const-int,8,2-stackless,2,2,False,1260915,0.028338371,22.474449903443134
const-int,8,2-stackless,2,3,False,1260915,0.028204194000000002,22.368037496579866
const-int,8,2-stackless,2,4,False,1260915,0.028301119999999985,22.444907071452068
const-int,8,2-stackful,2,0,True,1260915,0.032058481,25.424775658946082
const-int,8,2-stackful,2,1,True,1260915,0.032028322000000005,25.400857313934726
const-int,8,2-stackful,2,2,False,1260915,0.03197081600000001,25.355250750447105
const-int,8,2-stackful,2,3,False,1260915,0.03199579200000001,25.375058588406045
const-int,8,2-stackful,2,4,False,1260915,0.031982311999999985,25.364367939155283
do-int,0,2-stackful,0,0,True,2399262,0.051501365,21.465502725421402
do-int,0,2-stackful,0,1,True,2399262,0.051555022,21.48786668567251
do-int,0,2-stackful,0,2,False,2399262,0.05171946599999999,21.55640609487417
do-int,0,2-stackful,0,3,False,2399262,0.05138590800000001,21.41738084460972
do-int,0,2-stackful,0,4,False,2399262,0.05141074200000001,21.427731527444692
do-int,0,1x,0,0,True,2399262,0.0156744,6.5330089002368235
do-int,0,1x,0,1,True,2399262,0.0158023,6.586316959131599
do-int,0,1x,0,2,False,2399262,0.0155582,6.484577340865649
do-int,0,1x,0,3,False,2399262,0.015563,6.48657795605482
do-int,0,1x,0,4,False,2399262,0.0157636,6.570186999168911
do-int,0,2-stackless,0,0,True,2399262,0.04457665,18.57931730673849
do-int,0,2-stackless,0,1,True,2399262,0.044765158,18.657886466755194
do-int,0,2-stackless,0,2,False,2399262,0.04429345899999999,18.461284761730894
do-int,0,2-stackless,0,3,False,2399262,0.04441323899999999,18.511208446597326
do-int,0,2-stackless,0,4,False,2399262,0.04440876299999999,18.509342872933424
do-int,0,1x,1,0,True,2399262,0.0158183,6.592985676428835
do-int,0,1x,1,1,True,2399262,0.0159668,6.6548797088438025
do-int,0,1x,1,2,False,2399262,0.0159448,6.645710222560103
do-int,0,1x,1,3,False,2399262,0.0159465,6.646418773772934
do-int,0,1x,1,4,False,2399262,0.0159646,6.653962760215432
do-int,0,2-stackful,1,0,True,2399262,0.05178309,21.58292424920663
do-int,0,2-stackful,1,1,True,2399262,0.051283025,21.374499742003998
do-int,0,2-stackful,1,2,False,2399262,0.051271744999999994,21.369798296309444
do-int,0,2-stackful,1,3,False,2399262,0.05130937399999999,21.38548186900805
do-int,0,2-stackful,1,4,False,2399262,0.051377620999999984,21.413926865844573
do-int,0,2-stackless,1,0,True,2399262,0.044460852,18.531053298889407
do-int,0,2-stackless,1,1,True,2399262,0.04424583299999999,18.441434491106012
do-int,0,2-stackless,1,2,False,2399262,0.044062008999999985,18.36481759807807
do-int,0,2-stackless,1,3,False,2399262,0.044196932999999994,18.421053223866334
do-int,0,2-stackless,1,4,False,2399262,0.04403364399999998,18.352995212694562
do-int,0,1x,2,0,True,2399262,0.0157248,6.554015359723115
do-int,0,1x,2,1,True,2399262,0.0157297,6.556057654395393
do-int,0,1x,2,2,False,2399262,0.0157811,6.577480908712762
do-int,0,1x,2,3,False,2399262,0.0158212,6.594194381438959
do-int,0,1x,2,4,False,2399262,0.0160773,6.700935537677836
do-int,0,2-stackful,2,0,True,2399262,0.051407330999999994,21.42630984027588
do-int,0,2-stackful,2,1,True,2399262,0.051485668000000005,21.458960296957983
do-int,0,2-stackful,2,2,False,2399262,0.051733978000000014,21.562454621462773
do-int,0,2-stackful,2,3,False,2399262,0.051266171,21.367475081921025
do-int,0,2-stackful,2,4,False,2399262,0.052047014999999974,21.69292682499868
do-int,0,2-stackless,2,0,True,2399262,0.044636685,18.60433958442221
do-int,0,2-stackless,2,1,True,2399262,0.044424887,18.516063272789715
do-int,0,2-stackless,2,2,False,2399262,0.044571841999999987,18.577313357190665
do-int,0,2-stackless,2,3,False,2399262,0.044451925,18.52733257143238
do-int,0,2-stackless,2,4,False,2399262,0.044510544999999985,18.551765084430123
const-string,256,1x,0,0,True,151842,0.0205724,135.4855705272586
const-string,256,1x,0,1,True,151842,0.0204877,134.92775384939608
const-string,256,1x,0,2,False,151842,0.0202,133.0330211667391
const-string,256,1x,0,3,False,151842,0.0202192,133.15946839477877
const-string,256,1x,0,4,False,151842,0.0204624,134.7611332832813
const-string,256,2-stackless,0,0,True,151842,0.028762999,189.42716112801466
const-string,256,2-stackless,0,1,True,151842,0.028509268999999997,187.7561478378841
const-string,256,2-stackless,0,2,False,151842,0.028529701999999997,187.89071534884943
const-string,256,2-stackless,0,3,False,151842,0.028633145999999998,188.5719761330857
const-string,256,2-stackless,0,4,False,151842,0.028762216000000007,189.4220044519962
const-string,256,2-stackful,0,0,True,151842,0.029370484999999998,193.42793825160365
const-string,256,2-stackful,0,1,True,151842,0.029285282,192.86680891979822
const-string,256,2-stackful,0,2,False,151842,0.029236415,192.54498096705785
const-string,256,2-stackful,0,3,False,151842,0.029256727999999996,192.67875818284793
const-string,256,2-stackful,0,4,False,151842,0.02964505699999999,195.23621264208842
const-string,256,2-stackful,1,0,True,151842,0.029303838999999998,192.98902148285717
const-string,256,2-stackful,1,1,True,151842,0.029325929,193.13450165303408
const-string,256,2-stackful,1,2,False,151842,0.029246786999999996,192.61328881337178
const-string,256,2-stackful,1,3,False,151842,0.029396141,193.59690336007165
const-string,256,2-stackful,1,4,False,151842,0.029396061000000015,193.5963764966216
const-string,256,1x,1,0,True,151842,0.0204815,134.88692193200828
const-string,256,1x,1,1,True,151842,0.0205406,135.2761423058179
const-string,256,1x,1,2,False,151842,0.0204102,134.41735488204844
const-string,256,1x,1,3,False,151842,0.0207072,136.37333544078714
const-string,256,1x,1,4,False,151842,0.020385,134.25139289524637
const-string,256,2-stackless,1,0,True,151842,0.029031803,191.19744866374256
const-string,256,2-stackless,1,1,True,151842,0.028864174000000003,190.0934787476456
const-string,256,2-stackless,1,2,False,151842,0.028946350999999995,190.63467946944849
const-string,256,2-stackless,1,3,False,151842,0.02901521,191.08817059838518
const-string,256,2-stackless,1,4,False,151842,0.02913115000000001,191.85172745353728
const-string,256,2-stackless,2,0,True,151842,0.028658874999999997,188.74142200445198
const-string,256,2-stackless,2,1,True,151842,0.028771575,189.48364088987236
const-string,256,2-stackless,2,2,False,151842,0.02875258299999999,189.35856350680308
const-string,256,2-stackless,2,3,False,151842,0.028880297,190.19966149023327
const-string,256,2-stackless,2,4,False,151842,0.028951487000000012,190.66850410294919
const-string,256,2-stackful,2,0,True,151842,0.029185656,192.2106926937211
const-string,256,2-stackful,2,1,True,151842,0.029249254,192.62953596501626
const-string,256,2-stackful,2,2,False,151842,0.029451694999999993,193.96277051145265
const-string,256,2-stackful,2,3,False,151842,0.029437007,193.86603838200236
const-string,256,2-stackful,2,4,False,151842,0.02924486200000001,192.60061116160227
const-string,256,1x,2,0,True,151842,0.0204938,134.9679271874712
const-string,256,1x,2,1,True,151842,0.0204131,134.43645368211693
const-string,256,1x,2,2,False,151842,0.0206965,136.30286745432753
const-string,256,1x,2,3,False,151842,0.0206122,135.74768509371583
const-string,256,1x,2,4,False,151842,0.0204654,134.7808906626625
make-seq,256,2-stackless,0,0,True,13063,0.059644112,4565.88165046314
make-seq,256,2-stackless,0,1,True,13063,0.059529427,4557.102273597183
make-seq,256,2-stackless,0,2,False,13063,0.059770423,4575.551021970451
make-seq,256,2-stackless,0,3,False,13063,0.059559105,4559.374186634004
make-seq,256,2-stackless,0,4,False,13063,0.05953346199999998,4557.41116129526
make-seq,256,1x,0,0,True,13063,0.0201018,1538.8348771338897
make-seq,256,1x,0,1,True,13063,0.0204843,1568.116052974049
make-seq,256,1x,0,2,False,13063,0.0203423,1557.2456556686825
make-seq,256,1x,0,3,False,13063,0.0204377,1564.54872540764
make-seq,256,1x,0,4,False,13063,0.0203188,1555.446681466738
make-seq,256,2-stackful,0,0,True,13063,0.059981816,4591.733598713925
make-seq,256,2-stackful,0,1,True,13063,0.059759238,4574.694786802419
make-seq,256,2-stackful,0,2,False,13063,0.060001103000000014,4593.210058945113
make-seq,256,2-stackful,0,3,False,13063,0.05988808400000001,4584.558217867259
make-seq,256,2-stackful,0,4,False,13063,0.060068561999999964,4598.3741866340015
make-seq,256,2-stackful,1,0,True,13063,0.059331058,4541.916711322055
make-seq,256,2-stackful,1,1,True,13063,0.059664761000000004,4567.4623746459465
make-seq,256,2-stackful,1,2,False,13063,0.05942356900000001,4548.998622062314
make-seq,256,2-stackful,1,3,False,13063,0.059807498000000014,4578.389190844371
make-seq,256,2-stackful,1,4,False,13063,0.059452068,4551.1802801806625
make-seq,256,2-stackless,1,0,True,13063,0.059501953999999996,4554.999157926969
make-seq,256,2-stackless,1,1,True,13063,0.059485457,4553.736278037204
make-seq,256,2-stackless,1,2,False,13063,0.05997932399999999,4591.542830896424
make-seq,256,2-stackless,1,3,False,13063,0.06001466600000002,4594.248334991964
make-seq,256,2-stackless,1,4,False,13063,0.05934081900000002,4542.663936308659
make-seq,256,1x,1,0,True,13063,0.0190732,1460.0933935543137
make-seq,256,1x,1,1,True,13063,0.0190912,1461.4713312409094
make-seq,256,1x,1,2,False,13063,0.0190147,1455.6150960728776
make-seq,256,1x,1,3,False,13063,0.0189646,1451.7798361785194
make-seq,256,1x,1,4,False,13063,0.019217,1471.1015846283397
make-seq,256,2-stackless,2,0,True,13063,0.060278894,4614.4755416060625
make-seq,256,2-stackless,2,1,True,13063,0.059398597,4547.086963178443
make-seq,256,2-stackless,2,2,False,13063,0.059361805000000004,4544.270458547041
make-seq,256,2-stackless,2,3,False,13063,0.05929189400000001,4538.918625124398
make-seq,256,2-stackless,2,4,False,13063,0.059690170000000015,4569.407486794765
make-seq,256,1x,2,0,True,13063,0.0190469,1458.08007349001
make-seq,256,1x,2,1,True,13063,0.0186023,1424.0450126310955
make-seq,256,1x,2,2,False,13063,0.0187322,1433.9891296026947
make-seq,256,1x,2,3,False,13063,0.0185412,1419.36767970604
make-seq,256,1x,2,4,False,13063,0.0185554,1420.4547194365766
make-seq,256,2-stackful,2,0,True,13063,0.059907691,4586.05917476843
make-seq,256,2-stackful,2,1,True,13063,0.059414568999999993,4548.309653219015
make-seq,256,2-stackful,2,2,False,13063,0.05947236,4552.7336752660185
make-seq,256,2-stackful,2,3,False,13063,0.059354509,4543.711934471407
make-seq,256,2-stackful,2,4,False,13063,0.059506385999999994,4555.338436806246
add-float4,256,2-stackful,0,0,True,52433,0.020484348,390.67663494364234
add-float4,256,2-stackful,0,1,True,52433,0.020741717,395.58516583067916
add-float4,256,2-stackful,0,2,False,52433,0.020606463999999998,393.00562622775726
add-float4,256,2-stackful,0,3,False,52433,0.020703112999999995,394.84891194476756
add-float4,256,2-stackful,0,4,False,52433,0.02048040100000001,390.6013579234453
add-float4,256,1x,0,0,True,52433,0.0199297,380.098411305857
add-float4,256,1x,0,1,True,52433,0.0197716,377.083134667099
add-float4,256,1x,0,2,False,52433,0.0195962,373.73791314630097
add-float4,256,1x,0,3,False,52433,0.0196047,373.90002479354604
add-float4,256,1x,0,4,False,52433,0.0197386,376.4537600366182
add-float4,256,2-stackless,0,0,True,52433,0.020070718,382.787900749528
add-float4,256,2-stackless,0,1,True,52433,0.020357328,388.2541147750463
add-float4,256,2-stackless,0,2,False,52433,0.020107521000000003,383.4898060381821
add-float4,256,2-stackless,0,3,False,52433,0.020004885,381.5323365056358
add-float4,256,2-stackless,0,4,False,52433,0.020259880000000008,386.39559056319507
add-float4,256,2-stackful,1,0,True,52433,0.020327196999999998,387.6794575935003
add-float4,256,2-stackful,1,1,True,52433,0.02052075,391.3708923769382
add-float4,256,2-stackful,1,2,False,52433,0.020538288000000002,391.705376385101
add-float4,256,2-stackful,1,3,False,52433,0.020603580000000003,392.9506226994451
add-float4,256,2-stackful,1,4,False,52433,0.020607968000000004,393.03431045334054
add-float4,256,2-stackless,1,0,True,52433,0.020238607,385.9898727900368
add-float4,256,2-stackless,1,1,True,52433,0.020175444999999997,384.78524974729646
add-float4,256,2-stackless,1,2,False,52433,0.020408821,389.2361871340568
add-float4,256,2-stackless,1,3,False,52433,0.020242086,386.05622413365626
add-float4,256,2-stackless,1,4,False,52433,0.020220471000000004,385.6439837506914
add-float4,256,1x,1,0,True,52433,0.0198335,378.26368889821293
add-float4,256,1x,1,1,True,52433,0.0196582,374.92037457326495
add-float4,256,1x,1,2,False,52433,0.0197158,376.0189193828314
add-float4,256,1x,1,3,False,52433,0.0198951,379.4385215417771
add-float4,256,1x,1,4,False,52433,0.0196607,374.96805446951345
add-float4,256,2-stackless,2,0,True,52433,0.020650463,393.84477332977326
add-float4,256,2-stackless,2,1,True,52433,0.020479932000000003,390.592413174909
add-float4,256,2-stackless,2,2,False,52433,0.020294188999999997,387.0499303873514
add-float4,256,2-stackless,2,3,False,52433,0.020200181999999997,385.2570327846966
add-float4,256,2-stackless,2,4,False,52433,0.020151057,384.32012282341276
add-float4,256,2-stackful,2,0,True,52433,0.020433475,389.70638719890144
add-float4,256,2-stackful,2,1,True,52433,0.020622427999999998,393.31009097324204
add-float4,256,2-stackful,2,2,False,52433,0.020456680000000005,390.1489519958805
add-float4,256,2-stackful,2,3,False,52433,0.02050383599999999,391.0483092708788
add-float4,256,2-stackful,2,4,False,52433,0.02042471700000001,389.5393549863637
add-float4,256,1x,2,0,True,52433,0.0195668,373.1771975664181
add-float4,256,1x,2,1,True,52433,0.0195913,373.64446054965384
add-float4,256,1x,2,2,False,52433,0.0196644,375.0386207159613
add-float4,256,1x,2,3,False,52433,0.0196582,374.92037457326495
add-float4,256,1x,2,4,False,52433,0.0197809,377.26050388114356
add-int,0,2-stackful,0,0,True,2378886,0.051716998,21.740006877168558
add-int,0,2-stackful,0,1,True,2378886,0.05090792,21.399898944295774
add-int,0,2-stackful,0,2,False,2378886,0.051073259999999995,21.46940206466388
add-int,0,2-stackful,0,3,False,2378886,0.051117982000000006,21.488201620422334
add-int,0,2-stackful,0,4,False,2378886,0.05123145999999998,21.535903780172728
add-int,0,1x,0,0,True,2378886,0.01571,6.60393142000079
add-int,0,1x,0,1,True,2378886,0.0157428,6.617719386300983
add-int,0,1x,0,2,False,2378886,0.0158149,6.648027690271833
add-int,0,1x,0,3,False,2378886,0.0157231,6.609438199224343
add-int,0,1x,0,4,False,2378886,0.0158381,6.657780154240262
add-int,0,2-stackless,0,0,True,2378886,0.044219387,18.588274932048026
add-int,0,2-stackless,0,1,True,2378886,0.04441161,18.669078720039547
add-int,0,2-stackless,0,2,False,2378886,0.044296315,18.620612757399893
add-int,0,2-stackless,0,3,False,2378886,0.044315195,18.62854924531903
add-int,0,2-stackless,0,4,False,2378886,0.044290824000000006,18.618304534139092
add-int,0,2-stackful,1,0,True,2378886,0.050822229999999996,21.36387788233652
add-int,0,2-stackful,1,1,True,2378886,0.051508875,21.65251928844005
add-int,0,2-stackful,1,2,False,2378886,0.05152104199999999,21.657633867280733
add-int,0,2-stackful,1,3,False,2378886,0.051329648000000005,21.577178561730157
add-int,0,2-stackful,1,4,False,2378886,0.05078367499999997,21.34767071646139
add-int,0,2-stackless,1,0,True,2378886,0.043841339,18.429356850223172
add-int,0,2-stackless,1,1,True,2378886,0.043944893,18.472887309438114
add-int,0,2-stackless,1,2,False,2378886,0.044266925999999984,18.608258655521947
add-int,0,2-stackless,1,3,False,2378886,0.043919353999999994,18.46215161214114
add-int,0,2-stackless,1,4,False,2378886,0.04401817400000002,18.503692064268748
add-int,0,1x,1,0,True,2378886,0.0157195,6.607924885849932
add-int,0,1x,1,1,True,2378886,0.0156895,6.595313941063169
add-int,0,1x,1,2,False,2378886,0.0158247,6.652147265568842
add-int,0,1x,1,3,False,2378886,0.0156708,6.587453118812754
add-int,0,1x,1,4,False,2378886,0.0158421,6.659461613545164
add-int,0,2-stackful,2,0,True,2378886,0.051236284,21.537931620094447
add-int,0,2-stackful,2,1,True,2378886,0.05122267899999999,21.53221255663365
add-int,0,2-stackful,2,2,False,2378886,0.050937801000000005,21.412459865668218
add-int,0,2-stackful,2,3,False,2378886,0.05124680000000001,21.542352176607036
add-int,0,2-stackful,2,4,False,2378886,0.05058468699999999,21.26402316042046
add-int,0,1x,2,0,True,2378886,0.0154447,6.492408631603196
add-int,0,1x,2,1,True,2378886,0.0157765,6.6318856809447775
add-int,0,1x,2,2,False,2378886,0.0159016,6.684473320705573
add-int,0,1x,2,3,False,2378886,0.015699,6.599307406912311
add-int,0,1x,2,4,False,2378886,0.0161334,6.781913887424618
add-int,0,2-stackless,2,0,True,2378886,0.044321139999999995,18.631048314210933
add-int,0,2-stackless,2,1,True,2378886,0.044237238000000005,18.595778864560977
add-int,0,2-stackless,2,2,False,2378886,0.04413152999999999,18.551342939510334
add-int,0,2-stackless,2,3,False,2378886,0.044277012000000004,18.612498455159265
add-int,0,2-stackless,2,4,False,2378886,0.043833958000000006,18.426254137440804
assign-seq,0,2-stackful,0,0,True,792852,0.022084201,27.85412788263131
assign-seq,0,2-stackful,0,1,True,792852,0.022200122,28.000335497671696
assign-seq,0,2-stackful,0,2,False,792852,0.022142280999999993,27.92738241184987
assign-seq,0,2-stackful,0,3,False,792852,0.021986936999999998,27.731451771579053
assign-seq,0,2-stackful,0,4,False,792852,0.021777283999999994,27.46702284915721
assign-seq,0,1x,0,0,True,792852,0.0584433,73.71274840701669
assign-seq,0,1x,0,1,True,792852,0.057441,72.44857804483055
assign-seq,0,1x,0,2,False,792852,0.0574154,72.41628954710337
assign-seq,0,1x,0,3,False,792852,0.0582622,73.48433251098565
assign-seq,0,1x,0,4,False,792852,0.0582785,73.5048912028979
assign-seq,0,2-stackless,0,0,True,792852,0.019514311,24.612804155126053
assign-seq,0,2-stackless,0,1,True,792852,0.019624277,24.751500910636537
assign-seq,0,2-stackless,0,2,False,792852,0.019429722999999996,24.506115895526523
assign-seq,0,2-stackless,0,3,False,792852,0.019716328000000005,24.867602024085205
assign-seq,0,2-stackless,0,4,False,792852,0.019605529999999996,24.727855892398576
assign-seq,0,2-stackful,1,0,True,792852,0.021832241000000002,27.536338433906963
assign-seq,0,2-stackful,1,1,True,792852,0.022060085,27.82371110875674
assign-seq,0,2-stackful,1,2,False,792852,0.022012974999999997,27.76429270532205
assign-seq,0,2-stackful,1,3,False,792852,0.021825004999999995,27.527211888221252
assign-seq,0,2-stackful,1,4,False,792852,0.021882378999999993,27.599575961213432
assign-seq,0,2-stackless,1,0,True,792852,0.019646289,24.779263973604152
assign-seq,0,2-stackless,1,1,True,792852,0.019700157,24.847206035931045
assign-seq,0,2-stackless,1,2,False,792852,0.019689341,24.833564145641304
assign-seq,0,2-stackless,1,3,False,792852,0.019576040000000003,24.69066105654019
assign-seq,0,2-stackless,1,4,False,792852,0.020007170000000005,25.234432151271616
assign-seq,0,1x,1,0,True,792852,0.0575295,72.56020039048902
assign-seq,0,1x,1,1,True,792852,0.0583755,73.62723433881733
assign-seq,0,1x,1,2,False,792852,0.0576797,72.74964306074779
assign-seq,0,1x,1,3,False,792852,0.0588061,74.17033696074425
assign-seq,0,1x,1,4,False,792852,0.0578436,72.95636512236837
assign-seq,0,2-stackless,2,0,True,792852,0.019557504,24.667282166154592
assign-seq,0,2-stackless,2,1,True,792852,0.019494653,24.588010120426006
assign-seq,0,2-stackless,2,2,False,792852,0.019750062999999998,24.910150948726873
assign-seq,0,2-stackless,2,3,False,792852,0.019838465000000007,25.02164968997998
assign-seq,0,2-stackless,2,4,False,792852,0.019785114000000006,24.954359703954847
assign-seq,0,1x,2,0,True,792852,0.0579476,73.08753714438508
assign-seq,0,1x,2,1,True,792852,0.0577355,72.82002189563752
assign-seq,0,1x,2,2,False,792852,0.0585375,73.83155998849722
assign-seq,0,1x,2,3,False,792852,0.0579848,73.1344563676449
assign-seq,0,1x,2,4,False,792852,0.0576442,72.70486799554016
assign-seq,0,2-stackful,2,0,True,792852,0.022079986,27.848811631931305
assign-seq,0,2-stackful,2,1,True,792852,0.021970829,27.711135243399777
assign-seq,0,2-stackful,2,2,False,792852,0.021978701999999996,27.721065217720327
assign-seq,0,2-stackful,2,3,False,792852,0.022230651000000004,28.03884079248082
assign-seq,0,2-stackful,2,4,False,792852,0.021828181000000002,27.531217679970542
take-seq,8,2-stackless,0,0,True,424564,0.019404547,45.70464523605393
take-seq,8,2-stackless,0,1,True,424564,0.019601419999999998,46.168351532395576
take-seq,8,2-stackless,0,2,False,424564,0.019814433,46.67007329872528
take-seq,8,2-stackless,0,3,False,424564,0.019761601000000004,46.54563505148813
take-seq,8,2-stackless,0,4,False,424564,0.019879625999999997,46.82362611997248
take-seq,8,1x,0,0,True,424564,0.0216489,50.99089889863483
take-seq,8,1x,0,1,True,424564,0.0214051,50.41666274107084
take-seq,8,1x,0,2,False,424564,0.0215068,50.65620259843039
take-seq,8,1x,0,3,False,424564,0.0214919,50.62110777173759
take-seq,8,1x,0,4,False,424564,0.0216112,50.902101921029576
take-seq,8,2-stackful,0,0,True,424564,0.020884576999999998,49.19064499109674
take-seq,8,2-stackful,0,1,True,424564,0.020617525999999997,48.56164441638951
take-seq,8,2-stackful,0,2,False,424564,0.020579226,48.47143422428656
take-seq,8,2-stackful,0,3,False,424564,0.020504347,48.29506741033154
take-seq,8,2-stackful,0,4,False,424564,0.020754222000000003,48.88361236468472
take-seq,8,2-stackful,1,0,True,424564,0.020441676,48.14745480068965
take-seq,8,2-stackful,1,1,True,424564,0.020648731000000003,48.63514334705722
take-seq,8,2-stackful,1,2,False,424564,0.020497243000000005,48.278334950678826
take-seq,8,2-stackful,1,3,False,424564,0.020643971999999997,48.623934200732975
take-seq,8,2-stackful,1,4,False,424564,0.020505044,48.29670909450636
take-seq,8,1x,1,0,True,424564,0.0214015,50.408183454084664
take-seq,8,1x,1,1,True,424564,0.0213321,50.2447216438511
take-seq,8,1x,1,2,False,424564,0.0216568,51.009506222854505
take-seq,8,1x,1,3,False,424564,0.0215045,50.65078527618922
take-seq,8,1x,1,4,False,424564,0.0215691,50.802941370441204
take-seq,8,2-stackless,1,0,True,424564,0.019715037,46.43596018503688
take-seq,8,2-stackless,1,1,True,424564,0.019611098,46.19114668224343
take-seq,8,2-stackless,1,2,False,424564,0.019812423999999995,46.66534138551548
take-seq,8,2-stackless,1,3,False,424564,0.01982123799999999,46.68610150648664
take-seq,8,2-stackless,1,4,False,424564,0.019459941999999994,45.83512026455374
take-seq,8,1x,2,0,True,424564,0.0213627,50.31679558323362
take-seq,8,1x,2,1,True,424564,0.0214037,50.41336524057621
take-seq,8,1x,2,2,False,424564,0.0212039,49.94276481284329
take-seq,8,1x,2,3,False,424564,0.0215395,50.73322278855485
take-seq,8,1x,2,4,False,424564,0.0217332,51.18945553556119
take-seq,8,2-stackless,2,0,True,424564,0.01973277,46.477727739516304
take-seq,8,2-stackless,2,1,True,424564,0.019703718999999998,46.40930224889533
take-seq,8,2-stackless,2,2,False,424564,0.019830518999999998,46.70796157940851
take-seq,8,2-stackless,2,3,False,424564,0.019657761999999995,46.30105708444427
take-seq,8,2-stackless,2,4,False,424564,0.019851316999999993,46.75694830461366
take-seq,8,2-stackful,2,0,True,424564,0.020490503,48.26245984115469
take-seq,8,2-stackful,2,1,True,424564,0.020987374000000003,49.432768675629596
take-seq,8,2-stackful,2,2,False,424564,0.020593137999999997,48.50420195777314
take-seq,8,2-stackful,2,3,False,424564,0.020462305000000007,48.19604347047797
take-seq,8,2-stackful,2,4,False,424564,0.020685629999999997,48.72205368330804
take-table,8,2-stackful,0,0,True,624064,0.070907538,113.62222143882678
take-table,8,2-stackful,0,1,True,624064,0.070833665,113.50384736180905
take-table,8,2-stackful,0,2,False,624064,0.070670289,113.24205369962056
take-table,8,2-stackful,0,3,False,624064,0.07048631500000002,112.94725380730183
take-table,8,2-stackful,0,4,False,624064,0.07103284900000001,113.82301975438419
take-table,8,2-stackless,0,0,True,624064,0.07019423799999999,112.4792296943903
take-table,8,2-stackless,0,1,True,624064,0.07072368999999999,113.32762344887702
take-table,8,2-stackless,0,2,False,624064,0.07053394000000002,113.02356809557996
take-table,8,2-stackless,0,3,False,624064,0.070007119,112.17939025484566
take-table,8,2-stackless,0,4,False,624064,0.06980716600000003,111.85898561685985
take-table,8,1x,0,0,True,624064,0.0197805,31.696268331453183
take-table,8,1x,0,1,True,624064,0.0196534,31.49260332273613
take-table,8,1x,0,2,False,624064,0.020083,32.180994256999284
take-table,8,1x,0,3,False,624064,0.0204331,32.74199441082966
take-table,8,1x,0,4,False,624064,0.0208127,33.35026535739924
take-table,8,2-stackful,1,0,True,624064,0.070966477,113.71666527792021
take-table,8,2-stackful,1,1,True,624064,0.070344632,112.72022100297406
take-table,8,2-stackful,1,2,False,624064,0.071131312,113.9807968413496
take-table,8,2-stackful,1,3,False,624064,0.070470125,112.92131095528664
take-table,8,2-stackful,1,4,False,624064,0.07052526000000003,113.00965926571638
take-table,8,1x,1,0,True,624064,0.019689,31.54964875397395
take-table,8,1x,1,1,True,624064,0.0197645,31.670629935391243
take-table,8,1x,1,2,False,624064,0.0202429,32.43721797764332
take-table,8,1x,1,3,False,624064,0.0199356,31.944800533278638
take-table,8,1x,1,4,False,624064,0.0210627,33.750865295867094
take-table,8,2-stackless,1,0,True,624064,0.069079792,110.69344169828736
take-table,8,2-stackless,1,1,True,624064,0.06927695099999999,111.00936923136086
take-table,8,2-stackless,1,2,False,624064,0.069616648,111.55369962055174
take-table,8,2-stackless,1,3,False,624064,0.07047030500000001,112.92159938724235
take-table,8,2-stackless,1,4,False,624064,0.06984256,111.91570095374833
take-table,8,2-stackless,2,0,True,624064,0.070390387,112.79353880371244
take-table,8,2-stackless,2,1,True,624064,0.070178978,112.45477707414624
take-table,8,2-stackless,2,2,False,624064,0.07100969900000001,113.78592420008206
take-table,8,2-stackless,2,3,False,624064,0.07088135300000001,113.58026260127168
take-table,8,2-stackless,2,4,False,624064,0.069014827,110.5893417982771
take-table,8,2-stackful,2,0,True,624064,0.07000663800000001,112.17861950056407
take-table,8,2-stackful,2,1,True,624064,0.070738721,113.35170911957748
take-table,8,2-stackful,2,2,False,624064,0.06964303799999999,111.59598695005639
take-table,8,2-stackful,2,3,False,624064,0.07017223,112.44396408060712
take-table,8,2-stackful,2,4,False,624064,0.071306492,114.2615052302328
take-table,8,1x,2,0,True,624064,0.0196411,31.472893805763512
take-table,8,1x,2,1,True,624064,0.0198625,31.82766511127064
take-table,8,1x,2,2,False,624064,0.0207752,33.290175366629065
take-table,8,1x,2,3,False,624064,0.0206986,33.167431545482515
take-table,8,1x,2,4,False,624064,0.0206933,33.158938826786994
const-table,256,1x,0,0,True,108064,0.0251661,232.88144062777613
const-table,256,1x,0,1,True,108064,0.0248305,229.77587355641103
const-table,256,1x,0,2,False,108064,0.0248847,230.2774281907018
const-table,256,1x,0,3,False,108064,0.0249253,230.6531314776429
const-table,256,1x,0,4,False,108064,0.025046,231.77006218537164
const-table,256,2-stackful,0,0,True,108064,0.020873021999999998,193.15426043825877
const-table,256,2-stackful,0,1,True,108064,0.020705325000000004,191.60243004145696
const-table,256,2-stackful,0,2,False,108064,0.02094690500000001,193.83795713651176
const-table,256,2-stackful,0,3,False,108064,0.020739746000000003,191.92095424933376
const-table,256,2-stackful,0,4,False,108064,0.020776766000000002,192.26352901984012
const-table,256,2-stackless,0,0,True,108064,0.020269405999999997,187.56853346165232
const-table,256,2-stackless,0,1,True,108064,0.020272386000000003,187.59610971276285
const-table,256,2-stackless,0,2,False,108064,0.020577425000000003,190.41887214983717
const-table,256,2-stackless,0,3,False,108064,0.020437977000000003,189.12845165827662
const-table,256,2-stackless,0,4,False,108064,0.020143939,186.40749000592243
const-table,256,2-stackful,1,0,True,108064,0.020629791999999997,190.9034646135623
const-table,256,2-stackful,1,1,True,108064,0.020702821,191.5792585875037
const-table,256,2-stackful,1,2,False,108064,0.020608821,190.70940368670418
const-table,256,2-stackful,1,3,False,108064,0.020584484,190.48419455137696
const-table,256,2-stackful,1,4,False,108064,0.020358316,188.39128664495115
const-table,256,1x,1,0,True,108064,0.023687,219.19418122594018
const-table,256,1x,1,1,True,108064,0.024024,222.31270358306188
const-table,256,1x,1,2,False,108064,0.0242063,223.99966686408055
const-table,256,1x,1,3,False,108064,0.024658,228.17959727568848
const-table,256,1x,1,4,False,108064,0.0245484,227.1653834764584
const-table,256,2-stackless,1,0,True,108064,0.020386961999999998,188.656370299082
const-table,256,2-stackless,1,1,True,108064,0.020430445000000002,189.05875222090617
const-table,256,2-stackless,1,2,False,108064,0.02035025,188.31664569144212
const-table,256,2-stackless,1,3,False,108064,0.020287839000000002,187.73910830618897
const-table,256,2-stackless,1,4,False,108064,0.020583637000000002,190.47635660349422
const-table,256,2-stackless,2,0,True,108064,0.020712475999999997,191.66860379034642
const-table,256,2-stackless,2,1,True,108064,0.020798226,192.4621150429375
const-table,256,2-stackless,2,2,False,108064,0.020743149000000002,191.95244484749782
const-table,256,2-stackless,2,3,False,108064,0.02034571999999999,188.27472608824394
const-table,256,2-stackless,2,4,False,108064,0.020329490000000006,188.12453731122304
const-table,256,1x,2,0,True,108064,0.023976,221.86852235712172
const-table,256,1x,2,1,True,108064,0.0241318,223.31026058631923
const-table,256,1x,2,2,False,108064,0.0243498,225.32758365413088
const-table,256,1x,2,3,False,108064,0.024213,224.06166716020135
const-table,256,1x,2,4,False,108064,0.0242319,224.2365635179153
const-table,256,2-stackful,2,0,True,108064,0.020852172999999998,192.9613284720166
const-table,256,2-stackful,2,1,True,108064,0.020853187999999998,192.9707210541901
const-table,256,2-stackful,2,2,False,108064,0.020818006000000007,192.6451547231271
const-table,256,2-stackful,2,3,False,108064,0.020498496000000005,189.6884809002073
const-table,256,2-stackful,2,4,False,108064,0.020499232000000006,189.6952916790051
assign-table,64,2-stackful,0,0,True,37263,0.020341040999999997,545.8777071089283
assign-table,64,2-stackful,0,1,True,37263,0.020360602,546.4026514236642
assign-table,64,2-stackful,0,2,False,37263,0.020300742000000004,544.7962321874246
assign-table,64,2-stackful,0,3,False,37263,0.020179363,541.5388723398545
assign-table,64,2-stackful,0,4,False,37263,0.020251275,543.4687223250946
assign-table,64,2-stackless,0,0,True,37263,0.019966365,535.8228000966105
assign-table,64,2-stackless,0,1,True,37263,0.020208364999999995,542.3171778976464
assign-table,64,2-stackless,0,2,False,37263,0.020013000999999996,537.074336473177
assign-table,64,2-stackless,0,3,False,37263,0.020285852,544.3966400987575
assign-table,64,2-stackless,0,4,False,37263,0.02013421900000001,540.3273756809706
assign-table,64,1x,0,0,True,37263,0.170297,4570.136596623997
assign-table,64,1x,0,1,True,37263,0.171637,4606.09720097684
assign-table,64,1x,0,2,False,37263,0.170805,4583.769422751791
assign-table,64,1x,0,3,False,37263,0.170564,4577.301881222661
assign-table,64,1x,0,4,False,37263,0.171058,4590.558999543783
assign-table,64,2-stackful,1,0,True,37263,0.020581896,552.341357378633
assign-table,64,2-stackful,1,1,True,37263,0.020779904000000002,557.6551539060193
assign-table,64,2-stackful,1,2,False,37263,0.020677479999999998,554.9064755924106
assign-table,64,2-stackful,1,3,False,37263,0.0203876,547.1271770925583
assign-table,64,2-stackful,1,4,False,37263,0.020414052000000002,547.8370501569923
assign-table,64,2-stackless,1,0,True,37263,0.020070261,538.6109814024636
assign-table,64,2-stackless,1,1,True,37263,0.020291156000000005,544.5389796849423
assign-table,64,2-stackless,1,2,False,37263,0.020174307000000002,541.4031881491024
assign-table,64,2-stackless,1,3,False,37263,0.020307060999999994,544.9658105895927
assign-table,64,2-stackless,1,4,False,37263,0.020421784,548.0445482113624
assign-table,64,1x,1,0,True,37263,0.170666,4580.039180956982
assign-table,64,1x,1,1,True,37263,0.171485,4602.018087647264
assign-table,64,1x,1,2,False,37263,0.168473,4521.187236669082
assign-table,64,1x,1,3,False,37263,0.164863,4424.308295091646
assign-table,64,1x,1,4,False,37263,0.166474,4467.541529130774
assign-table,64,2-stackless,2,0,True,37263,0.020091208,539.1731207900599
assign-table,64,2-stackless,2,1,True,37263,0.020032543000000003,537.5987708987468
assign-table,64,2-stackless,2,2,False,37263,0.01996936,535.9031747309664
assign-table,64,2-stackless,2,3,False,37263,0.020217083999999996,542.551163352387
assign-table,64,2-stackless,2,4,False,37263,0.019991472999999996,536.4966052116039
assign-table,64,2-stackful,2,0,True,37263,0.020258678999999998,543.66741808228
assign-table,64,2-stackful,2,1,True,37263,0.020485775,549.7618280868422
assign-table,64,2-stackful,2,2,False,37263,0.020362382999999998,546.4504468239271
assign-table,64,2-stackful,2,3,False,37263,0.020467266999999997,549.2651423664223
assign-table,64,2-stackful,2,4,False,37263,0.020265184000000006,543.8419880310229
assign-table,64,1x,2,0,True,37263,0.171002,4589.056168317097
assign-table,64,1x,2,1,True,37263,0.170539,4576.630974425033
assign-table,64,1x,2,2,False,37263,0.170392,4572.686042454982
assign-table,64,1x,2,3,False,37263,0.170419,4573.41062179642
assign-table,64,1x,2,4,False,37263,0.170596,4578.160641923624
add-float4,0,2-stackless,0,0,True,2376088,0.044554368,18.751143897027383
add-float4,0,2-stackless,0,1,True,2376088,0.044191391,18.598381457252426
add-float4,0,2-stackless,0,2,False,2376088,0.044211924,18.60702297221315
add-float4,0,2-stackless,0,3,False,2376088,0.04462082099999998,18.779111295541234
add-float4,0,2-stackless,0,4,False,2376088,0.044976323999999984,18.928728228920807
add-float4,0,1x,0,0,True,2376088,0.0156339,6.579680550552
add-float4,0,1x,0,1,True,2376088,0.015651,6.586877253704409
add-float4,0,1x,0,2,False,2376088,0.0154587,6.505945907727323
add-float4,0,1x,0,3,False,2376088,0.0156832,6.600428940342278
add-float4,0,1x,0,4,False,2376088,0.0154435,6.499548838258516
add-float4,0,2-stackful,0,0,True,2376088,0.051483662,21.667405415961024
add-float4,0,2-stackful,0,1,True,2376088,0.051515067000000005,21.680622519031285
add-float4,0,2-stackful,0,2,False,2376088,0.051376386999999996,21.62225767732508
add-float4,0,2-stackful,0,3,False,2376088,0.05100247699999999,21.464893976990748
add-float4,0,2-stackful,0,4,False,2376088,0.05181728199999999,21.80781267360468
add-float4,0,2-stackful,1,0,True,2376088,0.05159413,21.71389696004525
add-float4,0,2-stackful,1,1,True,2376088,0.051306090000000006,21.59267249361135
add-float4,0,2-stackful,1,2,False,2376088,0.05127994899999999,21.581670796704497
add-float4,0,2-stackful,1,3,False,2376088,0.05110047199999998,21.506136136372046
add-float4,0,2-stackful,1,4,False,2376088,0.05150553100000002,21.676609199659282
add-float4,0,1x,1,0,True,2376088,0.0156524,6.5874664574712725
add-float4,0,1x,1,1,True,2376088,0.0156415,6.582879085286404
add-float4,0,1x,1,2,False,2376088,0.0156904,6.603459131143291
add-float4,0,1x,1,3,False,2376088,0.0156079,6.568738194881671
add-float4,0,1x,1,4,False,2376088,0.015491,6.519539680348539
add-float4,0,2-stackless,1,0,True,2376088,0.044238816,18.61834073485494
add-float4,0,2-stackless,1,1,True,2376088,0.044104171,18.561674062576806
add-float4,0,2-stackless,1,2,False,2376088,0.04495113799999999,18.918128453154928
add-float4,0,2-stackless,1,3,False,2376088,0.04427186600000002,18.63225015235127
add-float4,0,2-stackless,1,4,False,2376088,0.04428425900000002,18.637465868267515
add-float4,0,2-stackless,2,0,True,2376088,0.044574954,18.759807717559283
add-float4,0,2-stackless,2,1,True,2376088,0.044501144,18.72874405325055
add-float4,0,2-stackless,2,2,False,2376088,0.044445463000000004,18.70531015686288
add-float4,0,2-stackless,2,3,False,2376088,0.04427066100000002,18.631743016251928
add-float4,0,2-stackless,2,4,False,2376088,0.04415528399999999,18.58318547124517
add-float4,0,1x,2,0,True,2376088,0.0157872,6.644198363023593
add-float4,0,1x,2,1,True,2376088,0.0158144,6.65564575049409
add-float4,0,1x,2,2,False,2376088,0.0157423,6.625301756500601
add-float4,0,1x,2,3,False,2376088,0.0156814,6.5996713926420245
add-float4,0,1x,2,4,False,2376088,0.0157911,6.64583971637414
add-float4,0,2-stackful,2,0,True,2376088,0.05158773,21.711203457111015
add-float4,0,2-stackful,2,1,True,2376088,0.051958689999999995,21.867325620936594
add-float4,0,2-stackful,2,2,False,2376088,0.05139581900000001,21.630435825609155
add-float4,0,2-stackful,2,3,False,2376088,0.05131725200000001,21.59737013107259
add-float4,0,2-stackful,2,4,False,2376088,0.051627301999999986,21.72785772244125
assign-int,8,2-stackful,0,0,True,617631,0.026069526,42.20890143143722
assign-int,8,2-stackful,0,1,True,617631,0.026261964000000002,42.520475818085565
assign-int,8,2-stackful,0,2,False,617631,0.026223836000000007,42.45874316541755
assign-int,8,2-stackful,0,3,False,617631,0.025726827000000008,41.65404100506614
assign-int,8,2-stackful,0,4,False,617631,0.026409530999999986,42.759400030115046
assign-int,8,1x,0,0,True,617631,0.019543,31.641870307675617
assign-int,8,1x,0,1,True,617631,0.0194353,31.46749434532917
assign-int,8,1x,0,2,False,617631,0.0199328,32.27299147873083
assign-int,8,1x,0,3,False,617631,0.0197557,31.98625069013699
assign-int,8,1x,0,4,False,617631,0.0197258,31.937839907647124
assign-int,8,2-stackless,0,0,True,617631,0.024317985,39.37299941227043
assign-int,8,2-stackless,0,1,True,617631,0.024655517000000002,39.919494002082146
assign-int,8,2-stackless,0,2,False,617631,0.024696637,39.986070971178584
assign-int,8,2-stackless,0,3,False,617631,0.024439832999999994,39.57028225591007
assign-int,8,2-stackless,0,4,False,617631,0.024841472000000003,40.22057183010568
assign-int,8,2-stackless,1,0,True,617631,0.02502901,40.524212677148654
assign-int,8,2-stackless,1,1,True,617631,0.025101295,40.641248577224914
assign-int,8,2-stackless,1,2,False,617631,0.024868756000000006,40.264747073900125
assign-int,8,2-stackless,1,3,False,617631,0.024883678000000006,40.28890713063303
assign-int,8,2-stackless,1,4,False,617631,0.024857165,40.24598020500914
assign-int,8,1x,1,0,True,617631,0.0189604,30.698588639495103
assign-int,8,1x,1,1,True,617631,0.0190751,30.884298229849215
assign-int,8,1x,1,2,False,617631,0.0185913,30.100982625548266
assign-int,8,1x,1,3,False,617631,0.0196324,31.78661692823061
assign-int,8,1x,1,4,False,617631,0.0199705,32.33403116100066
assign-int,8,2-stackful,1,0,True,617631,0.025922858,41.97143278106183
assign-int,8,2-stackful,1,1,True,617631,0.026217939,42.44919539336594
assign-int,8,2-stackful,1,2,False,617631,0.025881232000000004,41.90403655256942
assign-int,8,2-stackful,1,3,False,617631,0.026504784000000003,42.91362318277419
assign-int,8,2-stackful,1,4,False,617631,0.026089152000000004,42.240677686191276
assign-int,8,2-stackful,2,0,True,617631,0.02639423,42.73462633838004
assign-int,8,2-stackful,2,1,True,617631,0.025937402,41.99498082188232
assign-int,8,2-stackful,2,2,False,617631,0.025966104000000004,42.04145193489317
assign-int,8,2-stackful,2,3,False,617631,0.026478893000000003,42.87170333095328
assign-int,8,2-stackful,2,4,False,617631,0.026028017,42.1416946364415
assign-int,8,2-stackless,2,0,True,617631,0.02517922,40.76741614329592
assign-int,8,2-stackless,2,1,True,617631,0.024597509,39.82557384587238
assign-int,8,2-stackless,2,2,False,617631,0.02426229,39.28282421057233
assign-int,8,2-stackless,2,3,False,617631,0.025085327000000004,40.61539495264973
assign-int,8,2-stackless,2,4,False,617631,0.024564954,39.77286438018817
assign-int,8,1x,2,0,True,617631,0.0188077,30.451353639956544
assign-int,8,1x,2,1,True,617631,0.0194545,31.49858086786447
assign-int,8,1x,2,2,False,617631,0.019343,31.318052364599573
assign-int,8,1x,2,3,False,617631,0.0192664,31.19403009240145
assign-int,8,1x,2,4,False,617631,0.0199172,32.2477336791709
get-seq,8,2-stackless,0,0,True,673530,0.020731482,30.780339405817113
get-seq,8,2-stackless,0,1,True,673530,0.020566902,30.535985034074205
get-seq,8,2-stackless,0,2,False,673530,0.020311915,30.15740204593708
get-seq,8,2-stackless,0,3,False,673530,0.020425036999999993,30.325355960387796
get-seq,8,2-stackless,0,4,False,673530,0.02019883,29.989503065936187
get-seq,8,2-stackful,0,0,True,673530,0.022214442,32.98211215536056
get-seq,8,2-stackful,0,1,True,673530,0.022277452000000003,33.07566403872137
get-seq,8,2-stackful,0,2,False,673530,0.022243952000000004,33.02592609089425
get-seq,8,2-stackful,0,3,False,673530,0.022536034999999996,33.459586061496886
get-seq,8,2-stackful,0,4,False,673530,0.022297614000000007,33.105598859739
get-seq,8,1x,0,0,True,673530,0.0576427,85.58297328997966
get-seq,8,1x,0,1,True,673530,0.0577352,85.72030941457693
get-seq,8,1x,0,2,False,673530,0.0577746,85.77880718008106
get-seq,8,1x,0,3,False,673530,0.0589815,87.57070954523184
get-seq,8,1x,0,4,False,673530,0.0580856,86.24055350169999
get-seq,8,2-stackless,1,0,True,673530,0.020211631,30.00850890086559
get-seq,8,2-stackless,1,1,True,673530,0.020518296999999998,30.46382046827906
get-seq,8,2-stackless,1,2,False,673530,0.020536963000000005,30.49153415586537
get-seq,8,2-stackless,1,3,False,673530,0.020300953000000004,30.141126601636163
get-seq,8,2-stackless,1,4,False,673530,0.020388870000000003,30.27165827802771
get-seq,8,1x,1,0,True,673530,0.0574855,85.34957611390732
get-seq,8,1x,1,1,True,673530,0.0571948,84.91796950395677
get-seq,8,1x,1,2,False,673530,0.0576283,85.5615933959883
get-seq,8,1x,1,3,False,673530,0.0565418,83.94845070004305
get-seq,8,1x,1,4,False,673530,0.0567123,84.20159458376018
get-seq,8,2-stackful,1,0,True,673530,0.022224609,32.997207251347376
get-seq,8,2-stackful,1,1,True,673530,0.022338899000000002,33.166895312755194
get-seq,8,2-stackful,1,2,False,673530,0.022477833999999995,33.37317417190028
get-seq,8,2-stackful,1,3,False,673530,0.022728615999999993,33.74551393404896
get-seq,8,2-stackful,1,4,False,673530,0.022541668,33.46794946030615
get-seq,8,1x,2,0,True,673530,0.059443,88.25590545335768
get-seq,8,1x,2,1,True,673530,0.0667311,99.07665582824818
get-seq,8,1x,2,2,False,673530,0.0604775,89.79184297655635
get-seq,8,1x,2,3,False,673530,0.0571212,84.80869449022315
get-seq,8,1x,2,4,False,673530,0.0572871,85.05500868558194
get-seq,8,2-stackless,2,0,True,673530,0.020533304999999998,30.486103068905617
get-seq,8,2-stackless,2,1,True,673530,0.020698184,30.730901370391816
get-seq,8,2-stackless,2,2,False,673530,0.020705976,30.742470268584917
get-seq,8,2-stackless,2,3,False,673530,0.020724703999999997,30.770276008492562
get-seq,8,2-stackless,2,4,False,673530,0.020400409999999994,30.28879188751799
get-seq,8,2-stackful,2,0,True,673530,0.022444989999999998,33.324410197021656
get-seq,8,2-stackful,2,1,True,673530,0.022573463000000002,33.5151559692961
get-seq,8,2-stackful,2,2,False,673530,0.022752447999999995,33.78089765860466
get-seq,8,2-stackful,2,3,False,673530,0.022435960000000005,33.31100322183125
get-seq,8,2-stackful,2,4,False,673530,0.022622466000000008,33.58791145160573
update-int,64,2-stackless,0,0,True,235340,0.020913739999999997,88.86606611710715
update-int,64,2-stackless,0,1,True,235340,0.021256446,90.3222826548823
update-int,64,2-stackless,0,2,False,235340,0.020910638999999995,88.85288943655985
update-int,64,2-stackless,0,3,False,235340,0.02078447,88.31677572873289
update-int,64,2-stackless,0,4,False,235340,0.021069012999999998,89.52584770969659
update-int,64,1x,0,0,True,235340,0.0200229,85.08073425681992
update-int,64,1x,0,1,True,235340,0.0206054,87.5558766040622
update-int,64,1x,0,2,False,235340,0.0202445,86.02235064162488
update-int,64,1x,0,3,False,235340,0.0205531,87.33364493923685
update-int,64,1x,0,4,False,235340,0.0200486,85.18993796209739
update-int,64,2-stackful,0,0,True,235340,0.021401974,90.94065607206595
update-int,64,2-stackful,0,1,True,235340,0.021514748000000004,91.41985212883489
update-int,64,2-stackful,0,2,False,235340,0.021658981000000008,92.03272286904057
update-int,64,2-stackful,0,3,False,235340,0.021739641000000004,92.37546103509817
update-int,64,2-stackful,0,4,False,235340,0.021704971000000003,92.22814226225887
update-int,64,2-stackful,1,0,True,235340,0.021528104,91.47660406220787
update-int,64,2-stackful,1,1,True,235340,0.02177581,92.5291493158834
update-int,64,2-stackful,1,2,False,235340,0.021555993000000002,91.59510920370529
update-int,64,2-stackful,1,3,False,235340,0.021665608000000003,92.06088212798505
update-int,64,2-stackful,1,4,False,235340,0.021602473999999997,91.79261494008666
update-int,64,2-stackless,1,0,True,235340,0.020969719,89.1039304835557
update-int,64,2-stackless,1,1,True,235340,0.021011620999999998,89.2819792640435
update-int,64,2-stackless,1,2,False,235340,0.021145165,89.84943061103085
update-int,64,2-stackless,1,3,False,235340,0.02111548099999999,89.72329820684963
update-int,64,2-stackless,1,4,False,235340,0.020918322000000003,88.88553582051502
update-int,64,1x,1,0,True,235340,0.0201025,85.41896830118127
update-int,64,1x,1,1,True,235340,0.0205298,87.23463924534715
update-int,64,1x,1,2,False,235340,0.0202257,85.94246621908728
update-int,64,1x,1,3,False,235340,0.0206514,87.75133848899465
update-int,64,1x,1,4,False,235340,0.020556,87.34596753633042
update-int,64,1x,2,0,True,235340,0.0204668,86.96694144641795
update-int,64,1x,2,1,True,235340,0.0209121,88.85909747599219
update-int,64,1x,2,2,False,235340,0.020227,85.94799014192232
update-int,64,1x,2,3,False,235340,0.0202437,86.01895130449563
update-int,64,1x,2,4,False,235340,0.0202968,86.24458230645024
update-int,64,2-stackless,2,0,True,235340,0.020963017,89.07545253675534
update-int,64,2-stackless,2,1,True,235340,0.020859683,88.63636865811166
update-int,64,2-stackless,2,2,False,235340,0.020832866999999998,88.52242287753886
update-int,64,2-stackless,2,3,False,235340,0.020998728999999994,89.22719894620546
update-int,64,2-stackless,2,4,False,235340,0.020835669,88.5343290558341
update-int,64,2-stackful,2,0,True,235340,0.021473674,91.24532166227586
update-int,64,2-stackful,2,1,True,235340,0.021940024,93.22692275006374
update-int,64,2-stackful,2,2,False,235340,0.021646423000000005,91.97936177445399
update-int,64,2-stackful,2,3,False,235340,0.02168217900000001,92.1312951474463
update-int,64,2-stackful,2,4,False,235340,0.021423856000000005,91.03363644089404
get-int,256,2-stackful,0,0,True,154026,0.04044471,262.58365470764676
get-int,256,2-stackful,0,1,True,154026,0.040147111000000006,260.65151987326817
get-int,256,2-stackful,0,2,False,154026,0.040267685,261.4343357614948
get-int,256,2-stackful,0,3,False,154026,0.040165244,260.76924675054863
get-int,256,2-stackful,0,4,False,154026,0.04005075799999999,260.0259566566683
get-int,256,2-stackless,0,0,True,154026,0.039764325999999996,258.1663225689169
get-int,256,2-stackless,0,1,True,154026,0.039593241,257.0555685403763
get-int,256,2-stackless,0,2,False,154026,0.03998849,259.62168724760755
get-int,256,2-stackless,0,3,False,154026,0.039986461,259.6085141469622
get-int,256,2-stackless,0,4,False,154026,0.039933829000000004,259.2668056042487
get-int,256,1x,0,0,True,154026,0.020052,130.1858127848545
get-int,256,1x,0,1,True,154026,0.020016,129.95208601145262
get-int,256,1x,0,2,False,154026,0.0197365,128.1374573124018
get-int,256,1x,0,3,False,154026,0.0198948,129.1652058743329
get-int,256,1x,0,4,False,154026,0.0199262,129.36906756002233
get-int,256,2-stackful,1,0,True,154026,0.040515097,263.04063599652005
get-int,256,2-stackful,1,1,True,154026,0.04034593,261.94233441107343
get-int,256,2-stackful,1,2,False,154026,0.04020167599999999,261.0057782452313
get-int,256,2-stackful,1,3,False,154026,0.040394389,262.25695012530355
get-int,256,2-stackful,1,4,False,154026,0.040133432999999996,260.5627166841961
get-int,256,2-stackless,1,0,True,154026,0.040094164,260.3077662212873
get-int,256,2-stackless,1,1,True,154026,0.039628412999999994,257.2839195979899
get-int,256,2-stackless,1,2,False,154026,0.039831568,258.60288522716945
get-int,256,2-stackless,1,3,False,154026,0.04004527199999999,259.990339293366
get-int,256,2-stackless,1,4,False,154026,0.039767937,258.1897666627712
get-int,256,1x,1,0,True,154026,0.0197595,128.28678275096414
get-int,256,1x,1,1,True,154026,0.0199218,129.3405009543843
get-int,256,1x,1,2,False,154026,0.0202681,131.5888226663031
get-int,256,1x,1,3,False,154026,0.0201838,131.04151247192033
get-int,256,1x,1,4,False,154026,0.0201525,130.83830002726813
get-int,256,2-stackless,2,0,True,154026,0.040175880000000004,260.8383000272682
get-int,256,2-stackless,2,1,True,154026,0.03988671099999999,258.9608962123277
get-int,256,2-stackless,2,2,False,154026,0.040191436999999997,260.9393024554296
get-int,256,2-stackless,2,3,False,154026,0.03992951900000001,259.23882331554415
get-int,256,2-stackless,2,4,False,154026,0.039889069,258.9762053159856
get-int,256,2-stackful,2,0,True,154026,0.040297253000000005,261.62630335138226
get-int,256,2-stackful,2,1,True,154026,0.040278979,261.5076610442393
get-int,256,2-stackful,2,2,False,154026,0.040414691,262.38875904068146
get-int,256,2-stackful,2,3,False,154026,0.04034447899999999,261.9329139236232
get-int,256,2-stackful,2,4,False,154026,0.04063357299999998,263.80983080778554
get-int,256,1x,2,0,True,154026,0.0198811,129.07625985223274
get-int,256,1x,2,1,True,154026,0.0202186,131.26744835287548
get-int,256,1x,2,2,False,154026,0.0201068,130.54159687325517
get-int,256,1x,2,3,False,154026,0.0202071,131.19278563359433
get-int,256,1x,2,4,False,154026,0.0198207,128.68411826574734
assign-seq,8,1x,0,0,True,226205,0.143249,633.2707057757344
assign-seq,8,1x,0,1,True,226205,0.142625,630.5121460622003
assign-seq,8,1x,0,2,False,226205,0.144008,636.6260692734467
assign-seq,8,1x,0,3,False,226205,0.142532,630.1010145664332
assign-seq,8,1x,0,4,False,226205,0.143721,635.3573086359718
assign-seq,8,2-stackless,0,0,True,226205,0.020410985,90.23224508742071
assign-seq,8,2-stackless,0,1,True,226205,0.02046537,90.47266859706903
assign-seq,8,2-stackless,0,2,False,226205,0.020197047000000003,89.28647465794303
assign-seq,8,2-stackless,0,3,False,226205,0.020269543000000008,89.60696271081544
assign-seq,8,2-stackless,0,4,False,226205,0.02020816099999999,89.33560708207152
assign-seq,8,2-stackful,0,0,True,226205,0.020747919,91.7217523927411
assign-seq,8,2-stackful,0,1,True,226205,0.021031243,92.97426228421122
assign-seq,8,2-stackful,0,2,False,226205,0.020982365999999995,92.75818836895735
assign-seq,8,2-stackful,0,3,False,226205,0.020826040000000004,92.06710726995426
assign-seq,8,2-stackful,0,4,False,226205,0.02090645399999999,92.42259896996084
assign-seq,8,2-stackless,1,0,True,226205,0.020269321,89.6059813001481
assign-seq,8,2-stackless,1,1,True,226205,0.020100536000000002,88.85982184301852
assign-seq,8,2-stackless,1,2,False,226205,0.020422211000000003,90.2818726376517
assign-seq,8,2-stackless,1,3,False,226205,0.020362883,90.0195972679649
assign-seq,8,2-stackless,1,4,False,226205,0.020258093000000005,89.55634490837959
assign-seq,8,1x,1,0,True,226205,0.143372,633.8144603346522
assign-seq,8,1x,1,1,True,226205,0.141398,625.0878627793373
assign-seq,8,1x,1,2,False,226205,0.142923,631.8295351561636
assign-seq,8,1x,1,3,False,226205,0.143036,632.3290820273645
assign-seq,8,1x,1,4,False,226205,0.143416,634.0089741606065
assign-seq,8,2-stackful,1,0,True,226205,0.020907758000000002,92.42836365243917
assign-seq,8,2-stackful,1,1,True,226205,0.020984331000000002,92.76687517959375
assign-seq,8,2-stackful,1,2,False,226205,0.020928441000000006,92.51979841294404
assign-seq,8,2-stackful,1,3,False,226205,0.020919743000000005,92.48134656616787
assign-seq,8,2-stackful,1,4,False,226205,0.021136669999999996,93.4403306735041
assign-seq,8,2-stackful,2,0,True,226205,0.020816221,92.02369974138503
assign-seq,8,2-stackful,2,1,True,226205,0.020869668999999997,92.25998099069426
assign-seq,8,2-stackful,2,2,False,226205,0.02101807,92.91602749718176
assign-seq,8,2-stackful,2,3,False,226205,0.020901543999999994,92.40089299529185
assign-seq,8,2-stackful,2,4,False,226205,0.020885164999999997,92.32848522358036
assign-seq,8,2-stackless,2,0,True,226205,0.020188655,89.249375566411
assign-seq,8,2-stackless,2,1,True,226205,0.020183754,89.22770937866095
assign-seq,8,2-stackless,2,2,False,226205,0.020270740000000002,89.61225437103514
assign-seq,8,2-stackless,2,3,False,226205,0.020337355999999994,89.90674830352995
assign-seq,8,2-stackless,2,4,False,226205,0.020168063,89.15834309586437
assign-seq,8,1x,2,0,True,226205,0.143752,635.4943524678941
assign-seq,8,1x,2,1,True,226205,0.143297,633.4829026767754
assign-seq,8,1x,2,2,False,226205,0.142595,630.3795229990495
assign-seq,8,1x,2,3,False,226205,0.143473,634.2609579805928
assign-seq,8,1x,2,4,False,226205,0.142994,632.1434097389536
take-table,256,1x,0,0,True,22191,0.0202032,910.4231445180478
take-table,256,1x,0,1,True,22191,0.019964,899.6439998197468
take-table,256,1x,0,2,False,22191,0.0199106,897.2376188544905
take-table,256,1x,0,3,False,22191,0.0198993,896.7284034067866
take-table,256,1x,0,4,False,22191,0.020165,908.7017259249245
take-table,256,2-stackless,0,0,True,22191,0.07803300199999999,3516.4256680636286
take-table,256,2-stackless,0,1,True,22191,0.079633665,3588.5568473705557
take-table,256,2-stackless,0,2,False,22191,0.077996502,3514.7808571042315
take-table,256,2-stackless,0,3,False,22191,0.07924351599999999,3570.975440493893
take-table,256,2-stackless,0,4,False,22191,0.07853783399999997,3539.175070974718
take-table,256,2-stackful,0,0,True,22191,0.080707089,3636.928890090577
take-table,256,2-stackful,0,1,True,22191,0.08108945700000002,3654.159659321347
take-table,256,2-stackful,0,2,False,22191,0.080298848,3618.5321977378217
take-table,256,2-stackful,0,3,False,22191,0.08114870299999999,3656.8294804199895
take-table,256,2-stackful,0,4,False,22191,0.07992590999999999,3601.726375557658
take-table,256,2-stackless,1,0,True,22191,0.078064766,3517.8570591681314
take-table,256,2-stackless,1,1,True,22191,0.077716386,3502.157901852102
take-table,256,2-stackless,1,2,False,22191,0.07712877800000001,3475.6783380649817
take-table,256,2-stackless,1,3,False,22191,0.077938919,3512.185976296697
take-table,256,2-stackless,1,4,False,22191,0.07822042400000001,3524.8715244919117
take-table,256,2-stackful,1,0,True,22191,0.080249033,3616.2873687530982
take-table,256,2-stackful,1,1,True,22191,0.079959424,3603.2366274615833
take-table,256,2-stackful,1,2,False,22191,0.079566776,3585.5426073633457
take-table,256,2-stackful,1,3,False,22191,0.08100890200000002,3650.5295840656127
take-table,256,2-stackful,1,4,False,22191,0.079796594,3595.8989680501104
take-table,256,1x,1,0,True,22191,0.0200158,901.9782794826732
take-table,256,1x,1,1,True,22191,0.0199236,897.82344193592
take-table,256,1x,1,2,False,22191,0.0200987,905.7140282096345
take-table,256,1x,1,3,False,22191,0.0198313,893.6640980577712
take-table,256,1x,1,4,False,22191,0.0200708,904.4567617502591
take-table,256,2-stackless,2,0,True,22191,0.07873859,3548.221801631292
take-table,256,2-stackless,2,1,True,22191,0.077364577,3486.3042224325177
take-table,256,2-stackless,2,2,False,22191,0.077627327,3498.1446081744853
take-table,256,2-stackless,2,3,False,22191,0.07856892899999998,3540.576314722184
take-table,256,2-stackless,2,4,False,22191,0.078430096,3534.3200396557163
take-table,256,1x,2,0,True,22191,0.0203194,915.6595015997476
take-table,256,1x,2,1,True,22191,0.0201621,908.5710423144518
take-table,256,1x,2,2,False,22191,0.0204655,922.243251768735
take-table,256,1x,2,3,False,22191,0.0201136,906.3854715875806
take-table,256,1x,2,4,False,22191,0.0198783,895.7820738137083
take-table,256,2-stackful,2,0,True,22191,0.08182983599999999,3687.523590644855
take-table,256,2-stackful,2,1,True,22191,0.08080704600000001,3641.433283763688
take-table,256,2-stackful,2,2,False,22191,0.08081835300000001,3641.94281465459
take-table,256,2-stackful,2,3,False,22191,0.08111833100000002,3655.4608174485156
take-table,256,2-stackful,2,4,False,22191,0.08071064,3637.0889099184355
assign-string,64,2-stackful,0,0,True,62395,0.042719783,684.6667681705264
assign-string,64,2-stackful,0,1,True,62395,0.042575080999999994,682.3476400352591
assign-string,64,2-stackful,0,2,False,62395,0.04250447700000001,681.2160750060103
assign-string,64,2-stackful,0,3,False,62395,0.042695175,684.2723775943585
assign-string,64,2-stackful,0,4,False,62395,0.04229255400000001,677.8196009295618
assign-string,64,2-stackless,0,0,True,62395,0.042294935,677.8577610385447
assign-string,64,2-stackless,0,1,True,62395,0.04221802300000001,676.6250981649172
assign-string,64,2-stackless,0,2,False,62395,0.042112837,674.9392900072121
assign-string,64,2-stackless,0,3,False,62395,0.04277871800000002,685.6113150092158
assign-string,64,2-stackless,0,4,False,62395,0.042431841000000026,680.0519432646851
assign-string,64,1x,0,0,True,62395,0.0194681,312.01378315570156
assign-string,64,1x,0,1,True,62395,0.0194931,312.4144562865614
assign-string,64,1x,0,2,False,62395,0.0199247,319.33167721772577
assign-string,64,1x,0,3,False,62395,0.019589,313.95143841653976
assign-string,64,1x,0,4,False,62395,0.0196761,315.3473836044555
assign-string,64,2-stackful,1,0,True,62395,0.042809758,686.1087907684911
assign-string,64,2-stackful,1,1,True,62395,0.042498012,681.1124609343698
assign-string,64,2-stackful,1,2,False,62395,0.04244159899999998,680.2083340011217
assign-string,64,2-stackful,1,3,False,62395,0.042504717,681.2199214680663
assign-string,64,2-stackful,1,4,False,62395,0.04231890399999999,678.2419104094878
assign-string,64,1x,1,0,True,62395,0.0201065,322.24537222533854
assign-string,64,1x,1,1,True,62395,0.0224548,359.8814007532655
assign-string,64,1x,1,2,False,62395,0.0202618,324.73435371423994
assign-string,64,1x,1,3,False,62395,0.021728,348.2330314929081
assign-string,64,1x,1,4,False,62395,0.0221846,355.5509255549323
assign-string,64,2-stackless,1,0,True,62395,0.042579202,682.4136869941502
assign-string,64,2-stackless,1,1,True,62395,0.042588502,682.56273739883
assign-string,64,2-stackless,1,2,False,62395,0.042351945000000016,678.7714560461578
assign-string,64,2-stackless,1,3,False,62395,0.042266578,677.4032855196731
assign-string,64,2-stackless,1,4,False,62395,0.04269304900000001,684.2383043513104
assign-string,64,2-stackless,2,0,True,62395,0.0424939,681.0465582178059
assign-string,64,2-stackless,2,1,True,62395,0.042529524000000006,681.6175014023561
assign-string,64,2-stackless,2,2,False,62395,0.042369218999999986,679.0483051526562
assign-string,64,2-stackless,2,3,False,62395,0.04296191099999999,688.5473355236796
assign-string,64,2-stackless,2,4,False,62395,0.04290044700000001,687.5622565910732
assign-string,64,2-stackful,2,0,True,62395,0.042813864,686.1745973235035
assign-string,64,2-stackful,2,1,True,62395,0.043014758,689.3943104415417
assign-string,64,2-stackful,2,2,False,62395,0.043138179999999984,691.3723856078209
assign-string,64,2-stackful,2,3,False,62395,0.04289452099999999,687.4672810321339
assign-string,64,2-stackful,2,4,False,62395,0.04295038999999998,688.362689318054
assign-string,64,1x,2,0,True,62395,0.0195999,314.1261319015947
assign-string,64,1x,2,1,True,62395,0.0194937,312.42407244170204
assign-string,64,1x,2,2,False,62395,0.0195595,313.47864412212516
assign-string,64,1x,2,3,False,62395,0.0193063,309.42062665277666
assign-string,64,1x,2,4,False,62395,0.0195614,313.50909528007054
const-int,256,2-stackful,0,0,True,155342,0.029128526000000002,187.5122375146451
const-int,256,2-stackful,0,1,True,155342,0.029478314,189.76396595898083
const-int,256,2-stackful,0,2,False,155342,0.029195553,187.94371773248702
const-int,256,2-stackful,0,3,False,155342,0.029441273000000004,189.52551788955984
const-int,256,2-stackful,0,4,False,155342,0.029306026,188.65487762485355
const-int,256,1x,0,0,True,155342,0.019922,128.2460635243527
const-int,256,1x,0,1,True,155342,0.0199369,128.3419809195195
const-int,256,1x,0,2,False,155342,0.0199632,128.51128477810252
const-int,256,1x,0,3,False,155342,0.0200771,129.2445056713574
const-int,256,1x,0,4,False,155342,0.0200851,129.29600494393017
const-int,256,2-stackless,0,0,True,155342,0.028609129,184.1686665550849
const-int,256,2-stackless,0,1,True,155342,0.028778197,185.25702643200165
const-int,256,2-stackless,0,2,False,155342,0.028875523,185.8835537073039
const-int,256,2-stackless,0,3,False,155342,0.028880164,185.91342972280518
const-int,256,2-stackless,0,4,False,155342,0.028809038999999995,185.45556900258782
const-int,256,2-stackless,1,0,True,155342,0.028491187999999997,183.4094320917717
const-int,256,2-stackless,1,1,True,155342,0.028575078,183.94946633878797
const-int,256,2-stackless,1,2,False,155342,0.028675332000000005,184.59484234785185
const-int,256,2-stackless,1,3,False,155342,0.028940711000000008,186.3031955298632
const-int,256,2-stackless,1,4,False,155342,0.028637263999999996,184.34978305931426
const-int,256,1x,1,0,True,155342,0.0198626,127.86368142549986
const-int,256,1x,1,1,True,155342,0.0198813,127.98406097513873
const-int,256,1x,1,2,False,155342,0.0197742,127.2946144635707
const-int,256,1x,1,3,False,155342,0.0200932,129.3481479574101
const-int,256,1x,1,4,False,155342,0.0199175,128.21709518353055
const-int,256,2-stackful,1,0,True,155342,0.029054871,187.03809014947663
const-int,256,2-stackful,1,1,True,155342,0.029268904000000002,188.41590812529773
const-int,256,2-stackful,1,2,False,155342,0.029500995000000002,189.90997283413375
const-int,256,2-stackful,1,3,False,155342,0.029146213000000004,187.62609596889448
const-int,256,2-stackful,1,4,False,155342,0.029251666999999995,188.3049465051306
const-int,256,1x,2,0,True,155342,0.0199438,128.38639904211354
const-int,256,1x,2,1,True,155342,0.019899,128.09800311570598
const-int,256,1x,2,2,False,155342,0.0200321,128.95482226313553
const-int,256,1x,2,3,False,155342,0.0198367,127.6969525305455
const-int,256,1x,2,4,False,155342,0.0198539,127.80767596657697
const-int,256,2-stackless,2,0,True,155342,0.028748191,185.06386553539932
const-int,256,2-stackless,2,1,True,155342,0.028676113,184.59986996433676
const-int,256,2-stackless,2,2,False,155342,0.028664136000000007,184.5227691158863
const-int,256,2-stackless,2,3,False,155342,0.028876283000000003,185.88844613819833
const-int,256,2-stackless,2,4,False,155342,0.028751303000000006,185.08389875243017
const-int,256,2-stackful,2,0,True,155342,0.028946102,186.3378996021681
const-int,256,2-stackful,2,1,True,155342,0.029225914,188.1391639093098
const-int,256,2-stackful,2,2,False,155342,0.029265148999999997,188.39173565423386
const-int,256,2-stackful,2,3,False,155342,0.029043492000000004,186.96483887165095
const-int,256,2-stackful,2,4,False,155342,0.02904725000000001,186.98903065494207
update-seq,8,1x,0,0,True,506586,0.0860581,169.87855961278046
update-seq,8,1x,0,1,True,506586,0.0861814,170.12195362682743
update-seq,8,1x,0,2,False,506586,0.0856437,169.06053463775154
update-seq,8,1x,0,3,False,506586,0.0846404,167.08002195086323
update-seq,8,1x,0,4,False,506586,0.0854067,168.5926969951795
update-seq,8,2-stackful,0,0,True,506586,0.020205116,39.884868511960455
update-seq,8,2-stackful,0,1,True,506586,0.020202486999999998,39.87967886992534
update-seq,8,2-stackful,0,2,False,506586,0.020291714000000002,40.055812833359006
update-seq,8,2-stackful,0,3,False,506586,0.020115093000000007,39.707163245727294
update-seq,8,2-stackful,0,4,False,506586,0.020185361,39.84587217175366
update-seq,8,2-stackless,0,0,True,506586,0.018648091999999998,36.8113054841626
update-seq,8,2-stackless,0,1,True,506586,0.018849651999999998,37.209184620182945
update-seq,8,2-stackless,0,2,False,506586,0.018934521000000003,37.37671589818906
update-seq,8,2-stackless,0,3,False,506586,0.018685929999999996,36.885997639097795
update-seq,8,2-stackless,0,4,False,506586,0.018953183,37.41355465804424
update-seq,8,2-stackful,1,0,True,506586,0.020150746999999997,39.77754418795623
update-seq,8,2-stackful,1,1,True,506586,0.020527233000000002,40.52072698416459
update-seq,8,2-stackful,1,2,False,506586,0.020152527999999996,39.781059879270245
update-seq,8,2-stackful,1,3,False,506586,0.020187716,39.850520938202
update-seq,8,2-stackful,1,4,False,506586,0.020258969,39.99117425274287
update-seq,8,1x,1,0,True,506586,0.0857431,169.25675008784293
update-seq,8,1x,1,1,True,506586,0.0847838,167.3630933345967
update-seq,8,1x,1,2,False,506586,0.0849009,167.5942485579941
update-seq,8,1x,1,3,False,506586,0.0842543,166.31786113315408
update-seq,8,1x,1,4,False,506586,0.0848306,167.455476464016
update-seq,8,2-stackless,1,0,True,506586,0.018932971,37.37365620052666
update-seq,8,2-stackless,1,1,True,506586,0.019072103,37.64830255869685
update-seq,8,2-stackless,1,2,False,506586,0.01863331,36.78212583845586
update-seq,8,2-stackless,1,3,False,506586,0.018627579999999998,36.77081482709747
update-seq,8,2-stackless,1,4,False,506586,0.018520781,36.559993762164765
update-seq,8,2-stackless,2,0,True,506586,0.018525301,36.568916235348
update-seq,8,2-stackless,2,1,True,506586,0.018809741999999997,37.130402340372605
update-seq,8,2-stackless,2,2,False,506586,0.018630432000000002,36.77644467079628
update-seq,8,2-stackless,2,3,False,506586,0.018956018000000005,37.419150943768685
update-seq,8,2-stackless,2,4,False,506586,0.018853603999999996,37.21698586222279
update-seq,8,1x,2,0,True,506586,0.0859046,169.57555084427915
update-seq,8,1x,2,1,True,506586,0.0847688,167.3334833572187
update-seq,8,1x,2,2,False,506586,0.0842728,166.3543801052536
update-seq,8,1x,2,3,False,506586,0.0859955,169.7549873071897
update-seq,8,1x,2,4,False,506586,0.0847163,167.2298484363958
update-seq,8,2-stackful,2,0,True,506586,0.020143655,39.76354459065193
update-seq,8,2-stackful,2,1,True,506586,0.020402130999999997,40.27377582483526
update-seq,8,2-stackful,2,2,False,506586,0.020394606999999995,40.258923460182466
update-seq,8,2-stackful,2,3,False,506586,0.020392698999999993,40.25515707105998
update-seq,8,2-stackful,2,4,False,506586,0.020143000999999994,39.762253595638235
make-table,8,1x,0,0,True,347392,0.0192502,55.41348102431835
make-table,8,1x,0,1,True,347392,0.0189912,54.66792557111275
make-table,8,1x,0,2,False,347392,0.0186671,53.73497374723655
make-table,8,1x,0,3,False,347392,0.0192794,55.497535924834196
make-table,8,1x,0,4,False,347392,0.0196131,56.45812223655122
make-table,8,2-stackless,0,0,True,347392,0.106210979,305.7381258060059
make-table,8,2-stackless,0,1,True,347392,0.10566457199999998,304.16524272291815
make-table,8,2-stackless,0,2,False,347392,0.10596625699999998,305.0336708962785
make-table,8,2-stackless,0,3,False,347392,0.10611472799999999,305.46105840088427
make-table,8,2-stackless,0,4,False,347392,0.10718803300000002,308.5506661063007
make-table,8,2-stackful,0,0,True,347392,0.107042656,308.1321849668386
make-table,8,2-stackful,0,1,True,347392,0.10695357700000001,307.87576282700815
make-table,8,2-stackful,0,2,False,347392,0.107465112,309.348263633014
make-table,8,2-stackful,0,3,False,347392,0.10718185700000005,308.5328879191232
make-table,8,2-stackful,0,4,False,347392,0.10742279399999999,309.22644735630064
make-table,8,1x,1,0,True,347392,0.0196037,56.431063467207075
make-table,8,1x,1,1,True,347392,0.0189111,54.43735031319086
make-table,8,1x,1,2,False,347392,0.0191741,55.19442013633014
make-table,8,1x,1,3,False,347392,0.019144,55.10777450257922
make-table,8,1x,1,4,False,347392,0.0191213,55.042430453205604
make-table,8,2-stackless,1,0,True,347392,0.107655408,309.89604826823876
make-table,8,2-stackless,1,1,True,347392,0.10686582099999999,307.62314906503315
make-table,8,2-stackless,1,2,False,347392,0.10650779600000002,306.592540991157
make-table,8,2-stackless,1,3,False,347392,0.10732735799999998,308.951726004053
make-table,8,2-stackless,1,4,False,347392,0.10687491700000001,307.6493327422624
make-table,8,2-stackful,1,0,True,347392,0.107303281,308.8824181328298
make-table,8,2-stackful,1,1,True,347392,0.10873802999999999,313.0124758198231
make-table,8,2-stackful,1,2,False,347392,0.10870057800000002,312.90466677413417
make-table,8,2-stackful,1,3,False,347392,0.10885434,313.34728491156966
make-table,8,2-stackful,1,4,False,347392,0.10903985299999996,313.8813012389461
make-table,8,2-stackless,2,0,True,347392,0.10610526699999999,305.4338240373986
make-table,8,2-stackless,2,1,True,347392,0.10595244999999999,304.99392616985995
make-table,8,2-stackless,2,2,False,347392,0.10606928300000001,305.33024076547537
make-table,8,2-stackless,2,3,False,347392,0.106258199,305.87405294307297
make-table,8,2-stackless,2,4,False,347392,0.10553839000000004,303.8020161661755
make-table,8,2-stackful,2,0,True,347392,0.10742922,309.24494519159913
make-table,8,2-stackful,2,1,True,347392,0.107449089,309.3021399456522
make-table,8,2-stackful,2,2,False,347392,0.108253088,311.61652542372883
make-table,8,2-stackful,2,3,False,347392,0.10757445300000001,309.6630118137436
make-table,8,2-stackful,2,4,False,347392,0.10699979099999996,308.0087941000367
make-table,8,1x,2,0,True,347392,0.0190329,54.78796287767133
make-table,8,1x,2,1,True,347392,0.0190576,54.859064112011794
make-table,8,1x,2,2,False,347392,0.0191213,55.042430453205604
make-table,8,1x,2,3,False,347392,0.019324,55.625921149594696
make-table,8,1x,2,4,False,347392,0.0195446,56.260938651436994
add-int,64,1x,0,0,True,307550,0.0205096,66.68704275727524
add-int,64,1x,0,1,True,307550,0.0205845,66.93058039343197
add-int,64,1x,0,2,False,307550,0.0205625,66.85904730938059
add-int,64,1x,0,3,False,307550,0.02035,66.16810274752073
add-int,64,1x,0,4,False,307550,0.0203461,66.15542188262071
add-int,64,2-stackless,0,0,True,307550,0.02286244,74.33731100634043
add-int,64,2-stackless,0,1,True,307550,0.022505241999999998,73.1758803446594
add-int,64,2-stackless,0,2,False,307550,0.022656725999999995,73.66843114940659
add-int,64,2-stackless,0,3,False,307550,0.022489969999999998,73.12622337831246
add-int,64,2-stackless,0,4,False,307550,0.022153640000000002,72.032645098358
add-int,64,2-stackful,0,0,True,307550,0.02334081,75.89273288896115
add-int,64,2-stackful,0,1,True,307550,0.023271208999999998,75.66642497154933
add-int,64,2-stackful,0,2,False,307550,0.023197389,75.42639895951878
add-int,64,2-stackful,0,3,False,307550,0.023208105000000007,75.46124207445946
add-int,64,2-stackful,0,4,False,307550,0.023462101,76.28711103885547
add-int,64,1x,1,0,True,307550,0.0207004,67.30742968622988
add-int,64,1x,1,1,True,307550,0.0205649,66.86685091854983
add-int,64,1x,1,2,False,307550,0.0206595,67.17444317997074
add-int,64,1x,1,3,False,307550,0.020577,66.90619411477809
add-int,64,1x,1,4,False,307550,0.0205358,66.77223215737278
add-int,64,2-stackful,1,0,True,307550,0.023368897,75.984057876768
add-int,64,2-stackful,1,1,True,307550,0.023522701,76.4841521703788
add-int,64,2-stackful,1,2,False,307550,0.023185747999999992,75.38854820354412
add-int,64,2-stackful,1,3,False,307550,0.023386319000000003,76.04070557632906
add-int,64,2-stackful,1,4,False,307550,0.023311258,75.79664444805722
add-int,64,2-stackless,1,0,True,307550,0.023161011000000002,75.30811575353603
add-int,64,2-stackless,1,1,True,307550,0.022158696000000002,72.04908470167453
add-int,64,2-stackless,1,2,False,307550,0.023001398,74.78913347423183
add-int,64,2-stackless,1,3,False,307550,0.022667957000000002,73.70494878881483
add-int,64,2-stackless,1,4,False,307550,0.02240943499999999,72.8643635181271
add-int,64,2-stackful,2,0,True,307550,0.024249415,78.84706551780198
add-int,64,2-stackful,2,1,True,307550,0.023237076,75.55544139164364
add-int,64,2-stackful,2,2,False,307550,0.023270626999999995,75.66453259632578
add-int,64,2-stackful,2,3,False,307550,0.023732675999999994,77.16688668509182
add-int,64,2-stackful,2,4,False,307550,0.023087656999999998,75.06960494228579
add-int,64,1x,2,0,True,307550,0.0207044,67.32043570151195
add-int,64,1x,2,1,True,307550,0.0204025,66.33880669809787
add-int,64,1x,2,2,False,307550,0.0206154,67.03105186148593
add-int,64,1x,2,3,False,307550,0.0207353,67.42090716956592
add-int,64,1x,2,4,False,307550,0.0206249,67.06194114778084
add-int,64,2-stackless,2,0,True,307550,0.022526086,73.24365469029426
add-int,64,2-stackless,2,1,True,307550,0.022837165,74.25512924727687
add-int,64,2-stackless,2,2,False,307550,0.022297366000000006,72.49997073646564
add-int,64,2-stackless,2,3,False,307550,0.022595743,73.47014469192001
add-int,64,2-stackless,2,4,False,307550,0.022019579999999997,71.59674849617947
assign-table,256,1x,0,0,True,9615,0.21614,22479.459178367135
assign-table,256,1x,0,1,True,9615,0.215244,22386.271450858036
assign-table,256,1x,0,2,False,9615,0.215945,22459.178367134686
assign-table,256,1x,0,3,False,9615,0.21597,22461.778471138845
assign-table,256,1x,0,4,False,9615,0.215881,22452.522100884034
assign-table,256,2-stackful,0,0,True,9615,0.020049284,2085.2089443577743
assign-table,256,2-stackful,0,1,True,9615,0.019937143999999997,2073.545917836713
assign-table,256,2-stackful,0,2,False,9615,0.019977772999999997,2077.771502860114
assign-table,256,2-stackful,0,3,False,9615,0.01990517,2070.220488819553
assign-table,256,2-stackful,0,4,False,9615,0.020404986,2122.2034321372853
assign-table,256,2-stackless,0,0,True,9615,0.020153940000000002,2096.09360374415
assign-table,256,2-stackless,0,1,True,9615,0.019906517999999998,2070.3606864274566
assign-table,256,2-stackless,0,2,False,9615,0.020180026999999996,2098.8067602704105
assign-table,256,2-stackless,0,3,False,9615,0.020108837999999997,2091.4028081123242
assign-table,256,2-stackless,0,4,False,9615,0.020020434000000004,2082.208424336974
assign-table,256,2-stackful,1,0,True,9615,0.020131813,2093.7923036921475
assign-table,256,2-stackful,1,1,True,9615,0.020129974000000002,2093.601040041602
assign-table,256,2-stackful,1,2,False,9615,0.020170182999999994,2097.782943317732
assign-table,256,2-stackful,1,3,False,9615,0.020262678999999992,2107.402912116484
assign-table,256,2-stackful,1,4,False,9615,0.020191464000000006,2099.996255850235
assign-table,256,2-stackless,1,0,True,9615,0.020156598,2096.370046801872
assign-table,256,2-stackless,1,1,True,9615,0.020154932,2096.196775871035
assign-table,256,2-stackless,1,2,False,9615,0.019961424,2076.071138845554
assign-table,256,2-stackless,1,3,False,9615,0.020137531,2094.3869994799793
assign-table,256,2-stackless,1,4,False,9615,0.019905093,2070.21248049922
assign-table,256,1x,1,0,True,9615,0.21481,22341.133645345813
assign-table,256,1x,1,1,True,9615,0.216116,22476.963078523142
assign-table,256,1x,1,2,False,9615,0.215634,22426.833073322934
assign-table,256,1x,1,3,False,9615,0.216011,22466.04264170567
assign-table,256,1x,1,4,False,9615,0.216474,22514.196567862713
assign-table,256,2-stackful,2,0,True,9615,0.020359282,2117.45002600104
assign-table,256,2-stackful,2,1,True,9615,0.020133111,2093.9273010920438
assign-table,256,2-stackful,2,2,False,9615,0.020258021,2106.9184607384295
assign-table,256,2-stackful,2,3,False,9615,0.020040695999999997,2084.315756630265
assign-table,256,2-stackful,2,4,False,9615,0.019932589,2073.0721788871556
assign-table,256,2-stackless,2,0,True,9615,0.020051635999999998,2085.453562142485
assign-table,256,2-stackless,2,1,True,9615,0.020079240999999998,2088.324596983879
assign-table,256,2-stackless,2,2,False,9615,0.020032510999999996,2083.464482579303
assign-table,256,2-stackless,2,3,False,9615,0.019961092,2076.0366094643787
assign-table,256,2-stackless,2,4,False,9615,0.019886400999999998,2068.2684347373893
assign-table,256,1x,2,0,True,9615,0.214591,22318.35673426937
assign-table,256,1x,2,1,True,9615,0.215957,22460.426417056682
assign-table,256,1x,2,2,False,9615,0.216085,22473.73894955798
assign-table,256,1x,2,3,False,9615,0.215746,22438.48153926157
assign-table,256,1x,2,4,False,9615,0.214872,22347.581903276132
update-table,0,2-stackful,0,0,True,793588,0.02184876,27.531615901450124
update-table,0,2-stackful,0,1,True,793588,0.02201826,27.745202800445572
update-table,0,2-stackful,0,2,False,793588,0.022029746000000003,27.759676305589302
update-table,0,2-stackful,0,3,False,793588,0.021939873999999998,27.64642862543284
update-table,0,2-stackful,0,4,False,793588,0.02209735,27.844864085646456
update-table,0,2-stackless,0,0,True,793588,0.019508688,24.58289187840542
update-table,0,2-stackless,0,1,True,793588,0.019858626,25.023848646904945
update-table,0,2-stackless,0,2,False,793588,0.019724602,24.854965044834348
update-table,0,2-stackless,0,3,False,793588,0.019383673000000004,24.425360514523913
update-table,0,2-stackless,0,4,False,793588,0.01960553100000001,24.70492371356423
update-table,0,1x,0,0,True,793588,0.0692854,87.306511691205
update-table,0,1x,0,1,True,793588,0.0688161,86.71514690242292
update-table,0,1x,0,2,False,793588,0.0687999,86.6947332872977
update-table,0,1x,0,3,False,793588,0.0692136,87.21603653281048
update-table,0,1x,0,4,False,793588,0.0702327,88.50020413615125
update-table,0,2-stackless,1,0,True,793588,0.019676377,24.79419673684582
update-table,0,2-stackless,1,1,True,793588,0.019679069,24.797588925235765
update-table,0,2-stackless,1,2,False,793588,0.019651906000000004,24.76336083710944
update-table,0,2-stackless,1,3,False,793588,0.019730219,24.862043024844127
update-table,0,2-stackless,1,4,False,793588,0.019572858999999998,24.663753736195602
update-table,0,1x,1,0,True,793588,0.0688027,86.69826156645514
update-table,0,1x,1,1,True,793588,0.0695943,87.69575648825335
update-table,0,1x,1,2,False,793588,0.0687682,86.65478812683659
update-table,0,1x,1,3,False,793588,0.0694987,87.57529095702051
update-table,0,1x,1,4,False,793588,0.0695034,87.58121342560624
update-table,0,2-stackful,1,0,True,793588,0.022256488999999997,28.045395091659646
update-table,0,2-stackful,1,1,True,793588,0.021953074000000003,27.663061941460814
update-table,0,2-stackful,1,2,False,793588,0.02199806800000001,27.719758867321598
update-table,0,2-stackful,1,3,False,793588,0.021982922000000002,27.700673397279196
update-table,0,2-stackful,1,4,False,793588,0.022067676999999994,27.807473147275402
update-table,0,2-stackless,2,0,True,793588,0.019645002999999998,24.75466236888662
update-table,0,2-stackless,2,1,True,793588,0.019945761,25.133647434184994
update-table,0,2-stackless,2,2,False,793588,0.019581033000000005,24.67405379113596
update-table,0,2-stackless,2,3,False,793588,0.019566607,24.655875592876907
update-table,0,2-stackless,2,4,False,793588,0.019620704000000003,24.724043206298486
update-table,0,1x,2,0,True,793588,0.068485,86.29792789205482
update-table,0,1x,2,1,True,793588,0.0686736,86.53558269530285
update-table,0,1x,2,2,False,793588,0.0686444,86.49878778408947
update-table,0,1x,2,3,False,793588,0.0684946,86.31002484916607
update-table,0,1x,2,4,False,793588,0.0690101,86.95960624404603
update-table,0,2-stackful,2,0,True,793588,0.022062173,27.80053755853163
update-table,0,2-stackful,2,1,True,793588,0.021896034,27.59118585462482
update-table,0,2-stackful,2,2,False,793588,0.021815675000000007,27.4899255029058
update-table,0,2-stackful,2,3,False,793588,0.02198892799999999,27.708241556071908
update-table,0,2-stackful,2,4,False,793588,0.021778196,27.442698226283664
const-int,0,1x,0,0,True,2416043,0.0157762,6.529767889064888
const-int,0,1x,0,1,True,2416043,0.015769,6.526787809654049
const-int,0,1x,0,2,False,2416043,0.0159285,6.5928048466024824
const-int,0,1x,0,3,False,2416043,0.0158299,6.551994314670724
const-int,0,1x,0,4,False,2416043,0.0161106,6.6681760217016
const-int,0,2-stackless,0,0,True,2416043,0.044918925,18.591939381873583
const-int,0,2-stackless,0,1,True,2416043,0.044806993,18.545610736232756
const-int,0,2-stackless,0,2,False,2416043,0.04450820700000001,18.421943235281827
const-int,0,2-stackless,0,3,False,2416043,0.044402159999999996,18.378050390659435
const-int,0,2-stackless,0,4,False,2416043,0.044555132,18.441365488942044
const-int,0,2-stackful,0,0,True,2416043,0.051978636999999994,21.51395360099137
const-int,0,2-stackful,0,1,True,2416043,0.052338120999999994,21.662743999175508
const-int,0,2-stackful,0,2,False,2416043,0.05206019100000002,21.54770879491798
const-int,0,2-stackful,0,3,False,2416043,0.052418556000000005,21.696036039093677
const-int,0,2-stackful,0,4,False,2416043,0.05214596400000002,21.583210232599342
const-int,0,2-stackful,1,0,True,2416043,0.051998111,21.522013887997854
const-int,0,2-stackful,1,1,True,2416043,0.052412816999999993,21.693660667463284
const-int,0,2-stackful,1,2,False,2416043,0.05187236599999999,21.469968042787315
const-int,0,2-stackful,1,3,False,2416043,0.05219659300000001,21.60416557155647
const-int,0,2-stackful,1,4,False,2416043,0.05199598299999997,21.521133108971974
const-int,0,1x,1,0,True,2416043,0.0159402,6.597647475645095
const-int,0,1x,1,1,True,2416043,0.016042,6.639782487315002
const-int,0,1x,1,2,False,2416043,0.0159641,6.607539683689404
const-int,0,1x,1,3,False,2416043,0.0159975,6.62136394095635
const-int,0,1x,1,4,False,2416043,0.0159709,6.610354203132974
const-int,0,2-stackless,1,0,True,2416043,0.044863438,18.568973317113976
const-int,0,2-stackless,1,1,True,2416043,0.04496208599999999,18.609803716241803
const-int,0,2-stackless,1,2,False,2416043,0.044575327,18.449724197789525
const-int,0,2-stackless,1,3,False,2416043,0.04459766000000001,18.458967824662068
const-int,0,2-stackless,1,4,False,2416043,0.04498708200000001,18.620149558596438
const-int,0,1x,2,0,True,2416043,0.0157874,6.534403568148415
const-int,0,1x,2,1,True,2416043,0.0158829,6.573931010333839
const-int,0,1x,2,2,False,2416043,0.0158216,6.548558945349897
const-int,0,1x,2,3,False,2416043,0.0158837,6.574262130268377
const-int,0,1x,2,4,False,2416043,0.0157733,6.52856757930219
const-int,0,2-stackful,2,0,True,2416043,0.052388478,21.6835867573549
const-int,0,2-stackful,2,1,True,2416043,0.05170263099999999,21.399714740176393
const-int,0,2-stackful,2,2,False,2416043,0.052313865,21.65270444276033
const-int,0,2-stackful,2,3,False,2416043,0.052176577,21.595880950794335
const-int,0,2-stackful,2,4,False,2416043,0.051985244999999985,21.516688651650647
const-int,0,2-stackless,2,0,True,2416043,0.045102071,18.667743496287112
const-int,0,2-stackless,2,1,True,2416043,0.04458192500000001,18.452455109449627
const-int,0,2-stackless,2,2,False,2416043,0.044864656,18.569477447214307
const-int,0,2-stackless,2,3,False,2416043,0.045199874,18.708224149984087
const-int,0,2-stackless,2,4,False,2416043,0.044729061999999986,18.51335510170969
make-table,64,2-stackful,0,0,True,54294,0.071514866,1317.1780675581097
make-table,64,2-stackful,0,1,True,54294,0.072212212,1330.02195454378
make-table,64,2-stackful,0,2,False,54294,0.07170732900000001,1320.7228975577414
make-table,64,2-stackful,0,3,False,54294,0.07138666200000002,1314.8167753342914
make-table,64,2-stackful,0,4,False,54294,0.07144104299999998,1315.8183777212948
make-table,64,2-stackless,0,0,True,54294,0.071809681,1322.6080414042067
make-table,64,2-stackless,0,1,True,54294,0.07137813300000001,1314.6596861531664
make-table,64,2-stackless,0,2,False,54294,0.07183424399999999,1323.0604486683608
make-table,64,2-stackless,0,3,False,54294,0.07159808900000003,1318.7108888643318
make-table,64,2-stackless,0,4,False,54294,0.07148830100000003,1316.6887869746201
make-table,64,1x,0,0,True,54294,0.0199698,367.8085976350978
make-table,64,1x,0,1,True,54294,0.0201621,371.350425461377
make-table,64,1x,0,2,False,54294,0.0201673,371.44620031679375
make-table,64,1x,0,3,False,54294,0.0200428,369.1531292592183
make-table,64,1x,0,4,False,54294,0.0199789,367.9762036320772
make-table,64,2-stackless,1,0,True,54294,0.071261034,1312.5029285003868
make-table,64,2-stackless,1,1,True,54294,0.07168397,1320.292665856264
make-table,64,2-stackless,1,2,False,54294,0.071493157,1316.7782259549858
make-table,64,2-stackless,1,3,False,54294,0.07117021700000001,1310.830239068774
make-table,64,2-stackless,1,4,False,54294,0.07104185200000002,1308.4659815080859
make-table,64,1x,1,0,True,54294,0.0200294,368.9063248241058
make-table,64,1x,1,1,True,54294,0.0198701,365.97229896489483
make-table,64,1x,1,2,False,54294,0.0198651,365.8802077577633
make-table,64,1x,1,3,False,54294,0.0198983,366.49169337311673
make-table,64,1x,1,4,False,54294,0.0201384,370.9139131395734
make-table,64,2-stackful,1,0,True,54294,0.07142754,1315.5696762073158
make-table,64,2-stackful,1,1,True,54294,0.071283223,1312.911610859395
make-table,64,2-stackful,1,2,False,54294,0.071928556,1324.7975098537593
make-table,64,2-stackful,1,3,False,54294,0.07218423100000002,1329.506593730431
make-table,64,2-stackful,1,4,False,54294,0.07174664399999997,1321.4470107194159
make-table,64,2-stackless,2,0,True,54294,0.07172121699999999,1320.9786900946694
make-table,64,2-stackless,2,1,True,54294,0.071554685,1317.9114635134638
make-table,64,2-stackless,2,2,False,54294,0.071687165,1320.351512137621
make-table,64,2-stackless,2,3,False,54294,0.07177244500000002,1321.922219766457
make-table,64,2-stackless,2,4,False,54294,0.07198206700000004,1325.7830883707231
make-table,64,1x,2,0,True,54294,0.02011,370.3908350830663
make-table,64,1x,2,1,True,54294,0.0201307,370.77209268059084
make-table,64,1x,2,2,False,54294,0.0198941,366.41433675912623
make-table,64,1x,2,3,False,54294,0.0202411,372.8054665340553
make-table,64,1x,2,4,False,54294,0.0199853,368.09408037720556
make-table,64,2-stackful,2,0,True,54294,0.071722622,1321.0045677238738
make-table,64,2-stackful,2,1,True,54294,0.071606388,1318.8637418499281
make-table,64,2-stackful,2,2,False,54294,0.07165093,1319.6841271595388
make-table,64,2-stackful,2,3,False,54294,0.07200317099999998,1326.1717869377826
make-table,64,2-stackful,2,4,False,54294,0.07158904300000002,1318.5442774523892
push-shared-seq,0,1x,0,0,True,605179,0.0861414,142.34036541254736
push-shared-seq,0,1x,0,1,True,605179,0.0845936,139.78277501367364
push-shared-seq,0,1x,0,2,False,605179,0.0848977,140.28527096941565
push-shared-seq,0,1x,0,3,False,605179,0.0858306,141.82679835222305
push-shared-seq,0,1x,0,4,False,605179,0.085819,141.80763046966268
push-shared-seq,0,2-stackless,0,0,True,605179,0.020244839,33.45264624185572
push-shared-seq,0,2-stackless,0,1,True,605179,0.020082580000000003,33.18452887492792
push-shared-seq,0,2-stackless,0,2,False,605179,0.020112242999999995,33.23354412496137
push-shared-seq,0,2-stackless,0,3,False,605179,0.020026478,33.09182572428984
push-shared-seq,0,2-stackless,0,4,False,605179,0.020379462,33.675097780987116
push-shared-seq,0,2-stackful,0,0,True,605179,0.021857101,36.11675388604033
push-shared-seq,0,2-stackful,0,1,True,605179,0.021911446999999997,36.20655541583564
push-shared-seq,0,2-stackful,0,2,False,605179,0.021913059,36.20921909055007
push-shared-seq,0,2-stackful,0,3,False,605179,0.02183644,36.08261357383518
push-shared-seq,0,2-stackful,0,4,False,605179,0.021884096000000006,36.161360523084916
push-shared-seq,0,1x,1,0,True,605179,0.0860172,142.13513687685793
push-shared-seq,0,1x,1,1,True,605179,0.0848858,140.2656073657546
push-shared-seq,0,1x,1,2,False,605179,0.0859545,142.0315311668118
push-shared-seq,0,1x,1,3,False,605179,0.0852599,140.88377157832642
push-shared-seq,0,1x,1,4,False,605179,0.0841326,139.02101692226597
push-shared-seq,0,2-stackful,1,0,True,605179,0.021928775,36.23518826661203
push-shared-seq,0,2-stackful,1,1,True,605179,0.022138732,36.582121983743654
push-shared-seq,0,2-stackful,1,2,False,605179,0.021825656000000006,36.064794052668724
push-shared-seq,0,2-stackful,1,3,False,605179,0.02183706299999999,36.083643021320945
push-shared-seq,0,2-stackful,1,4,False,605179,0.021868770999999995,36.13603743685752
push-shared-seq,0,2-stackless,1,0,True,605179,0.020005394,33.056986445332704
push-shared-seq,0,2-stackless,1,1,True,605179,0.020393057,33.697562208867126
push-shared-seq,0,2-stackless,1,2,False,605179,0.020275747999999996,33.50372038686074
push-shared-seq,0,2-stackless,1,3,False,605179,0.020110203,33.23017322147662
push-shared-seq,0,2-stackless,1,4,False,605179,0.020286186999999997,33.5209698287614
push-shared-seq,0,2-stackless,2,0,True,605179,0.02005533,33.13950087494774
push-shared-seq,0,2-stackless,2,1,True,605179,0.020056903,33.14210010591908
push-shared-seq,0,2-stackless,2,2,False,605179,0.020277125,33.505995746712955
push-shared-seq,0,2-stackless,2,3,False,605179,0.020125455000000007,33.25537568223618
push-shared-seq,0,2-stackless,2,4,False,605179,0.020286426999999996,33.52136640564196
push-shared-seq,0,1x,2,0,True,605179,0.0857538,141.6998937504441
push-shared-seq,0,1x,2,1,True,605179,0.0854304,141.16550640389042
push-shared-seq,0,1x,2,2,False,605179,0.0848141,140.1471300226875
push-shared-seq,0,1x,2,3,False,605179,0.0844057,139.47228836426908
push-shared-seq,0,1x,2,4,False,605179,0.0848953,140.28130520061006
push-shared-seq,0,2-stackful,2,0,True,605179,0.021973311,36.308779716414485
push-shared-seq,0,2-stackful,2,1,True,605179,0.021935329000000003,36.24601812025864
push-shared-seq,0,2-stackful,2,2,False,605179,0.021987332999999998,36.33194972066115
push-shared-seq,0,2-stackful,2,3,False,605179,0.022078926,36.48329832991561
push-shared-seq,0,2-stackful,2,4,False,605179,0.021851819999999994,36.108027542264345
get-string,8,2-stackless,0,0,True,1226174,0.039649168,32.33567829688119
get-string,8,2-stackless,0,1,True,1226174,0.039525677999999995,32.23496665236744
get-string,8,2-stackless,0,2,False,1226174,0.039543971,32.24988541593608
get-string,8,2-stackless,0,3,False,1226174,0.039907624000000017,32.546460779628354
get-string,8,2-stackless,0,4,False,1226174,0.039652874000000005,32.33870070642503
get-string,8,1x,0,0,True,1226174,0.0201332,16.419529365326618
get-string,8,1x,0,1,True,1226174,0.0198142,16.1593705297943
get-string,8,1x,0,2,False,1226174,0.0198089,16.155048141617748
get-string,8,1x,0,3,False,1226174,0.0198244,16.167689088171826
get-string,8,1x,0,4,False,1226174,0.0199107,16.238070616405174
get-string,8,2-stackful,0,0,True,1226174,0.043080642999999995,35.13420036634278
get-string,8,2-stackful,0,1,True,1226174,0.043172567,35.20916851931292
get-string,8,2-stackful,0,2,False,1226174,0.04309038399999998,35.14214458959331
get-string,8,2-stackful,0,3,False,1226174,0.04305674099999998,35.114707211211446
get-string,8,2-stackful,0,4,False,1226174,0.04324175800000002,35.2655968891854
get-string,8,1x,1,0,True,1226174,0.0199054,16.23374822822862
get-string,8,1x,1,1,True,1226174,0.0200364,16.340584615234054
get-string,8,1x,1,2,False,1226174,0.0199973,16.308696808120217
get-string,8,1x,1,3,False,1226174,0.0199126,16.239620151789225
get-string,8,1x,1,4,False,1226174,0.0199238,16.24875425510572
get-string,8,2-stackless,1,0,True,1226174,0.039805232999999995,32.46295631778197
get-string,8,2-stackless,1,1,True,1226174,0.039543210999999995,32.24926560178245
get-string,8,2-stackless,1,2,False,1226174,0.039509299,32.221608841812014
get-string,8,2-stackless,1,3,False,1226174,0.03998273499999999,32.60771717553952
get-string,8,2-stackless,1,4,False,1226174,0.039954957999999985,32.58506378376966
get-string,8,2-stackful,1,0,True,1226174,0.043313829000000005,35.3243740284821
get-string,8,2-stackful,1,1,True,1226174,0.043359998000000004,35.36202692276953
get-string,8,2-stackful,1,2,False,1226174,0.043151564,35.19203962895968
get-string,8,2-stackful,1,3,False,1226174,0.04321520100000001,35.24393846224109
get-string,8,2-stackful,1,4,False,1226174,0.043533343,35.50339756021576
get-string,8,2-stackful,2,0,True,1226174,0.043543289000000006,35.51150897017879
get-string,8,2-stackful,2,1,True,1226174,0.043462901000000005,35.44594894362465
get-string,8,2-stackful,2,2,False,1226174,0.043231537,35.25726120436414
get-string,8,2-stackful,2,3,False,1226174,0.043320043,35.32944182473287
get-string,8,2-stackful,2,4,False,1226174,0.04333866,35.344624824861725
get-string,8,2-stackless,2,0,True,1226174,0.039406514000000004,32.137783055259696
get-string,8,2-stackless,2,1,True,1226174,0.039682101,32.36253663835638
get-string,8,2-stackless,2,2,False,1226174,0.039569587,32.270776415092804
get-string,8,2-stackless,2,3,False,1226174,0.039678472000000006,32.35957702577286
get-string,8,2-stackless,2,4,False,1226174,0.03965817999999999,32.3430279878712
get-string,8,1x,2,0,True,1226174,0.019851,16.1893825835485
get-string,8,1x,2,1,True,1226174,0.019987,16.300296695248797
get-string,8,1x,2,2,False,1226174,0.0198562,16.19362341723116
get-string,8,1x,2,3,False,1226174,0.0200155,16.32353972600952
get-string,8,1x,2,4,False,1226174,0.0199544,16.273709930238287
assign-seq,256,2-stackful,0,0,True,9533,0.020003732,2098.36693590685
assign-seq,256,2-stackful,0,1,True,9533,0.02011073,2109.590894786531
assign-seq,256,2-stackful,0,2,False,9533,0.020108143999999994,2109.3196265603688
assign-seq,256,2-stackful,0,3,False,9533,0.020012205999999998,2099.2558481065767
assign-seq,256,2-stackful,0,4,False,9533,0.019940242999999996,2091.707017727892
assign-seq,256,2-stackless,0,0,True,9533,0.020031357,2101.2647645022553
assign-seq,256,2-stackless,0,1,True,9533,0.019927307,2090.3500472044475
assign-seq,256,2-stackless,0,2,False,9533,0.019824897,2079.6073638938424
assign-seq,256,2-stackless,0,3,False,9533,0.019825629000000004,2079.684149795448
assign-seq,256,2-stackless,0,4,False,9533,0.019772865,2074.14927095353
assign-seq,256,1x,0,0,True,9533,0.21336,22381.20213993496
assign-seq,256,1x,0,1,True,9533,0.214697,22521.45179901395
assign-seq,256,1x,0,2,False,9533,0.215704,22627.084863107102
assign-seq,256,1x,0,3,False,9533,0.214996,22552.816532046574
assign-seq,256,1x,0,4,False,9533,0.215086,22562.25742158817
assign-seq,256,2-stackless,1,0,True,9533,0.019944763999999997,2092.181265079198
assign-seq,256,2-stackless,1,1,True,9533,0.019800284,2077.0254904017625
assign-seq,256,2-stackless,1,2,False,9533,0.020001026999999998,2098.083184726738
assign-seq,256,2-stackless,1,3,False,9533,0.020176892000000002,2116.5312073848736
assign-seq,256,2-stackless,1,4,False,9533,0.020315608,2131.082345536557
assign-seq,256,2-stackful,1,0,True,9533,0.020048942,2103.1094094199098
assign-seq,256,2-stackful,1,1,True,9533,0.020236175999999998,2122.7500262246926
assign-seq,256,2-stackful,1,2,False,9533,0.019981552,2096.040281128711
assign-seq,256,2-stackful,1,3,False,9533,0.020005505,2098.5529214308194
assign-seq,256,2-stackful,1,4,False,9533,0.019982768999999997,2096.1679429350675
assign-seq,256,1x,1,0,True,9533,0.172913,18138.361481170672
assign-seq,256,1x,1,1,True,9533,0.164927,17300.639882513373
assign-seq,256,1x,1,2,False,9533,0.166494,17465.016259309767
assign-seq,256,1x,1,3,False,9533,0.165474,17358.01951117172
assign-seq,256,1x,1,4,False,9533,0.16503,17311.444456099864
assign-seq,256,1x,2,0,True,9533,0.167069,17525.333053603274
assign-seq,256,1x,2,1,True,9533,0.165476,17358.229308717087
assign-seq,256,1x,2,2,False,9533,0.166965,17514.4235812441
assign-seq,256,1x,2,3,False,9533,0.16684,17501.311234658555
assign-seq,256,1x,2,4,False,9533,0.166706,17487.25479911885
assign-seq,256,2-stackful,2,0,True,9533,0.019973399,2095.185041435015
assign-seq,256,2-stackful,2,1,True,9533,0.020139422,2112.6006503723906
assign-seq,256,2-stackful,2,2,False,9533,0.020025665000000005,2100.6676806881364
assign-seq,256,2-stackful,2,3,False,9533,0.019886270999999997,2086.045421168572
assign-seq,256,2-stackful,2,4,False,9533,0.019789516000000007,2075.895940417498
assign-seq,256,2-stackless,2,0,True,9533,0.019835083,2080.6758627924055
assign-seq,256,2-stackless,2,1,True,9533,0.020161501,2114.9167103744885
assign-seq,256,2-stackless,2,2,False,9533,0.019850453999999997,2082.288261827336
assign-seq,256,2-stackless,2,3,False,9533,0.019826986000000005,2079.8264974299805
assign-seq,256,2-stackless,2,4,False,9533,0.020086488,2107.047938739117
