case,width,engine,round,batch,warmup,iterations,seconds,ns_per_iteration
make-seq,8,2-stackless,0,0,True,654801,0.089369541,136.4835133116779
make-seq,8,2-stackless,0,1,True,654801,0.07177966699999999,109.62058243649595
make-seq,8,2-stackless,0,2,False,654801,0.071189,108.7185266974241
make-seq,8,2-stackless,0,3,False,654801,0.07100304200000002,108.43453507248769
make-seq,8,2-stackless,0,4,False,654801,0.071346417,108.9589310340088
make-seq,8,1x,0,0,True,654801,0.0207614,31.706426838077522
make-seq,8,1x,0,1,True,654801,0.0204713,31.263391473134586
make-seq,8,1x,0,2,False,654801,0.0209097,31.932907860556107
make-seq,8,1x,0,3,False,654801,0.0208679,31.869071672156885
make-seq,8,1x,0,4,False,654801,0.0209368,31.97429448030776
make-seq,8,2-stackless,1,0,True,654801,0.070393,107.50289019106569
make-seq,8,2-stackless,1,1,True,654801,0.07001508399999999,106.9257438519489
make-seq,8,2-stackless,1,2,False,654801,0.070127084,107.09678818450186
make-seq,8,2-stackless,1,3,False,654801,0.06921533300000002,105.70437888763153
make-seq,8,2-stackless,1,4,False,654801,0.07019520800000001,107.2008258997772
make-seq,8,1x,1,0,True,654801,0.0248674,37.97703424399169
make-seq,8,1x,1,1,True,654801,0.0238455,36.41640742760014
make-seq,8,1x,1,2,False,654801,0.0243005,37.111275028596474
make-seq,8,1x,1,3,False,654801,0.0246297,37.61402319177888
make-seq,8,1x,1,4,False,654801,0.0247206,37.75284399382408
make-seq,8,1x,2,0,True,654801,0.0203516,31.08058784271863
make-seq,8,1x,2,1,True,654801,0.02,30.543630813025636
make-seq,8,1x,2,2,False,654801,0.0202177,30.87609823442542
make-seq,8,1x,2,3,False,654801,0.0206546,31.543323849535966
make-seq,8,1x,2,4,False,654801,0.0205438,31.374112134831805
make-seq,8,2-stackless,2,0,True,654801,0.06945779199999999,106.07465779679626
make-seq,8,2-stackless,2,1,True,654801,0.06890612500000001,105.23216213780984
make-seq,8,2-stackless,2,2,False,654801,0.068731459,104.9654154468304
make-seq,8,2-stackless,2,3,False,654801,0.06845754099999998,104.54709293357827
make-seq,8,2-stackless,2,4,False,654801,0.06960345900000003,106.29711775027837
get-string,64,2-stackless,0,0,True,438557,0.020886000000000002,47.62436809810355
get-string,64,2-stackless,0,1,True,438557,0.021153332999999996,48.23394222415786
get-string,64,2-stackless,0,2,False,438557,0.021537790999999994,49.11058539710914
get-string,64,2-stackless,0,3,False,438557,0.02102849999999999,47.9492973547338
get-string,64,2-stackless,0,4,False,438557,0.020981457999999995,47.84203193655556
get-string,64,1x,0,0,True,438557,0.0271511,61.91008238381784
get-string,64,1x,0,1,True,438557,0.0261834,59.70352770563461
get-string,64,1x,0,2,False,438557,0.0267897,61.08601618489729
get-string,64,1x,0,3,False,438557,0.0268995,61.33638272790082
get-string,64,1x,0,4,False,438557,0.028037,63.930116267668744
get-string,64,2-stackless,1,0,True,438557,0.021263083000000002,48.48419475689592
get-string,64,2-stackless,1,1,True,438557,0.021469666000000002,48.95524641038679
get-string,64,2-stackless,1,2,False,438557,0.021174082999999996,48.28125648433384
get-string,64,2-stackless,1,3,False,438557,0.021366582999999995,48.72019600644841
get-string,64,2-stackless,1,4,False,438557,0.021406167000000004,48.81045565342704
get-string,64,1x,1,0,True,438557,0.0270516,61.683201955504074
get-string,64,1x,1,1,True,438557,0.0266781,60.83154527233632
get-string,64,1x,1,2,False,438557,0.0265047,60.43615767163676
get-string,64,1x,1,3,False,438557,0.0269827,61.5260958096667
get-string,64,1x,1,4,False,438557,0.0265026,60.43136924048641
get-string,64,1x,2,0,True,438557,0.0270462,61.670888846831765
get-string,64,1x,2,1,True,438557,0.026299,59.96711943943433
get-string,64,1x,2,2,False,438557,0.026761,61.020574292509295
get-string,64,1x,2,3,False,438557,0.0265819,60.61218952154452
get-string,64,1x,2,4,False,438557,0.026877,61.285078108432884
get-string,64,2-stackless,2,0,True,438557,0.020928584,47.721468361011226
get-string,64,2-stackless,2,1,True,438557,0.020795583000000003,47.41819877461767
get-string,64,2-stackless,2,2,False,438557,0.021109999999999997,48.135134087473226
get-string,64,2-stackless,2,3,False,438557,0.020984624999999993,47.84925334677133
get-string,64,2-stackless,2,4,False,438557,0.020987958,47.85685327106853
push-shared-seq,8,2-stackless,0,0,True,183677,0.031160834000000002,169.65016850231657
push-shared-seq,8,2-stackless,0,1,True,183677,0.031273792,170.26515023655656
push-shared-seq,8,2-stackless,0,2,False,183677,0.031164625,169.67080799446856
push-shared-seq,8,2-stackless,0,3,False,183677,0.030354541,165.26043543829658
push-shared-seq,8,2-stackless,0,4,False,183677,0.03113370800000001,169.50248534111518
push-shared-seq,8,1x,0,0,True,183677,0.0216665,117.95978810629529
push-shared-seq,8,1x,0,1,True,183677,0.0211357,115.06993254462998
push-shared-seq,8,1x,0,2,False,183677,0.022072,120.16746789200607
push-shared-seq,8,1x,0,3,False,183677,0.0216509,117.87485640553798
push-shared-seq,8,1x,0,4,False,183677,0.0213461,116.2154216368952
push-shared-seq,8,2-stackless,1,0,True,183677,0.03096225,168.5690097290352
push-shared-seq,8,2-stackless,1,1,True,183677,0.031405959,170.98471229386365
push-shared-seq,8,2-stackless,1,2,False,183677,0.031104542,169.3436957267377
push-shared-seq,8,2-stackless,1,3,False,183677,0.031171666,169.70914159094497
push-shared-seq,8,2-stackless,1,4,False,183677,0.03084587500000001,167.93542468572554
push-shared-seq,8,1x,1,0,True,183677,0.0218548,118.98495728915434
push-shared-seq,8,1x,1,1,True,183677,0.021059,114.65235168257321
push-shared-seq,8,1x,1,2,False,183677,0.0209093,113.83733401569059
push-shared-seq,8,1x,1,3,False,183677,0.020921,113.90103279125857
push-shared-seq,8,1x,1,4,False,183677,0.0209076,113.82807863804396
push-shared-seq,8,1x,2,0,True,183677,0.0215513,117.33260016224132
push-shared-seq,8,1x,2,1,True,183677,0.0216957,118.11876282822564
push-shared-seq,8,1x,2,2,False,183677,0.021873,119.08404427337119
push-shared-seq,8,1x,2,3,False,183677,0.021409,116.5578706098205
push-shared-seq,8,1x,2,4,False,183677,0.0213911,116.46041692754129
push-shared-seq,8,2-stackless,2,0,True,183677,0.030684292000000002,167.05571192909295
push-shared-seq,8,2-stackless,2,1,True,183677,0.030975292,168.64001480860423
push-shared-seq,8,2-stackless,2,2,False,183677,0.030783249999999998,167.594472906243
push-shared-seq,8,2-stackless,2,3,False,183677,0.030567625,166.4205371385639
push-shared-seq,8,2-stackless,2,4,False,183677,0.030547957999999986,166.3134633078719
assign-seq,64,2-stackless,0,0,True,87569,0.020144667,230.04336009318365
assign-seq,64,2-stackless,0,1,True,87569,0.020402209000000004,232.98437803332234
assign-seq,64,2-stackless,0,2,False,87569,0.020493167,234.02307894346174
assign-seq,64,2-stackless,0,3,False,87569,0.020750000000000005,236.95600041110444
assign-seq,64,2-stackless,0,4,False,87569,0.02027779199999999,231.56358985485718
assign-seq,64,1x,0,0,True,87569,0.227718,2600.440795258596
assign-seq,64,1x,0,1,True,87569,0.226555,2587.1598396692893
assign-seq,64,1x,0,2,False,87569,0.2287,2611.6548093503407
assign-seq,64,1x,0,3,False,87569,0.228635,2610.9125375418243
assign-seq,64,1x,0,4,False,87569,0.227332,2596.032842672635
assign-seq,64,2-stackless,1,0,True,87569,0.020045291,228.90852927405817
assign-seq,64,2-stackless,1,1,True,87569,0.020679209,236.14759789423198
assign-seq,64,2-stackless,1,2,False,87569,0.020853000000000003,238.1322157384463
assign-seq,64,2-stackless,1,3,False,87569,0.02058025,235.01752903424727
assign-seq,64,2-stackless,1,4,False,87569,0.02056195899999999,234.8086537473306
assign-seq,64,1x,1,0,True,87569,0.230037,2626.9227694732153
assign-seq,64,1x,1,1,True,87569,0.236925,2705.580742043417
assign-seq,64,1x,1,2,False,87569,0.23408,2673.092075962955
assign-seq,64,1x,1,3,False,87569,0.229483,2620.596329751396
assign-seq,64,1x,1,4,False,87569,0.226936,2591.510694423826
assign-seq,64,1x,2,0,True,87569,0.227943,2603.0101976726924
assign-seq,64,1x,2,1,True,87569,0.232907,2659.6969247107995
assign-seq,64,1x,2,2,False,87569,0.229814,2624.3762061916887
assign-seq,64,1x,2,3,False,87569,0.230974,2637.622903082141
assign-seq,64,1x,2,4,False,87569,0.226612,2587.810754947527
assign-seq,64,2-stackless,2,0,True,87569,0.020150792,230.1133049366785
assign-seq,64,2-stackless,2,1,True,87569,0.020674083,236.08906119745572
assign-seq,64,2-stackless,2,2,False,87569,0.020991291000000002,239.7114389795476
assign-seq,64,2-stackless,2,3,False,87569,0.020581709000000004,235.03419018145695
assign-seq,64,2-stackless,2,4,False,87569,0.020294124999999996,231.7501056309881
const-table,0,2-stackless,0,0,True,3925165,0.020405084,5.19852897903655
const-table,0,2-stackless,0,1,True,3925165,0.020762958,5.289703235405391
const-table,0,2-stackless,0,2,False,3925165,0.020716125000000002,5.277771762460942
const-table,0,2-stackless,0,3,False,3925165,0.020479333000000002,5.217445126510606
const-table,0,2-stackless,0,4,False,3925165,0.020751915999999995,5.28689010525672
const-table,0,1x,0,0,True,3925165,0.265759,67.70645310451918
const-table,0,1x,0,1,True,3925165,0.26386,67.22265178661279
const-table,0,1x,0,2,False,3925165,0.264501,67.38595702346271
const-table,0,1x,0,3,False,3925165,0.265256,67.57830562536861
const-table,0,1x,0,4,False,3925165,0.262605,66.90292000463674
const-table,0,1x,1,0,True,3925165,0.263802,67.20787533772464
const-table,0,1x,1,1,True,3925165,0.273289,69.62484379637544
const-table,0,1x,1,2,False,3925165,0.260989,66.49121756665008
const-table,0,1x,1,3,False,3925165,0.254748,64.90122071301461
const-table,0,1x,1,4,False,3925165,0.263076,67.02291496026281
const-table,0,2-stackless,1,0,True,3925165,0.020739917,5.283833163701399
const-table,0,2-stackless,1,1,True,3925165,0.021030500000000004,5.357863936930041
const-table,0,2-stackless,1,2,False,3925165,0.020769040999999995,5.291252979174123
const-table,0,2-stackless,1,3,False,3925165,0.021091208,5.373330293121436
const-table,0,2-stackless,1,4,False,3925165,0.02088641599999999,5.321156180695587
const-table,0,2-stackless,2,0,True,3925165,0.021663541,5.519141488319599
const-table,0,2-stackless,2,1,True,3925165,0.021576125,5.496870832181577
const-table,0,2-stackless,2,2,False,3925165,0.0216535,5.516583379297431
const-table,0,2-stackless,2,3,False,3925165,0.021077834000000004,5.369923047820921
const-table,0,2-stackless,2,4,False,3925165,0.021645917,5.514651485988487
const-table,0,1x,2,0,True,3925165,0.27009,68.80984621028671
const-table,0,1x,2,1,True,3925165,0.253778,64.65409734367854
const-table,0,1x,2,2,False,3925165,0.254383,64.80823099156342
const-table,0,1x,2,3,False,3925165,0.256875,65.44310876103299
const-table,0,1x,2,4,False,3925165,0.251436,64.05743452823002
take-table,64,1x,0,0,True,122256,0.0211976,173.3869912315142
take-table,64,1x,0,1,True,122256,0.0204199,167.0257492474807
take-table,64,1x,0,2,False,122256,0.0210762,172.3939929328622
take-table,64,1x,0,3,False,122256,0.0214355,175.33290799633556
take-table,64,1x,0,4,False,122256,0.0210656,172.30728962177724
take-table,64,2-stackless,0,0,True,122256,0.019718667,161.28997349823322
take-table,64,2-stackless,0,1,True,122256,0.019662417,160.8298733804476
take-table,64,2-stackless,0,2,False,122256,0.019647541000000004,160.70819428085332
take-table,64,2-stackless,0,3,False,122256,0.019795749999999994,161.92047834053128
take-table,64,2-stackless,0,4,False,122256,0.019677625000000004,160.95426809318155
take-table,64,1x,1,0,True,122256,0.0215341,176.13941238057845
take-table,64,1x,1,1,True,122256,0.0205487,168.07927627273918
take-table,64,1x,1,2,False,122256,0.0212907,174.14850804868473
take-table,64,1x,1,3,False,122256,0.021217,173.54567464991493
take-table,64,1x,1,4,False,122256,0.021175,173.202133228635
take-table,64,2-stackless,1,0,True,122256,0.019614208,160.43554508572177
take-table,64,2-stackless,1,1,True,122256,0.019805333,161.99886304148671
take-table,64,2-stackless,1,2,False,122256,0.019266874999999996,157.5945147886402
take-table,64,2-stackless,1,3,False,122256,0.019614583999999997,160.43862059939795
take-table,64,2-stackless,1,4,False,122256,0.019794792000000005,161.91264232430314
take-table,64,2-stackless,2,0,True,122256,0.019599500000000002,160.31524015181262
take-table,64,2-stackless,2,1,True,122256,0.019752374999999996,161.56569002748327
take-table,64,2-stackless,2,2,False,122256,0.019979334,163.42211425206125
take-table,64,2-stackless,2,3,False,122256,0.019833875,162.23232397591937
take-table,64,2-stackless,2,4,False,122256,0.019949874999999992,163.1811526632639
take-table,64,1x,2,0,True,122256,0.0211852,173.28556471666013
take-table,64,1x,2,1,True,122256,0.020982,171.6234786022772
take-table,64,1x,2,2,False,122256,0.0209833,171.63411202722156
take-table,64,1x,2,3,False,122256,0.0209842,171.64147362910614
take-table,64,1x,2,4,False,122256,0.0213969,175.017177071064
get-table,256,1x,0,0,True,136283,0.0389357,285.6974090678955
get-table,256,1x,0,1,True,136283,0.0408148,299.4856291687151
get-table,256,1x,0,2,False,136283,0.0389327,285.6753960508647
get-table,256,1x,0,3,False,136283,0.037491,275.09667383312666
get-table,256,1x,0,4,False,136283,0.0380818,279.4317706537132
get-table,256,2-stackless,0,0,True,136283,0.020654458,151.55564523821752
get-table,256,2-stackless,0,1,True,136283,0.020215291999999996,148.33318902577722
get-table,256,2-stackless,0,2,False,136283,0.020557959,150.8475671947345
get-table,256,2-stackless,0,3,False,136283,0.020252624999999996,148.60712634738005
get-table,256,2-stackless,0,4,False,136283,0.020328583999999997,149.16448860092598
get-table,256,1x,1,0,True,136283,0.038516,282.6177879852953
get-table,256,1x,1,1,True,136283,0.0376437,276.2171363999912
get-table,256,1x,1,2,False,136283,0.037818,277.49609268947705
get-table,256,1x,1,3,False,136283,0.0381662,280.0510701995113
get-table,256,1x,1,4,False,136283,0.0399533,293.16422444472164
get-table,256,2-stackless,1,0,True,136283,0.020342625,149.2675168583022
get-table,256,2-stackless,1,1,True,136283,0.020425874999999996,149.87837808090515
get-table,256,2-stackless,1,2,False,136283,0.020451917,150.06946574407667
get-table,256,2-stackless,1,3,False,136283,0.020438291999999997,149.96948995839537
get-table,256,2-stackless,1,4,False,136283,0.020337916999999997,149.2329710969086
get-table,256,2-stackless,2,0,True,136283,0.020783667000000002,152.50373854405908
get-table,256,2-stackless,2,1,True,136283,0.0205975,151.13770609687194
get-table,256,2-stackless,2,2,False,136283,0.020562584000000002,150.88150392932354
get-table,256,2-stackless,2,3,False,136283,0.020603000000000003,151.17806329476167
get-table,256,2-stackless,2,4,False,136283,0.020198584000000006,148.21059119626074
get-table,256,1x,2,0,True,136283,0.0384765,282.3279499277239
get-table,256,1x,2,1,True,136283,0.0378956,278.0654960633388
get-table,256,1x,2,2,False,136283,0.0383864,281.66682564956744
get-table,256,1x,2,3,False,136283,0.0367763,269.85243940917064
get-table,256,1x,2,4,False,136283,0.0370132,271.5907339873645
add-float,64,2-stackless,0,0,True,347928,0.021444667,61.63535846496976
add-float,64,2-stackless,0,1,True,347928,0.0212235,60.99968959094985
add-float,64,2-stackless,0,2,False,347928,0.021367290999999997,61.41296762548572
add-float,64,2-stackless,0,3,False,347928,0.02118495799999999,60.88891379825708
add-float,64,2-stackless,0,4,False,347928,0.021020542000000003,60.41635625761653
add-float,64,1x,0,0,True,347928,0.0213041,61.231346715412386
add-float,64,1x,0,1,True,347928,0.020635,59.30824768342875
add-float,64,1x,0,2,False,347928,0.0212467,61.0663700535743
add-float,64,1x,0,3,False,347928,0.0215065,61.81307626865328
add-float,64,1x,0,4,False,347928,0.0213652,61.406957761375914
add-float,64,2-stackless,1,0,True,347928,0.021093708,60.626646892460506
add-float,64,2-stackless,1,1,True,347928,0.021060083,60.53000333402313
add-float,64,2-stackless,1,2,False,347928,0.021119749999999993,60.701495711756436
add-float,64,2-stackless,1,3,False,347928,0.02154225,61.91582741256812
add-float,64,2-stackless,1,4,False,347928,0.021702208,62.375571957416476
add-float,64,1x,1,0,True,347928,0.0220272,63.309650272470165
add-float,64,1x,1,1,True,347928,0.0357799,102.83708123519808
add-float,64,1x,1,2,False,347928,0.0211764,60.86431675519073
add-float,64,1x,1,3,False,347928,0.0456653,131.24928146053207
add-float,64,1x,1,4,False,347928,0.0215855,62.040134740521026
add-float,64,2-stackless,2,0,True,347928,0.020689958,59.46620565174404
add-float,64,2-stackless,2,1,True,347928,0.021046999999999996,60.4924007265871
add-float,64,2-stackless,2,2,False,347928,0.021383167,61.45859775585753
add-float,64,2-stackless,2,3,False,347928,0.021579165999999997,62.02192982456139
add-float,64,2-stackless,2,4,False,347928,0.021579958999999996,62.024209031753685
add-float,64,1x,2,0,True,347928,0.0207958,59.770412269205124
add-float,64,1x,2,1,True,347928,0.02056,59.09268584304799
add-float,64,1x,2,2,False,347928,0.0210733,60.567991078613964
add-float,64,1x,2,3,False,347928,0.0211759,60.862879676254856
add-float,64,1x,2,4,False,347928,0.0210369,60.4633717320825
add-float4,8,2-stackless,0,0,True,1861903,0.024455542,13.13470250598447
add-float4,8,2-stackless,0,1,True,1861903,0.024539167,13.179616231350398
add-float4,8,2-stackless,0,2,False,1861903,0.025399332999999996,13.641598407650665
add-float4,8,2-stackless,0,3,False,1861903,0.024788958,13.313775207408764
add-float4,8,2-stackless,0,4,False,1861903,0.024383125000000005,13.095808428258618
add-float4,8,1x,0,0,True,1861903,0.0216923,11.6506069327994
add-float4,8,1x,0,1,True,1861903,0.0215335,11.565317849533514
add-float4,8,1x,0,2,False,1861903,0.0222665,11.959001086522766
add-float4,8,1x,0,3,False,1861903,0.0224164,12.03951011411443
add-float4,8,1x,0,4,False,1861903,0.0217787,11.697011068782853
add-float4,8,1x,1,0,True,1861903,0.022017,11.824998402172401
add-float4,8,1x,1,1,True,1861903,0.0216718,11.639596692201474
add-float4,8,1x,1,2,False,1861903,0.0218582,11.739709318906517
add-float4,8,1x,1,3,False,1861903,0.0218332,11.72628219622612
add-float4,8,1x,1,4,False,1861903,0.021934,11.780420354873481
add-float4,8,2-stackless,1,0,True,1861903,0.025353792,13.617139023891148
add-float4,8,2-stackless,1,1,True,1861903,0.025951958000000004,13.938404954500854
add-float4,8,2-stackless,1,2,False,1861903,0.025686292000000006,13.795719755540437
add-float4,8,2-stackless,1,3,False,1861903,0.027205541,14.611685463743278
add-float4,8,2-stackless,1,4,False,1861903,0.026513125,14.239799280628475
add-float4,8,1x,2,0,True,1861903,0.0221501,11.896484403322837
add-float4,8,1x,2,1,True,1861903,0.0223825,12.021302935759811
add-float4,8,1x,2,2,False,1861903,0.022275,11.963566308234103
add-float4,8,1x,2,3,False,1861903,0.0222824,11.9675407365475
add-float4,8,1x,2,4,False,1861903,0.0224598,12.0628195990876
add-float4,8,2-stackless,2,0,True,1861903,0.025298666,13.587531681295964
add-float4,8,2-stackless,2,1,True,1861903,0.025450917,13.669303395504492
add-float4,8,2-stackless,2,2,False,1861903,0.025317500000000007,13.597647138438473
add-float4,8,2-stackless,2,3,False,1861903,0.02529683399999999,13.586547741745939
add-float4,8,2-stackless,2,4,False,1861903,0.02533595899999999,13.607561188740762
const-table,64,1x,0,0,True,462206,0.0556038,120.30090479137009
const-table,64,1x,0,1,True,462206,0.0544917,117.8948347706434
const-table,64,1x,0,2,False,462206,0.0568385,122.97222450595622
const-table,64,1x,0,3,False,462206,0.056487,122.21174108514386
const-table,64,1x,0,4,False,462206,0.0567539,122.78918923596838
const-table,64,2-stackless,0,0,True,462206,0.020674875,44.73086675638135
const-table,64,2-stackless,0,1,True,462206,0.021343542000000004,46.1775528660381
const-table,64,2-stackless,0,2,False,462206,0.020925542000000005,45.273194203450416
const-table,64,2-stackless,0,3,False,462206,0.021405084000000005,46.310701289035634
const-table,64,2-stackless,0,4,False,462206,0.021440083000000013,46.38642293695887
const-table,64,2-stackless,1,0,True,462206,0.020993792,45.42085563579876
const-table,64,2-stackless,1,1,True,462206,0.021018709,45.47476449894636
const-table,64,2-stackless,1,2,False,462206,0.021206584,45.88123910117999
const-table,64,2-stackless,1,3,False,462206,0.021044333,45.530202983085466
const-table,64,2-stackless,1,4,False,462206,0.02156595800000001,46.65875821603357
const-table,64,1x,1,0,True,462206,0.0553323,119.71350436818216
const-table,64,1x,1,1,True,462206,0.054741,118.43420466199053
const-table,64,1x,1,2,False,462206,0.0550248,119.04821659606323
const-table,64,1x,1,3,False,462206,0.0558906,120.92140733785368
const-table,64,1x,1,4,False,462206,0.0555555,120.19640593155432
const-table,64,2-stackless,2,0,True,462206,0.020680833,44.74375711262943
const-table,64,2-stackless,2,1,True,462206,0.021142124999999998,45.74177963938157
const-table,64,2-stackless,2,2,False,462206,0.020739834000000006,44.87140798691494
const-table,64,2-stackless,2,3,False,462206,0.020713417000000012,44.81425381756189
const-table,64,2-stackless,2,4,False,462206,0.020872457999999997,45.158344980376704
const-table,64,1x,2,0,True,462206,0.05477,118.4969472486294
const-table,64,1x,2,1,True,462206,0.055841,120.81409587932653
const-table,64,1x,2,2,False,462206,0.0552398,119.5133771521789
const-table,64,1x,2,3,False,462206,0.0560046,121.16805060946851
const-table,64,1x,2,4,False,462206,0.0558243,120.77796480357243
take-table,0,2-stackless,0,0,True,4606597,0.020468625,4.443328773930084
take-table,0,2-stackless,0,1,True,4606597,0.020791041,4.513318833837646
take-table,0,2-stackless,0,2,False,4606597,0.020997792,4.558200337472542
take-table,0,2-stackless,0,3,False,4606597,0.020601,4.4720647367243105
take-table,0,2-stackless,0,4,False,4606597,0.020504541,4.451125418611613
take-table,0,1x,0,0,True,4606597,0.023368,5.072725050617625
take-table,0,1x,0,1,True,4606597,0.0237642,5.158732140015721
take-table,0,1x,0,2,False,4606597,0.0239878,5.207271224289861
take-table,0,1x,0,3,False,4606597,0.0238304,5.173102834912626
take-table,0,1x,0,4,False,4606597,0.0241408,5.2404844617404125
take-table,0,2-stackless,1,0,True,4606597,0.020558292,4.462793684795956
take-table,0,2-stackless,1,1,True,4606597,0.020853916,4.526967737789956
take-table,0,2-stackless,1,2,False,4606597,0.020756417,4.505802656494588
take-table,0,2-stackless,1,3,False,4606597,0.020633291999999998,4.4790746835462265
take-table,0,2-stackless,1,4,False,4606597,0.021111500000000005,4.58288406821782
take-table,0,1x,1,0,True,4606597,0.0230687,5.007753011604879
take-table,0,1x,1,1,True,4606597,0.0232527,5.0476957285388755
take-table,0,1x,1,2,False,4606597,0.0242444,5.262973948014119
take-table,0,1x,1,3,False,4606597,0.0235152,5.104679224164823
take-table,0,1x,1,4,False,4606597,0.0235864,5.120135318978413
take-table,0,1x,2,0,True,4606597,0.0237038,5.145620509022169
take-table,0,1x,2,1,True,4606597,0.0241187,5.235686994108666
take-table,0,1x,2,2,False,4606597,0.0239551,5.200172708834743
take-table,0,1x,2,3,False,4606597,0.0233416,5.06699413905753
take-table,0,1x,2,4,False,4606597,0.0236403,5.131835930080274
take-table,0,2-stackless,2,0,True,4606597,0.020485125,4.446910593655143
take-table,0,2-stackless,2,1,True,4606597,0.020581625,4.467858812047157
take-table,0,2-stackless,2,2,False,4606597,0.020540583,4.458949415371043
take-table,0,2-stackless,2,3,False,4606597,0.021058333,4.571342576743744
take-table,0,2-stackless,2,4,False,4606597,0.020670415999999997,4.487133560847627
const-seq,8,1x,0,0,True,2342607,0.115978,49.50809077237454
const-seq,8,1x,0,1,True,2342607,0.115949,49.4957114018698
const-seq,8,1x,0,2,False,2342607,0.11662,49.782144422858806
const-seq,8,1x,0,3,False,2342607,0.115222,49.185373389561285
const-seq,8,1x,0,4,False,2342607,0.11667,49.80348816510836
const-seq,8,2-stackless,0,0,True,2342607,0.021336041,9.107819194598155
const-seq,8,2-stackless,0,1,True,2342607,0.021512208999999997,9.18302088229054
const-seq,8,2-stackless,0,2,False,2342607,0.021632291000000005,9.234280867426762
const-seq,8,2-stackless,0,3,False,2342607,0.021491291999999995,9.174091941157862
const-seq,8,2-stackless,0,4,False,2342607,0.021792291000000005,9.302580842625334
const-seq,8,2-stackless,1,0,True,2342607,0.021380292000000002,9.126708833363857
const-seq,8,2-stackless,1,1,True,2342607,0.022088666999999996,9.429096301684403
const-seq,8,2-stackless,1,2,False,2342607,0.021502958999999995,9.179072289974373
const-seq,8,2-stackless,1,3,False,2342607,0.021473457999999987,9.166479055172287
const-seq,8,2-stackless,1,4,False,2342607,0.021489375000000005,9.173273622080018
const-seq,8,1x,1,0,True,2342607,0.114656,48.94376222729634
const-seq,8,1x,1,1,True,2342607,0.115894,49.47223328539529
const-seq,8,1x,1,2,False,2342607,0.116781,49.85087127290237
const-seq,8,1x,1,3,False,2342607,0.117529,50.17017365695569
const-seq,8,1x,1,4,False,2342607,0.116412,49.69335445510066
const-seq,8,1x,2,0,True,2342607,0.116744,49.8350769036377
const-seq,8,1x,2,1,True,2342607,0.116478,49.721528194870075
const-seq,8,1x,2,2,False,2342607,0.116329,49.657923842966404
const-seq,8,1x,2,3,False,2342607,0.115836,49.447474544385805
const-seq,8,1x,2,4,False,2342607,0.11752,50.16633178335077
const-seq,8,2-stackless,2,0,True,2342607,0.022041875000000002,9.409121973937586
const-seq,8,2-stackless,2,1,True,2342607,0.02188925,9.34397020072082
const-seq,8,2-stackless,2,2,False,2342607,0.021550417000000002,9.199330916367963
const-seq,8,2-stackless,2,3,False,2342607,0.021510125000000005,9.182131275113582
const-seq,8,2-stackless,2,4,False,2342607,0.021506042000000003,9.180388345121484
make-table,256,1x,0,0,True,10688,0.0208949,1954.9869011976048
make-table,256,1x,0,1,True,10688,0.0205003,1918.066991017964
make-table,256,1x,0,2,False,10688,0.0207207,1938.688248502994
make-table,256,1x,0,3,False,10688,0.0207909,1945.2563622754492
make-table,256,1x,0,4,False,10688,0.0210185,1966.55127245509
make-table,256,2-stackless,0,0,True,10688,0.022352417,2091.356380988024
make-table,256,2-stackless,0,1,True,10688,0.022198582999999997,2076.9632297904186
make-table,256,2-stackless,0,2,False,10688,0.021959666000000003,2054.6094685628746
make-table,256,2-stackless,0,3,False,10688,0.022063042000000005,2064.2816242514973
make-table,256,2-stackless,0,4,False,10688,0.022408375000000008,2096.59197230539
make-table,256,2-stackless,1,0,True,10688,0.022595625,2114.111620508982
make-table,256,2-stackless,1,1,True,10688,0.022527040999999998,2107.694704341317
make-table,256,2-stackless,1,2,False,10688,0.022734833000000003,2127.1363211077846
make-table,256,2-stackless,1,3,False,10688,0.022642999999999996,2118.5441616766466
make-table,256,2-stackless,1,4,False,10688,0.02228220800000001,2084.7874251497014
make-table,256,1x,1,0,True,10688,0.0205585,1923.5123502994013
make-table,256,1x,1,1,True,10688,0.0209212,1957.447604790419
make-table,256,1x,1,2,False,10688,0.0211332,1977.2829341317365
make-table,256,1x,1,3,False,10688,0.0209945,1964.305763473054
make-table,256,1x,1,4,False,10688,0.0214399,2005.9786676646706
make-table,256,2-stackless,2,0,True,10688,0.022998709,2151.8253181137725
make-table,256,2-stackless,2,1,True,10688,0.023600041999999998,2208.087761976048
make-table,256,2-stackless,2,2,False,10688,0.023481417000000004,2196.9888660179645
make-table,256,2-stackless,2,3,False,10688,0.02258720800000001,2113.3241017964083
make-table,256,2-stackless,2,4,False,10688,0.022289000000000003,2085.422904191617
make-table,256,1x,2,0,True,10688,0.0203268,1901.8338323353294
make-table,256,1x,2,1,True,10688,0.0195951,1833.373877245509
make-table,256,1x,2,2,False,10688,0.0199453,1866.1395958083833
make-table,256,1x,2,3,False,10688,0.0200917,1879.8372005988024
make-table,256,1x,2,4,False,10688,0.020055,1876.4034431137725
update-string,256,1x,0,0,True,95771,0.050895,531.4239174697977
update-string,256,1x,0,1,True,95771,0.0502702,524.9000219273057
update-string,256,1x,0,2,False,95771,0.0501187,523.3181234402898
update-string,256,1x,0,3,False,95771,0.050525,527.5605350262606
update-string,256,1x,0,4,False,95771,0.0501017,523.1406166793706
update-string,256,2-stackless,0,0,True,95771,0.020247916,211.42011673679923
update-string,256,2-stackless,0,1,True,95771,0.020047583999999997,209.32833529982977
update-string,256,2-stackless,0,2,False,95771,0.020106624999999996,209.9448162805024
update-string,256,2-stackless,0,3,False,95771,0.019749957999999998,206.2206513453968
update-string,256,2-stackless,0,4,False,95771,0.020324042,212.21499201219575
update-string,256,2-stackless,1,0,True,95771,0.019878667,207.564575915465
update-string,256,2-stackless,1,1,True,95771,0.020099208000000004,209.86737112487083
update-string,256,2-stackless,1,2,False,95771,0.020250625,211.44840296123044
update-string,256,2-stackless,1,3,False,95771,0.020048415999999993,209.3370226895406
update-string,256,2-stackless,1,4,False,95771,0.02021225,211.0477075523906
update-string,256,1x,1,0,True,95771,0.0510422,532.9609171878752
update-string,256,1x,1,1,True,95771,0.0503499,525.732215388792
update-string,256,1x,1,2,False,95771,0.0504486,526.7627987595409
update-string,256,1x,1,3,False,95771,0.050598,528.3227699407963
update-string,256,1x,1,4,False,95771,0.0506285,528.6412379530339
update-string,256,1x,2,0,True,95771,0.0499435,521.4887596454041
update-string,256,1x,2,1,True,95771,0.0512515,535.1463386620167
update-string,256,1x,2,2,False,95771,0.051153,534.117843606102
update-string,256,1x,2,3,False,95771,0.0510526,533.0695095592612
update-string,256,1x,2,4,False,95771,0.0499072,521.1097305029706
update-string,256,2-stackless,2,0,True,95771,0.020272500000000002,211.6768123962369
update-string,256,2-stackless,2,1,True,95771,0.020167624999999998,210.58175230497747
update-string,256,2-stackless,2,2,False,95771,0.020632708000000007,215.43795094548463
update-string,256,2-stackless,2,3,False,95771,0.021099583000000005,220.31286088690734
update-string,256,2-stackless,2,4,False,95771,0.019597417000000006,204.62788317966823
get-int,64,2-stackless,0,0,True,447720,0.021174458,47.293973912266594
get-int,64,2-stackless,0,1,True,447720,0.021384875,47.76394844992406
get-int,64,2-stackless,0,2,False,447720,0.021772209000000008,48.6290739748057
get-int,64,2-stackless,0,3,False,447720,0.021213290999999995,47.380708925221114
get-int,64,2-stackless,0,4,False,447720,0.021243416,47.44799428214063
get-int,64,1x,0,0,True,447720,0.0270158,60.34083802376485
get-int,64,1x,0,1,True,447720,0.0265388,59.275440007147324
get-int,64,1x,0,2,False,447720,0.0260456,58.17385866166354
get-int,64,1x,0,3,False,447720,0.0262947,58.7302331814527
get-int,64,1x,0,4,False,447720,0.0261239,58.34874475118377
get-int,64,1x,1,0,True,447720,0.02599,58.04967390333244
get-int,64,1x,1,1,True,447720,0.0256227,57.22929509514876
get-int,64,1x,1,2,False,447720,0.0264517,59.080898776020724
get-int,64,1x,1,3,False,447720,0.0266086,59.431341016706874
get-int,64,1x,1,4,False,447720,0.0262082,58.53703207361744
get-int,64,2-stackless,1,0,True,447720,0.021322625,47.62491065844724
get-int,64,2-stackless,1,1,True,447720,0.021230000000000002,47.41802912534621
get-int,64,2-stackless,1,2,False,447720,0.021220667,47.397183507549364
get-int,64,2-stackless,1,3,False,447720,0.021249958,47.462606093093896
get-int,64,2-stackless,1,4,False,447720,0.023318208000000007,52.082122755293504
get-int,64,1x,2,0,True,447720,0.0270171,60.34374162422943
get-int,64,1x,2,1,True,447720,0.0269248,60.13758599124453
get-int,64,1x,2,2,False,447720,0.026694,59.62208523184133
get-int,64,1x,2,3,False,447720,0.0263594,58.87474314303583
get-int,64,1x,2,4,False,447720,0.0261291,58.36035915304208
get-int,64,2-stackless,2,0,True,447720,0.021251292,47.46558563387832
get-int,64,2-stackless,2,1,True,447720,0.021455583000000004,47.92187751273118
get-int,64,2-stackless,2,2,False,447720,0.021475542,47.96645671401769
get-int,64,2-stackless,2,3,False,447720,0.022263667,49.726764495666934
get-int,64,2-stackless,2,4,False,447720,0.021839709,48.77983784508175
do-int,256,1x,0,0,True,86938,0.215195,2475.2697324530127
do-int,256,1x,0,1,True,86938,0.215499,2478.7664772596563
do-int,256,1x,0,2,False,86938,0.215536,2479.192067910465
do-int,256,1x,0,3,False,86938,0.215419,2477.846281257908
do-int,256,1x,0,4,False,86938,0.215674,2480.779406013481
do-int,256,2-stackless,0,0,True,86938,0.017713333,203.7467275529688
do-int,256,2-stackless,0,1,True,86938,0.018042083,207.5281579976535
do-int,256,2-stackless,0,2,False,86938,0.017960417,206.5887989141687
do-int,256,2-stackless,0,3,False,86938,0.017607457999999993,202.52890565690484
do-int,256,2-stackless,0,4,False,86938,0.017794749999999998,204.68322252639808
do-int,256,2-stackless,1,0,True,86938,0.017857292,205.40260875566494
do-int,256,2-stackless,1,1,True,86938,0.017884625,205.7170052221123
do-int,256,2-stackless,1,2,False,86938,0.017791083,204.64104304216798
do-int,256,2-stackless,1,3,False,86938,0.017852833,205.3513193310175
do-int,256,2-stackless,1,4,False,86938,0.017721249999999994,203.83779244979172
do-int,256,1x,1,0,True,86938,0.215923,2483.6435160689225
do-int,256,1x,1,1,True,86938,0.21499,2472.9117301985325
do-int,256,1x,1,2,False,86938,0.216032,2484.897283121305
do-int,256,1x,1,3,False,86938,0.214651,2469.0123996411235
do-int,256,1x,1,4,False,86938,0.215732,2481.4465481147486
do-int,256,1x,2,0,True,86938,0.215407,2477.708251857646
do-int,256,1x,2,1,True,86938,0.216611,2491.5572016839587
do-int,256,1x,2,2,False,86938,0.216452,2489.7283121304836
do-int,256,1x,2,3,False,86938,0.215569,2479.571648761186
do-int,256,1x,2,4,False,86938,0.215943,2483.8735650693598
do-int,256,2-stackless,2,0,True,86938,0.017340625000000002,199.45967241022342
do-int,256,2-stackless,2,1,True,86938,0.017940040999999997,206.35442499252338
do-int,256,2-stackless,2,2,False,86938,0.018147875,208.74502519036554
do-int,256,2-stackless,2,3,False,86938,0.017956833,206.5475741332904
do-int,256,2-stackless,2,4,False,86938,0.017674416,203.29908670546826
assign-string,8,2-stackless,0,0,True,652263,0.022097917,33.8788448831223
assign-string,8,2-stackless,0,1,True,652263,0.022351834,34.26813110662417
assign-string,8,2-stackless,0,2,False,652263,0.022073750000000003,33.84179387762299
assign-string,8,2-stackless,0,3,False,652263,0.022147457999999995,33.95479737467861
assign-string,8,2-stackless,0,4,False,652263,0.02241625,34.36688881632102
assign-string,8,1x,0,0,True,652263,0.0559533,85.78334199548341
assign-string,8,1x,0,1,True,652263,0.0546847,83.83842100502405
assign-string,8,1x,0,2,False,652263,0.053326,81.75536555039915
assign-string,8,1x,0,3,False,652263,0.0478915,73.42360366907214
assign-string,8,1x,0,4,False,652263,0.0483,74.04988478573827
assign-string,8,2-stackless,1,0,True,652263,0.022426917,34.38324264905414
assign-string,8,2-stackless,1,1,True,652263,0.022111875,33.90024422663864
assign-string,8,2-stackless,1,2,False,652263,0.022051333000000006,33.807425838963745
assign-string,8,2-stackless,1,3,False,652263,0.022019958000000006,33.75932407633118
assign-string,8,2-stackless,1,4,False,652263,0.02238929199999999,34.325558861992775
assign-string,8,1x,1,0,True,652263,0.0496729,76.1547105998654
assign-string,8,1x,1,1,True,652263,0.0537186,82.35726999691842
assign-string,8,1x,1,2,False,652263,0.0553201,84.8125679365532
assign-string,8,1x,1,3,False,652263,0.0545173,83.58177606272316
assign-string,8,1x,1,4,False,652263,0.0553787,84.90240899759759
assign-string,8,2-stackless,2,0,True,652263,0.022229834,34.081089989774064
assign-string,8,2-stackless,2,1,True,652263,0.022171375,33.99146509920078
assign-string,8,2-stackless,2,2,False,652263,0.022354374999999996,34.27202677447593
assign-string,8,2-stackless,2,3,False,652263,0.022068833999999996,33.83425704048826
assign-string,8,2-stackless,2,4,False,652263,0.022562250000000006,34.59072490697772
assign-string,8,1x,2,0,True,652263,0.0558448,85.6169980513995
assign-string,8,1x,2,1,True,652263,0.055791,85.53451598511643
assign-string,8,1x,2,2,False,652263,0.0565611,86.715174707135
assign-string,8,1x,2,3,False,652263,0.0547034,83.86709042211501
assign-string,8,1x,2,4,False,652263,0.0552335,84.6797994060678
update-seq,256,1x,0,0,True,98371,0.0596595,606.4744691016662
update-seq,256,1x,0,1,True,98371,0.0589926,599.6950320724604
update-seq,256,1x,0,2,False,98371,0.0599075,608.9955373026603
update-seq,256,1x,0,3,False,98371,0.0586884,596.6026572872087
update-seq,256,1x,0,4,False,98371,0.0589854,599.6218397698509
update-seq,256,2-stackless,0,0,True,98371,0.020615959,209.5735430157262
update-seq,256,2-stackless,0,1,True,98371,0.020908500000000003,212.5473970987385
update-seq,256,2-stackless,0,2,False,98371,0.020718833,210.6193187016499
update-seq,256,2-stackless,0,3,False,98371,0.020768750000000002,211.12675483628308
update-seq,256,2-stackless,0,4,False,98371,0.02076575,211.09625804352908
update-seq,256,1x,1,0,True,98371,0.0603379,613.3708105030954
update-seq,256,1x,1,1,True,98371,0.060045,610.3933069705503
update-seq,256,1x,1,2,False,98371,0.0596174,606.0464974433522
update-seq,256,1x,1,3,False,98371,0.0595967,605.8360695733498
update-seq,256,1x,1,4,False,98371,0.0600635,610.5813705258664
update-seq,256,2-stackless,1,0,True,98371,0.020454334,207.93052830610648
update-seq,256,2-stackless,1,1,True,98371,0.020565375,209.05932642750403
update-seq,256,2-stackless,1,2,False,98371,0.020823374999999998,211.68205060434474
update-seq,256,2-stackless,1,3,False,98371,0.020575958000000005,209.16690894674247
update-seq,256,2-stackless,1,4,False,98371,0.020521333000000003,208.61161317868076
update-seq,256,1x,2,0,True,98371,0.0593113,602.9348080226896
update-seq,256,1x,2,1,True,98371,0.0597127,607.0152788931697
update-seq,256,1x,2,2,False,98371,0.0606032,616.0677435423041
update-seq,256,1x,2,3,False,98371,0.059585,605.7171320816094
update-seq,256,1x,2,4,False,98371,0.0596873,606.7570727145195
update-seq,256,2-stackless,2,0,True,98371,0.02030875,206.4505799473422
update-seq,256,2-stackless,2,1,True,98371,0.020551667000000003,208.91997641581364
update-seq,256,2-stackless,2,2,False,98371,0.020951209,212.98155960598143
update-seq,256,2-stackless,2,3,False,98371,0.020907042,212.53257565746003
update-seq,256,2-stackless,2,4,False,98371,0.021055083000000002,214.03750088948982
get-int,0,2-stackless,0,0,True,4456825,0.020761500000000002,4.6583610529917605
get-int,0,2-stackless,0,1,True,4456825,0.020880791,4.685126968189238
get-int,0,2-stackless,0,2,False,4456825,0.020866749999999996,4.681976519158817
get-int,0,2-stackless,0,3,False,4456825,0.020817957999999998,4.671028815356222
get-int,0,2-stackless,0,4,False,4456825,0.02075733299999999,4.65742608246902
get-int,0,1x,0,0,True,4456825,0.0225558,5.06095707145782
get-int,0,1x,0,1,True,4456825,0.0234882,5.2701642985757795
get-int,0,1x,0,2,False,4456825,0.0231879,5.202784493445446
get-int,0,1x,0,3,False,4456825,0.0232295,5.21211849242454
get-int,0,1x,0,4,False,4456825,0.0230657,5.175365871444358
get-int,0,2-stackless,1,0,True,4456825,0.020452292,4.588982515580037
get-int,0,2-stackless,1,1,True,4456825,0.020561667,4.613523528520864
get-int,0,2-stackless,1,2,False,4456825,0.020574707999999997,4.616449602575824
get-int,0,2-stackless,1,3,False,4456825,0.020732750000000008,4.651910272447315
get-int,0,2-stackless,1,4,False,4456825,0.021513541999999997,4.827100458285886
get-int,0,1x,1,0,True,4456825,0.0241159,5.4110044706713865
get-int,0,1x,1,1,True,4456825,0.0238252,5.345778665305459
get-int,0,1x,1,2,False,4456825,0.0240218,5.389890785480695
get-int,0,1x,1,3,False,4456825,0.0238077,5.341852103234927
get-int,0,1x,1,4,False,4456825,0.0240769,5.4022538466284855
get-int,0,2-stackless,2,0,True,4456825,0.020639708,4.6310339759806585
get-int,0,2-stackless,2,1,True,4456825,0.020658957999999998,4.6353531942582435
get-int,0,2-stackless,2,2,False,4456825,0.020814415999999995,4.670234079193147
get-int,0,2-stackless,2,3,False,4456825,0.02104425,4.721803077302789
get-int,0,2-stackless,2,4,False,4456825,0.020539708000000004,4.608596478434761
get-int,0,1x,2,0,True,4456825,0.0238063,5.341537978269284
get-int,0,1x,2,1,True,4456825,0.0239192,5.366869912998603
get-int,0,1x,2,2,False,4456825,0.02391,5.364805663224381
get-int,0,1x,2,3,False,4456825,0.023564,5.287171921715571
get-int,0,1x,2,4,False,4456825,0.0243317,5.459424590375435
get-seq,64,2-stackless,0,0,True,415046,0.019999959,48.18733104282417
get-seq,64,2-stackless,0,1,True,415046,0.019875166,47.88665834630378
get-seq,64,2-stackless,0,2,False,415046,0.019916375,47.98594613609094
get-seq,64,2-stackless,0,3,False,415046,0.020168541000000005,48.59350770757941
get-seq,64,2-stackless,0,4,False,415046,0.020238208999999993,48.76136380063895
get-seq,64,1x,0,0,True,415046,0.0409932,98.7678474193222
get-seq,64,1x,0,1,True,415046,0.0402108,96.88275516448779
get-seq,64,1x,0,2,False,415046,0.03997,96.30257850937005
get-seq,64,1x,0,3,False,415046,0.040549,97.6976046028633
get-seq,64,1x,0,4,False,415046,0.0407504,98.18285202122175
get-seq,64,1x,1,0,True,415046,0.0411203,99.07407853587313
get-seq,64,1x,1,1,True,415046,0.0412632,99.41837772198744
get-seq,64,1x,1,2,False,415046,0.0405311,97.65447685316808
get-seq,64,1x,1,3,False,415046,0.0406466,97.93275926041933
get-seq,64,1x,1,4,False,415046,0.0411213,99.07648790736448
get-seq,64,2-stackless,1,0,True,415046,0.019795625,47.69501452851009
get-seq,64,2-stackless,1,1,True,415046,0.020176625,48.612985066715495
get-seq,64,2-stackless,1,2,False,415046,0.020065957999999995,48.34634715188195
get-seq,64,2-stackless,1,3,False,415046,0.020374375000000007,49.089438279130526
get-seq,64,2-stackless,1,4,False,415046,0.019922083000000007,47.9996988285636
get-seq,64,1x,2,0,True,415046,0.0400765,96.55917657319911
get-seq,64,1x,2,1,True,415046,0.0405776,97.76651262751598
get-seq,64,1x,2,2,False,415046,0.040632,97.89758243664558
get-seq,64,1x,2,3,False,415046,0.0404933,97.56340261079495
get-seq,64,1x,2,4,False,415046,0.0405543,97.71037427176746
get-seq,64,2-stackless,2,0,True,415046,0.019905333,47.95934185608342
get-seq,64,2-stackless,2,1,True,415046,0.020234791999999998,48.753130978253004
get-seq,64,2-stackless,2,2,False,415046,0.019944499999999997,48.05370970928523
get-seq,64,2-stackless,2,3,False,415046,0.020197750000000007,48.66388303947034
get-seq,64,2-stackless,2,4,False,415046,0.020412749999999993,49.181897910111154
update-string,64,2-stackless,0,0,True,321566,0.020057083,62.3731457927766
update-string,64,2-stackless,0,1,True,321566,0.020559833,63.93658844529583
update-string,64,2-stackless,0,2,False,321566,0.020690499999999994,64.34293426543849
update-string,64,2-stackless,0,3,False,321566,0.0208855,64.94934165925503
update-string,64,2-stackless,0,4,False,321566,0.021310041000000002,66.26957140991274
update-string,64,1x,0,0,True,321566,0.043121,134.09688835262435
update-string,64,1x,0,1,True,321566,0.0434275,135.05003638444362
update-string,64,1x,0,2,False,321566,0.0439267,136.60243931261388
update-string,64,1x,0,3,False,321566,0.0430127,133.7600990154432
update-string,64,1x,0,4,False,321566,0.0427482,132.93756180690744
update-string,64,2-stackless,1,0,True,321566,0.020014375,62.24033324418626
update-string,64,2-stackless,1,1,True,321566,0.020465124999999997,63.642067258354416
update-string,64,2-stackless,1,2,False,321566,0.020443333,63.574298899759306
update-string,64,2-stackless,1,3,False,321566,0.020427624999999998,63.52545045185124
update-string,64,2-stackless,1,4,False,321566,0.02073212499999999,64.472378920657
update-string,64,1x,1,0,True,321566,0.0430765,133.9585030755739
update-string,64,1x,1,1,True,321566,0.043708,135.92233009708738
update-string,64,1x,1,2,False,321566,0.0438783,136.45192588768714
update-string,64,1x,1,3,False,321566,0.0427841,133.04920296299983
update-string,64,1x,1,4,False,321566,0.0433435,134.78881473787652
update-string,64,1x,2,0,True,321566,0.0429329,133.51193845120443
update-string,64,1x,2,1,True,321566,0.0429023,133.41677913709782
update-string,64,1x,2,2,False,321566,0.0433618,134.84572373945008
update-string,64,1x,2,3,False,321566,0.0440461,136.97374722452
update-string,64,1x,2,4,False,321566,0.0432805,134.5928985029512
update-string,64,2-stackless,2,0,True,321566,0.019934374999999997,61.99155072364614
update-string,64,2-stackless,2,1,True,321566,0.01998825,62.15909020232238
update-string,64,2-stackless,2,2,False,321566,0.020224500000000006,62.89377608329241
update-string,64,2-stackless,2,3,False,321566,0.020292375,63.104852503063135
update-string,64,2-stackless,2,4,False,321566,0.020367875000000008,63.33964100682288
const-table,8,2-stackless,0,0,True,1831368,0.018397541,10.045791452072987
const-table,8,2-stackless,0,1,True,1831368,0.017713166000000002,9.67209539535473
const-table,8,2-stackless,0,2,False,1831368,0.017687334,9.65799009265205
const-table,8,2-stackless,0,3,False,1831368,0.017979500000000002,9.817524386141946
const-table,8,2-stackless,0,4,False,1831368,0.017960540999999997,9.807172015673528
const-table,8,1x,0,0,True,1831368,0.14139,77.20458149317886
const-table,8,1x,0,1,True,1831368,0.137745,75.21426605684931
const-table,8,1x,0,2,False,1831368,0.141416,77.21877853058479
const-table,8,1x,0,3,False,1831368,0.13684,74.72009994714334
const-table,8,1x,0,4,False,1831368,0.134282,73.32332988236116
const-table,8,1x,1,0,True,1831368,0.129236,70.56801254581273
const-table,8,1x,1,1,True,1831368,0.140068,76.482716745078
const-table,8,1x,1,2,False,1831368,0.138669,75.7188069246596
const-table,8,1x,1,3,False,1831368,0.137051,74.83531436609135
const-table,8,1x,1,4,False,1831368,0.13629,74.41977800201816
const-table,8,2-stackless,1,0,True,1831368,0.017720084,9.675872899384505
const-table,8,2-stackless,1,1,True,1831368,0.01770025,9.66504274400339
const-table,8,2-stackless,1,2,False,1831368,0.018067542,9.865598831037781
const-table,8,2-stackless,1,3,False,1831368,0.017976541999999998,9.81590920011707
const-table,8,2-stackless,1,4,False,1831368,0.017461124999999994,9.534470952861463
const-table,8,1x,2,0,True,1831368,0.136151,74.34387845588653
const-table,8,1x,2,1,True,1831368,0.140883,76.92773926376348
const-table,8,1x,2,2,False,1831368,0.1354,73.93380249081561
const-table,8,1x,2,3,False,1831368,0.137115,74.87026091970593
const-table,8,1x,2,4,False,1831368,0.141279,77.1439710642536
const-table,8,2-stackless,2,0,True,1831368,0.017692583999999997,9.660856802128244
const-table,8,2-stackless,2,1,True,1831368,0.018028583,9.844325662564815
const-table,8,2-stackless,2,2,False,1831368,0.017757542,9.696326461967228
const-table,8,2-stackless,2,3,False,1831368,0.017858958,9.75170364448871
const-table,8,2-stackless,2,4,False,1831368,0.017718541000000004,9.675030359818455
add-float4,64,2-stackless,0,0,True,258176,0.019834833,76.82678870228061
add-float4,64,2-stackless,0,1,True,258176,0.020121875,77.93859615146256
add-float4,64,2-stackless,0,2,False,258176,0.020388584,78.97164724838869
add-float4,64,2-stackless,0,3,False,258176,0.019873292,76.97575297471492
add-float4,64,2-stackless,0,4,False,258176,0.019820832999999996,76.77256212816062
add-float4,64,1x,0,0,True,258176,0.0155685,60.30188708477937
add-float4,64,1x,0,1,True,258176,0.0151926,58.84590356965791
add-float4,64,1x,0,2,False,258176,0.0157831,61.133102999504224
add-float4,64,1x,0,3,False,258176,0.0159763,61.88142972235993
add-float4,64,1x,0,4,False,258176,0.0156018,60.43086886465047
add-float4,64,1x,1,0,True,258176,0.0156724,60.70432573128409
add-float4,64,1x,1,1,True,258176,0.0158566,61.417792513634105
add-float4,64,1x,1,2,False,258176,0.0155786,60.34100768468022
add-float4,64,1x,1,3,False,258176,0.016799,65.06801561725335
add-float4,64,1x,1,4,False,258176,0.0161755,62.65299640555279
add-float4,64,2-stackless,1,0,True,258176,0.01985825,76.91749039414972
add-float4,64,2-stackless,1,1,True,258176,0.019921834000000003,77.1637720004958
add-float4,64,2-stackless,1,2,False,258176,0.020277333,78.54073577714428
add-float4,64,2-stackless,1,3,False,258176,0.020315041,78.68679118120971
add-float4,64,2-stackless,1,4,False,258176,0.020194541999999996,78.22005918443232
add-float4,64,1x,2,0,True,258176,0.0153819,59.5791243182945
add-float4,64,1x,2,1,True,258176,0.0447702,173.40961204759543
add-float4,64,1x,2,2,False,258176,0.016143,62.52711328706
add-float4,64,1x,2,3,False,258176,0.0159453,61.761356593951405
add-float4,64,1x,2,4,False,258176,0.0154891,59.99434494298463
add-float4,64,2-stackless,2,0,True,258176,0.019948083000000002,77.26544295364404
add-float4,64,2-stackless,2,1,True,258176,0.01987775,76.99302026524542
add-float4,64,2-stackless,2,2,False,258176,0.019842666999999994,76.85713234382744
add-float4,64,2-stackless,2,3,False,258176,0.020302207999999995,78.6370847793753
add-float4,64,2-stackless,2,4,False,258176,0.020173499999999997,78.13855664352998
assign-string,256,1x,0,0,True,21541,0.0419421,1947.0823081565386
assign-string,256,1x,0,1,True,21541,0.0427278,1983.5569379323151
assign-string,256,1x,0,2,False,21541,0.042988,1995.6362285873452
assign-string,256,1x,0,3,False,21541,0.0430203,1997.1356947216934
assign-string,256,1x,0,4,False,21541,0.0420024,1949.8816210946568
assign-string,256,2-stackless,0,0,True,21541,0.019919125,924.7075344691518
assign-string,256,2-stackless,0,1,True,21541,0.020049584,930.7638456896152
assign-string,256,2-stackless,0,2,False,21541,0.020306833000000003,942.706141776148
assign-string,256,2-stackless,0,3,False,21541,0.019886124999999998,923.175572164709
assign-string,256,2-stackless,0,4,False,21541,0.020283167000000005,941.607492688362
assign-string,256,1x,1,0,True,21541,0.0425842,1976.8905807529827
assign-string,256,1x,1,1,True,21541,0.042978,1995.1719975859987
assign-string,256,1x,1,2,False,21541,0.0431935,2005.176175665011
assign-string,256,1x,1,3,False,21541,0.0422245,1960.1921916345573
assign-string,256,1x,1,4,False,21541,0.042891,1991.1331878742863
assign-string,256,2-stackless,1,0,True,21541,0.019815041000000002,919.8756325147396
assign-string,256,2-stackless,1,1,True,21541,0.020228417000000002,939.065827955991
assign-string,256,2-stackless,1,2,False,21541,0.020446125000000002,949.1725082401005
assign-string,256,2-stackless,1,3,False,21541,0.020106708,933.4157188617056
assign-string,256,2-stackless,1,4,False,21541,0.020778083000000003,964.5830277145909
assign-string,256,1x,2,0,True,21541,0.0421429,1956.4040666635717
assign-string,256,1x,2,1,True,21541,0.0422987,1963.6367856645468
assign-string,256,1x,2,2,False,21541,0.0417639,1938.809711712548
assign-string,256,1x,2,3,False,21541,0.042562,1975.859987929994
assign-string,256,1x,2,4,False,21541,0.0416659,1934.2602478993547
assign-string,256,2-stackless,2,0,True,21541,0.020384625,946.3174875818207
assign-string,256,2-stackless,2,1,True,21541,0.020296707999999997,942.2361078872846
assign-string,256,2-stackless,2,2,False,21541,0.020062291999999995,931.3537904461258
assign-string,256,2-stackless,2,3,False,21541,0.020265833000000004,940.8027946706283
assign-string,256,2-stackless,2,4,False,21541,0.020560582999999993,954.486003435309
push-shared-seq,64,2-stackless,0,0,True,87805,0.036286208,413.25901714025395
push-shared-seq,64,2-stackless,0,1,True,87805,0.035959542,409.5386595296395
push-shared-seq,64,2-stackless,0,2,False,87805,0.035836959,408.14257730197596
push-shared-seq,64,2-stackless,0,3,False,87805,0.036732708,418.3441489664598
push-shared-seq,64,2-stackless,0,4,False,87805,0.03622504200000001,412.56240532999277
push-shared-seq,64,1x,0,0,True,87805,0.0215446,245.36871476567393
push-shared-seq,64,1x,0,1,True,87805,0.0221187,251.90706679574055
push-shared-seq,64,1x,0,2,False,87805,0.0219006,249.42315357895336
push-shared-seq,64,1x,0,3,False,87805,0.0210087,239.26541768691987
push-shared-seq,64,1x,0,4,False,87805,0.0206145,234.77592392232788
push-shared-seq,64,1x,1,0,True,87805,0.0213606,243.27316212060816
push-shared-seq,64,1x,1,1,True,87805,0.021531,245.2138260919082
push-shared-seq,64,1x,1,2,False,87805,0.0212752,242.30055236034394
push-shared-seq,64,1x,1,3,False,87805,0.0212914,242.4850521040943
push-shared-seq,64,1x,1,4,False,87805,0.0212413,241.9144695632367
push-shared-seq,64,2-stackless,1,0,True,87805,0.036737375,418.3973008370822
push-shared-seq,64,2-stackless,1,1,True,87805,0.036646125,417.3580661693525
push-shared-seq,64,2-stackless,1,2,False,87805,0.03703545800000001,421.792130288708
push-shared-seq,64,2-stackless,1,3,False,87805,0.035568833999999994,405.08893570981144
push-shared-seq,64,2-stackless,1,4,False,87805,0.0360095,410.10762485052106
push-shared-seq,64,1x,2,0,True,87805,0.0213288,242.91099595695005
push-shared-seq,64,1x,2,1,True,87805,0.0212961,242.53857980752804
push-shared-seq,64,1x,2,2,False,87805,0.0212697,242.23791355845339
push-shared-seq,64,1x,2,3,False,87805,0.0212387,241.8848584932521
push-shared-seq,64,1x,2,4,False,87805,0.0215075,244.94618757473947
push-shared-seq,64,2-stackless,2,0,True,87805,0.036389375,414.4339730083708
push-shared-seq,64,2-stackless,2,1,True,87805,0.036632833000000004,417.20668526849266
push-shared-seq,64,2-stackless,2,2,False,87805,0.036424709,414.8363874494619
push-shared-seq,64,2-stackless,2,3,False,87805,0.03613479200000001,411.53455953533415
push-shared-seq,64,2-stackless,2,4,False,87805,0.03670020900000001,417.9740219805252
assign-int,64,2-stackless,0,0,True,166476,0.023064917,138.54800091304452
assign-int,64,2-stackless,0,1,True,166476,0.023269083000000003,139.77439991350107
assign-int,64,2-stackless,0,2,False,166476,0.023112041,138.83106874264158
assign-int,64,2-stackless,0,3,False,166476,0.023516584000000007,141.26110670607179
assign-int,64,2-stackless,0,4,False,166476,0.02308020799999999,138.6398519906773
assign-int,64,1x,0,0,True,166476,0.020721,124.46839184026527
assign-int,64,1x,0,1,True,166476,0.0200679,120.54530382757875
assign-int,64,1x,0,2,False,166476,0.0204632,122.91982027439391
assign-int,64,1x,0,3,False,166476,0.02055,123.44121675196425
assign-int,64,1x,0,4,False,166476,0.0208296,125.12073812441433
assign-int,64,1x,1,0,True,166476,0.0202031,121.3574329032413
assign-int,64,1x,1,1,True,166476,0.019854,119.26043393642327
assign-int,64,1x,1,2,False,166476,0.0208625,125.3183642086547
assign-int,64,1x,1,3,False,166476,0.0205208,123.2658160936111
assign-int,64,1x,1,4,False,166476,0.0204993,123.13666834859079
assign-int,64,2-stackless,1,0,True,166476,0.023143708,139.02128835387683
assign-int,64,2-stackless,1,1,True,166476,0.023332375000000002,140.1545868473534
assign-int,64,2-stackless,1,2,False,166476,0.023223542,139.5008409620606
assign-int,64,2-stackless,1,3,False,166476,0.023319875000000004,140.07950094908577
assign-int,64,2-stackless,1,4,False,166476,0.02299975,138.15655109445206
assign-int,64,2-stackless,2,0,True,166476,0.023092541,138.7139347413441
assign-int,64,2-stackless,2,1,True,166476,0.023694875,142.3320778971143
assign-int,64,2-stackless,2,2,False,166476,0.023039624999999994,138.3960751099257
assign-int,64,2-stackless,2,3,False,166476,0.023056792000000007,138.49919507917062
assign-int,64,2-stackless,2,4,False,166476,0.023464416999999987,140.94774622167753
assign-int,64,1x,2,0,True,166476,0.0206784,124.21249909896922
assign-int,64,1x,2,1,True,166476,0.0213434,128.2070688868065
assign-int,64,1x,2,2,False,166476,0.0204903,123.0826065018381
assign-int,64,1x,2,3,False,166476,0.0205802,123.62262428217882
assign-int,64,1x,2,4,False,166476,0.0205562,123.47845935750499
get-string,256,1x,0,0,True,137241,0.0290012,211.31586042071976
get-string,256,1x,0,1,True,137241,0.0309105,225.22788379565873
get-string,256,1x,0,2,False,137241,0.030073,219.12547999504523
get-string,256,1x,0,3,False,137241,0.029385,214.11240081316808
get-string,256,1x,0,4,False,137241,0.0297891,217.05685618729098
get-string,256,2-stackless,0,0,True,137241,0.020783792000000002,151.44010900532643
get-string,256,2-stackless,0,1,True,137241,0.020862541000000002,152.01390983743926
get-string,256,2-stackless,0,2,False,137241,0.020558042,149.79519239877297
get-string,256,2-stackless,0,3,False,137241,0.020673083000000002,150.63343315772983
get-string,256,2-stackless,0,4,False,137241,0.020555458,149.77636420603173
get-string,256,2-stackless,1,0,True,137241,0.020884375,152.17300223694085
get-string,256,2-stackless,1,1,True,137241,0.02036475,148.38677946094825
get-string,256,2-stackless,1,2,False,137241,0.020306291999999997,147.96082803243925
get-string,256,2-stackless,1,3,False,137241,0.020753583000000006,151.2199925678187
get-string,256,2-stackless,1,4,False,137241,0.020715167000000007,150.94007621629112
get-string,256,1x,1,0,True,137241,0.0300753,219.14223883533347
get-string,256,1x,1,1,True,137241,0.0302341,220.2993274604528
get-string,256,1x,1,2,False,137241,0.0306959,223.66421113224183
get-string,256,1x,1,3,False,137241,0.0295812,215.54200275427897
get-string,256,1x,1,4,False,137241,0.0289708,211.09435227082287
get-string,256,1x,2,0,True,137241,0.0307497,224.05622226594093
get-string,256,1x,2,1,True,137241,0.0303924,221.45277285942248
get-string,256,1x,2,2,False,137241,0.0308961,225.12295888254968
get-string,256,1x,2,3,False,137241,0.029688,216.3201958598378
get-string,256,1x,2,4,False,137241,0.0299611,218.31012598276024
get-string,256,2-stackless,2,0,True,137241,0.020307625,147.97054087335417
get-string,256,2-stackless,2,1,True,137241,0.020800334,151.5606414992604
get-string,256,2-stackless,2,2,False,137241,0.020530625000000004,149.59541973608472
get-string,256,2-stackless,2,3,False,137241,0.020693083,150.77916220371463
get-string,256,2-stackless,2,4,False,137241,0.021864415999999998,159.31402423474032
update-int,0,1x,0,0,True,4477579,0.0234406,5.235105846262009
update-int,0,1x,0,1,True,4477579,0.0233454,5.213844356514983
update-int,0,1x,0,2,False,4477579,0.0231338,5.166586675522643
update-int,0,1x,0,3,False,4477579,0.0235678,5.263514055251733
update-int,0,1x,0,4,False,4477579,0.0229465,5.124756034455227
update-int,0,2-stackless,0,0,True,4477579,0.02054225,4.587802917603464
update-int,0,2-stackless,0,1,True,4477579,0.020644624999999996,4.610666835805688
update-int,0,2-stackless,0,2,False,4477579,0.020903249999999998,4.668426844060149
update-int,0,2-stackless,0,3,False,4477579,0.020647915999999995,4.611401831212804
update-int,0,2-stackless,0,4,False,4477579,0.020722416000000007,4.628040286949712
update-int,0,1x,1,0,True,4477579,0.0238447,5.325355510198704
update-int,0,1x,1,1,True,4477579,0.0238589,5.32852686686265
update-int,0,1x,1,2,False,4477579,0.0239372,5.346013995509627
update-int,0,1x,1,3,False,4477579,0.0239216,5.342529969878812
update-int,0,1x,1,4,False,4477579,0.0243176,5.430970620507198
update-int,0,2-stackless,1,0,True,4477579,0.020960542,4.681222151524294
update-int,0,2-stackless,1,1,True,4477579,0.021214625,4.737967772316245
update-int,0,2-stackless,1,2,False,4477579,0.021187541999999997,4.7319191911521825
update-int,0,2-stackless,1,3,False,4477579,0.020985000000000004,4.68668447837548
update-int,0,2-stackless,1,4,False,4477579,0.021255374999999993,4.747068672601866
update-int,0,2-stackless,2,0,True,4477579,0.021346292,4.767373618645254
update-int,0,2-stackless,2,1,True,4477579,0.021171291000000002,4.728289774451774
update-int,0,2-stackless,2,2,False,4477579,0.020973916999999995,4.684209256832765
update-int,0,2-stackless,2,3,False,4477579,0.021421541999999988,4.7841795756144085
update-int,0,2-stackless,2,4,False,4477579,0.020803166999999997,4.646074809623682
update-int,0,1x,2,0,True,4477579,0.024085,5.379022905011838
update-int,0,1x,2,1,True,4477579,0.023827,5.321402481117586
update-int,0,1x,2,2,False,4477579,0.0233792,5.221393078715082
update-int,0,1x,2,3,False,4477579,0.024031,5.366962816289785
update-int,0,1x,2,4,False,4477579,0.02386,5.328772535336618
get-seq,256,1x,0,0,True,119842,0.0305244,254.70536206004573
get-seq,256,1x,0,1,True,119842,0.0316132,263.79065769930406
get-seq,256,1x,0,2,False,119842,0.032243,269.0459104487575
get-seq,256,1x,0,3,False,119842,0.0307225,256.3583718562774
get-seq,256,1x,0,4,False,119842,0.0316937,264.46237546102367
get-seq,256,2-stackless,0,0,True,119842,0.017805417,148.5740975617897
get-seq,256,2-stackless,0,1,True,119842,0.018029958,150.44773952370622
get-seq,256,2-stackless,0,2,False,119842,0.018399667,153.53270973448375
get-seq,256,2-stackless,0,3,False,119842,0.018743332999999994,156.40036881894488
get-seq,256,2-stackless,0,4,False,119842,0.01792887500000001,149.60427062298703
get-seq,256,2-stackless,1,0,True,119842,0.018447,153.92767143405484
get-seq,256,2-stackless,1,1,True,119842,0.017913583999999996,149.47667762554028
get-seq,256,2-stackless,1,2,False,119842,0.018345665999999997,153.08210810901016
get-seq,256,2-stackless,1,3,False,119842,0.018386250000000007,153.4207539927572
get-seq,256,2-stackless,1,4,False,119842,0.018206208,151.91842592747116
get-seq,256,1x,1,0,True,119842,0.0307,256.1706246557968
get-seq,256,1x,1,1,True,119842,0.0308115,257.1010163381786
get-seq,256,1x,1,2,False,119842,0.0302065,252.05270272525493
get-seq,256,1x,1,3,False,119842,0.0312146,260.4646117387894
get-seq,256,1x,1,4,False,119842,0.0306683,255.90610971111965
get-seq,256,1x,2,0,True,119842,0.0314945,262.8001869127685
get-seq,256,1x,2,1,True,119842,0.0302913,252.76030106306638
get-seq,256,1x,2,2,False,119842,0.0301953,251.95924634101567
get-seq,256,1x,2,3,False,119842,0.0311355,259.8045760250997
get-seq,256,1x,2,4,False,119842,0.0305692,255.07918759700271
get-seq,256,2-stackless,2,0,True,119842,0.017849083,148.93846063984245
get-seq,256,2-stackless,2,1,True,119842,0.017825917,148.7451561222276
get-seq,256,2-stackless,2,2,False,119842,0.018287416,152.5960514677659
get-seq,256,2-stackless,2,3,False,119842,0.018280082999999996,152.5348625690492
get-seq,256,2-stackless,2,4,False,119842,0.01849166699999999,154.3003871764489
update-string,8,2-stackless,0,0,True,1431988,0.019630041,13.70824406349774
update-string,8,2-stackless,0,1,True,1431988,0.019618749999999997,13.700359220887323
update-string,8,2-stackless,0,2,False,1431988,0.019496332999999998,13.614871772668483
update-string,8,2-stackless,0,3,False,1431988,0.019392583000000005,13.542420048212698
update-string,8,2-stackless,0,4,False,1431988,0.019543833999999996,13.64804314002631
update-string,8,1x,0,0,True,1431988,0.0414344,28.934879342564322
update-string,8,1x,0,1,True,1431988,0.0417913,29.184113274692248
update-string,8,1x,0,2,False,1431988,0.0419801,29.31595795495493
update-string,8,1x,0,3,False,1431988,0.0419134,29.26937935234094
update-string,8,1x,0,4,False,1431988,0.041071,28.68110626625363
update-string,8,1x,1,0,True,1431988,0.0429064,29.962820917493723
update-string,8,1x,1,1,True,1431988,0.0418843,29.249057952999607
update-string,8,1x,1,2,False,1431988,0.0428932,29.953602963153322
update-string,8,1x,1,3,False,1431988,0.0417612,29.163093545476638
update-string,8,1x,1,4,False,1431988,0.0426207,29.763308072414013
update-string,8,2-stackless,1,0,True,1431988,0.019720167,13.771181741746439
update-string,8,2-stackless,1,1,True,1431988,0.019648583000000004,13.721192496026505
update-string,8,2-stackless,1,2,False,1431988,0.019966417,13.943145473286089
update-string,8,2-stackless,1,3,False,1431988,0.019807499999999992,13.83216898465629
update-string,8,2-stackless,1,4,False,1431988,0.019543083000000003,13.647518694290737
update-string,8,1x,2,0,True,1431988,0.0415982,29.04926577597019
update-string,8,1x,2,1,True,1431988,0.0408356,28.516719413849838
update-string,8,1x,2,2,False,1431988,0.041225,28.788649066891622
update-string,8,1x,2,3,False,1431988,0.0409562,28.600937996687122
update-string,8,1x,2,4,False,1431988,0.042306,29.5435436609804
update-string,8,2-stackless,2,0,True,1431988,0.018883625,13.186999472062615
update-string,8,2-stackless,2,1,True,1431988,0.018922541,13.214175677449811
update-string,8,2-stackless,2,2,False,1431988,0.019038583000000005,13.295211272720165
update-string,8,2-stackless,2,3,False,1431988,0.018813249999999997,13.137854507160672
update-string,8,2-stackless,2,4,False,1431988,0.018824208999999995,13.145507504252826
assign-int,0,2-stackless,0,0,True,4469274,0.020624583,4.614750180901865
assign-int,0,2-stackless,0,1,True,4469274,0.0207955,4.652992857452911
assign-int,0,2-stackless,0,2,False,4469274,0.020623708000000004,4.614554399663123
assign-int,0,2-stackless,0,3,False,4469274,0.020748667000000005,4.642513974305447
assign-int,0,2-stackless,0,4,False,4469274,0.021084500000000006,4.717656603734747
assign-int,0,1x,0,0,True,4469274,0.0229664,5.138731704522927
assign-int,0,1x,0,1,True,4469274,0.0227798,5.0969799569236525
assign-int,0,1x,0,2,False,4469274,0.0228951,5.122778330440246
assign-int,0,1x,0,3,False,4469274,0.0230312,5.153230703689235
assign-int,0,1x,0,4,False,4469274,0.0230218,5.1511274538101715
assign-int,0,1x,1,0,True,4469274,0.0227895,5.099150331798856
assign-int,0,1x,1,1,True,4469274,0.022729,5.085613457577226
assign-int,0,1x,1,2,False,4469274,0.0231197,5.173032577550627
assign-int,0,1x,1,3,False,4469274,0.023085,5.165268452997064
assign-int,0,1x,1,4,False,4469274,0.0229404,5.132914204857434
assign-int,0,2-stackless,1,0,True,4469274,0.020612875,4.6121305160524955
assign-int,0,2-stackless,1,1,True,4469274,0.02062875,4.615682547098253
assign-int,0,2-stackless,1,2,False,4469274,0.020732291,4.638849844516134
assign-int,0,2-stackless,1,3,False,4469274,0.020632082999999996,4.616428305805371
assign-int,0,2-stackless,1,4,False,4469274,0.020623124999999992,4.614423953420621
assign-int,0,2-stackless,2,0,True,4469274,0.020610375,4.611571141084659
assign-int,0,2-stackless,2,1,True,4469274,0.020634334,4.616931967026412
assign-int,0,2-stackless,2,2,False,4469274,0.0205995,4.609137859974573
assign-int,0,2-stackless,2,3,False,4469274,0.0206215,4.614060359691529
assign-int,0,2-stackless,2,4,False,4469274,0.02065379199999999,4.62128569427607
assign-int,0,1x,2,0,True,4469274,0.0234238,5.2410749486381905
assign-int,0,1x,2,1,True,4469274,0.0232847,5.209951325427799
assign-int,0,1x,2,2,False,4469274,0.0234668,5.2506961980849685
assign-int,0,1x,2,3,False,4469274,0.023685,5.299518445277689
assign-int,0,1x,2,4,False,4469274,0.0256064,5.729431670557679
get-string,0,2-stackless,0,0,True,3652969,0.019028083,5.208936347393038
get-string,0,2-stackless,0,1,True,3652969,0.019322083999999996,5.289419099915712
get-string,0,2-stackless,0,2,False,3652969,0.019301582999999997,5.283806952645915
get-string,0,2-stackless,0,3,False,3652969,0.019530958999999994,5.346598616084613
get-string,0,2-stackless,0,4,False,3652969,0.019007125,5.203199096406238
get-string,0,1x,0,0,True,3652969,0.0366267,10.026556480495728
get-string,0,1x,0,1,True,3652969,0.0366789,10.040846226726808
get-string,0,1x,0,2,False,3652969,0.0370708,10.148128823431023
get-string,0,1x,0,3,False,3652969,0.0366119,10.02250498156431
get-string,0,1x,0,4,False,3652969,0.0366599,10.035644978098636
get-string,0,2-stackless,1,0,True,3652969,0.019085667,5.224699963235385
get-string,0,2-stackless,1,1,True,3652969,0.019028625000000004,5.209084719853906
get-string,0,2-stackless,1,2,False,3652969,0.019035417000000006,5.210944029363514
get-string,0,2-stackless,1,3,False,3652969,0.019012333,5.204624786030212
get-string,0,2-stackless,1,4,False,3652969,0.019024625000000003,5.207989720142712
get-string,0,1x,1,0,True,3652969,0.036708,10.048812349625743
get-string,0,1x,1,1,True,3652969,0.0366021,10.019822232271887
get-string,0,1x,1,2,False,3652969,0.0368526,10.0883965891854
get-string,0,1x,1,3,False,3652969,0.0367407,10.057763972264752
get-string,0,1x,1,4,False,3652969,0.0367783,10.068056969549975
get-string,0,1x,2,0,True,3652969,0.0365947,10.017796482806178
get-string,0,1x,2,1,True,3652969,0.0362806,9.931811630484683
get-string,0,1x,2,2,False,3652969,0.0365087,9.99425398901551
get-string,0,1x,2,3,False,3652969,0.0362196,9.915112884888977
get-string,0,1x,2,4,False,3652969,0.0365718,10.011527609459593
get-string,0,2-stackless,2,0,True,3652969,0.019084792,5.224460432048561
get-string,0,2-stackless,2,1,True,3652969,0.019506625,5.339937185341568
get-string,0,2-stackless,2,2,False,3652969,0.019029083000000002,5.209210097320838
get-string,0,2-stackless,2,3,False,3652969,0.019158375,5.244603772985755
get-string,0,2-stackless,2,4,False,3652969,0.019041916000000006,5.212723130144276
add-float,256,2-stackless,0,0,True,97932,0.020194375,206.20813421557816
add-float,256,2-stackless,0,1,True,97932,0.020103,205.2750888371523
add-float,256,2-stackless,0,2,False,97932,0.020014958,204.37607727811135
add-float,256,2-stackless,0,3,False,97932,0.020120875000000003,205.45761344606464
add-float,256,2-stackless,0,4,False,97932,0.020046999999999995,204.70326348895148
add-float,256,1x,0,0,True,97932,0.0355792,363.30515051260056
add-float,256,1x,0,1,True,97932,0.0740575,756.2134950782175
add-float,256,1x,0,2,False,97932,0.0510844,521.6313360290814
add-float,256,1x,0,3,False,97932,0.0724111,739.4018298411142
add-float,256,1x,0,4,False,97932,0.0743374,759.0716007025283
add-float,256,1x,1,0,True,97932,0.0546977,558.5273455050443
add-float,256,1x,1,1,True,97932,0.0681861,696.259649552751
add-float,256,1x,1,2,False,97932,0.0725454,740.7731895601029
add-float,256,1x,1,3,False,97932,0.0704667,719.5472368582282
add-float,256,1x,1,4,False,97932,0.0709253,724.2300780133154
add-float,256,2-stackless,1,0,True,97932,0.020083042,205.07129436752032
add-float,256,2-stackless,1,1,True,97932,0.020136375,205.61588653351305
add-float,256,2-stackless,1,2,False,97932,0.019974874999999996,203.96678307396965
add-float,256,2-stackless,1,3,False,97932,0.020133958,205.59120614303802
add-float,256,2-stackless,1,4,False,97932,0.020147250000000005,205.7269329739003
add-float,256,2-stackless,2,0,True,97932,0.019966292,203.87914062819098
add-float,256,2-stackless,2,1,True,97932,0.020023542,204.463729935057
add-float,256,2-stackless,2,2,False,97932,0.019936083,203.57067148633746
add-float,256,2-stackless,2,3,False,97932,0.020012125,204.34714904219254
add-float,256,2-stackless,2,4,False,97932,0.019989499999999993,204.11612139035242
add-float,256,1x,2,0,True,97932,0.0206042,210.3929257035494
add-float,256,1x,2,1,True,97932,0.0204405,208.7213576767553
add-float,256,1x,2,2,False,97932,0.0210798,215.24935669648326
add-float,256,1x,2,3,False,97932,0.0205595,209.93648654168197
add-float,256,1x,2,4,False,97932,0.0206035,210.3857778866969
const-string,64,1x,0,0,True,446222,0.0280907,62.95229728700064
const-string,64,1x,0,1,True,446222,0.0279615,62.66275531013711
const-string,64,1x,0,2,False,446222,0.0278738,62.466216367637635
const-string,64,1x,0,3,False,446222,0.0274153,61.438700915687704
const-string,64,1x,0,4,False,446222,0.0279435,62.6224166446298
const-string,64,2-stackless,0,0,True,446222,0.020451041,45.831539009730584
const-string,64,2-stackless,0,1,True,446222,0.020198624999999998,45.26586542124771
const-string,64,2-stackless,0,2,False,446222,0.020116792,45.082474642666654
const-string,64,2-stackless,0,3,False,446222,0.019794042000000005,44.35917995975098
const-string,64,2-stackless,0,4,False,446222,0.020203625000000003,45.27707060611087
const-string,64,1x,1,0,True,446222,0.0274625,61.544477860795745
const-string,64,1x,1,1,True,446222,0.0276418,61.94629578998794
const-string,64,1x,1,2,False,446222,0.0278026,62.306654535186524
const-string,64,1x,1,3,False,446222,0.0278756,62.47025023418836
const-string,64,1x,1,4,False,446222,0.0279223,62.57490666081009
const-string,64,2-stackless,1,0,True,446222,0.0199185,44.63809493929031
const-string,64,2-stackless,1,1,True,446222,0.019903042000000003,44.60345298976743
const-string,64,2-stackless,1,2,False,446222,0.020129333,45.11057948734038
const-string,64,2-stackless,1,3,False,446222,0.020069417000000006,44.97630551608842
const-string,64,2-stackless,1,4,False,446222,0.020161125000000002,45.18182653477418
const-string,64,2-stackless,2,0,True,446222,0.020149875,45.15661486883211
const-string,64,2-stackless,2,1,True,446222,0.020038458000000002,44.90692525245282
const-string,64,2-stackless,2,2,False,446222,0.021548542000000004,48.291079328226765
const-string,64,2-stackless,2,3,False,446222,0.019604000000000003,43.93328881139882
const-string,64,2-stackless,2,4,False,446222,0.019970083,44.753694349449376
const-string,64,1x,2,0,True,446222,0.0277587,62.208273012088156
const-string,64,1x,2,1,True,446222,0.027186,60.92483113786411
const-string,64,1x,2,2,False,446222,0.0275859,61.82102182321804
const-string,64,1x,2,3,False,446222,0.0277105,62.10025503000748
const-string,64,1x,2,4,False,446222,0.0279151,62.55877119460717
const-seq,0,1x,0,0,True,3675323,0.157859,42.951054914085105
const-seq,0,1x,0,1,True,3675323,0.159752,43.466111685966105
const-seq,0,1x,0,2,False,3675323,0.159037,43.27157096124613
const-seq,0,1x,0,3,False,3675323,0.15819,43.041115025808615
const-seq,0,1x,0,4,False,3675323,0.15774,42.91867680745339
const-seq,0,2-stackless,0,0,True,3675323,0.019483291,5.30110986163665
const-seq,0,2-stackless,0,1,True,3675323,0.019517541,5.310428770478132
const-seq,0,2-stackless,0,2,False,3675323,0.019298459000000004,5.250819859914354
const-seq,0,2-stackless,0,3,False,3675323,0.019391290999999998,5.276078048106247
const-seq,0,2-stackless,0,4,False,3675323,0.01925425,5.238791257258206
const-seq,0,1x,1,0,True,3675323,0.157214,42.77556013444261
const-seq,0,1x,1,1,True,3675323,0.158771,43.1991963699517
const-seq,0,1x,1,2,False,3675323,0.159251,43.32979713619728
const-seq,0,1x,1,3,False,3675323,0.158158,43.03240830805891
const-seq,0,1x,1,4,False,3675323,0.157487,42.849839320244776
const-seq,0,2-stackless,1,0,True,3675323,0.019097292,5.1960853508657605
const-seq,0,2-stackless,1,1,True,3675323,0.019289125,5.248280219180736
const-seq,0,2-stackless,1,2,False,3675323,0.019056708,5.185043056079697
const-seq,0,2-stackless,1,3,False,3675323,0.019112584000000002,5.200246073610402
const-seq,0,2-stackless,1,4,False,3675323,0.019111875,5.200053165395259
const-seq,0,1x,2,0,True,3675323,0.157611,42.88357785152488
const-seq,0,1x,2,1,True,3675323,0.161268,43.87859243935839
const-seq,0,1x,2,2,False,3675323,0.158625,43.159471970218675
const-seq,0,1x,2,3,False,3675323,0.157347,42.81174743008982
const-seq,0,1x,2,4,False,3675323,0.157606,42.882217426876494
const-seq,0,2-stackless,2,0,True,3675323,0.019017834,5.174466026523383
const-seq,0,2-stackless,2,1,True,3675323,0.019090875,5.194339381872015
const-seq,0,2-stackless,2,2,False,3675323,0.019305042,5.2526109950064255
const-seq,0,2-stackless,2,3,False,3675323,0.019938624999999995,5.424999381006784
const-seq,0,2-stackless,2,4,False,3675323,0.019120542000000004,5.202411325480782
take-seq,64,2-stackless,0,0,True,120058,0.020455833,170.38292325376068
take-seq,64,2-stackless,0,1,True,120058,0.020674083,172.20079461593562
take-seq,64,2-stackless,0,2,False,120058,0.020699000000000002,172.4083359709474
take-seq,64,2-stackless,0,3,False,120058,0.020603458999999998,171.61254560295853
take-seq,64,2-stackless,0,4,False,120058,0.020573375000000005,171.36196671608727
take-seq,64,1x,0,0,True,120058,0.0213881,178.14806177014444
take-seq,64,1x,0,1,True,120058,0.0209878,174.8138399773443
take-seq,64,1x,0,2,False,120058,0.0214443,178.61616885172168
take-seq,64,1x,0,3,False,120058,0.02106,175.4152159789435
take-seq,64,1x,0,4,False,120058,0.0214539,178.69613020373487
take-seq,64,1x,1,0,True,120058,0.0213921,178.18137900014992
take-seq,64,1x,1,1,True,120058,0.0209618,174.59727798230855
take-seq,64,1x,1,2,False,120058,0.0215242,179.28168052108148
take-seq,64,1x,1,3,False,120058,0.0210002,174.91712339036133
take-seq,64,1x,1,4,False,120058,0.0212591,177.07358110246713
take-seq,64,2-stackless,1,0,True,120058,0.020595542,171.5466024754702
take-seq,64,2-stackless,1,1,True,120058,0.0210895,175.66093055023404
take-seq,64,2-stackless,1,2,False,120058,0.020892917000000004,174.0235302936914
take-seq,64,2-stackless,1,3,False,120058,0.020625166,171.7933498808909
take-seq,64,2-stackless,1,4,False,120058,0.020600542,171.58824901297706
take-seq,64,2-stackless,2,0,True,120058,0.020604166,171.61843442336203
take-seq,64,2-stackless,2,1,True,120058,0.020616999999999996,171.72533275583464
take-seq,64,2-stackless,2,2,False,120058,0.020684,172.28339635842676
take-seq,64,2-stackless,2,3,False,120058,0.020496125000000004,170.7185277116061
take-seq,64,2-stackless,2,4,False,120058,0.02050579200000001,170.7990471272219
take-seq,64,1x,2,0,True,120058,0.0220573,183.72203435006415
take-seq,64,1x,2,1,True,120058,0.0216613,180.42362857951989
take-seq,64,1x,2,2,False,120058,0.0214075,178.30965033567108
take-seq,64,1x,2,3,False,120058,0.021434,178.53037698445752
take-seq,64,1x,2,4,False,120058,0.0214655,178.7927501707508
update-table,8,1x,0,0,True,1656315,0.256486,154.85339443282226
update-table,8,1x,0,1,True,1656315,0.251452,151.8141174836912
update-table,8,1x,0,2,False,1656315,0.253979,153.33979345716244
update-table,8,1x,0,3,False,1656315,0.257488,155.45835182317373
update-table,8,1x,0,4,False,1656315,0.259512,156.6803416016881
update-table,8,2-stackless,0,0,True,1656315,0.021994584,13.279227683139982
update-table,8,2-stackless,0,1,True,1656315,0.022236832999999998,13.425485490380753
update-table,8,2-stackless,0,2,False,1656315,0.022318417,13.474741821453044
update-table,8,2-stackless,0,3,False,1656315,0.022154000000000007,13.375475075695148
update-table,8,2-stackless,0,4,False,1656315,0.022213125,13.411171787975114
update-table,8,1x,1,0,True,1656315,0.251142,151.6269550176144
update-table,8,1x,1,1,True,1656315,0.243572,147.056568345997
update-table,8,1x,1,2,False,1656315,0.256354,154.773699447267
update-table,8,1x,1,3,False,1656315,0.251938,152.10753993050838
update-table,8,1x,1,4,False,1656315,0.257414,155.41367433127152
update-table,8,2-stackless,1,0,True,1656315,0.021761708,13.138628823623526
update-table,8,2-stackless,1,1,True,1656315,0.021795167000000004,13.158829691212121
update-table,8,2-stackless,1,2,False,1656315,0.021765040999999992,13.140641122008793
update-table,8,2-stackless,1,3,False,1656315,0.021831916999999992,13.181017499690574
update-table,8,2-stackless,1,4,False,1656315,0.021760208000000003,13.137723198787672
update-table,8,1x,2,0,True,1656315,0.251635,151.9246037136656
update-table,8,1x,2,1,True,1656315,0.254477,153.64046090266646
update-table,8,1x,2,2,False,1656315,0.253872,153.2751922188714
update-table,8,1x,2,3,False,1656315,0.250326,151.134295106909
update-table,8,1x,2,4,False,1656315,0.252215,152.2747786501964
update-table,8,2-stackless,2,0,True,1656315,0.021878042,13.208865463393135
update-table,8,2-stackless,2,1,True,1656315,0.021799708999999997,13.161571923215087
update-table,8,2-stackless,2,2,False,1656315,0.022095916,13.340406867051255
update-table,8,2-stackless,2,3,False,1656315,0.022017542,13.293088573127696
update-table,8,2-stackless,2,4,False,1656315,0.021872375,13.205444012763273
update-int,256,1x,0,0,True,96650,0.0353765,366.0269011898603
update-int,256,1x,0,1,True,96650,0.036343,376.0269011898603
update-int,256,1x,0,2,False,96650,0.0364029,376.6466632177962
update-int,256,1x,0,3,False,96650,0.0358257,370.674599068805
update-int,256,1x,0,4,False,96650,0.0357035,369.4102431453699
update-int,256,2-stackless,0,0,True,96650,0.020233083000000002,209.34384893947237
update-int,256,2-stackless,0,1,True,96650,0.020200084,209.00242110708743
update-int,256,2-stackless,0,2,False,96650,0.020143875000000006,208.42084842214177
update-int,256,2-stackless,0,3,False,96650,0.020136125000000005,208.34066218313507
update-int,256,2-stackless,0,4,False,96650,0.020118958000000006,208.1630419037766
update-int,256,2-stackless,1,0,True,96650,0.020221334,209.22228660113814
update-int,256,2-stackless,1,1,True,96650,0.020122084,208.1953854112778
update-int,256,2-stackless,1,2,False,96650,0.020005166999999997,206.98569063631658
update-int,256,2-stackless,1,3,False,96650,0.020270582999999995,209.73184687014998
update-int,256,2-stackless,1,4,False,96650,0.020178375,208.77780651836522
update-int,256,1x,1,0,True,96650,0.0366272,378.96740817382306
update-int,256,1x,1,1,True,96650,0.0355797,368.1293326435592
update-int,256,1x,1,2,False,96650,0.0359589,372.05276771857217
update-int,256,1x,1,3,False,96650,0.0354442,366.72736678737715
update-int,256,1x,1,4,False,96650,0.0356621,368.98189342990173
update-int,256,1x,2,0,True,96650,0.03592,371.6502845318158
update-int,256,1x,2,1,True,96650,0.035925,371.7020175892395
update-int,256,1x,2,2,False,96650,0.036451,377.1443352302121
update-int,256,1x,2,3,False,96650,0.0364827,377.4723228142783
update-int,256,1x,2,4,False,96650,0.0360394,372.88566994309366
update-int,256,2-stackless,2,0,True,96650,0.020062458,207.57845835488877
update-int,256,2-stackless,2,1,True,96650,0.020147583,208.45921365752716
update-int,256,2-stackless,2,2,False,96650,0.020068666,207.64269011898602
update-int,256,2-stackless,2,3,False,96650,0.020116540999999995,208.13803414381786
update-int,256,2-stackless,2,4,False,96650,0.020166708000000005,208.65709260217284
update-seq,64,1x,0,0,True,325072,0.067766,208.46458630703353
update-seq,64,1x,0,1,True,325072,0.0680994,209.49020524683763
update-seq,64,1x,0,2,False,325072,0.0680369,209.297940148644
update-seq,64,1x,0,3,False,325072,0.068349,210.25803514298372
update-seq,64,1x,0,4,False,325072,0.0680736,209.41083821430328
update-seq,64,2-stackless,0,0,True,325072,0.020226208,62.22070187527686
update-seq,64,2-stackless,0,1,True,325072,0.020097667000000003,61.825278707486355
update-seq,64,2-stackless,0,2,False,325072,0.020033375,61.6275009843973
update-seq,64,2-stackless,0,3,False,325072,0.019974250000000006,61.44561820150615
update-seq,64,2-stackless,0,4,False,325072,0.020155916999999995,62.0044697790028
update-seq,64,1x,1,0,True,325072,0.0687997,211.6444972190776
update-seq,64,1x,1,1,True,325072,0.0682393,209.92057144263424
update-seq,64,1x,1,2,False,325072,0.0680904,209.46251907269775
update-seq,64,1x,1,3,False,325072,0.0675717,207.86687256976916
update-seq,64,1x,1,4,False,325072,0.067224,206.79726337549835
update-seq,64,2-stackless,1,0,True,325072,0.020004125,61.53752091844268
update-seq,64,2-stackless,1,1,True,325072,0.020043375000000002,61.6582634001083
update-seq,64,2-stackless,1,2,False,325072,0.020291959,62.42296783481813
update-seq,64,2-stackless,1,3,False,325072,0.020292416,62.424373677216124
update-seq,64,2-stackless,1,4,False,325072,0.02008708299999999,61.792719766697815
update-seq,64,1x,2,0,True,325072,0.066884,205.751341241325
update-seq,64,1x,2,1,True,325072,0.0691198,212.6292021459861
update-seq,64,1x,2,2,False,325072,0.0682175,209.8535093763843
update-seq,64,1x,2,3,False,325072,0.0680463,209.3268568194123
update-seq,64,1x,2,4,False,325072,0.0685358,210.83267706846485
update-seq,64,2-stackless,2,0,True,325072,0.020817917,64.04094169906975
update-seq,64,2-stackless,2,1,True,325072,0.020697125,63.66935632721366
update-seq,64,2-stackless,2,2,False,325072,0.020471083,62.97399652999951
update-seq,64,2-stackless,2,3,False,325072,0.02049191699999999,63.038086946891745
update-seq,64,2-stackless,2,4,False,325072,0.02034187500000001,62.57652150908109
assign-table,8,2-stackless,0,0,True,392360,0.013674915999999999,34.852981955347126
assign-table,8,2-stackless,0,1,True,392360,0.013696000000000002,34.90671831991029
assign-table,8,2-stackless,0,2,False,392360,0.013665125000000004,34.82802783158325
assign-table,8,2-stackless,0,3,False,392360,0.013644042000000002,34.77429401569987
assign-table,8,2-stackless,0,4,False,392360,0.013626125000000003,34.728629320012246
assign-table,8,1x,0,0,True,392360,0.245741,626.3151187684779
assign-table,8,1x,0,1,True,392360,0.241738,616.1127535936384
assign-table,8,1x,0,2,False,392360,0.246938,629.3658884697727
assign-table,8,1x,0,3,False,392360,0.242585,618.271485370578
assign-table,8,1x,0,4,False,392360,0.237165,604.457640941992
assign-table,8,1x,1,0,True,392360,0.242843,618.929044754817
assign-table,8,1x,1,1,True,392360,0.234828,598.5013762870833
assign-table,8,1x,1,2,False,392360,0.22891,583.4182893261291
assign-table,8,1x,1,3,False,392360,0.239667,610.8344377612397
assign-table,8,1x,1,4,False,392360,0.232047,591.4134978081354
assign-table,8,2-stackless,1,0,True,392360,0.013512541,34.439140075440925
assign-table,8,2-stackless,1,1,True,392360,0.013732208,34.999000917524725
assign-table,8,2-stackless,1,2,False,392360,0.013579833,34.610645835457234
assign-table,8,2-stackless,1,3,False,392360,0.013704791000000001,34.9291237638903
assign-table,8,2-stackless,1,4,False,392360,0.013747791000000002,35.038716994596804
assign-table,8,2-stackless,2,0,True,392360,0.013665875,34.829939341421145
assign-table,8,2-stackless,2,1,True,392360,0.013709334,34.94070241614843
assign-table,8,2-stackless,2,2,False,392360,0.013792583,35.15287745947599
assign-table,8,2-stackless,2,3,False,392360,0.013592792,34.64367417677643
assign-table,8,2-stackless,2,4,False,392360,0.013656000000000001,34.804771128555416
assign-table,8,1x,2,0,True,392360,0.236612,603.0482210215108
assign-table,8,1x,2,1,True,392360,0.243803,621.3757773473341
assign-table,8,1x,2,2,False,392360,0.242134,617.1220307880518
assign-table,8,1x,2,3,False,392360,0.23815,606.9680905291059
assign-table,8,1x,2,4,False,392360,0.236142,601.8503415230911
make-seq,64,1x,0,0,True,94679,0.019717,208.25103771691715
make-seq,64,1x,0,1,True,94679,0.0197125,208.2035086978105
make-seq,64,1x,0,2,False,94679,0.0197164,208.2447005143696
make-seq,64,1x,0,3,False,94679,0.0198298,209.44243179585757
make-seq,64,1x,0,4,False,94679,0.0194717,205.6601780753916
make-seq,64,2-stackless,0,0,True,94679,0.051246542,541.26619419301
make-seq,64,2-stackless,0,1,True,94679,0.050837875,536.9498516038403
make-seq,64,2-stackless,0,2,False,94679,0.050444583,532.7958998299517
make-seq,64,2-stackless,0,3,False,94679,0.052051917,549.7725683625724
make-seq,64,2-stackless,0,4,False,94679,0.05615154100000003,593.0728144572718
make-seq,64,1x,1,0,True,94679,0.0196699,207.75356731693407
make-seq,64,1x,1,1,True,94679,0.0198203,209.3420927555213
make-seq,64,1x,1,2,False,94679,0.019778,208.89531997591862
make-seq,64,1x,1,3,False,94679,0.0196605,207.65428447702237
make-seq,64,1x,1,4,False,94679,0.0198875,210.0518594408475
make-seq,64,2-stackless,1,0,True,94679,0.051456542,543.4842150846545
make-seq,64,2-stackless,1,1,True,94679,0.051052167,539.2132046177082
make-seq,64,2-stackless,1,2,False,94679,0.051026249999999995,538.9394691536666
make-seq,64,2-stackless,1,3,False,94679,0.05120545899999998,540.8322753725745
make-seq,64,2-stackless,1,4,False,94679,0.0511085,539.808194002894
make-seq,64,1x,2,0,True,94679,0.0193724,204.61137105377117
make-seq,64,1x,2,1,True,94679,0.0192969,203.81393973320377
make-seq,64,1x,2,2,False,94679,0.0194295,205.21446149621352
make-seq,64,1x,2,3,False,94679,0.0192496,203.31435693237148
make-seq,64,1x,2,4,False,94679,0.0199111,210.30112274105133
make-seq,64,2-stackless,2,0,True,94679,0.051111083,539.8354756598612
make-seq,64,2-stackless,2,1,True,94679,0.051110832999999994,539.8328351587996
make-seq,64,2-stackless,2,2,False,94679,0.050496791,533.3473209476231
make-seq,64,2-stackless,2,3,False,94679,0.050747208000000016,535.9922263648751
make-seq,64,2-stackless,2,4,False,94679,0.050637667,534.835253857772
add-float,0,2-stackless,0,0,True,4481793,0.021124583000000002,4.713422284340219
add-float,0,2-stackless,0,1,True,4481793,0.021516833,4.800943060065469
add-float,0,2-stackless,0,2,False,4481793,0.022984041999999996,5.1283140475251745
add-float,0,2-stackless,0,3,False,4481793,0.020817375,4.644876503667171
add-float,0,2-stackless,0,4,False,4481793,0.020777208000000005,4.635914242357915
add-float,0,1x,0,0,True,4481793,0.0236226,5.270792292281237
add-float,0,1x,0,1,True,4481793,0.023839,5.3190765392332935
add-float,0,1x,0,2,False,4481793,0.0238653,5.324944726362864
add-float,0,1x,0,3,False,4481793,0.0238567,5.323025851483993
add-float,0,1x,0,4,False,4481793,0.0237518,5.299620040461485
add-float,0,2-stackless,1,0,True,4481793,0.020582083,4.5923769794812035
add-float,0,2-stackless,1,1,True,4481793,0.021528458000000004,4.803536888026735
add-float,0,2-stackless,1,2,False,4481793,0.021463916000000006,4.789135955185794
add-float,0,2-stackless,1,3,False,4481793,0.020755917,4.6311636882827925
add-float,0,2-stackless,1,4,False,4481793,0.020680584000000002,4.61435501371884
add-float,0,1x,1,0,True,4481793,0.0237511,5.2994638529713445
add-float,0,1x,1,1,True,4481793,0.023292,5.19702717193766
add-float,0,1x,1,2,False,4481793,0.0234756,5.237992919351697
add-float,0,1x,1,3,False,4481793,0.0235142,5.246605543808025
add-float,0,1x,1,4,False,4481793,0.0235135,5.246449356317885
add-float,0,1x,2,0,True,4481793,0.022676,5.059582180613875
add-float,0,1x,2,1,True,4481793,0.0228188,5.09144442860257
add-float,0,1x,2,2,False,4481793,0.0228684,5.102511427903966
add-float,0,1x,2,3,False,4481793,0.0236268,5.2717294172220805
add-float,0,1x,2,4,False,4481793,0.0229441,5.119401989337749
add-float,0,2-stackless,2,0,True,4481793,0.020611417,4.5989221278180406
add-float,0,2-stackless,2,1,True,4481793,0.020630791000000002,4.603244951295164
add-float,0,2-stackless,2,2,False,4481793,0.020672041000000002,4.612448856964167
add-float,0,2-stackless,2,3,False,4481793,0.020623125000000006,4.601534475153138
add-float,0,2-stackless,2,4,False,4481793,0.02080987499999999,4.643203066272805
assign-string,0,1x,0,0,True,3973537,0.0394588,9.93039702411227
assign-string,0,1x,0,1,True,3973537,0.0400696,10.084113977043627
assign-string,0,1x,0,2,False,3973537,0.0399423,10.052077028601973
assign-string,0,1x,0,3,False,3973537,0.0401151,10.09556473237823
assign-string,0,1x,0,4,False,3973537,0.0397947,10.01493128162642
assign-string,0,2-stackless,0,0,True,3973537,0.020562209,5.174787349406838
assign-string,0,2-stackless,0,1,True,3973537,0.020670875000000002,5.202134773125303
assign-string,0,2-stackless,0,2,False,3973537,0.020820874999999996,5.239884515986637
assign-string,0,2-stackless,0,3,False,3973537,0.02072375,5.215441557483924
assign-string,0,2-stackless,0,4,False,3973537,0.020774083999999998,5.228108861198474
assign-string,0,1x,1,0,True,3973537,0.0402038,10.1178874136569
assign-string,0,1x,1,1,True,3973537,0.0400334,10.075003705766424
assign-string,0,1x,1,2,False,3973537,0.0412201,10.373654504790064
assign-string,0,1x,1,3,False,3973537,0.0402328,10.125185697276759
assign-string,0,1x,1,4,False,3973537,0.0400849,10.087964450815482
assign-string,0,2-stackless,1,0,True,3973537,0.020747708,5.221470946413737
assign-string,0,2-stackless,1,1,True,3973537,0.020654541,5.198024077792657
assign-string,0,2-stackless,1,2,False,3973537,0.020606459,5.185923523550932
assign-string,0,2-stackless,1,3,False,3973537,0.020647,5.196126272386541
assign-string,0,2-stackless,1,4,False,3973537,0.020764332999999996,5.225654876247534
assign-string,0,1x,2,0,True,3973537,0.0401328,10.100019202035869
assign-string,0,1x,2,1,True,3973537,0.0402884,10.139178268630694
assign-string,0,1x,2,2,False,3973537,0.0407062,10.244323885747132
assign-string,0,1x,2,3,False,3973537,0.0402114,10.119800067295209
assign-string,0,1x,2,4,False,3973537,0.040219,10.121712720933516
assign-string,0,2-stackless,2,0,True,3973537,0.020725041,5.215766456937484
assign-string,0,2-stackless,2,1,True,3973537,0.020813875,5.238122861319776
assign-string,0,2-stackless,2,2,False,3973537,0.020872875,5.252971093511901
assign-string,0,2-stackless,2,3,False,3973537,0.020770750000000004,5.227269810247144
assign-string,0,2-stackless,2,4,False,3973537,0.021119791,5.315111196900897
push-shared-seq,256,2-stackless,0,0,True,25943,0.036816458,1419.1287823304938
push-shared-seq,256,2-stackless,0,1,True,25943,0.036654917,1412.9020159580618
push-shared-seq,256,2-stackless,0,2,False,25943,0.03669700000000001,1414.5241490960955
push-shared-seq,256,2-stackless,0,3,False,25943,0.036531334,1408.1383802952628
push-shared-seq,256,2-stackless,0,4,False,25943,0.03656920800000002,1409.5982731372633
push-shared-seq,256,1x,0,0,True,25943,0.0202998,782.4769687391589
push-shared-seq,256,1x,0,1,True,25943,0.0200668,773.495740662221
push-shared-seq,256,1x,0,2,False,25943,0.0201833,777.98635470069
push-shared-seq,256,1x,0,3,False,25943,0.0200922,774.474810160737
push-shared-seq,256,1x,0,4,False,25943,0.0201469,776.5832787264387
push-shared-seq,256,1x,1,0,True,25943,0.0196428,757.1522183247889
push-shared-seq,256,1x,1,1,True,25943,0.0193674,746.5366380141079
push-shared-seq,256,1x,1,2,False,25943,0.0198968,766.9429133099487
push-shared-seq,256,1x,1,3,False,25943,0.0197045,759.5305091932313
push-shared-seq,256,1x,1,4,False,25943,0.0197785,762.3829163936322
push-shared-seq,256,2-stackless,1,0,True,25943,0.037304,1437.9215973480323
push-shared-seq,256,2-stackless,1,1,True,25943,0.037279333000000005,1436.9707820992178
push-shared-seq,256,2-stackless,1,2,False,25943,0.03704837500000001,1428.0682650425936
push-shared-seq,256,2-stackless,1,3,False,25943,0.03665279099999999,1412.8200670701149
push-shared-seq,256,2-stackless,1,4,False,25943,0.036652500000000005,1412.8088501715301
push-shared-seq,256,2-stackless,2,0,True,25943,0.037128542,1431.1583856917086
push-shared-seq,256,2-stackless,2,1,True,25943,0.036715332999999996,1415.2308137069726
push-shared-seq,256,2-stackless,2,2,False,25943,0.037077250000000006,1429.1812820413988
push-shared-seq,256,2-stackless,2,3,False,25943,0.03746124999999999,1443.9829626488836
push-shared-seq,256,2-stackless,2,4,False,25943,0.037070959000000014,1428.9387888833216
push-shared-seq,256,1x,2,0,True,25943,0.019662,757.8923023551632
push-shared-seq,256,1x,2,1,True,25943,0.0191664,738.7888833211271
push-shared-seq,256,1x,2,2,False,25943,0.0189963,732.2322013645299
push-shared-seq,256,1x,2,3,False,25943,0.0191037,736.372046409436
push-shared-seq,256,1x,2,4,False,25943,0.0202943,782.2649655012913
update-table,256,1x,0,0,True,95620,0.0619332,647.701317715959
update-table,256,1x,0,1,True,95620,0.0628383,657.1669106881405
update-table,256,1x,0,2,False,95620,0.0628053,656.8217946036393
update-table,256,1x,0,3,False,95620,0.061507,643.2440911943108
update-table,256,1x,0,4,False,95620,0.0619124,647.4837900020916
update-table,256,2-stackless,0,0,True,95620,0.020262125000000002,211.9025831416022
update-table,256,2-stackless,0,1,True,95620,0.020212666999999997,211.38534825350342
update-table,256,2-stackless,0,2,False,95620,0.020336915999999997,212.6847521439029
update-table,256,2-stackless,0,3,False,95620,0.020211375000000004,211.3718364358921
update-table,256,2-stackless,0,4,False,95620,0.020389208000000006,213.23162518301618
update-table,256,1x,1,0,True,95620,0.0621147,649.5994561807154
update-table,256,1x,1,1,True,95620,0.0623705,652.2746287387575
update-table,256,1x,1,2,False,95620,0.0620986,649.4310813637314
update-table,256,1x,1,3,False,95620,0.0620118,648.5233214808618
update-table,256,1x,1,4,False,95620,0.0622501,651.0154779334867
update-table,256,2-stackless,1,0,True,95620,0.020031625,209.49199958167748
update-table,256,2-stackless,1,1,True,95620,0.020026541,209.43883078853796
update-table,256,2-stackless,1,2,False,95620,0.020010709,209.27325873248273
update-table,256,2-stackless,1,3,False,95620,0.020143333,210.66024890190337
update-table,256,2-stackless,1,4,False,95620,0.020082000000000003,210.0188245137001
update-table,256,1x,2,0,True,95620,0.0615738,643.9426898138465
update-table,256,1x,2,1,True,95620,0.0613274,641.3658230495712
update-table,256,1x,2,2,False,95620,0.0617295,645.5710102489019
update-table,256,1x,2,3,False,95620,0.0627572,656.318761765321
update-table,256,1x,2,4,False,95620,0.0631246,660.1610541727672
update-table,256,2-stackless,2,0,True,95620,0.0198025,207.09579585860698
update-table,256,2-stackless,2,1,True,95620,0.019761417,206.6661472495294
update-table,256,2-stackless,2,2,False,95620,0.019773916999999995,206.7968730391131
update-table,256,2-stackless,2,3,False,95620,0.020282291999999993,212.11349090148497
update-table,256,2-stackless,2,4,False,95620,0.019865207999999995,207.75160008366447
const-string,8,1x,0,0,True,2194788,0.0356633,16.249086472133072
const-string,8,1x,0,1,True,2194788,0.0353491,16.105929137575018
const-string,8,1x,0,2,False,2194788,0.0346989,15.809681846264878
const-string,8,1x,0,3,False,2194788,0.0348776,15.891102010763682
const-string,8,1x,0,4,False,2194788,0.0348078,15.859299394747921
const-string,8,2-stackless,0,0,True,2194788,0.021212792,9.665075624616136
const-string,8,2-stackless,0,1,True,2194788,0.021477667,9.785759262398008
const-string,8,2-stackless,0,2,False,2194788,0.021357749999999995,9.731122094708006
const-string,8,2-stackless,0,3,False,2194788,0.021528083000000003,9.808730045908764
const-string,8,2-stackless,0,4,False,2194788,0.021447500000000008,9.772014426905928
const-string,8,2-stackless,1,0,True,2194788,0.021109666,9.618088854139899
const-string,8,2-stackless,1,1,True,2194788,0.021217417,9.667182889645833
const-string,8,2-stackless,1,2,False,2194788,0.021191666000000005,9.655450093585351
const-string,8,2-stackless,1,3,False,2194788,0.021229208,9.672555162503167
const-string,8,2-stackless,1,4,False,2194788,0.02119966699999999,9.659095548180504
const-string,8,1x,1,0,True,2194788,0.0345393,15.736964116807638
const-string,8,1x,1,1,True,2194788,0.0347866,15.849640147476658
const-string,8,1x,1,2,False,2194788,0.0353431,16.103195388347302
const-string,8,1x,1,3,False,2194788,0.0349202,15.910511630280464
const-string,8,1x,1,4,False,2194788,0.0340756,15.525690863992331
const-string,8,1x,2,0,True,2194788,0.0364368,16.601512310072774
const-string,8,1x,2,1,True,2194788,0.0353227,16.093900640973068
const-string,8,1x,2,2,False,2194788,0.0349783,15.93698343530218
const-string,8,1x,2,3,False,2194788,0.0348885,15.8960683218607
const-string,8,1x,2,4,False,2194788,0.034747,15.831597402573733
const-string,8,2-stackless,2,0,True,2194788,0.021182583,9.651311652879459
const-string,8,2-stackless,2,1,True,2194788,0.021208374999999998,9.663063129559664
const-string,8,2-stackless,2,2,False,2194788,0.021236500000000005,9.675877579064586
const-string,8,2-stackless,2,3,False,2194788,0.02124129100000001,9.67806047782292
const-string,8,2-stackless,2,4,False,2194788,0.021224041,9.670200948793232
add-float,8,2-stackless,0,0,True,1980199,0.021448083,10.831276553518107
add-float,8,2-stackless,0,1,True,1980199,0.021572875,10.894296482323242
add-float,8,2-stackless,0,2,False,1980199,0.021628292,10.922282053470383
add-float,8,2-stackless,0,3,False,1980199,0.021563042000000004,10.889330819781247
add-float,8,2-stackless,0,4,False,1980199,0.021452,10.833254637538955
add-float,8,1x,0,0,True,1980199,0.0228321,11.530204792548627
add-float,8,1x,0,1,True,1980199,0.0230184,11.624286245978308
add-float,8,1x,0,2,False,1980199,0.0234403,11.837345640513908
add-float,8,1x,0,3,False,1980199,0.0230347,11.632517741903717
add-float,8,1x,0,4,False,1980199,0.0230709,11.650798732854627
add-float,8,1x,1,0,True,1980199,0.0231593,11.695440710756849
add-float,8,1x,1,1,True,1980199,0.0236114,11.923751097743207
add-float,8,1x,1,2,False,1980199,0.0232422,11.737305190033931
add-float,8,1x,1,3,False,1980199,0.0235385,11.886936615966375
add-float,8,1x,1,4,False,1980199,0.0236082,11.922135098543126
add-float,8,2-stackless,1,0,True,1980199,0.02154275,10.879083364853734
add-float,8,2-stackless,1,1,True,1980199,0.02291475,11.571943021888204
add-float,8,2-stackless,1,2,False,1980199,0.021492208999999998,10.853560172487715
add-float,8,2-stackless,1,3,False,1980199,0.021642542,10.929478299908242
add-float,8,2-stackless,1,4,False,1980199,0.021842458999999995,11.030436334934013
add-float,8,1x,2,0,True,1980199,0.0229503,11.589895763001598
add-float,8,1x,2,1,True,1980199,0.0228749,11.551818781849702
add-float,8,1x,2,2,False,1980199,0.0231181,11.674634721055813
add-float,8,1x,2,3,False,1980199,0.0231303,11.68079571800612
add-float,8,1x,2,4,False,1980199,0.0230945,11.662716726955221
add-float,8,2-stackless,2,0,True,1980199,0.021515542000000002,10.865343331655053
add-float,8,2-stackless,2,1,True,1980199,0.021621500000000002,10.918852095168212
add-float,8,2-stackless,2,2,False,1980199,0.021585208,10.900524644240301
add-float,8,2-stackless,2,3,False,1980199,0.021637959,10.927163886053876
add-float,8,2-stackless,2,4,False,1980199,0.021561750000000005,10.888678360104214
add-int,256,1x,0,0,True,99445,0.068169,685.4944944441651
add-int,256,1x,0,1,True,99445,0.0592994,596.3034843380764
add-int,256,1x,0,2,False,99445,0.0613415,616.8384534164613
add-int,256,1x,0,3,False,99445,0.0355252,357.2346523203781
add-int,256,1x,0,4,False,99445,0.057727,580.4917290964855
add-int,256,2-stackless,0,0,True,99445,0.020054666,201.6659057770627
add-int,256,2-stackless,0,1,True,99445,0.020551958,206.66657951631555
add-int,256,2-stackless,0,2,False,99445,0.02012675,202.39076876665493
add-int,256,2-stackless,0,3,False,99445,0.020144166999999998,202.56591080496753
add-int,256,2-stackless,0,4,False,99445,0.020575375000000007,206.90205641309274
add-int,256,1x,1,0,True,99445,0.046032,462.88903413947406
add-int,256,1x,1,1,True,99445,0.0464339,466.9304640756197
add-int,256,1x,1,2,False,99445,0.0476598,479.25788124088695
add-int,256,1x,1,3,False,99445,0.0322034,323.83126351249433
add-int,256,1x,1,4,False,99445,0.0447284,449.7802805570919
add-int,256,2-stackless,1,0,True,99445,0.020267458000000002,203.80570164412492
add-int,256,2-stackless,1,1,True,99445,0.020245332999999997,203.5832168535371
add-int,256,2-stackless,1,2,False,99445,0.020035208,201.4702398310624
add-int,256,2-stackless,1,3,False,99445,0.020252540999999992,203.6556991301724
add-int,256,2-stackless,1,4,False,99445,0.020267999999999994,203.8111518930061
add-int,256,2-stackless,2,0,True,99445,0.020209750000000002,203.22540097541358
add-int,256,2-stackless,2,1,True,99445,0.020204540999999996,203.1730202624566
add-int,256,2-stackless,2,2,False,99445,0.020250249999999997,203.63266127004874
add-int,256,2-stackless,2,3,False,99445,0.020108375000000005,202.2059932626075
add-int,256,2-stackless,2,4,False,99445,0.020229917,203.4281964905224
add-int,256,1x,2,0,True,99445,0.0246268,247.64241540550051
add-int,256,1x,2,1,True,99445,0.0454525,457.06169239277995
add-int,256,1x,2,2,False,99445,0.0458915,461.4761928704309
add-int,256,1x,2,3,False,99445,0.0362258,364.2797526270803
add-int,256,1x,2,4,False,99445,0.0310241,311.9724470813012
do-int,64,1x,0,0,True,329897,0.192998,585.0250229617122
do-int,64,1x,0,1,True,329897,0.192427,583.2941796985119
do-int,64,1x,0,2,False,329897,0.191896,581.68458640121
do-int,64,1x,0,3,False,329897,0.190754,578.2228998748094
do-int,64,1x,0,4,False,329897,0.193174,585.5585228116655
do-int,64,2-stackless,0,0,True,329897,0.019836167,60.12836430764754
do-int,64,2-stackless,0,1,True,329897,0.019680291,59.65586531553788
do-int,64,2-stackless,0,2,False,329897,0.019854458999999998,60.183811917052886
do-int,64,2-stackless,0,3,False,329897,0.019932291000000005,60.41974010069811
do-int,64,2-stackless,0,4,False,329897,0.019716208000000013,59.764738691167274
do-int,64,1x,1,0,True,329897,0.197936,599.9933312518756
do-int,64,1x,1,1,True,329897,0.196945,596.9893633467416
do-int,64,1x,1,2,False,329897,0.198271,601.0087997162751
do-int,64,1x,1,3,False,329897,0.198244,600.9269559892937
do-int,64,1x,1,4,False,329897,0.198565,601.8999869656286
do-int,64,2-stackless,1,0,True,329897,0.019773959,59.93979636068227
do-int,64,2-stackless,1,1,True,329897,0.020069165999999996,60.83464232775683
do-int,64,2-stackless,1,2,False,329897,0.01976825,59.92249095929942
do-int,64,2-stackless,1,3,False,329897,0.019914374999999998,60.36543224097217
do-int,64,2-stackless,1,4,False,329897,0.019934000000000007,60.42492050549113
do-int,64,1x,2,0,True,329897,0.191413,580.2204930629863
do-int,64,1x,2,1,True,329897,0.190774,578.2835248577586
do-int,64,1x,2,2,False,329897,0.191533,580.5842429606816
do-int,64,1x,2,3,False,329897,0.19112,579.3323370627802
do-int,64,1x,2,4,False,329897,0.191158,579.4475245303837
do-int,64,2-stackless,2,0,True,329897,0.019847333,60.16221123562809
do-int,64,2-stackless,2,1,True,329897,0.019885334,60.27740173448076
do-int,64,2-stackless,2,2,False,329897,0.019959708,60.50284785857404
do-int,64,2-stackless,2,3,False,329897,0.019979624999999994,60.563221247844
do-int,64,2-stackless,2,4,False,329897,0.01994900000000001,60.47038924270305
take-seq,0,2-stackless,0,0,True,4181214,0.018728958,4.479311032633106
take-seq,0,2-stackless,0,1,True,4181214,0.018657667000000003,4.462260721407707
take-seq,0,2-stackless,0,2,False,4181214,0.018659041,4.462589334102488
take-seq,0,2-stackless,0,3,False,4181214,0.018629332999999998,4.455484220611525
take-seq,0,2-stackless,0,4,False,4181214,0.018644167000000003,4.459031994057229
take-seq,0,1x,0,0,True,4181214,0.0215806,5.161323959979088
take-seq,0,1x,0,1,True,4181214,0.0217339,5.197987952781178
take-seq,0,1x,0,2,False,4181214,0.0219039,5.238646000898304
take-seq,0,1x,0,3,False,4181214,0.0219039,5.238646000898304
take-seq,0,1x,0,4,False,4181214,0.0220112,5.264308404209878
take-seq,0,2-stackless,1,0,True,4181214,0.018971917,4.537418319177157
take-seq,0,2-stackless,1,1,True,4181214,0.018865458,4.511957053621269
take-seq,0,2-stackless,1,2,False,4181214,0.018664958999999995,4.464004712506941
take-seq,0,2-stackless,1,3,False,4181214,0.019177833,4.586666217036488
take-seq,0,2-stackless,1,4,False,4181214,0.018732083999999996,4.480058662388482
take-seq,0,1x,1,0,True,4181214,0.022547,5.3924530052755015
take-seq,0,1x,1,1,True,4181214,0.022833,5.460854192107842
take-seq,0,1x,1,2,False,4181214,0.022697,5.428327753614142
take-seq,0,1x,1,3,False,4181214,0.0231632,5.5398264714506364
take-seq,0,1x,1,4,False,4181214,0.0225999,5.405104833189595
take-seq,0,2-stackless,2,0,True,4181214,0.018612042,4.451348818788036
take-seq,0,2-stackless,2,1,True,4181214,0.018654624999999998,4.461533181511397
take-seq,0,2-stackless,2,2,False,4181214,0.018646667,4.459629906529539
take-seq,0,2-stackless,2,3,False,4181214,0.018791500000000003,4.494268889370408
take-seq,0,2-stackless,2,4,False,4181214,0.018646333,4.459550025423239
take-seq,0,1x,2,0,True,4181214,0.0220915,5.2835133528204965
take-seq,0,1x,2,1,True,4181214,0.0218181,5.218125644848602
take-seq,0,1x,2,2,False,4181214,0.0219308,5.245079539100367
take-seq,0,1x,2,3,False,4181214,0.0218592,5.227955325893389
take-seq,0,1x,2,4,False,4181214,0.0218943,5.23635001700463
get-table,64,2-stackless,0,0,True,411277,0.019667375,47.820264687789496
get-table,64,2-stackless,0,1,True,411277,0.019721166000000002,47.9510548851504
get-table,64,2-stackless,0,2,False,411277,0.019735875,47.986819102454064
get-table,64,2-stackless,0,3,False,411277,0.019733292,47.98053866372299
get-table,64,2-stackless,0,4,False,411277,0.019721915999999992,47.95287847363211
get-table,64,1x,0,0,True,411277,0.0492406,119.72612132455741
get-table,64,1x,0,1,True,411277,0.0464635,112.9737378944118
get-table,64,1x,0,2,False,411277,0.0477749,116.16234314099744
get-table,64,1x,0,3,False,411277,0.0484391,117.7773131004165
get-table,64,1x,0,4,False,411277,0.0492601,119.77353462508236
get-table,64,1x,1,0,True,411277,0.0494046,120.1248793392288
get-table,64,1x,1,1,True,411277,0.0488632,118.80849160055145
get-table,64,1x,1,2,False,411277,0.0491688,119.55154312057324
get-table,64,1x,1,3,False,411277,0.049267,119.79031163911426
get-table,64,1x,1,4,False,411277,0.049079,119.33319879302758
get-table,64,2-stackless,1,0,True,411277,0.019585459,47.62108992236376
get-table,64,2-stackless,1,1,True,411277,0.019732417000000002,47.97841114382765
get-table,64,2-stackless,1,2,False,411277,0.019698042,47.89483000508174
get-table,64,2-stackless,1,3,False,411277,0.019740417000000003,47.997862754299426
get-table,64,2-stackless,1,4,False,411277,0.019691957999999996,47.88003705531794
get-table,64,2-stackless,2,0,True,411277,0.019917834,48.42924355118327
get-table,64,2-stackless,2,1,True,411277,0.019974166,48.56621206632027
get-table,64,2-stackless,2,2,False,411277,0.019940625000000003,48.48465875796605
get-table,64,2-stackless,2,3,False,411277,0.019791417000000006,48.12186677105699
get-table,64,2-stackless,2,4,False,411277,0.01978766700000001,48.11274882864835
get-table,64,1x,2,0,True,411277,0.0508423,123.62057688613757
get-table,64,1x,2,1,True,411277,0.0455775,110.81947203466277
get-table,64,1x,2,2,False,411277,0.0462188,112.3787617591064
get-table,64,1x,2,3,False,411277,0.0480961,116.94332530143917
get-table,64,1x,2,4,False,411277,0.050418,122.58891209574082
const-string,0,1x,0,0,True,3465724,0.0344755,9.94756074055522
const-string,0,1x,0,1,True,3465724,0.0348671,10.060553004220763
const-string,0,1x,0,2,False,3465724,0.0347404,10.023994986328974
const-string,0,1x,0,3,False,3465724,0.0345958,9.982272102452475
const-string,0,1x,0,4,False,3465724,0.0348999,10.07001711619275
const-string,0,2-stackless,0,0,True,3465724,0.018016834,5.198577266972212
const-string,0,2-stackless,0,1,True,3465724,0.018024875,5.2008974171053435
const-string,0,2-stackless,0,2,False,3465724,0.018038792000000005,5.204913028273459
const-string,0,2-stackless,0,3,False,3465724,0.018046082999999997,5.207016773407229
const-string,0,2-stackless,0,4,False,3465724,0.018032583000000005,5.203121483418761
const-string,0,1x,1,0,True,3465724,0.0344133,9.929613552608345
const-string,0,1x,1,1,True,3465724,0.0344686,9.945569814561113
const-string,0,1x,1,2,False,3465724,0.0345355,9.964873140503975
const-string,0,1x,1,3,False,3465724,0.0347188,10.017762522347423
const-string,0,1x,1,4,False,3465724,0.0346063,9.985301772443506
const-string,0,2-stackless,1,0,True,3465724,0.01801675,5.198553029612283
const-string,0,2-stackless,1,1,True,3465724,0.018008958999999998,5.196305014478936
const-string,0,2-stackless,1,2,False,3465724,0.018016416,5.198456657252568
const-string,0,2-stackless,1,3,False,3465724,0.018004250000000006,5.194946279622961
const-string,0,2-stackless,1,4,False,3465724,0.018015749999999997,5.198264489613136
const-string,0,1x,2,0,True,3465724,0.0348819,10.064823396208123
const-string,0,1x,2,1,True,3465724,0.0348768,10.063351842212478
const-string,0,1x,2,2,False,3465724,0.0352676,10.176113273878705
const-string,0,1x,2,3,False,3465724,0.0353908,10.211661401773481
const-string,0,1x,2,4,False,3465724,0.0365652,10.550522776770453
const-string,0,2-stackless,2,0,True,3465724,0.018064667,5.212379000751358
const-string,0,2-stackless,2,1,True,3465724,0.018076042000000004,5.215661143241644
const-string,0,2-stackless,2,2,False,3465724,0.018067209,5.213112469429187
const-string,0,2-stackless,2,3,False,3465724,0.017982334000000003,5.188622637001678
const-string,0,2-stackless,2,4,False,3465724,0.018074167000000002,5.215120130743245
take-seq,256,2-stackless,0,0,True,30982,0.020053292,647.2562132851333
take-seq,256,2-stackless,0,1,True,30982,0.020073999999999998,647.9246013814471
take-seq,256,2-stackless,0,2,False,30982,0.02007075,647.8197017623136
take-seq,256,2-stackless,0,3,False,30982,0.020109292,649.0637144148216
take-seq,256,2-stackless,0,4,False,30982,0.020082708000000005,648.205667807114
take-seq,256,1x,0,0,True,30982,0.0334054,1078.2196113872571
take-seq,256,1x,0,1,True,30982,0.0334603,1079.9916080304693
take-seq,256,1x,0,2,False,30982,0.0334726,1080.388612742883
take-seq,256,1x,0,3,False,30982,0.0333926,1077.8064682718998
take-seq,256,1x,0,4,False,30982,0.0330727,1067.4811180685558
take-seq,256,1x,1,0,True,30982,0.0324917,1048.7282938480407
take-seq,256,1x,1,1,True,30982,0.0322645,1041.3950035504486
take-seq,256,1x,1,2,False,30982,0.032822,1059.3893228326124
take-seq,256,1x,1,3,False,30982,0.032754,1057.194500032277
take-seq,256,1x,1,4,False,30982,0.032742,1056.8071783616294
take-seq,256,2-stackless,1,0,True,30982,0.019936209,643.4771480214318
take-seq,256,2-stackless,1,1,True,30982,0.020210833,652.3411335614228
take-seq,256,2-stackless,1,2,False,30982,0.019996333999999998,645.417790975405
take-seq,256,2-stackless,1,3,False,30982,0.020103166999999998,648.8660189787619
take-seq,256,2-stackless,1,4,False,30982,0.020441040999999993,659.7715124911236
take-seq,256,1x,2,0,True,30982,0.0329027,1061.9940610677168
take-seq,256,1x,2,1,True,30982,0.0333174,1075.3792524691755
take-seq,256,1x,2,2,False,30982,0.0334465,1079.5461881092247
take-seq,256,1x,2,3,False,30982,0.033401,1078.077593441353
take-seq,256,1x,2,4,False,30982,0.0331547,1070.1278161513137
take-seq,256,2-stackless,2,0,True,30982,0.020086625,648.3320960557743
take-seq,256,2-stackless,2,1,True,30982,0.020221166999999998,652.674682073462
take-seq,256,2-stackless,2,2,False,30982,0.020086416000000003,648.325350203344
take-seq,256,2-stackless,2,3,False,30982,0.020103207999999997,648.8673423278032
take-seq,256,2-stackless,2,4,False,30982,0.020106542000000005,648.9749531986316
update-seq,0,2-stackless,0,0,True,4003363,0.020864292,5.211691270564273
update-seq,0,2-stackless,0,1,True,4003363,0.020875084000000002,5.214387004126282
update-seq,0,2-stackless,0,2,False,4003363,0.020901666,5.2210269216156515
update-seq,0,2-stackless,0,3,False,4003363,0.020811333,5.19846264253329
update-seq,0,2-stackless,0,4,False,4003363,0.020835124999999996,5.204405645953164
update-seq,0,1x,0,0,True,4003363,0.172043,42.974619089000925
update-seq,0,1x,0,1,True,4003363,0.175655,43.87686052950981
update-seq,0,1x,0,2,False,4003363,0.17681,44.165367966881846
update-seq,0,1x,0,3,False,4003363,0.177316,44.29176170134959
update-seq,0,1x,0,4,False,4003363,0.173372,43.306589984470556
update-seq,0,2-stackless,1,0,True,4003363,0.020797375,5.194976073865897
update-seq,0,2-stackless,1,1,True,4003363,0.021850124999999998,5.457942484855857
update-seq,0,2-stackless,1,2,False,4003363,0.021518040999999995,5.3749912261266335
update-seq,0,2-stackless,1,3,False,4003363,0.021133459000000007,5.278926492551389
update-seq,0,2-stackless,1,4,False,4003363,0.020858291,5.210192280839884
update-seq,0,1x,1,0,True,4003363,0.171743,42.89968209228091
update-seq,0,1x,1,1,True,4003363,0.171911,42.94164681044412
update-seq,0,1x,1,2,False,4003363,0.1741,43.488437096511106
update-seq,0,1x,1,3,False,4003363,0.172281,43.034069106398796
update-seq,0,1x,1,4,False,4003363,0.171327,42.79576945682917
update-seq,0,2-stackless,2,0,True,4003363,0.020931541,5.228489397539019
update-seq,0,2-stackless,2,1,True,4003363,0.020852125,5.208652075767299
update-seq,0,2-stackless,2,2,False,4003363,0.020996458000000003,5.244705014259263
update-seq,0,2-stackless,2,3,False,4003363,0.020876458,5.214730215571258
update-seq,0,2-stackless,2,4,False,4003363,0.020861875000000002,5.2110875281607
update-seq,0,1x,2,0,True,4003363,0.172382,43.059297895294534
update-seq,0,1x,2,1,True,4003363,0.172119,42.993603128169994
update-seq,0,1x,2,2,False,4003363,0.172268,43.03082183654093
update-seq,0,1x,2,3,False,4003363,0.17103,42.72158183007636
update-seq,0,1x,2,4,False,4003363,0.171513,42.84223039479558
const-int,64,2-stackless,0,0,True,453687,0.0202615,44.65964420404376
const-int,64,2-stackless,0,1,True,453687,0.020260291000000003,44.65697937124053
const-int,64,2-stackless,0,2,False,453687,0.020148459,44.41048343902294
const-int,64,2-stackless,0,3,False,453687,0.020168,44.453554983942674
const-int,64,2-stackless,0,4,False,453687,0.02065620900000001,45.52964709149702
const-int,64,1x,0,0,True,453687,0.0264492,58.29834224917179
const-int,64,1x,0,1,True,453687,0.0258574,56.993918714884934
const-int,64,1x,0,2,False,453687,0.0275063,60.62836272584403
const-int,64,1x,0,3,False,453687,0.0279947,61.70487582848968
const-int,64,1x,0,4,False,453687,0.0272384,60.03786751659184
const-int,64,1x,1,0,True,453687,0.0281343,62.01257695283312
const-int,64,1x,1,1,True,453687,0.0275597,60.746065018393736
const-int,64,1x,1,2,False,453687,0.0276364,60.91512430376008
const-int,64,1x,1,3,False,453687,0.0276606,60.968465043080364
const-int,64,1x,1,4,False,453687,0.0272778,60.12471153019593
const-int,64,2-stackless,1,0,True,453687,0.020700625,45.62754718561475
const-int,64,2-stackless,1,1,True,453687,0.020651667000000002,45.51963578414194
const-int,64,2-stackless,1,2,False,453687,0.020893083,46.051755946280146
const-int,64,2-stackless,1,3,False,453687,0.020517541999999993,45.224002451028994
const-int,64,2-stackless,1,4,False,453687,0.020835959,45.9258453515309
const-int,64,2-stackless,2,0,True,453687,0.020686167000000002,45.59567940011506
const-int,64,2-stackless,2,1,True,453687,0.020203417,44.53161981718674
const-int,64,2-stackless,2,2,False,453687,0.020865292,45.99050005841031
const-int,64,2-stackless,2,3,False,453687,0.020357209,44.8706024197299
const-int,64,2-stackless,2,4,False,453687,0.020117999999999997,44.343346844851176
const-int,64,1x,2,0,True,453687,0.0264416,58.28159061202988
const-int,64,1x,2,1,True,453687,0.0257731,56.80810779237668
const-int,64,1x,2,2,False,453687,0.0265896,58.607806703740685
const-int,64,1x,2,3,False,453687,0.0264295,58.25492024236974
const-int,64,1x,2,4,False,453687,0.0258842,57.05299027743797
update-int,8,2-stackless,0,0,True,1662621,0.019192917,11.54377155106305
update-int,8,2-stackless,0,1,True,1662621,0.019330999999999997,11.626822950028897
update-int,8,2-stackless,0,2,False,1662621,0.019397541999999997,11.666845300281903
update-int,8,2-stackless,0,3,False,1662621,0.019564959000000007,11.76753992641739
update-int,8,2-stackless,0,4,False,1662621,0.019358541000000007,11.643387759447286
update-int,8,1x,0,0,True,1662621,0.0226837,13.643337838268613
update-int,8,1x,0,1,True,1662621,0.0222412,13.377191795364066
update-int,8,1x,0,2,False,1662621,0.0226942,13.649653168100247
update-int,8,1x,0,3,False,1662621,0.0229645,13.812227801766007
update-int,8,1x,0,4,False,1662621,0.022654,13.62547447674485
update-int,8,1x,1,0,True,1662621,0.0232881,14.006860252577106
update-int,8,1x,1,1,True,1662621,0.0226199,13.604964691291642
update-int,8,1x,1,2,False,1662621,0.0235998,14.19433532957902
update-int,8,1x,1,3,False,1662621,0.0235892,14.18795985374899
update-int,8,1x,1,4,False,1662621,0.0235748,14.179298829979894
update-int,8,2-stackless,1,0,True,1662621,0.0201885,12.142574886278954
update-int,8,2-stackless,1,1,True,1662621,0.020287833,12.202319710866156
update-int,8,2-stackless,1,2,False,1662621,0.020181959,12.138640736523838
update-int,8,2-stackless,1,3,False,1662621,0.019948791,11.998399514982669
update-int,8,2-stackless,1,4,False,1662621,0.019574416999999997,11.773228534945725
update-int,8,1x,2,0,True,1662621,0.0231223,13.907138187235695
update-int,8,1x,2,1,True,1662621,0.0234982,14.133226995208169
update-int,8,1x,2,2,False,1662621,0.02305,13.863652630395022
update-int,8,1x,2,3,False,1662621,0.0234101,14.080238370620846
update-int,8,1x,2,4,False,1662621,0.0228825,13.76290808308087
update-int,8,2-stackless,2,0,True,1662621,0.020265292,12.1887622013676
update-int,8,2-stackless,2,1,True,1662621,0.020382957999999996,12.259533591840832
update-int,8,2-stackless,2,2,False,1662621,0.020187375,12.141898243796993
update-int,8,2-stackless,2,3,False,1662621,0.020113124999999996,12.097239839987584
update-int,8,2-stackless,2,4,False,1662621,0.019931041999999996,11.987724201727271
get-table,8,1x,0,0,True,2114523,0.162995,77.08357866053005
get-table,8,1x,0,1,True,2114523,0.160013,75.67333152677932
get-table,8,1x,0,2,False,2114523,0.155903,73.72963074887339
get-table,8,1x,0,3,False,2114523,0.161419,76.33825690238413
get-table,8,1x,0,4,False,2114523,0.159634,75.49409488570235
get-table,8,2-stackless,0,0,True,2114523,0.020373,9.634797067707469
get-table,8,2-stackless,0,1,True,2114523,0.020457,9.67452233908073
get-table,8,2-stackless,0,2,False,2114523,0.020511,9.700060013534967
get-table,8,2-stackless,0,3,False,2114523,0.020431916,9.662659616376837
get-table,8,2-stackless,0,4,False,2114523,0.02035116699999999,9.624471807589696
get-table,8,2-stackless,1,0,True,2114523,0.020501709,9.695666114769146
get-table,8,2-stackless,1,1,True,2114523,0.020604834000000002,9.744435979178284
get-table,8,2-stackless,1,2,False,2114523,0.020729083000000002,9.803195803498001
get-table,8,2-stackless,1,3,False,2114523,0.020729625,9.803452126082336
get-table,8,2-stackless,1,4,False,2114523,0.02068425,9.781993385742316
get-table,8,1x,1,0,True,2114523,0.159093,75.23824522126267
get-table,8,1x,1,1,True,2114523,0.159407,75.3867420690151
get-table,8,1x,1,2,False,2114523,0.160055,75.69319416246596
get-table,8,1x,1,3,False,2114523,0.150755,71.2950391175693
get-table,8,1x,1,4,False,2114523,0.150164,71.01554345826459
get-table,8,1x,2,0,True,2114523,0.157761,74.60831591805811
get-table,8,1x,2,1,True,2114523,0.155742,73.65349064540797
get-table,8,1x,2,2,False,2114523,0.151453,71.62513720588521
get-table,8,1x,2,3,False,2114523,0.153621,72.65042754323315
get-table,8,1x,2,4,False,2114523,0.158654,75.03063338634766
get-table,8,2-stackless,2,0,True,2114523,0.020250625,9.576923495275294
get-table,8,2-stackless,2,1,True,2114523,0.020421291,9.657634842468017
get-table,8,2-stackless,2,2,False,2114523,0.020458542000000003,9.67525158156237
get-table,8,2-stackless,2,3,False,2114523,0.020423666999999993,9.658758500144
get-table,8,2-stackless,2,4,False,2114523,0.02091875,9.892893101659334
const-seq,256,1x,0,0,True,145870,0.0355989,244.04538287516283
const-seq,256,1x,0,1,True,145870,0.0371208,254.47864536916433
const-seq,256,1x,0,2,False,145870,0.0359634,246.54418317680125
const-seq,256,1x,0,3,False,145870,0.0356635,244.48824295605675
const-seq,256,1x,0,4,False,145870,0.0366238,251.07150202234865
const-seq,256,2-stackless,0,0,True,145870,0.020587208000000003,141.1339411805032
const-seq,256,2-stackless,0,1,True,145870,0.02062525,141.39473503804757
const-seq,256,2-stackless,0,2,False,145870,0.020612708,141.30875437032975
const-seq,256,2-stackless,0,3,False,145870,0.020567874999999992,141.00140536093778
const-seq,256,2-stackless,0,4,False,145870,0.020538333000000006,140.798882566669
const-seq,256,1x,1,0,True,145870,0.0356064,244.09679851922945
const-seq,256,1x,1,1,True,145870,0.035581,243.9226708713238
const-seq,256,1x,1,2,False,145870,0.0355219,243.5175155960787
const-seq,256,1x,1,3,False,145870,0.034793,238.5206005347227
const-seq,256,1x,1,4,False,145870,0.0354085,242.74011105779118
const-seq,256,2-stackless,1,0,True,145870,0.020196625,138.4563309796394
const-seq,256,2-stackless,1,1,True,145870,0.020381290999999996,139.72229382326728
const-seq,256,2-stackless,1,2,False,145870,0.020317875,139.28755055871667
const-seq,256,2-stackless,1,3,False,145870,0.020363916000000003,139.60318091451296
const-seq,256,2-stackless,1,4,False,145870,0.020463042,140.28273119901283
const-seq,256,1x,2,0,True,145870,0.0356171,244.1701515047645
const-seq,256,1x,2,1,True,145870,0.0365028,250.24199629807362
const-seq,256,1x,2,2,False,145870,0.0372207,255.1635017481319
const-seq,256,1x,2,3,False,145870,0.0368738,252.78535682456982
const-seq,256,1x,2,4,False,145870,0.0362331,248.39308973743744
const-seq,256,2-stackless,2,0,True,145870,0.020144000000000002,138.09556454377187
const-seq,256,2-stackless,2,1,True,145870,0.020320917,139.3084047439501
const-seq,256,2-stackless,2,2,False,145870,0.020489167000000003,140.46182902584496
const-seq,256,2-stackless,2,3,False,145870,0.020521624999999995,140.68434222252688
const-seq,256,2-stackless,2,4,False,145870,0.02044950000000001,140.1898951120862
get-seq,0,2-stackless,0,0,True,4016791,0.020910250000000002,5.205710229882511
get-seq,0,2-stackless,0,1,True,4016791,0.021398083000000002,5.327158669694291
get-seq,0,2-stackless,0,2,False,4016791,0.021066084,5.244505875461282
get-seq,0,2-stackless,0,3,False,4016791,0.021007625000000002,5.22995221807657
get-seq,0,2-stackless,0,4,False,4016791,0.020914375,5.206737169048626
get-seq,0,1x,0,0,True,4016791,0.172875,43.03808687083794
get-seq,0,1x,0,1,True,4016791,0.172015,42.823985614387205
get-seq,0,1x,0,2,False,4016791,0.172979,43.063978185571514
get-seq,0,1x,0,3,False,4016791,0.178917,44.54227267487903
get-seq,0,1x,0,4,False,4016791,0.177221,44.12004508076223
get-seq,0,2-stackless,1,0,True,4016791,0.021575917,5.371431324159012
get-seq,0,2-stackless,1,1,True,4016791,0.021339417,5.31255347863506
get-seq,0,2-stackless,1,2,False,4016791,0.022024458999999996,5.483098075055435
get-seq,0,2-stackless,1,3,False,4016791,0.021703625000000004,5.403224862832047
get-seq,0,2-stackless,1,4,False,4016791,0.021616750000000004,5.381596901606283
get-seq,0,1x,1,0,True,4016791,0.173563,43.209367875998524
get-seq,0,1x,1,1,True,4016791,0.171719,42.750294949376254
get-seq,0,1x,1,2,False,4016791,0.172551,42.957425467244875
get-seq,0,1x,1,3,False,4016791,0.173664,43.23451232588402
get-seq,0,1x,1,4,False,4016791,0.173632,43.22654576750446
get-seq,0,2-stackless,2,0,True,4016791,0.020875958,5.197173066759012
get-seq,0,2-stackless,2,1,True,4016791,0.020902708000000002,5.203832611654429
get-seq,0,2-stackless,2,2,False,4016791,0.020970625,5.2207408849502
get-seq,0,2-stackless,2,3,False,4016791,0.020939749999999993,5.213054400888668
get-seq,0,2-stackless,2,4,False,4016791,0.020961790999999994,5.21854161692754
get-seq,0,1x,2,0,True,4016791,0.171868,42.78738923683109
get-seq,0,1x,2,1,True,4016791,0.171964,42.811288911969775
get-seq,0,1x,2,2,False,4016791,0.172859,43.03410359164816
get-seq,0,1x,2,3,False,4016791,0.172441,42.930040422815125
get-seq,0,1x,2,4,False,4016791,0.173506,43.19517744388493
const-seq,64,1x,0,0,True,485633,0.0490795,101.0629425924515
const-seq,64,1x,0,1,True,485633,0.0480037,98.84768951039159
const-seq,64,1x,0,2,False,485633,0.0492074,101.32631019720654
const-seq,64,1x,0,3,False,485633,0.0491234,101.15334007367703
const-seq,64,1x,0,4,False,485633,0.0490752,101.0540881694613
const-seq,64,2-stackless,0,0,True,485633,0.022098083,45.503668408036525
const-seq,64,2-stackless,0,1,True,485633,0.022670291,46.68194088951945
const-seq,64,2-stackless,0,2,False,485633,0.022776291999999997,46.900214771236705
const-seq,64,2-stackless,0,3,False,485633,0.022645459000000007,46.63080762633513
const-seq,64,2-stackless,0,4,False,485633,0.022587167000000005,46.5107745972782
const-seq,64,1x,1,0,True,485633,0.0482447,99.34394903147026
const-seq,64,1x,1,1,True,485633,0.0476311,98.08044346245003
const-seq,64,1x,1,2,False,485633,0.0477138,98.2507366674011
const-seq,64,1x,1,3,False,485633,0.0469373,96.65179260882189
const-seq,64,1x,1,4,False,485633,0.0470874,96.960873746224
const-seq,64,2-stackless,1,0,True,485633,0.021803958,44.89801557966613
const-seq,64,2-stackless,1,1,True,485633,0.021897750000000004,45.09114907759564
const-seq,64,2-stackless,1,2,False,485633,0.021902333000000003,45.100586245168685
const-seq,64,2-stackless,1,3,False,485633,0.021687417,44.658038065782186
const-seq,64,2-stackless,1,4,False,485633,0.023010749999999996,47.38300321436145
const-seq,64,2-stackless,2,0,True,485633,0.021626416,44.532426750241434
const-seq,64,2-stackless,2,1,True,485633,0.022145833999999996,45.60199574575862
const-seq,64,2-stackless,2,2,False,485633,0.02206045799999999,45.42619220687225
const-seq,64,2-stackless,2,3,False,485633,0.021823625,44.93851323942154
const-seq,64,2-stackless,2,4,False,485633,0.021855583999999997,45.00432219392009
const-seq,64,1x,2,0,True,485633,0.0468203,96.41086993676295
const-seq,64,1x,2,1,True,485633,0.0462772,95.29253572141926
const-seq,64,1x,2,2,False,485633,0.0465639,95.88289922637053
const-seq,64,1x,2,3,False,485633,0.0469172,96.61040332926305
const-seq,64,1x,2,4,False,485633,0.0471719,97.13487345382212
assign-int,256,2-stackless,0,0,True,39166,0.019975958000000002,510.033140989634
assign-int,256,2-stackless,0,1,True,39166,0.019988459000000004,510.3523208905684
assign-int,256,2-stackless,0,2,False,39166,0.019856917,506.99374457437574
assign-int,256,2-stackless,0,3,False,39166,0.020377917000000002,520.2960986569985
assign-int,256,2-stackless,0,4,False,39166,0.020369417,520.0790736863606
assign-int,256,1x,0,0,True,39166,0.0239842,612.3729765613032
assign-int,256,1x,0,1,True,39166,0.024228,618.597763366185
assign-int,256,1x,0,2,False,39166,0.024275,619.7977837920646
assign-int,256,1x,0,3,False,39166,0.0243119,620.7399274881275
assign-int,256,1x,0,4,False,39166,0.0243022,620.4922636981055
assign-int,256,2-stackless,1,0,True,39166,0.019901083,508.12140632180973
assign-int,256,2-stackless,1,1,True,39166,0.020054625000000003,512.041694326712
assign-int,256,2-stackless,1,2,False,39166,0.019955125000000004,509.50122555277545
assign-int,256,2-stackless,1,3,False,39166,0.019956666999999997,509.54059643568394
assign-int,256,2-stackless,1,4,False,39166,0.019952499999999998,509.4342031353724
assign-int,256,1x,1,0,True,39166,0.0232373,593.3028647296125
assign-int,256,1x,1,1,True,39166,0.0233989,597.4288924066792
assign-int,256,1x,1,2,False,39166,0.0237867,607.3303375376602
assign-int,256,1x,1,3,False,39166,0.0236795,604.5932696726753
assign-int,256,1x,1,4,False,39166,0.0238083,607.8818362865751
assign-int,256,2-stackless,2,0,True,39166,0.019905583,508.23630189450034
assign-int,256,2-stackless,2,1,True,39166,0.020146458,514.3864065771332
assign-int,256,2-stackless,2,2,False,39166,0.019949915999999998,509.3682275442985
assign-int,256,2-stackless,2,3,False,39166,0.01995937500000001,509.60973803809446
assign-int,256,2-stackless,2,4,False,39166,0.019942416000000004,509.1767349231477
assign-int,256,1x,2,0,True,39166,0.0237406,606.1532962263187
assign-int,256,1x,2,1,True,39166,0.0240447,613.9176837052546
assign-int,256,1x,2,2,False,39166,0.0241187,615.8070775672777
assign-int,256,1x,2,3,False,39166,0.0240437,613.8921513557677
assign-int,256,1x,2,4,False,39166,0.0245648,627.1970586733391
get-int,8,1x,0,0,True,2403616,0.028163,11.716929825729235
get-int,8,1x,0,1,True,2403616,0.0278782,11.598441681200326
get-int,8,1x,0,2,False,2403616,0.028178,11.723170423229002
get-int,8,1x,0,3,False,2403616,0.0282752,11.763609495027492
get-int,8,1x,0,4,False,2403616,0.0281612,11.716180954029262
get-int,8,2-stackless,0,0,True,2403616,0.021535958,8.959816376659166
get-int,8,2-stackless,0,1,True,2403616,0.021401333999999998,8.90380743013859
get-int,8,2-stackless,0,2,False,2403616,0.021882458,9.103974178903785
get-int,8,2-stackless,0,3,False,2403616,0.021483416000000005,8.937956811736985
get-int,8,2-stackless,0,4,False,2403616,0.021426541999999993,8.914294962256863
get-int,8,2-stackless,1,0,True,2403616,0.021321666,8.870662368697829
get-int,8,2-stackless,1,1,True,2403616,0.021981584,9.145214543421245
get-int,8,2-stackless,1,2,False,2403616,0.02337129200000001,9.723388428101662
get-int,8,2-stackless,1,3,False,2403616,0.023167499999999994,9.638602838390156
get-int,8,2-stackless,1,4,False,2403616,0.022743792,9.46232343269474
get-int,8,1x,1,0,True,2403616,0.0277649,11.551304368085418
get-int,8,1x,1,1,True,2403616,0.0280822,11.683313807197155
get-int,8,1x,1,2,False,2403616,0.0278723,11.59598704618375
get-int,8,1x,1,3,False,2403616,0.027679,11.515566546403418
get-int,8,1x,1,4,False,2403616,0.0280376,11.664758430631183
get-int,8,1x,2,0,True,2403616,0.028331,11.786824517726625
get-int,8,1x,2,1,True,2403616,0.0275915,11.479163060988112
get-int,8,1x,2,2,False,2403616,0.028535,11.871696643723457
get-int,8,1x,2,3,False,2403616,0.0281831,11.725292226378922
get-int,8,1x,2,4,False,2403616,0.0279443,11.625941914182631
get-int,8,2-stackless,2,0,True,2403616,0.021434458,8.91758833357741
get-int,8,2-stackless,2,1,True,2403616,0.022863333000000003,9.512057250409384
get-int,8,2-stackless,2,2,False,2403616,0.021973041999999998,9.141660731165045
get-int,8,2-stackless,2,3,False,2403616,0.02274783300000001,9.464004649661181
get-int,8,2-stackless,2,4,False,2403616,0.023497249999999997,9.775791973426703
make-seq,0,2-stackless,0,0,True,4188482,0.0207,4.9421246169853426
make-seq,0,2-stackless,0,1,True,4188482,0.020801833,4.9664372438511135
make-seq,0,2-stackless,0,2,False,4188482,0.020779166,4.961025498020524
make-seq,0,2-stackless,0,3,False,4188482,0.020794750000000008,4.964746177732173
make-seq,0,2-stackless,0,4,False,4188482,0.020755375000000006,4.955345397210733
make-seq,0,1x,0,0,True,4188482,0.0371144,8.86106231326767
make-seq,0,1x,0,1,True,4188482,0.0377924,9.022934800722552
make-seq,0,1x,0,2,False,4188482,0.0373955,8.928174933066442
make-seq,0,1x,0,3,False,4188482,0.0375798,8.972176554656317
make-seq,0,1x,0,4,False,4188482,0.037699,9.000635552450746
make-seq,0,2-stackless,1,0,True,4188482,0.021074291000000002,5.03148658630979
make-seq,0,2-stackless,1,1,True,4188482,0.020819042000000003,4.970545892282694
make-seq,0,2-stackless,1,2,False,4188482,0.020804457999999998,4.967063962552542
make-seq,0,2-stackless,1,3,False,4188482,0.02081512499999999,4.969610708605168
make-seq,0,2-stackless,1,4,False,4188482,0.02085608300000001,4.979389430347322
make-seq,0,1x,1,0,True,4188482,0.0373308,8.912727809263595
make-seq,0,1x,1,1,True,4188482,0.0371455,8.868487437692224
make-seq,0,1x,1,2,False,4188482,0.0411714,9.829670988200498
make-seq,0,1x,1,3,False,4188482,0.0372825,8.901196185157296
make-seq,0,1x,1,4,False,4188482,0.0374568,8.942810306932202
make-seq,0,2-stackless,2,0,True,4188482,0.020684666,4.938463624769069
make-seq,0,2-stackless,2,1,True,4188482,0.020884582999999998,4.9861938048199805
make-seq,0,2-stackless,2,2,False,4188482,0.020862,4.980802113987836
make-seq,0,2-stackless,2,3,False,4188482,0.020973499999999992,5.007422736924736
make-seq,0,2-stackless,2,4,False,4188482,0.02098,5.008974611804468
make-seq,0,1x,2,0,True,4188482,0.0369603,8.824270941119002
make-seq,0,1x,2,1,True,4188482,0.037139,8.866935562812493
make-seq,0,1x,2,2,False,4188482,0.0371927,8.879756436818877
make-seq,0,1x,2,3,False,4188482,0.0370035,8.834584940319667
make-seq,0,1x,2,4,False,4188482,0.0371845,8.877798686970602
add-int,8,1x,0,0,True,1953602,0.0226375,11.587570037295212
add-int,8,1x,0,1,True,1953602,0.0227385,11.639269411067351
add-int,8,1x,0,2,False,1953602,0.0231639,11.857021030895751
add-int,8,1x,0,3,False,1953602,0.0228643,11.703663284537997
add-int,8,1x,0,4,False,1953602,0.022787,11.664095347977735
add-int,8,2-stackless,0,0,True,1953602,0.021124625,10.81316716506228
add-int,8,2-stackless,0,1,True,1953602,0.021319458,10.91289730456869
add-int,8,2-stackless,0,2,False,1953602,0.021284207999999992,10.89485371124722
add-int,8,2-stackless,0,3,False,1953602,0.022119457999999995,11.322397294843062
add-int,8,2-stackless,0,4,False,1953602,0.02127825,10.891803960069655
add-int,8,1x,1,0,True,1953602,0.0240578,12.31458608252858
add-int,8,1x,1,1,True,1953602,0.0230165,11.781570657687697
add-int,8,1x,1,2,False,1953602,0.0231448,11.84724421862795
add-int,8,1x,1,3,False,1953602,0.0229743,11.759969533200724
add-int,8,1x,1,4,False,1953602,0.0230069,11.776656657804404
add-int,8,2-stackless,1,0,True,1953602,0.021309666,10.907885024687731
add-int,8,2-stackless,1,1,True,1953602,0.021333208,10.91993558565153
add-int,8,2-stackless,1,2,False,1953602,0.021546209000000004,11.028965469937072
add-int,8,2-stackless,1,3,False,1953602,0.021463374999999993,10.986564817194083
add-int,8,2-stackless,1,4,False,1953602,0.021359334000000008,10.933308831583918
add-int,8,2-stackless,2,0,True,1953602,0.021287416,10.896495806208225
add-int,8,2-stackless,2,1,True,1953602,0.021305208,10.905603085991928
add-int,8,2-stackless,2,2,False,1953602,0.021336832999999993,10.921791132482456
add-int,8,2-stackless,2,3,False,1953602,0.021251707999999994,10.878217774142325
add-int,8,2-stackless,2,4,False,1953602,0.021398417000000003,10.953314441733784
add-int,8,1x,2,0,True,1953602,0.023658,12.109938462388962
add-int,8,1x,2,1,True,1953602,0.0227372,11.638603973583155
add-int,8,1x,2,2,False,1953602,0.022783,11.662047848026363
add-int,8,1x,2,3,False,1953602,0.022761,11.650786598293818
add-int,8,1x,2,4,False,1953602,0.0234145,11.985296902849198
get-table,0,2-stackless,0,0,True,3217193,0.016783333,5.216762873722527
get-table,0,2-stackless,0,1,True,3217193,0.016742083,5.203941137507138
get-table,0,2-stackless,0,2,False,3217193,0.01672275,5.197931861719208
get-table,0,2-stackless,0,3,False,3217193,0.016610791999999992,5.163131960065806
get-table,0,2-stackless,0,4,False,3217193,0.016736,5.2020503588065745
get-table,0,1x,0,0,True,3217193,0.221772,68.93338385356427
get-table,0,1x,0,1,True,3217193,0.218574,67.93934961315657
get-table,0,1x,0,2,False,3217193,0.223385,69.43475259333214
get-table,0,1x,0,3,False,3217193,0.217206,67.51413421575889
get-table,0,1x,0,4,False,3217193,0.224206,69.68994399776452
get-table,0,2-stackless,1,0,True,3217193,0.016771583,5.213110621588447
get-table,0,2-stackless,1,1,True,3217193,0.016799417,5.221762262941639
get-table,0,2-stackless,1,2,False,3217193,0.016766250000000003,5.211452965364528
get-table,0,2-stackless,1,3,False,3217193,0.017304667000000003,5.378809104707117
get-table,0,2-stackless,1,4,False,3217193,0.016775916999999987,5.214457758673473
get-table,0,1x,1,0,True,3217193,0.212416,66.02525866492934
get-table,0,1x,1,1,True,3217193,0.21723,67.52159413501148
get-table,0,1x,1,2,False,3217193,0.214305,66.612416476102
get-table,0,1x,1,3,False,3217193,0.212413,66.02432617502276
get-table,0,1x,1,4,False,3217193,0.21481,66.76938561037525
get-table,0,1x,2,0,True,3217193,0.220773,68.62286471467519
get-table,0,1x,2,1,True,3217193,0.22214,69.047769282104
get-table,0,1x,2,2,False,3217193,0.219238,68.14574071247824
get-table,0,1x,2,3,False,3217193,0.21316,66.25651616175965
get-table,0,1x,2,4,False,3217193,0.209805,65.21368161624125
get-table,0,2-stackless,2,0,True,3217193,0.016746792,5.20540483583049
get-table,0,2-stackless,2,1,True,3217193,0.016876625,5.245760823177223
get-table,0,2-stackless,2,2,False,3217193,0.016739333000000002,5.203086355092779
get-table,0,2-stackless,2,3,False,3217193,0.016732875,5.201079015153894
get-table,0,2-stackless,2,4,False,3217193,0.016776625000000003,5.21467782629143
update-table,64,2-stackless,0,0,True,323996,0.020289542,62.62281633106581
update-table,64,2-stackless,0,1,True,323996,0.020372084000000002,62.877578735539956
update-table,64,2-stackless,0,2,False,323996,0.02019825,62.34104742033852
update-table,64,2-stackless,0,3,False,323996,0.020192958999999996,62.32471697181445
update-table,64,2-stackless,0,4,False,323996,0.02070224999999999,63.89662218052072
update-table,64,1x,0,0,True,323996,0.084006,259.28097877751577
update-table,64,1x,0,1,True,323996,0.0857725,264.7332065827973
update-table,64,1x,0,2,False,323996,0.0841424,259.7019716292794
update-table,64,1x,0,3,False,323996,0.0846577,261.2924233632514
update-table,64,1x,0,4,False,323996,0.0853262,263.3557204409931
update-table,64,2-stackless,1,0,True,323996,0.020354541,62.82343300534575
update-table,64,2-stackless,1,1,True,323996,0.020476084000000002,63.19857035272042
update-table,64,2-stackless,1,2,False,323996,0.020679875,63.82756268595909
update-table,64,2-stackless,1,3,False,323996,0.020429541000000002,63.054917344658584
update-table,64,2-stackless,1,4,False,323996,0.020577917,63.51287361572365
update-table,64,1x,1,0,True,323996,0.083621,258.09269250237656
update-table,64,1x,1,1,True,323996,0.0833883,257.3744737589353
update-table,64,1x,1,2,False,323996,0.0814432,251.37100458030346
update-table,64,1x,1,3,False,323996,0.0814652,251.43890665316854
update-table,64,1x,1,4,False,323996,0.0841881,259.84302275336734
update-table,64,2-stackless,2,0,True,323996,0.019830459,61.20587599846912
update-table,64,2-stackless,2,1,True,323996,0.020159125,62.22028975666366
update-table,64,2-stackless,2,2,False,323996,0.020164917000000004,62.23816652057434
update-table,64,2-stackless,2,3,False,323996,0.020123667000000005,62.11085013395228
update-table,64,2-stackless,2,4,False,323996,0.020232417000000003,62.446502425955885
update-table,64,1x,2,0,True,323996,0.0848491,261.88317139717776
update-table,64,1x,2,1,True,323996,0.081728,252.2500277781207
update-table,64,1x,2,2,False,323996,0.0845168,260.857541451129
update-table,64,1x,2,3,False,323996,0.0838959,258.94115976740454
update-table,64,1x,2,4,False,323996,0.0861537,265.909764318078
do-int,8,2-stackless,0,0,True,1981827,0.021525084,10.861232589928385
do-int,8,2-stackless,0,1,True,1981827,0.021617541,10.907884997025471
do-int,8,2-stackless,0,2,False,1981827,0.021644124999999993,10.92129888229396
do-int,8,2-stackless,0,3,False,1981827,0.021720292000000002,10.959731601194253
do-int,8,2-stackless,0,4,False,1981827,0.021579250000000008,10.888563936206342
do-int,8,1x,0,0,True,1981827,0.141518,71.40784740544962
do-int,8,1x,0,1,True,1981827,0.142615,71.96137705258835
do-int,8,1x,0,2,False,1981827,0.14201,71.65610318155923
do-int,8,1x,0,3,False,1981827,0.142096,71.69949748388734
do-int,8,1x,0,4,False,1981827,0.142068,71.68536910638517
do-int,8,1x,1,0,True,1981827,0.148128,74.74315366578415
do-int,8,1x,1,1,True,1981827,0.147194,74.27187135910451
do-int,8,1x,1,2,False,1981827,0.147436,74.39398090751615
do-int,8,1x,1,3,False,1981827,0.148478,74.91975838456132
do-int,8,1x,1,4,False,1981827,0.148206,74.78251128882592
do-int,8,2-stackless,1,0,True,1981827,0.021464333000000002,10.830578552012867
do-int,8,2-stackless,1,1,True,1981827,0.021647125000000003,10.922812637026341
do-int,8,2-stackless,1,2,False,1981827,0.021633583000000005,10.915979548164398
do-int,8,2-stackless,1,3,False,1981827,0.021632,10.915180790250613
do-int,8,2-stackless,1,4,False,1981827,0.021742166999999993,10.97076939611782
do-int,8,1x,2,0,True,1981827,0.143109,72.21064199851955
do-int,8,1x,2,1,True,1981827,0.143003,72.15715599797561
do-int,8,1x,2,2,False,1981827,0.143448,72.381696283278
do-int,8,1x,2,3,False,1981827,0.144336,72.82976768406122
do-int,8,1x,2,4,False,1981827,0.14447,72.89738206210734
do-int,8,2-stackless,2,0,True,1981827,0.021516625,10.856964306167995
do-int,8,2-stackless,2,1,True,1981827,0.021617499999999998,10.907864309044127
do-int,8,2-stackless,2,2,False,1981827,0.021686458999999998,10.942659979907429
do-int,8,2-stackless,2,3,False,1981827,0.021749167,10.974301490493367
do-int,8,2-stackless,2,4,False,1981827,0.02161125,10.90471065335168
assign-table,0,2-stackless,0,0,True,3974563,0.0206825,5.20371673565119
assign-table,0,2-stackless,0,1,True,3974563,0.020679083,5.202857018494863
assign-table,0,2-stackless,0,2,False,3974563,0.020659458,5.197919368745696
assign-table,0,2-stackless,0,3,False,3974563,0.020698417000000004,5.2077214526477515
assign-table,0,2-stackless,0,4,False,3974563,0.020733165999999997,5.216464300603612
assign-table,0,1x,0,0,True,3974563,0.256868,64.62798551689833
assign-table,0,1x,0,1,True,3974563,0.27095,68.17101653691236
assign-table,0,1x,0,2,False,3974563,0.259607,65.31711788189041
assign-table,0,1x,0,3,False,3974563,0.258918,65.14376549069671
assign-table,0,1x,0,4,False,3974563,0.254793,64.10591554341948
assign-table,0,2-stackless,1,0,True,3974563,0.020772417,5.226339851701936
assign-table,0,2-stackless,1,1,True,3974563,0.020699375000000002,5.207962485435507
assign-table,0,2-stackless,1,2,False,3974563,0.020729541999999997,5.215552502249932
assign-table,0,2-stackless,1,3,False,3974563,0.020600707999999995,5.183137869496595
assign-table,0,2-stackless,1,4,False,3974563,0.021278624999999995,5.353701778031949
assign-table,0,1x,1,0,True,3974563,0.272175,68.4792265212553
assign-table,0,1x,1,1,True,3974563,0.271561,68.324744129103
assign-table,0,1x,1,2,False,3974563,0.262499,66.04474504492694
assign-table,0,1x,1,3,False,3974563,0.253611,63.80852435852695
assign-table,0,1x,1,4,False,3974563,0.265922,66.90597180117663
assign-table,0,1x,2,0,True,3974563,0.265512,66.80281580641696
assign-table,0,1x,2,1,True,3974563,0.252565,63.545350771896175
assign-table,0,1x,2,2,False,3974563,0.269648,67.84343335355359
assign-table,0,1x,2,3,False,3974563,0.276272,69.51003166889039
assign-table,0,1x,2,4,False,3974563,0.269038,67.68995736135017
assign-table,0,2-stackless,2,0,True,3974563,0.020603417000000002,5.183819453861973
assign-table,0,2-stackless,2,1,True,3974563,0.02087075,5.251080433245114
assign-table,0,2-stackless,2,2,False,3974563,0.020714583,5.2117888180411285
assign-table,0,2-stackless,2,3,False,3974563,0.020686333,5.204681118402199
assign-table,0,2-stackless,2,4,False,3974563,0.020719041999999993,5.212910702384135
update-string,0,2-stackless,0,0,True,3996643,0.020878792,5.224082311079574
update-string,0,2-stackless,0,1,True,3996643,0.020879458,5.224248950932069
update-string,0,2-stackless,0,2,False,3996643,0.020889790999999998,5.226834370745648
update-string,0,2-stackless,0,3,False,3996643,0.020846249999999997,5.215939977626222
update-string,0,2-stackless,0,4,False,3996643,0.020877124999999996,5.223665211028354
update-string,0,1x,0,0,True,3996643,0.0395657,9.899733351215007
update-string,0,1x,0,1,True,3996643,0.0395648,9.899508162225148
update-string,0,1x,0,2,False,3996643,0.040322,10.08896716569381
update-string,0,1x,0,3,False,3996643,0.0398688,9.975571998799992
update-string,0,1x,0,4,False,3996643,0.0403118,10.086415023808732
update-string,0,2-stackless,1,0,True,3996643,0.020795917,5.203346158263322
update-string,0,2-stackless,1,1,True,3996643,0.020820665999999998,5.209538605274476
update-string,0,2-stackless,1,2,False,3996643,0.020717375000000003,5.1836941653282524
update-string,0,2-stackless,1,3,False,3996643,0.020817999999999996,5.208871545444514
update-string,0,2-stackless,1,4,False,3996643,0.020839458000000005,5.214240551382749
update-string,0,1x,1,0,True,3996643,0.040142,10.04392936772186
update-string,0,1x,1,1,True,3996643,0.0402726,10.076606792250397
update-string,0,1x,1,2,False,3996643,0.0400172,10.012703161127977
update-string,0,1x,1,3,False,3996643,0.0403644,10.09957606921609
update-string,0,1x,1,4,False,3996643,0.0404907,10.131177590793072
update-string,0,1x,2,0,True,3996643,0.0403326,10.091619391574378
update-string,0,1x,2,1,True,3996643,0.0399733,10.001718942622595
update-string,0,1x,2,2,False,3996643,0.0410025,10.259235063026646
update-string,0,1x,2,3,False,3996643,0.0400404,10.018508032866583
update-string,0,1x,2,4,False,3996643,0.04,10.008399549321767
update-string,0,2-stackless,2,0,True,3996643,0.020864208,5.220433248603891
update-string,0,2-stackless,2,1,True,3996643,0.021153583,5.292837764093515
update-string,0,2-stackless,2,2,False,3996643,0.020862707999999994,5.220057933620789
update-string,0,2-stackless,2,3,False,3996643,0.020817957999999998,5.208861036624986
update-string,0,2-stackless,2,4,False,3996643,0.02084283299999999,5.21508501009472
make-table,0,1x,0,0,True,4010026,0.0777273,19.38324090666744
make-table,0,1x,0,1,True,4010026,0.0811719,20.242237830876906
make-table,0,1x,0,2,False,4010026,0.0820556,20.462610466864803
make-table,0,1x,0,3,False,4010026,0.081529,20.33128962256105
make-table,0,1x,0,4,False,4010026,0.0822245,20.504729894519386
make-table,0,2-stackless,0,0,True,4010026,0.020818334,5.191570827720319
make-table,0,2-stackless,0,1,True,4010026,0.021085958000000002,5.258309547120144
make-table,0,2-stackless,0,2,False,4010026,0.020922915999999993,5.217650957874087
make-table,0,2-stackless,0,3,False,4010026,0.020872500000000002,5.205078470812908
make-table,0,2-stackless,0,4,False,4010026,0.020889167,5.209234802966365
make-table,0,2-stackless,1,0,True,4010026,0.020955041,5.225662127876477
make-table,0,2-stackless,1,1,True,4010026,0.021285667,5.3081119673538275
make-table,0,2-stackless,1,2,False,4010026,0.020970291000000002,5.229465095737535
make-table,0,2-stackless,1,3,False,4010026,0.021016209000000008,5.240915894310912
make-table,0,2-stackless,1,4,False,4010026,0.020957500000000004,5.22627534085814
make-table,0,1x,1,0,True,4010026,0.0792019,19.75096919571095
make-table,0,1x,1,1,True,4010026,0.079235,19.759223506281504
make-table,0,1x,1,2,False,4010026,0.0783997,19.550920617472304
make-table,0,1x,1,3,False,4010026,0.0811838,20.24520539268324
make-table,0,1x,1,4,False,4010026,0.0807979,20.14897160267789
make-table,0,1x,2,0,True,4010026,0.0803812,20.045057064467912
make-table,0,1x,2,1,True,4010026,0.0780825,19.471818885962335
make-table,0,1x,2,2,False,4010026,0.0799525,19.93815002695743
make-table,0,1x,2,3,False,4010026,0.0818368,20.40804722961896
make-table,0,1x,2,4,False,4010026,0.0822018,20.4990690833426
make-table,0,2-stackless,2,0,True,4010026,0.021076833,5.256034000777053
make-table,0,2-stackless,2,1,True,4010026,0.020915625,5.215832765174091
make-table,0,2-stackless,2,2,False,4010026,0.020949208999999996,5.224207773216432
make-table,0,2-stackless,2,3,False,4010026,0.02096025,5.226961121947838
make-table,0,2-stackless,2,4,False,4010026,0.02268220800000001,5.656374297822509
const-int,8,1x,0,0,True,2327829,0.0269805,11.590413213341701
const-int,8,1x,0,1,True,2327829,0.0263752,11.330385522304258
const-int,8,1x,0,2,False,2327829,0.0268554,11.536672152464808
const-int,8,1x,0,3,False,2327829,0.0270831,11.6344886157875
const-int,8,1x,0,4,False,2327829,0.0265491,11.405090322356152
const-int,8,2-stackless,0,0,True,2327829,0.020613875,8.85540776405827
const-int,8,2-stackless,0,1,True,2327829,0.020811999999999997,8.94051925635431
const-int,8,2-stackless,0,2,False,2327829,0.020831666999999998,8.948967900992727
const-int,8,2-stackless,0,3,False,2327829,0.021186833999999995,9.101542252459264
const-int,8,2-stackless,0,4,False,2327829,0.020558833999999998,8.831762986026893
const-int,8,1x,1,0,True,2327829,0.0261658,11.24043046117219
const-int,8,1x,1,1,True,2327829,0.0265923,11.423648386543857
const-int,8,1x,1,2,False,2327829,0.0279912,12.024594590066538
const-int,8,1x,1,3,False,2327829,0.0277631,11.926606292816182
const-int,8,1x,1,4,False,2327829,0.0265449,11.403286066115681
const-int,8,2-stackless,1,0,True,2327829,0.020604292,8.851291052736261
const-int,8,2-stackless,1,1,True,2327829,0.02074225,8.910555715217914
const-int,8,2-stackless,1,2,False,2327829,0.020990542,9.017218189136745
const-int,8,2-stackless,1,3,False,2327829,0.020819208,8.943615703730815
const-int,8,2-stackless,1,4,False,2327829,0.020788332999999992,8.930352272439253
const-int,8,1x,2,0,True,2327829,0.0272042,11.686511337387754
const-int,8,1x,2,1,True,2327829,0.0266255,11.437910602539963
const-int,8,1x,2,2,False,2327829,0.0270107,11.603386674880328
const-int,8,1x,2,3,False,2327829,0.0271689,11.671346993271413
const-int,8,1x,2,4,False,2327829,0.0271085,11.64540007019416
const-int,8,2-stackless,2,0,True,2327829,0.021281959,9.142406508381844
const-int,8,2-stackless,2,1,True,2327829,0.021007041000000004,9.024305909068065
const-int,8,2-stackless,2,2,False,2327829,0.021014416,9.027474097109367
const-int,8,2-stackless,2,3,False,2327829,0.020856750000000007,8.959743177011717
const-int,8,2-stackless,2,4,False,2327829,0.020770625,8.922745184461574
do-int,0,1x,0,0,True,4477679,0.0232144,5.184471687229031
do-int,0,1x,0,1,True,4477679,0.0233031,5.204281057217367
do-int,0,1x,0,2,False,4477679,0.0236403,5.279587929371444
do-int,0,1x,0,3,False,4477679,0.0232666,5.196129512633666
do-int,0,1x,0,4,False,4477679,0.0235418,5.257589925494883
do-int,0,2-stackless,0,0,True,4477679,0.020534916,4.586062556069785
do-int,0,2-stackless,0,1,True,4477679,0.020618707999999996,4.604775822474098
do-int,0,2-stackless,0,2,False,4477679,0.020611208,4.60310084755964
do-int,0,2-stackless,0,3,False,4477679,0.020623166,4.605771427563253
do-int,0,2-stackless,0,4,False,4477679,0.020504458000000003,4.579260371277174
do-int,0,1x,1,0,True,4477679,0.0229745,5.130894822965201
do-int,0,1x,1,1,True,4477679,0.0227328,5.076915964721902
do-int,0,1x,1,2,False,4477679,0.0227873,5.089087449100304
do-int,0,1x,1,3,False,4477679,0.0228592,5.105144875280251
do-int,0,1x,1,4,False,4477679,0.023058,5.149542877012845
do-int,0,2-stackless,1,0,True,4477679,0.020675083,4.617366050581116
do-int,0,2-stackless,1,1,True,4477679,0.020661583000000004,4.61435109573509
do-int,0,2-stackless,1,2,False,4477679,0.020634084000000004,4.608209744378729
do-int,0,2-stackless,1,3,False,4477679,0.021260667000000004,4.748144518622261
do-int,0,2-stackless,1,4,False,4477679,0.020644707999999998,4.610582402177556
do-int,0,2-stackless,2,0,True,4477679,0.020721375,4.627704442413134
do-int,0,2-stackless,2,1,True,4477679,0.021019375,4.694256779014307
do-int,0,2-stackless,2,2,False,4477679,0.020672249999999996,4.616733356723427
do-int,0,2-stackless,2,3,False,4477679,0.020691875,4.621116207749595
do-int,0,2-stackless,2,4,False,4477679,0.020701958000000006,4.623368044024596
do-int,0,1x,2,0,True,4477679,0.0236538,5.282602884217471
do-int,0,1x,2,1,True,4477679,0.0238067,5.316750039473575
do-int,0,1x,2,2,False,4477679,0.0238416,5.324544256075525
do-int,0,1x,2,3,False,4477679,0.0236888,5.29041943381828
do-int,0,1x,2,4,False,4477679,0.0235535,5.260202886361439
const-string,256,2-stackless,0,0,True,150797,0.020893792,138.5557537616796
const-string,256,2-stackless,0,1,True,150797,0.021055542,139.6283878326492
const-string,256,2-stackless,0,2,False,150797,0.02112075,140.06081022832018
const-string,256,2-stackless,0,3,False,150797,0.0210785,139.78063224069444
const-string,256,2-stackless,0,4,False,150797,0.020554624999999993,136.3065909799266
const-string,256,1x,0,0,True,150797,0.0314387,208.48359052235787
const-string,256,1x,0,1,True,150797,0.031556,209.26145745605018
const-string,256,1x,0,2,False,150797,0.031515,208.98956875799917
const-string,256,1x,0,3,False,150797,0.0318242,211.04000742720342
const-string,256,1x,0,4,False,150797,0.0321331,213.0884566669098
const-string,256,2-stackless,1,0,True,150797,0.020515417,136.04658580740997
const-string,256,2-stackless,1,1,True,150797,0.020838125000000002,138.1866018554746
const-string,256,2-stackless,1,2,False,150797,0.020825667,138.10398747985704
const-string,256,2-stackless,1,3,False,150797,0.02085920799999999,138.32641232915768
const-string,256,2-stackless,1,4,False,150797,0.020901000000000003,138.60355312108334
const-string,256,1x,1,0,True,150797,0.030301,200.939010723025
const-string,256,1x,1,1,True,150797,0.031167,206.68183054039537
const-string,256,1x,1,2,False,150797,0.0313431,207.84962565568281
const-string,256,1x,1,3,False,150797,0.031768,210.66732096792373
const-string,256,1x,1,4,False,150797,0.0309693,205.37079650125665
const-string,256,1x,2,0,True,150797,0.0302284,200.45756878452488
const-string,256,1x,2,1,True,150797,0.0335703,222.61915024834713
const-string,256,1x,2,2,False,150797,0.0317463,210.52341890090648
const-string,256,1x,2,3,False,150797,0.0320039,212.2316756964661
const-string,256,1x,2,4,False,150797,0.0320597,212.60170958308186
const-string,256,2-stackless,2,0,True,150797,0.020526834,136.12229686266969
const-string,256,2-stackless,2,1,True,150797,0.020882291,138.47948566616046
const-string,256,2-stackless,2,2,False,150797,0.020826249999999998,138.10785360451464
const-string,256,2-stackless,2,3,False,150797,0.020903541999999997,138.62041022036246
const-string,256,2-stackless,2,4,False,150797,0.02064291600000001,136.89208671260045
make-seq,256,1x,0,0,True,15637,0.0200267,1280.7252030440623
make-seq,256,1x,0,1,True,15637,0.0198142,1267.1356398286116
make-seq,256,1x,0,2,False,15637,0.0196456,1256.3535204962589
make-seq,256,1x,0,3,False,15637,0.0198541,1269.6872801688303
make-seq,256,1x,0,4,False,15637,0.0201549,1288.9237065933364
make-seq,256,2-stackless,0,0,True,15637,0.032586875,2083.959519089339
make-seq,256,2-stackless,0,1,True,15637,0.032620292,2086.096565837437
make-seq,256,2-stackless,0,2,False,15637,0.033039,2112.873313295389
make-seq,256,2-stackless,0,3,False,15637,0.03257916599999999,2083.466521711325
make-seq,256,2-stackless,0,4,False,15637,0.03191216700000002,2040.811344887128
make-seq,256,1x,1,0,True,15637,0.0201315,1287.4272558674938
make-seq,256,1x,1,1,True,15637,0.0202536,1295.2356590138772
make-seq,256,1x,1,2,False,15637,0.02059,1316.748736970007
make-seq,256,1x,1,3,False,15637,0.0200494,1282.1768881499008
make-seq,256,1x,1,4,False,15637,0.0200673,1283.3216090042847
make-seq,256,2-stackless,1,0,True,15637,0.031622458,2022.2841977361386
make-seq,256,2-stackless,1,1,True,15637,0.03161720900000001,2021.9485195369962
make-seq,256,2-stackless,1,2,False,15637,0.031573332999999995,2019.142610475155
make-seq,256,2-stackless,1,3,False,15637,0.031207708,1995.7605678838652
make-seq,256,2-stackless,1,4,False,15637,0.03130029199999998,2001.6813966873428
make-seq,256,2-stackless,2,0,True,15637,0.031495875,2014.1891027690733
make-seq,256,2-stackless,2,1,True,15637,0.031267667,1999.5949990407366
make-seq,256,2-stackless,2,2,False,15637,0.031526291,2016.1342329091256
make-seq,256,2-stackless,2,3,False,15637,0.03149887500000001,2014.3809554262334
make-seq,256,2-stackless,2,4,False,15637,0.03174425,2030.0729040097206
make-seq,256,1x,2,0,True,15637,0.0202045,1292.0956705250367
make-seq,256,1x,2,1,True,15637,0.0204178,1305.736394449063
make-seq,256,1x,2,2,False,15637,0.0199614,1276.5492102065614
make-seq,256,1x,2,3,False,15637,0.0197505,1263.0619684082624
make-seq,256,1x,2,4,False,15637,0.0200119,1279.7787299354095
add-float4,256,2-stackless,0,0,True,75094,0.020056375,267.08358856899355
add-float4,256,2-stackless,0,1,True,75094,0.020070666000000004,267.27389671611587
add-float4,256,2-stackless,0,2,False,75094,0.020020042000000002,266.5997549737662
add-float4,256,2-stackless,0,3,False,75094,0.020076667000000006,267.3538098916026
add-float4,256,2-stackless,0,4,False,75094,0.02015675,268.42024662423097
add-float4,256,1x,0,0,True,75094,0.0519708,692.0765973313447
add-float4,256,1x,0,1,True,75094,0.051714,688.6568833728394
add-float4,256,1x,0,2,False,75094,0.0530286,706.1629424454684
add-float4,256,1x,0,3,False,75094,0.0537502,715.7722321357232
add-float4,256,1x,0,4,False,75094,0.0539189,718.018749833542
add-float4,256,2-stackless,1,0,True,75094,0.019960334,265.8046448451274
add-float4,256,2-stackless,1,1,True,75094,0.020128000000000004,268.03739313393885
add-float4,256,2-stackless,1,2,False,75094,0.020123250000000002,267.97413907902103
add-float4,256,2-stackless,1,3,False,75094,0.020116083000000007,267.8786986976324
add-float4,256,2-stackless,1,4,False,75094,0.020012708000000004,266.50209071297314
add-float4,256,1x,1,0,True,75094,0.0167103,222.52510187232002
add-float4,256,1x,1,1,True,75094,0.0240447,320.19468932271553
add-float4,256,1x,1,2,False,75094,0.0162711,216.67643220496979
add-float4,256,1x,1,3,False,75094,0.0153541,204.46507044504222
add-float4,256,1x,1,4,False,75094,0.021659,288.425173782193
add-float4,256,1x,2,0,True,75094,0.0154297,205.47180866647136
add-float4,256,1x,2,1,True,75094,0.0190932,254.2573308120489
add-float4,256,1x,2,2,False,75094,0.0152238,202.7299118438224
add-float4,256,1x,2,3,False,75094,0.0154948,206.33872213492424
add-float4,256,1x,2,4,False,75094,0.0154982,206.38399872160227
add-float4,256,2-stackless,2,0,True,75094,0.020088833,267.515820172051
add-float4,256,2-stackless,2,1,True,75094,0.020097458000000002,267.6306762191387
add-float4,256,2-stackless,2,2,False,75094,0.020103292000000002,267.7083655152209
add-float4,256,2-stackless,2,3,False,75094,0.020414,271.8459530721496
add-float4,256,2-stackless,2,4,False,75094,0.020444375,272.2504461075452
add-int,0,1x,0,0,True,4477679,0.0229261,5.1200856515172255
add-int,0,1x,0,1,True,4477679,0.0227694,5.085089842304462
add-int,0,1x,0,2,False,4477679,0.0228796,5.10970080704758
add-int,0,1x,0,3,False,4477679,0.0234972,5.247629408003566
add-int,0,1x,0,4,False,4477679,0.0232304,5.188044967046544
add-int,0,2-stackless,0,0,True,4477679,0.02094375,4.677367448626844
add-int,0,2-stackless,0,1,True,4477679,0.020848541999999998,4.656104647072735
add-int,0,2-stackless,0,2,False,4477679,0.020613208,4.603547507536828
add-int,0,2-stackless,0,3,False,4477679,0.020683917000000003,4.619338947700361
add-int,0,2-stackless,0,4,False,4477679,0.020633291999999998,4.60803286702776
add-int,0,2-stackless,1,0,True,4477679,0.020523459,4.583503864390457
add-int,0,2-stackless,1,1,True,4477679,0.020659,4.61377423437455
add-int,0,2-stackless,1,2,False,4477679,0.020665417000000005,4.615207342911362
add-int,0,2-stackless,1,3,False,4477679,0.020630375000000006,4.607381413451033
add-int,0,2-stackless,1,4,False,4477679,0.020639207999999992,4.609354087240285
add-int,0,1x,1,0,True,4477679,0.0236215,5.275389325585867
add-int,0,1x,1,1,True,4477679,0.0230656,5.151240184926164
add-int,0,1x,1,2,False,4477679,0.0232535,5.193203889783077
add-int,0,1x,1,3,False,4477679,0.0230756,5.1534734848121095
add-int,0,1x,1,4,False,4477679,0.0245145,5.474823005400789
add-int,0,2-stackless,2,0,True,4477679,0.020742916,4.632515193697449
add-int,0,2-stackless,2,1,True,4477679,0.020613375000000003,4.6035848036449245
add-int,0,2-stackless,2,2,False,4477679,0.020659499999999997,4.613885899368846
add-int,0,2-stackless,2,3,False,4477679,0.020796874999999992,4.6445658565520205
add-int,0,2-stackless,2,4,False,4477679,0.020719332999999993,4.627248402576423
add-int,0,1x,2,0,True,4477679,0.0225351,5.032763625976761
add-int,0,1x,2,1,True,4477679,0.0224875,5.022133118519662
add-int,0,1x,2,2,False,4477679,0.0225898,5.044979776352883
add-int,0,1x,2,3,False,4477679,0.0225476,5.035555250834193
add-int,0,1x,2,4,False,4477679,0.0227068,5.071109385018444
assign-seq,0,2-stackless,0,0,True,3940887,0.020508417,5.204010416944206
assign-seq,0,2-stackless,0,1,True,3940887,0.020593207999999998,5.225526131553632
assign-seq,0,2-stackless,0,2,False,3940887,0.020548917000000007,5.214287291160596
assign-seq,0,2-stackless,0,3,False,3940887,0.020538832999999992,5.2117284763557015
assign-seq,0,2-stackless,0,4,False,3940887,0.020437499999999997,5.186015229566338
assign-seq,0,1x,0,0,True,3940887,0.169594,43.03447421862134
assign-seq,0,1x,0,1,True,3940887,0.170006,43.139019210649785
assign-seq,0,1x,0,2,False,3940887,0.16807,42.64775924810836
assign-seq,0,1x,0,3,False,3940887,0.168592,42.78021673800848
assign-seq,0,1x,0,4,False,3940887,0.171165,43.433115438224945
assign-seq,0,1x,1,0,True,3940887,0.169198,42.93398922628332
assign-seq,0,1x,1,1,True,3940887,0.168188,42.67770174582524
assign-seq,0,1x,1,2,False,3940887,0.170421,43.24432545262018
assign-seq,0,1x,1,3,False,3940887,0.169316,42.963931724000204
assign-seq,0,1x,1,4,False,3940887,0.170938,43.37551419261704
assign-seq,0,2-stackless,1,0,True,3940887,0.020454999999999997,5.19045585422774
assign-seq,0,2-stackless,1,1,True,3940887,0.020546458,5.2136633199581714
assign-seq,0,2-stackless,1,2,False,3940887,0.020543832999999997,5.212997226258961
assign-seq,0,2-stackless,1,3,False,3940887,0.02052004200000001,5.206960260469282
assign-seq,0,2-stackless,1,4,False,3940887,0.020521374999999994,5.207298509193488
assign-seq,0,1x,2,0,True,3940887,0.168426,42.73809424122032
assign-seq,0,1x,2,1,True,3940887,0.168355,42.72007799259406
assign-seq,0,1x,2,2,False,3940887,0.168526,42.76346923928547
assign-seq,0,1x,2,3,False,3940887,0.17012,43.16794670844406
assign-seq,0,1x,2,4,False,3940887,0.170058,43.15221420964367
assign-seq,0,2-stackless,2,0,True,3940887,0.020415458,5.180422072492817
assign-seq,0,2-stackless,2,1,True,3940887,0.020639750000000002,5.237336163153118
assign-seq,0,2-stackless,2,2,False,3940887,0.020765290999999998,5.269192189474095
assign-seq,0,2-stackless,2,3,False,3940887,0.020914958000000004,5.307170187828274
assign-seq,0,2-stackless,2,4,False,3940887,0.02076870900000001,5.270059506907965
take-seq,8,1x,0,0,True,783034,0.02062,26.333467001432886
take-seq,8,1x,0,1,True,783034,0.0206255,26.340490962078274
take-seq,8,1x,0,2,False,783034,0.0204199,26.07792254231617
take-seq,8,1x,0,3,False,783034,0.0203883,26.037566695699038
take-seq,8,1x,0,4,False,783034,0.020429,26.089544004474902
take-seq,8,2-stackless,0,0,True,783034,0.019560208,24.980023855924518
take-seq,8,2-stackless,0,1,True,783034,0.019708417000000002,25.169299161977644
take-seq,8,2-stackless,0,2,False,783034,0.019685083,25.139499689668646
take-seq,8,2-stackless,0,3,False,783034,0.019853083000000007,25.35404976029139
take-seq,8,2-stackless,0,4,False,783034,0.019637749999999995,25.07905148435444
take-seq,8,1x,1,0,True,783034,0.0205878,26.29234490456353
take-seq,8,1x,1,1,True,783034,0.0201697,25.758396187138747
take-seq,8,1x,1,2,False,783034,0.0203762,26.022113982279187
take-seq,8,1x,1,3,False,783034,0.0204526,26.11968318106238
take-seq,8,1x,1,4,False,783034,0.0204344,26.096440256744916
take-seq,8,2-stackless,1,0,True,783034,0.019978834,25.514644319403754
take-seq,8,2-stackless,1,1,True,783034,0.019707542,25.168181713693148
take-seq,8,2-stackless,1,2,False,783034,0.019621041999999998,25.057713968997515
take-seq,8,2-stackless,1,3,False,783034,0.019749124999999992,25.221286687423525
take-seq,8,2-stackless,1,4,False,783034,0.019626207999999992,25.064311383669153
take-seq,8,2-stackless,2,0,True,783034,0.019375583000000002,24.744242267896414
take-seq,8,2-stackless,2,1,True,783034,0.019730333,25.19728772952388
take-seq,8,2-stackless,2,2,False,783034,0.019677416000000003,25.129708288528985
take-seq,8,2-stackless,2,3,False,783034,0.019635750000000007,25.076497316847043
take-seq,8,2-stackless,2,4,False,783034,0.020108165999999997,25.67981211543815
take-seq,8,1x,2,0,True,783034,0.0203998,26.052253158866666
take-seq,8,1x,2,1,True,783034,0.0212555,27.145053726913517
take-seq,8,1x,2,2,False,783034,0.0204265,26.086351295090633
take-seq,8,1x,2,3,False,783034,0.0205529,26.247774681559164
take-seq,8,1x,2,4,False,783034,0.0208263,26.596929379822587
take-table,8,2-stackless,0,0,True,887080,0.020065541000000003,22.619764846462555
take-table,8,2-stackless,0,1,True,887080,0.019882041,22.412906389502638
take-table,8,2-stackless,0,2,False,887080,0.019965167,22.5066138341525
take-table,8,2-stackless,0,3,False,887080,0.019742292,22.25536817423457
take-table,8,2-stackless,0,4,False,887080,0.019707584,22.216242052576995
take-table,8,1x,0,0,True,887080,0.0235247,26.5192541822609
take-table,8,1x,0,1,True,887080,0.023355,26.327952383099607
take-table,8,1x,0,2,False,887080,0.0236386,26.647652973801687
take-table,8,1x,0,3,False,887080,0.0236794,26.69364657077152
take-table,8,1x,0,4,False,887080,0.0237384,26.76015691933084
take-table,8,2-stackless,1,0,True,887080,0.019717791000000002,22.22774834287776
take-table,8,2-stackless,1,1,True,887080,0.019602375,22.097640573567208
take-table,8,2-stackless,1,2,False,887080,0.019584625,22.077631104297247
take-table,8,2-stackless,1,3,False,887080,0.01958941699999999,22.083033097353105
take-table,8,2-stackless,1,4,False,887080,0.019590499999999997,22.084253956802087
take-table,8,1x,1,0,True,887080,0.0242984,27.391441583622672
take-table,8,1x,1,1,True,887080,0.0231137,26.05593633043243
take-table,8,1x,1,2,False,887080,0.0241553,27.23012580601524
take-table,8,1x,1,3,False,887080,0.0236028,26.607295847048743
take-table,8,1x,1,4,False,887080,0.0240228,27.08075934526762
take-table,8,2-stackless,2,0,True,887080,0.019849792,22.37655228389773
take-table,8,2-stackless,2,1,True,887080,0.019934499999999997,22.472043107724215
take-table,8,2-stackless,2,2,False,887080,0.020587957999999996,23.208682418722095
take-table,8,2-stackless,2,3,False,887080,0.020210042000000004,22.78265996302476
take-table,8,2-stackless,2,4,False,887080,0.020295416999999996,22.878902691978173
take-table,8,1x,2,0,True,887080,0.0235573,26.556003968075032
take-table,8,1x,2,1,True,887080,0.0233276,26.297064526311043
take-table,8,1x,2,2,False,887080,0.0239616,27.01176894981287
take-table,8,1x,2,3,False,887080,0.0237008,26.717770663299817
take-table,8,1x,2,4,False,887080,0.0235915,26.59455742435857
const-table,256,2-stackless,0,0,True,142105,0.019656875,138.32641356743252
const-table,256,2-stackless,0,1,True,142105,0.019736791000000004,138.8887864607157
const-table,256,2-stackless,0,2,False,142105,0.019747917000000004,138.96708067977906
const-table,256,2-stackless,0,3,False,142105,0.019733833999999992,138.86797790366273
const-table,256,2-stackless,0,4,False,142105,0.019705042000000006,138.66536715808738
const-table,256,1x,0,0,True,142105,0.0388802,273.6019140776187
const-table,256,1x,0,1,True,142105,0.0382863,269.4226100418704
const-table,256,1x,0,2,False,142105,0.039053,274.81791632947466
const-table,256,1x,0,3,False,142105,0.0399099,280.84796453326766
const-table,256,1x,0,4,False,142105,0.041057,288.92016466697163
const-table,256,2-stackless,1,0,True,142105,0.019495042,137.18758664367897
const-table,256,2-stackless,1,1,True,142105,0.019676042,138.4612927060976
const-table,256,2-stackless,1,2,False,142105,0.019730084000000002,138.84158896590552
const-table,256,2-stackless,1,3,False,142105,0.019765958000000007,139.09403610006692
const-table,256,2-stackless,1,4,False,142105,0.019804500000000003,139.36525808381128
const-table,256,1x,1,0,True,142105,0.0373371,262.7430421167447
const-table,256,1x,1,1,True,142105,0.0372976,262.4650786390345
const-table,256,1x,1,2,False,142105,0.0372511,262.1378558108441
const-table,256,1x,1,3,False,142105,0.0372857,262.38133774321807
const-table,256,1x,1,4,False,142105,0.0371238,261.2420393371099
const-table,256,2-stackless,2,0,True,142105,0.020037291000000002,141.00342000633336
const-table,256,2-stackless,2,1,True,142105,0.019931792,140.26101826114493
const-table,256,2-stackless,2,2,False,142105,0.019825125000000006,139.51039724147643
const-table,256,2-stackless,2,3,False,142105,0.019670208999999994,138.42024559304735
const-table,256,2-stackless,2,4,False,142105,0.019484833000000007,137.11574539952858
const-table,256,1x,2,0,True,142105,0.0375268,264.07797051476024
const-table,256,1x,2,1,True,142105,0.0367421,258.555997325921
const-table,256,1x,2,2,False,142105,0.0368927,259.6157770662538
const-table,256,1x,2,3,False,142105,0.0369698,260.15833362654377
const-table,256,1x,2,4,False,142105,0.0369475,260.0014074100137
assign-table,64,2-stackless,0,0,True,64506,0.016178875,250.81193997457598
assign-table,64,2-stackless,0,1,True,64506,0.015911167,246.66181440486156
assign-table,64,2-stackless,0,2,False,64506,0.016089541,249.4270455461507
assign-table,64,2-stackless,0,3,False,64506,0.015791292000000005,244.80346014324257
assign-table,64,2-stackless,0,4,False,64506,0.015667792,242.88890955880072
assign-table,64,1x,0,0,True,64506,0.265034,4108.672061513657
assign-table,64,1x,0,1,True,64506,0.26861,4164.108765076117
assign-table,64,1x,0,2,False,64506,0.275407,4269.478808172883
assign-table,64,1x,0,3,False,64506,0.269353,4175.6270734505315
assign-table,64,1x,0,4,False,64506,0.275693,4273.9125042631695
assign-table,64,1x,1,0,True,64506,0.272495,4224.335720708151
assign-table,64,1x,1,1,True,64506,0.272813,4229.265494682665
assign-table,64,1x,1,2,False,64506,0.274564,4256.410256410257
assign-table,64,1x,1,3,False,64506,0.275719,4274.315567544105
assign-table,64,1x,1,4,False,64506,0.268833,4167.565807831829
assign-table,64,2-stackless,1,0,True,64506,0.016060708,248.9800638700276
assign-table,64,2-stackless,1,1,True,64506,0.016062791,249.01235543980405
assign-table,64,2-stackless,1,2,False,64506,0.016023000000000003,248.39549809320067
assign-table,64,2-stackless,1,3,False,64506,0.015651915999999995,242.6427929184881
assign-table,64,2-stackless,1,4,False,64506,0.015787790999999995,244.74918612222112
assign-table,64,1x,2,0,True,64506,0.273341,4237.4507797724245
assign-table,64,1x,2,1,True,64506,0.270024,4186.029206585434
assign-table,64,1x,2,2,False,64506,0.2688,4167.0542275137195
assign-table,64,1x,2,3,False,64506,0.275022,4263.510371128267
assign-table,64,1x,2,4,False,64506,0.275775,4275.183703841503
assign-table,64,2-stackless,2,0,True,64506,0.016209084000000002,251.28025299972097
assign-table,64,2-stackless,2,1,True,64506,0.016021542,248.3728955446005
assign-table,64,2-stackless,2,2,False,64506,0.015659417000000002,242.75907667503802
assign-table,64,2-stackless,2,3,False,64506,0.015931542,246.97767649520975
assign-table,64,2-stackless,2,4,False,64506,0.016033541999999998,248.5589247511859
add-float4,0,1x,0,0,True,4461000,0.0230408,5.1649405962788615
add-float4,0,1x,0,1,True,4461000,0.0225527,5.055525666890832
add-float4,0,1x,0,2,False,4461000,0.0227126,5.091369648060973
add-float4,0,1x,0,3,False,4461000,0.022689,5.086079354404842
add-float4,0,1x,0,4,False,4461000,0.0227241,5.0939475453934095
add-float4,0,2-stackless,0,0,True,4461000,0.020548625,4.606282223716655
add-float4,0,2-stackless,0,1,True,4461000,0.020632833,4.625158708809684
add-float4,0,2-stackless,0,2,False,4461000,0.020657292,4.630641560188298
add-float4,0,2-stackless,0,3,False,4461000,0.020658083999999993,4.630819098856757
add-float4,0,2-stackless,0,4,False,4461000,0.020648749999999993,4.62872674288276
add-float4,0,2-stackless,1,0,True,4461000,0.0205735,4.611858327729209
add-float4,0,2-stackless,1,1,True,4461000,0.020490041,4.593149742210267
add-float4,0,2-stackless,1,2,False,4461000,0.020728708999999998,4.6466507509527
add-float4,0,2-stackless,1,3,False,4461000,0.020669416999999995,4.633359560636627
add-float4,0,2-stackless,1,4,False,4461000,0.020621666999999996,4.62265568258238
add-float4,0,1x,1,0,True,4461000,0.0227436,5.0983187626092805
add-float4,0,1x,1,1,True,4461000,0.0230211,5.160524546065904
add-float4,0,1x,1,2,False,4461000,0.0238064,5.336561309123515
add-float4,0,1x,1,3,False,4461000,0.0231992,5.200448329970858
add-float4,0,1x,1,4,False,4461000,0.0228509,5.122371665545842
add-float4,0,1x,2,0,True,4461000,0.0228068,5.112485989688411
add-float4,0,1x,2,1,True,4461000,0.0229791,5.151109616677875
add-float4,0,1x,2,2,False,4461000,0.0227416,5.097870432638422
add-float4,0,1x,2,3,False,4461000,0.0225927,5.064492266308003
add-float4,0,1x,2,4,False,4461000,0.0226561,5.078704326384218
add-float4,0,2-stackless,2,0,True,4461000,0.020534917,4.6032093700963905
add-float4,0,2-stackless,2,1,True,4461000,0.020644499999999996,4.627774041694686
add-float4,0,2-stackless,2,2,False,4461000,0.020622541999999994,4.62285182694463
add-float4,0,2-stackless,2,3,False,4461000,0.020677666000000004,4.635208697601436
add-float4,0,2-stackless,2,4,False,4461000,0.020703917000000002,4.641093252633939
assign-int,8,1x,0,0,True,1119928,0.0218899,19.54581008779136
assign-int,8,1x,0,1,True,1119928,0.0211299,18.867195033966468
assign-int,8,1x,0,2,False,1119928,0.0216762,19.354994249630334
assign-int,8,1x,0,3,False,1119928,0.0217831,19.45044681443807
assign-int,8,1x,0,4,False,1119928,0.0217844,19.45160760334593
assign-int,8,2-stackless,0,0,True,1119928,0.022652625,20.226858333750027
assign-int,8,2-stackless,0,1,True,1119928,0.022752916,20.316409626333122
assign-int,8,2-stackless,0,2,False,1119928,0.022762707999999993,20.325153045552923
assign-int,8,2-stackless,0,3,False,1119928,0.02288525000000001,20.434572579665847
assign-int,8,2-stackless,0,4,False,1119928,0.022738666000000005,20.303685594073908
assign-int,8,1x,1,0,True,1119928,0.0217296,19.402675886306977
assign-int,8,1x,1,1,True,1119928,0.0219849,19.63063696951947
assign-int,8,1x,1,2,False,1119928,0.0218725,19.530273374716945
assign-int,8,1x,1,3,False,1119928,0.0218519,19.511879335100115
assign-int,8,1x,1,4,False,1119928,0.0223697,19.974230486245546
assign-int,8,2-stackless,1,0,True,1119928,0.022773458,20.334751876906374
assign-int,8,2-stackless,1,1,True,1119928,0.023033957999999997,20.567356115750297
assign-int,8,2-stackless,1,2,False,1119928,0.022792209,20.351494917530413
assign-int,8,2-stackless,1,3,False,1119928,0.02280383300000001,20.361874156195764
assign-int,8,2-stackless,1,4,False,1119928,0.022828166999999996,20.383602338721772
assign-int,8,2-stackless,2,0,True,1119928,0.022872791,20.42344775735583
assign-int,8,2-stackless,2,1,True,1119928,0.023048874999999996,20.580675722010696
assign-int,8,2-stackless,2,2,False,1119928,0.023154375000000005,20.674878206456132
assign-int,8,2-stackless,2,3,False,1119928,0.02279658300000001,20.35540052574809
assign-int,8,2-stackless,2,4,False,1119928,0.022815916000000006,20.37266324263703
assign-int,8,1x,2,0,True,1119928,0.0217989,19.464554864241272
assign-int,8,1x,2,1,True,1119928,0.021423,19.128908286961305
assign-int,8,1x,2,2,False,1119928,0.021922,19.574472644670013
assign-int,8,1x,2,3,False,1119928,0.0221494,19.777521412090778
assign-int,8,1x,2,4,False,1119928,0.0220012,19.645191476594924
get-seq,8,1x,0,0,True,1985920,0.0985048,49.60159523042217
get-seq,8,1x,0,1,True,1985920,0.0986709,49.68523404769578
get-seq,8,1x,0,2,False,1985920,0.09889,49.79556074766355
get-seq,8,1x,0,3,False,1985920,0.0988625,49.781713261359975
get-seq,8,1x,0,4,False,1985920,0.0987972,49.748831775700936
get-seq,8,2-stackless,0,0,True,1985920,0.018731583,9.432194146793426
get-seq,8,2-stackless,0,1,True,1985920,0.018817959000000002,9.475688345955529
get-seq,8,2-stackless,0,2,False,1985920,0.018715875,9.424284462616823
get-seq,8,2-stackless,0,3,False,1985920,0.018913125000000003,9.52360870528521
get-seq,8,2-stackless,0,4,False,1985920,0.018977999999999995,9.556276184337737
get-seq,8,2-stackless,1,0,True,1985920,0.018908291,9.521174568965517
get-seq,8,2-stackless,1,1,True,1985920,0.018911167000000003,9.522622764260396
get-seq,8,2-stackless,1,2,False,1985920,0.018805500000000003,9.469414679342574
get-seq,8,2-stackless,1,3,False,1985920,0.018709916,9.421283838221076
get-seq,8,2-stackless,1,4,False,1985920,0.018699000000000007,9.415787141475995
get-seq,8,1x,1,0,True,1985920,0.0990504,49.87632935868514
get-seq,8,1x,1,1,True,1985920,0.0996663,50.18646269738962
get-seq,8,1x,1,2,False,1985920,0.098245,49.47077425072511
get-seq,8,1x,1,3,False,1985920,0.098218,49.457178536899775
get-seq,8,1x,1,4,False,1985920,0.098434,49.565944247502415
get-seq,8,1x,2,0,True,1985920,0.0995081,50.10680188527232
get-seq,8,1x,2,1,True,1985920,0.0987453,49.72269779245891
get-seq,8,1x,2,2,False,1985920,0.0989183,49.80981106993232
get-seq,8,1x,2,3,False,1985920,0.0988943,49.797725990976474
get-seq,8,1x,2,4,False,1985920,0.0982786,49.4876933612633
get-seq,8,2-stackless,2,0,True,1985920,0.018556916,9.344241459877537
get-seq,8,2-stackless,2,1,True,1985920,0.018975125000000002,9.55482849258782
get-seq,8,2-stackless,2,2,False,1985920,0.019035792000000003,9.585377054463425
get-seq,8,2-stackless,2,3,False,1985920,0.018792457999999998,9.462847446019978
get-seq,8,2-stackless,2,4,False,1985920,0.018703082999999995,9.417843115533353
update-int,64,2-stackless,0,0,True,346997,0.020784709,59.898814687158676
update-int,64,2-stackless,0,1,True,346997,0.021130042,60.89401925665064
update-int,64,2-stackless,0,2,False,346997,0.021155374999999997,60.96702565151859
update-int,64,2-stackless,0,3,False,346997,0.021153666999999987,60.962103418761515
update-int,64,2-stackless,0,4,False,346997,0.02112875,60.890295881520586
update-int,64,1x,0,0,True,346997,0.0267186,76.99951296408902
update-int,64,1x,0,1,True,346997,0.0267101,76.97501707507557
update-int,64,1x,0,2,False,346997,0.0276095,79.56697031962813
update-int,64,1x,0,3,False,346997,0.0277818,80.06351639927723
update-int,64,1x,0,4,False,346997,0.0267669,77.13870725107134
update-int,64,1x,1,0,True,346997,0.0266733,76.86896428499382
update-int,64,1x,1,1,True,346997,0.027004,77.82199846108179
update-int,64,1x,1,2,False,346997,0.0273331,78.77042164629665
update-int,64,1x,1,3,False,346997,0.0270237,77.87877128620708
update-int,64,1x,1,4,False,346997,0.026818,77.2859707720816
update-int,64,2-stackless,1,0,True,346997,0.021048583000000003,60.659265065692225
update-int,64,2-stackless,1,1,True,346997,0.021101750000000002,60.8124854105367
update-int,64,2-stackless,1,2,False,346997,0.021118084000000002,60.859557863612665
update-int,64,2-stackless,1,3,False,346997,0.021136041999999994,60.91131047242481
update-int,64,2-stackless,1,4,False,346997,0.021055167000000014,60.67823929313514
update-int,64,2-stackless,2,0,True,346997,0.020862417,60.12275898638893
update-int,64,2-stackless,2,1,True,346997,0.021299750000000003,61.383095531085296
update-int,64,2-stackless,2,2,False,346997,0.021298542000000004,61.37961423297609
update-int,64,2-stackless,2,3,False,346997,0.020834707999999993,60.04290527007436
update-int,64,2-stackless,2,4,False,346997,0.020971167,60.4361622722963
update-int,64,1x,2,0,True,346997,0.0269097,77.5502381864973
update-int,64,1x,2,1,True,346997,0.0269627,77.70297725916939
update-int,64,1x,2,2,False,346997,0.0270475,77.94735977544474
update-int,64,1x,2,3,False,346997,0.027116,78.1447678222002
update-int,64,1x,2,4,False,346997,0.0266492,76.79951123496745
get-int,256,2-stackless,0,0,True,135383,0.019791041,146.1855698278218
get-int,256,2-stackless,0,1,True,135383,0.020028208000000002,147.93739243479612
get-int,256,2-stackless,0,2,False,135383,0.020169166000000002,148.97857190341477
get-int,256,2-stackless,0,3,False,135383,0.019948125000000004,147.34586321768614
get-int,256,2-stackless,0,4,False,135383,0.020011125000000005,147.81120967920643
get-int,256,1x,0,0,True,135383,0.0291386,215.23086355007646
get-int,256,1x,0,1,True,135383,0.0301777,222.906125584453
get-int,256,1x,0,2,False,135383,0.0295804,218.49419794213455
get-int,256,1x,0,3,False,135383,0.0286526,211.64104798977715
get-int,256,1x,0,4,False,135383,0.0284763,210.33881654269737
get-int,256,1x,1,0,True,135383,0.0289174,213.59698041851635
get-int,256,1x,1,1,True,135383,0.0289112,213.55118441754135
get-int,256,1x,1,2,False,135383,0.0291696,215.4598435549515
get-int,256,1x,1,3,False,135383,0.0290145,214.3142048853992
get-int,256,1x,1,4,False,135383,0.0285202,210.66308177540753
get-int,256,2-stackless,1,0,True,135383,0.0199585,147.42249765480156
get-int,256,2-stackless,1,1,True,135383,0.019977834,147.5653073133259
get-int,256,2-stackless,1,2,False,135383,0.020035290999999997,147.98971067268414
get-int,256,2-stackless,1,3,False,135383,0.019965999999999998,147.47789604307775
get-int,256,2-stackless,1,4,False,135383,0.019962792000000007,147.45420030579916
get-int,256,1x,2,0,True,135383,0.029033,214.45085424314723
get-int,256,1x,2,1,True,135383,0.0284442,210.10171144087514
get-int,256,1x,2,2,False,135383,0.0295906,218.5695397501902
get-int,256,1x,2,3,False,135383,0.0292338,215.93405375859598
get-int,256,1x,2,4,False,135383,0.0290995,214.94205328586307
get-int,256,2-stackless,2,0,True,135383,0.019998500000000002,147.7179557256081
get-int,256,2-stackless,2,1,True,135383,0.020002583999999997,147.74812199463742
get-int,256,2-stackless,2,2,False,135383,0.019865292,146.7340212582082
get-int,256,2-stackless,2,3,False,135383,0.020009082999999997,147.7961265446917
get-int,256,2-stackless,2,4,False,135383,0.020004959000000003,147.7656648175916
assign-seq,8,1x,0,0,True,593693,0.22881,385.40120904238387
assign-seq,8,1x,0,1,True,593693,0.22698,382.3188078687133
assign-seq,8,1x,0,2,False,593693,0.227465,383.1357283983473
assign-seq,8,1x,0,3,False,593693,0.229565,386.67291007305124
assign-seq,8,1x,0,4,False,593693,0.226879,382.1486862738823
assign-seq,8,2-stackless,0,0,True,593693,0.019715583000000002,33.20838042557349
assign-seq,8,2-stackless,0,1,True,593693,0.020223875,34.064533353096635
assign-seq,8,2-stackless,0,2,False,593693,0.020464249999999996,34.469414326933276
assign-seq,8,2-stackless,0,3,False,593693,0.020348417000000008,34.274308438873305
assign-seq,8,2-stackless,0,4,False,593693,0.02009670799999999,33.850336790226585
assign-seq,8,2-stackless,1,0,True,593693,0.019784000000000003,33.32362012016312
assign-seq,8,2-stackless,1,1,True,593693,0.020183417,33.996387021575124
assign-seq,8,2-stackless,1,2,False,593693,0.020092583000000004,33.84338875479415
assign-seq,8,2-stackless,1,3,False,593693,0.020287959,34.17247466283079
assign-seq,8,2-stackless,1,4,False,593693,0.019976875000000005,33.648493413262415
assign-seq,8,1x,1,0,True,593693,0.227538,383.2586875708489
assign-seq,8,1x,1,1,True,593693,0.227062,382.45692639124934
assign-seq,8,1x,1,2,False,593693,0.228171,384.3248951899382
assign-seq,8,1x,1,3,False,593693,0.228039,384.1025580560997
assign-seq,8,1x,1,4,False,593693,0.228406,384.72072266305986
assign-seq,8,2-stackless,2,0,True,593693,0.019930917,33.571083034497626
assign-seq,8,2-stackless,2,1,True,593693,0.0196525,33.10212517243761
assign-seq,8,2-stackless,2,2,False,593693,0.019962,33.623438376399925
assign-seq,8,2-stackless,2,3,False,593693,0.019978457999999998,33.65115977449624
assign-seq,8,2-stackless,2,4,False,593693,0.019926333000000004,33.56336187221342
assign-seq,8,1x,2,0,True,593693,0.227757,383.6275650883537
assign-seq,8,1x,2,1,True,593693,0.226367,381.28628769414496
assign-seq,8,1x,2,2,False,593693,0.227826,383.74378677195114
assign-seq,8,1x,2,3,False,593693,0.228089,384.18677666740217
assign-seq,8,1x,2,4,False,593693,0.22878,385.3506778756024
take-table,256,1x,0,0,True,33959,0.026617,783.7981094849672
take-table,256,1x,0,1,True,33959,0.025939,763.8328572690598
take-table,256,1x,0,2,False,33959,0.0265167,780.8445478370977
take-table,256,1x,0,3,False,33959,0.026624,784.0042404075502
take-table,256,1x,0,4,False,33959,0.0266379,784.413557525251
take-table,256,2-stackless,0,0,True,33959,0.019867667,585.0486468977297
take-table,256,2-stackless,0,1,True,33959,0.019925084,586.7394210665802
take-table,256,2-stackless,0,2,False,33959,0.019926125000000003,586.770075679496
take-table,256,2-stackless,0,3,False,33959,0.019917041000000003,586.5025766365324
take-table,256,2-stackless,0,4,False,33959,0.01989808300000001,585.9443152036282
take-table,256,1x,1,0,True,33959,0.0263558,776.1064813451515
take-table,256,1x,1,1,True,33959,0.0259913,765.3729497335022
take-table,256,1x,1,2,False,33959,0.0260059,765.8028799434612
take-table,256,1x,1,3,False,33959,0.0255578,752.6075561706764
take-table,256,1x,1,4,False,33959,0.0258389,760.8851850761212
take-table,256,2-stackless,1,0,True,33959,0.0199005,586.0154892664684
take-table,256,2-stackless,1,1,True,33959,0.019879042,585.3836096469272
take-table,256,2-stackless,1,2,False,33959,0.019874542000000002,585.251096910981
take-table,256,2-stackless,1,3,False,33959,0.019865624999999998,584.9885155628846
take-table,256,2-stackless,1,4,False,33959,0.019873166999999997,585.2106069083305
take-table,256,2-stackless,2,0,True,33959,0.019967792,587.9970552725346
take-table,256,2-stackless,2,1,True,33959,0.019874125000000003,585.23881739745
take-table,256,2-stackless,2,2,False,33959,0.019864375000000004,584.9517064695664
take-table,256,2-stackless,2,3,False,33959,0.019886790999999994,585.6117965782265
take-table,256,2-stackless,2,4,False,33959,0.019917875,586.5271356635943
take-table,256,1x,2,0,True,33959,0.0262351,772.5521952943255
take-table,256,1x,2,1,True,33959,0.0270064,795.2648782355193
take-table,256,1x,2,2,False,33959,0.026486,779.9405165051975
take-table,256,1x,2,3,False,33959,0.0268478,790.594540475279
take-table,256,1x,2,4,False,33959,0.0264445,778.7184546070262
assign-string,64,1x,0,0,True,82512,0.0430053,521.2005526468877
assign-string,64,1x,0,1,True,82512,0.0440447,533.7975082412255
assign-string,64,1x,0,2,False,82512,0.0431324,522.7409346519294
assign-string,64,1x,0,3,False,82512,0.0430552,521.8053131665697
assign-string,64,1x,0,4,False,82512,0.043301,524.7842738025984
assign-string,64,2-stackless,0,0,True,82512,0.019187542,232.54244231142138
assign-string,64,2-stackless,0,1,True,82512,0.01954375,236.85948710490595
assign-string,64,2-stackless,0,2,False,82512,0.019642959,238.06184554973822
assign-string,64,2-stackless,0,3,False,82512,0.019541041999999995,236.82666763622257
assign-string,64,2-stackless,0,4,False,82512,0.020986541999999997,254.34533158813258
assign-string,64,1x,1,0,True,82512,0.0438665,531.6378223773512
assign-string,64,1x,1,1,True,82512,0.0428007,518.7209133216986
assign-string,64,1x,1,2,False,82512,0.0431721,523.2220767888307
assign-string,64,1x,1,3,False,82512,0.0427754,518.4142912546054
assign-string,64,1x,1,4,False,82512,0.0431801,523.3190323831685
assign-string,64,2-stackless,1,0,True,82512,0.019067125,231.0830545859996
assign-string,64,2-stackless,1,1,True,82512,0.019424499999999997,235.41424277680818
assign-string,64,2-stackless,1,2,False,82512,0.019131542,231.8637531510568
assign-string,64,2-stackless,1,3,False,82512,0.019732083999999997,239.14199146790764
assign-string,64,2-stackless,1,4,False,82512,0.019559542,237.05087744812874
assign-string,64,1x,2,0,True,82512,0.0439172,532.2522784564669
assign-string,64,1x,2,1,True,82512,0.0425845,516.1006883847198
assign-string,64,1x,2,2,False,82512,0.0434508,526.5997673065735
assign-string,64,1x,2,3,False,82512,0.0436654,529.2006011246849
assign-string,64,1x,2,4,False,82512,0.0426687,517.1211460151251
assign-string,64,2-stackless,2,0,True,82512,0.019363458,234.67444735311227
assign-string,64,2-stackless,2,1,True,82512,0.019499957999999998,236.32875218150082
assign-string,64,2-stackless,2,2,False,82512,0.019506875,236.41258241225518
assign-string,64,2-stackless,2,3,False,82512,0.01949191699999999,236.23129968974197
assign-string,64,2-stackless,2,4,False,82512,0.019499083,236.31814766337018
const-int,256,2-stackless,0,0,True,131066,0.017592292000000002,134.22468069522228
const-int,256,2-stackless,0,1,True,131066,0.017963292,137.05531564250072
const-int,256,2-stackless,0,2,False,131066,0.018005083999999998,137.37417789510624
const-int,256,2-stackless,0,3,False,131066,0.018059625000000003,137.79031175133142
const-int,256,2-stackless,0,4,False,131066,0.018088207999999995,138.0083927181725
const-int,256,1x,0,0,True,131066,0.0266513,203.34259075580243
const-int,256,1x,0,1,True,131066,0.0264099,201.50077060412312
const-int,256,1x,0,2,False,131066,0.0268986,205.22942639586162
const-int,256,1x,0,3,False,131066,0.0270088,206.07022416187263
const-int,256,1x,0,4,False,131066,0.0271567,207.19866326888743
const-int,256,2-stackless,1,0,True,131066,0.018163042,138.5793569651931
const-int,256,2-stackless,1,1,True,131066,0.0181535,138.50655394991836
const-int,256,2-stackless,1,2,False,131066,0.018148000000000004,138.46459035905576
const-int,256,2-stackless,1,3,False,131066,0.018269333,139.3903300627165
const-int,256,2-stackless,1,4,False,131066,0.017805792,135.8536309950712
const-int,256,1x,1,0,True,131066,0.027199,207.52140143133994
const-int,256,1x,1,1,True,131066,0.0270523,206.40211801687698
const-int,256,1x,1,2,False,131066,0.027352,208.68875223170005
const-int,256,1x,1,3,False,131066,0.0273901,208.97944547022112
const-int,256,1x,1,4,False,131066,0.0274732,209.6134771794363
const-int,256,1x,2,0,True,131066,0.0263525,201.06282331039324
const-int,256,1x,2,1,True,131066,0.0261866,199.7970488151008
const-int,256,1x,2,2,False,131066,0.0268441,204.81360535913203
const-int,256,1x,2,3,False,131066,0.0269232,205.41711809317442
const-int,256,1x,2,4,False,131066,0.0269745,205.80852394976577
const-int,256,2-stackless,2,0,True,131066,0.017356708000000002,132.42723513344424
const-int,256,2-stackless,2,1,True,131066,0.01799525,137.29914699464393
const-int,256,2-stackless,2,2,False,131066,0.018042292,137.6580654021638
const-int,256,2-stackless,2,3,False,131066,0.01806741600000001,137.84975508522433
const-int,256,2-stackless,2,4,False,131066,0.018151833000000006,138.49383516701513
update-seq,8,1x,0,0,True,1659752,0.181249,109.20245916257369
update-seq,8,1x,0,1,True,1659752,0.17161,103.39496503092028
update-seq,8,1x,0,2,False,1659752,0.176828,106.53880820749124
update-seq,8,1x,0,3,False,1659752,0.176165,106.13935093917645
update-seq,8,1x,0,4,False,1659752,0.174412,105.08316905176196
update-seq,8,2-stackless,0,0,True,1659752,0.020655709,12.445057454366676
update-seq,8,2-stackless,0,1,True,1659752,0.021422624999999997,12.907124076368033
update-seq,8,2-stackless,0,2,False,1659752,0.020780292,12.520118668331172
update-seq,8,2-stackless,0,3,False,1659752,0.02036458299999999,12.269654141100593
update-seq,8,2-stackless,0,4,False,1659752,0.020154791000000005,12.143254534412373
update-seq,8,1x,1,0,True,1659752,0.178299,107.42508519345058
update-seq,8,1x,1,1,True,1659752,0.183041,110.28213853635965
update-seq,8,1x,1,2,False,1659752,0.176334,106.24117338011943
update-seq,8,1x,1,3,False,1659752,0.176961,106.61894066101442
update-seq,8,1x,1,4,False,1659752,0.182584,110.0067961960582
update-seq,8,2-stackless,1,0,True,1659752,0.0207315,12.490721505381527
update-seq,8,2-stackless,1,1,True,1659752,0.020549750000000002,12.38121719389403
update-seq,8,2-stackless,1,2,False,1659752,0.020547749999999997,12.380012194592926
update-seq,8,2-stackless,1,3,False,1659752,0.020692165999999998,12.467022784126783
update-seq,8,2-stackless,1,4,False,1659752,0.020565166999999995,12.390505931006558
update-seq,8,1x,2,0,True,1659752,0.172998,104.23123454588396
update-seq,8,1x,2,1,True,1659752,0.171752,103.48051998129841
update-seq,8,1x,2,2,False,1659752,0.171688,103.4419600036632
update-seq,8,1x,2,3,False,1659752,0.170074,102.46952556767518
update-seq,8,1x,2,4,False,1659752,0.16994,102.38879061450145
update-seq,8,2-stackless,2,0,True,1659752,0.020129458000000003,12.127991410764984
update-seq,8,2-stackless,2,1,True,1659752,0.020264291,12.209228246147617
update-seq,8,2-stackless,2,2,False,1659752,0.020214707999999998,12.179354505974384
update-seq,8,2-stackless,2,3,False,1659752,0.020147917,12.139112951814488
update-seq,8,2-stackless,2,4,False,1659752,0.020306417000000007,12.234609146426699
make-table,8,2-stackless,0,0,True,500106,0.056195041,112.3662603528052
make-table,8,2-stackless,0,1,True,500106,0.056693916000000004,113.36379887463859
make-table,8,2-stackless,0,2,False,500106,0.05611745900000001,112.21112924060101
make-table,8,2-stackless,0,3,False,500106,0.05615445800000002,112.28511155635009
make-table,8,2-stackless,0,4,False,500106,0.05560558400000001,111.18759622959935
make-table,8,1x,0,0,True,500106,0.0214118,42.81452332105594
make-table,8,1x,0,1,True,500106,0.0209599,41.91091488604416
make-table,8,1x,0,2,False,500106,0.0212969,42.58477202832999
make-table,8,1x,0,3,False,500106,0.0213279,42.64675888711593
make-table,8,1x,0,4,False,500106,0.0212759,42.542780930442746
make-table,8,1x,1,0,True,500106,0.021464,42.9189011929471
make-table,8,1x,1,1,True,500106,0.0214976,42.98608694956669
make-table,8,1x,1,2,False,500106,0.0213385,42.667954393668545
make-table,8,1x,1,3,False,500106,0.0212356,42.46219801402103
make-table,8,1x,1,4,False,500106,0.0209991,41.98929826876702
make-table,8,2-stackless,1,0,True,500106,0.056896,113.76788120918366
make-table,8,2-stackless,1,1,True,500106,0.05594066699999999,111.85762018452087
make-table,8,2-stackless,1,2,False,500106,0.055441084,110.85866596281588
make-table,8,2-stackless,1,3,False,500106,0.055752625,111.48161589742975
make-table,8,2-stackless,1,4,False,500106,0.055515375000000006,111.00721647010835
make-table,8,2-stackless,2,0,True,500106,0.055714375000000003,111.40513211199226
make-table,8,2-stackless,2,1,True,500106,0.056008792,111.9938413056432
make-table,8,2-stackless,2,2,False,500106,0.05612524999999999,112.22670793791713
make-table,8,2-stackless,2,3,False,500106,0.055796999999999985,111.57034708641766
make-table,8,2-stackless,2,4,False,500106,0.05624958399999999,112.47532323147492
make-table,8,1x,2,0,True,500106,0.0209303,41.851727433784035
make-table,8,1x,2,1,True,500106,0.0203337,40.65878033856822
make-table,8,1x,2,2,False,500106,0.0211527,42.29643315617089
make-table,8,1x,2,3,False,500106,0.0215436,43.07806744970066
make-table,8,1x,2,4,False,500106,0.0211761,42.34322323667382
add-int,64,2-stackless,0,0,True,343791,0.02029125,59.022051188076475
add-int,64,2-stackless,0,1,True,343791,0.020675792,60.14058541381246
add-int,64,2-stackless,0,2,False,343791,0.020774792,60.4285510673636
add-int,64,2-stackless,0,3,False,343791,0.020741375,60.331349569942205
add-int,64,2-stackless,0,4,False,343791,0.020737540999999998,60.32019744554104
add-int,64,1x,0,0,True,343791,0.021196,61.653737299696616
add-int,64,1x,0,1,True,343791,0.0204209,59.39916984446946
add-int,64,1x,0,2,False,343791,0.0209218,60.85615970167922
add-int,64,1x,0,3,False,343791,0.0208897,60.76278902007324
add-int,64,1x,0,4,False,343791,0.0208792,60.73224720833297
add-int,64,1x,1,0,True,343791,0.0205629,59.812211488956954
add-int,64,1x,1,1,True,343791,0.0200521,58.32642506639208
add-int,64,1x,1,2,False,343791,0.020557,59.79504989950289
add-int,64,1x,1,3,False,343791,0.0205961,59.90878178893572
add-int,64,1x,1,4,False,343791,0.0205684,59.828209580820904
add-int,64,2-stackless,1,0,True,343791,0.021994625,63.976732956941866
add-int,64,2-stackless,1,1,True,343791,0.020863084,60.685369890427616
add-int,64,2-stackless,1,2,False,343791,0.020905541,60.8088664333854
add-int,64,2-stackless,1,3,False,343791,0.020799625000000002,60.50078390650135
add-int,64,2-stackless,1,4,False,343791,0.02053320900000001,59.72584797158742
add-int,64,2-stackless,2,0,True,343791,0.020769292,60.41255297549965
add-int,64,2-stackless,2,1,True,343791,0.020852583999999997,60.65482807868733
add-int,64,2-stackless,2,2,False,343791,0.020912292,60.828503363962405
add-int,64,2-stackless,2,3,False,343791,0.020839250000000004,60.616042886521186
add-int,64,2-stackless,2,4,False,343791,0.020593708000000002,59.9018240733469
add-int,64,1x,2,0,True,343791,0.021057,61.249421887134915
add-int,64,1x,2,1,True,343791,0.0205183,59.68248150766018
add-int,64,1x,2,2,False,343791,0.0210565,61.24796751514729
add-int,64,1x,2,3,False,343791,0.0204257,59.41313181555073
add-int,64,1x,2,4,False,343791,0.0205662,59.821810344075324
assign-table,256,2-stackless,0,0,True,15353,0.015226541,991.7632384550251
assign-table,256,2-stackless,0,1,True,15353,0.014616874999999998,952.0533446232006
assign-table,256,2-stackless,0,2,False,15353,0.014567541999999996,948.8400963980979
assign-table,256,2-stackless,0,3,False,15353,0.014592500000000001,950.4657070279426
assign-table,256,2-stackless,0,4,False,15353,0.014393500000000004,937.5040708656292
assign-table,256,1x,0,0,True,15353,0.252322,16434.703315312967
assign-table,256,1x,0,1,True,15353,0.257017,16740.50674135348
assign-table,256,1x,0,2,False,15353,0.254962,16606.656679476328
assign-table,256,1x,0,3,False,15353,0.265361,17283.983586269784
assign-table,256,1x,0,4,False,15353,0.25989,16927.636292581254
assign-table,256,2-stackless,1,0,True,15353,0.015487042,1008.7306715299941
assign-table,256,2-stackless,1,1,True,15353,0.014921124999999999,971.8703185045267
assign-table,256,2-stackless,1,2,False,15353,0.015421041999999996,1004.43183742591
assign-table,256,2-stackless,1,3,False,15353,0.014744375000000004,960.3579105060902
assign-table,256,2-stackless,1,4,False,15353,0.014708583000000004,958.0266397446755
assign-table,256,1x,1,0,True,15353,0.257708,16785.514231746238
assign-table,256,1x,1,1,True,15353,0.255313,16629.518660848044
assign-table,256,1x,1,2,False,15353,0.259426,16897.414186152542
assign-table,256,1x,1,3,False,15353,0.258075,16809.418354718946
assign-table,256,1x,1,4,False,15353,0.251407,16375.105842506351
assign-table,256,2-stackless,2,0,True,15353,0.014338708,933.9352569530384
assign-table,256,2-stackless,2,1,True,15353,0.015152708,986.9542109034065
assign-table,256,2-stackless,2,2,False,15353,0.014565999999999999,948.7396600013027
assign-table,256,2-stackless,2,3,False,15353,0.014570290999999999,949.0191493519181
assign-table,256,2-stackless,2,4,False,15353,0.014568459000000006,948.8998241386051
assign-table,256,1x,2,0,True,15353,0.256585,16712.36891812675
assign-table,256,1x,2,1,True,15353,0.272353,17739.39946590243
assign-table,256,1x,2,2,False,15353,0.260641,16976.551813977723
assign-table,256,1x,2,3,False,15353,0.257142,16748.648472611214
assign-table,256,1x,2,4,False,15353,0.267009,17391.324171171756
update-table,0,2-stackless,0,0,True,3916961,0.020385834000000002,5.204502674394767
update-table,0,2-stackless,0,1,True,3916961,0.020437499999999997,5.217693002304592
update-table,0,2-stackless,0,2,False,3916961,0.020323792,5.188663354064541
update-table,0,2-stackless,0,3,False,3916961,0.020416916000000007,5.21243790785765
update-table,0,2-stackless,0,4,False,3916961,0.020588541999999987,5.2562540193787965
update-table,0,1x,0,0,True,3916961,0.262409,66.99300809990194
update-table,0,1x,0,1,True,3916961,0.257741,65.80126787067832
update-table,0,1x,0,2,False,3916961,0.26165,66.79923542766956
update-table,0,1x,0,3,False,3916961,0.257189,65.66034229087295
update-table,0,1x,0,4,False,3916961,0.258518,65.99963594225218
update-table,0,2-stackless,1,0,True,3916961,0.020217958,5.161643937736423
update-table,0,2-stackless,1,1,True,3916961,0.020398334,5.207693923937461
update-table,0,2-stackless,1,2,False,3916961,0.020350707999999995,5.195535007879832
update-table,0,2-stackless,1,3,False,3916961,0.020428291999999994,5.2153422002414604
update-table,0,2-stackless,1,4,False,3916961,0.02037937499999999,5.202853691931064
update-table,0,1x,1,0,True,3916961,0.268557,68.56259227498053
update-table,0,1x,1,1,True,3916961,0.259966,66.36931028927783
update-table,0,1x,1,2,False,3916961,0.24771,63.24035393765728
update-table,0,1x,1,3,False,3916961,0.265616,67.8117550825755
update-table,0,1x,1,4,False,3916961,0.270225,68.98843261395761
update-table,0,2-stackless,2,0,True,3916961,0.020452167,5.221437486868008
update-table,0,2-stackless,2,1,True,3916961,0.020403291999999996,5.208959701156074
update-table,0,2-stackless,2,2,False,3916961,0.020380125,5.203045166903627
update-table,0,2-stackless,2,3,False,3916961,0.020422084,5.213757298068579
update-table,0,2-stackless,2,4,False,3916961,0.020392792000000007,5.206279051540214
update-table,0,1x,2,0,True,3916961,0.256582,65.50537521307973
update-table,0,1x,2,1,True,3916961,0.262744,67.07853358764613
update-table,0,1x,2,2,False,3916961,0.268765,68.61569466737096
update-table,0,1x,2,3,False,3916961,0.264482,67.5222449240623
update-table,0,1x,2,4,False,3916961,0.252105,64.36239727686848
const-int,0,1x,0,0,True,4461000,0.0236783,5.3078457744900245
const-int,0,1x,0,1,True,4461000,0.0233715,5.239071956960323
const-int,0,1x,0,2,False,4461000,0.0237477,5.3234028244788165
const-int,0,1x,0,3,False,4461000,0.0238482,5.345931405514459
const-int,0,1x,0,4,False,4461000,0.0238139,5.338242546514235
const-int,0,2-stackless,0,0,True,4461000,0.020623792000000002,4.623132033176419
const-int,0,2-stackless,0,1,True,4461000,0.020613417,4.620806321452589
const-int,0,2-stackless,0,2,False,4461000,0.020549374999999995,4.606450347455727
const-int,0,2-stackless,0,3,False,4461000,0.020709083999999996,4.642251513113651
const-int,0,2-stackless,0,4,False,4461000,0.020574167000000004,4.612007845774491
const-int,0,2-stackless,1,0,True,4461000,0.020452708,4.584780990809236
const-int,0,2-stackless,1,1,True,4461000,0.020560667,4.608981618471195
const-int,0,2-stackless,1,2,False,4461000,0.0205775,4.612754987670926
const-int,0,2-stackless,1,3,False,4461000,0.020688292000000004,4.637590674736607
const-int,0,2-stackless,1,4,False,4461000,0.020605209,4.618966375252185
const-int,0,1x,1,0,True,4461000,0.0246217,5.519323021744004
const-int,0,1x,1,1,True,4461000,0.0243391,5.45597399686169
const-int,0,1x,1,2,False,4461000,0.0245123,5.494799372338041
const-int,0,1x,1,3,False,4461000,0.024445,5.479713068818651
const-int,0,1x,1,4,False,4461000,0.0243238,5.452544272584622
const-int,0,1x,2,0,True,4461000,0.0230087,5.157744900246581
const-int,0,1x,2,1,True,4461000,0.0223184,5.003003810804752
const-int,0,1x,2,2,False,4461000,0.0242585,5.437906299036091
const-int,0,1x,2,3,False,4461000,0.0229851,5.15245460659045
const-int,0,1x,2,4,False,4461000,0.0228508,5.122349249047299
const-int,0,2-stackless,2,0,True,4461000,0.020479125,4.59070275722932
const-int,0,2-stackless,2,1,True,4461000,0.020555874999999998,4.607907419861017
const-int,0,2-stackless,2,2,False,4461000,0.020596375,4.6169861017709035
const-int,0,2-stackless,2,3,False,4461000,0.020549708999999992,4.606525218560859
const-int,0,2-stackless,2,4,False,4461000,0.02053241700000001,4.6026489576328204
make-table,64,1x,0,0,True,100754,0.0232312,230.57347599102766
make-table,64,1x,0,1,True,100754,0.0222458,220.79321912777655
make-table,64,1x,0,2,False,100754,0.0223948,222.27206860273537
make-table,64,1x,0,3,False,100754,0.0219155,217.51493737221352
make-table,64,1x,0,4,False,100754,0.0223618,221.94453818210692
make-table,64,2-stackless,0,0,True,100754,0.059468958,590.2391766083729
make-table,64,2-stackless,0,1,True,100754,0.056814709000000005,563.8953192925344
make-table,64,2-stackless,0,2,False,100754,0.056296708000000015,558.7540742799295
make-table,64,2-stackless,0,3,False,100754,0.05614129200000001,557.211544951069
make-table,64,2-stackless,0,4,False,100754,0.05615070899999999,557.3050102229191
make-table,64,2-stackless,1,0,True,100754,0.057632125,572.0083073624869
make-table,64,2-stackless,1,1,True,100754,0.055926500000000004,555.0796990690196
make-table,64,2-stackless,1,2,False,100754,0.05640175,559.7966333842825
make-table,64,2-stackless,1,3,False,100754,0.056493458999999996,560.7068602735375
make-table,64,2-stackless,1,4,False,100754,0.05679404200000002,563.6901959227426
make-table,64,1x,1,0,True,100754,0.0218952,217.3134565377057
make-table,64,1x,1,1,True,100754,0.0218781,217.1437362288346
make-table,64,1x,1,2,False,100754,0.0218058,216.42614685273043
make-table,64,1x,1,3,False,100754,0.0223958,222.28199376699683
make-table,64,1x,1,4,False,100754,0.0216955,215.33140123469045
make-table,64,2-stackless,2,0,True,100754,0.057151833,567.2413303690176
make-table,64,2-stackless,2,1,True,100754,0.057627417,571.9615796891438
make-table,64,2-stackless,2,2,False,100754,0.057269209,568.4063064493718
make-table,64,2-stackless,2,3,False,100754,0.056376125,559.5423010500824
make-table,64,2-stackless,2,4,False,100754,0.05633012499999998,559.0857434940546
make-table,64,1x,2,0,True,100754,0.021793,216.2991047501836
make-table,64,1x,2,1,True,100754,0.0215676,214.06197272564862
make-table,64,1x,2,2,False,100754,0.0219984,218.33773348948924
make-table,64,1x,2,3,False,100754,0.0220621,218.9699664529448
make-table,64,1x,2,4,False,100754,0.0218671,217.03455942195842
push-shared-seq,0,2-stackless,0,0,True,2199809,0.0181315,8.242306491154459
push-shared-seq,0,2-stackless,0,1,True,2199809,0.018416833,8.372014570355882
push-shared-seq,0,2-stackless,0,2,False,2199809,0.018437249999999995,8.38129583068348
push-shared-seq,0,2-stackless,0,3,False,2199809,0.018431291000000002,8.378586959140545
push-shared-seq,0,2-stackless,0,4,False,2199809,0.01841145899999999,8.369571630991596
push-shared-seq,0,1x,0,0,True,2199809,0.204321,92.88124559904973
push-shared-seq,0,1x,0,1,True,2199809,0.209844,95.39191811652739
push-shared-seq,0,1x,0,2,False,2199809,0.211156,95.98833353259306
push-shared-seq,0,1x,0,3,False,2199809,0.20915,95.07643618150485
push-shared-seq,0,1x,0,4,False,2199809,0.205935,93.6149456611915
push-shared-seq,0,1x,1,0,True,2199809,0.205646,93.48357061908557
push-shared-seq,0,1x,1,1,True,2199809,0.212447,96.57520266532231
push-shared-seq,0,1x,1,2,False,2199809,0.204823,93.10944722928218
push-shared-seq,0,1x,1,3,False,2199809,0.206779,93.9986153343313
push-shared-seq,0,1x,1,4,False,2199809,0.201905,91.782968430441
push-shared-seq,0,2-stackless,1,0,True,2199809,0.018135667,8.244200746519358
push-shared-seq,0,2-stackless,1,1,True,2199809,0.018758042,8.527123036590904
push-shared-seq,0,2-stackless,1,2,False,2199809,0.019212708000000002,8.733807344183065
push-shared-seq,0,2-stackless,1,3,False,2199809,0.018457708000000003,8.390595728992837
push-shared-seq,0,2-stackless,1,4,False,2199809,0.018584624999999994,8.44829028338369
push-shared-seq,0,1x,2,0,True,2199809,0.20323,92.38529345047684
push-shared-seq,0,1x,2,1,True,2199809,0.202081,91.8629753764986
push-shared-seq,0,1x,2,2,False,2199809,0.209897,95.41601111732882
push-shared-seq,0,1x,2,3,False,2199809,0.201859,91.76205752408505
push-shared-seq,0,1x,2,4,False,2199809,0.207542,94.34546362888779
push-shared-seq,0,2-stackless,2,0,True,2199809,0.018296375,8.317256179968352
push-shared-seq,0,2-stackless,2,1,True,2199809,0.018411209,8.369457984761404
push-shared-seq,0,2-stackless,2,2,False,2199809,0.018568415999999997,8.44092191640274
push-shared-seq,0,2-stackless,2,3,False,2199809,0.018459750000000004,8.391523991401073
push-shared-seq,0,2-stackless,2,4,False,2199809,0.018407958000000002,8.367980129183945
get-string,8,1x,0,0,True,2223260,0.0351238,15.798332178872467
get-string,8,1x,0,1,True,2223260,0.035118,15.79572339717352
get-string,8,1x,0,2,False,2223260,0.0352741,15.86593560807103
get-string,8,1x,0,3,False,2223260,0.0345786,15.553106699171487
get-string,8,1x,0,4,False,2223260,0.0351398,15.805528818041974
get-string,8,2-stackless,0,0,True,2223260,0.021423083,9.635887390588595
get-string,8,2-stackless,0,1,True,2223260,0.021468333000000003,9.656240385739862
get-string,8,2-stackless,0,2,False,2223260,0.021516374999999997,9.677849194426202
get-string,8,2-stackless,0,3,False,2223260,0.021619,9.724008887849374
get-string,8,2-stackless,0,4,False,2223260,0.02150400000000001,9.67228304381854
get-string,8,1x,1,0,True,2223260,0.0357053,16.059885033689266
get-string,8,1x,1,1,True,2223260,0.0375817,16.9038708922933
get-string,8,1x,1,2,False,2223260,0.0368195,16.56104099385587
get-string,8,1x,1,3,False,2223260,0.0359163,16.154790712737153
get-string,8,1x,1,4,False,2223260,0.0357601,16.084533522844833
get-string,8,2-stackless,1,0,True,2223260,0.021489542,9.66577998074899
get-string,8,2-stackless,1,1,True,2223260,0.021505834,9.673107958583342
get-string,8,2-stackless,1,2,False,2223260,0.021525708000000005,9.682047084011769
get-string,8,2-stackless,1,3,False,2223260,0.021547374999999994,9.691792682817121
get-string,8,2-stackless,1,4,False,2223260,0.021546582999999994,9.69143644917823
get-string,8,1x,2,0,True,2223260,0.0351065,15.790550812770435
get-string,8,1x,2,1,True,2223260,0.0351672,15.817853062619756
get-string,8,1x,2,2,False,2223260,0.0346452,15.583062709714563
get-string,8,1x,2,3,False,2223260,0.035269,15.86364167933575
get-string,8,1x,2,4,False,2223260,0.0352878,15.872097730359922
get-string,8,2-stackless,2,0,True,2223260,0.021346125,9.601272455763159
get-string,8,2-stackless,2,1,True,2223260,0.021457,9.651142916258108
get-string,8,2-stackless,2,2,False,2223260,0.021462499999999995,9.653616760972625
get-string,8,2-stackless,2,3,False,2223260,0.02151608299999999,9.677717855761356
get-string,8,2-stackless,2,4,False,2223260,0.021506334000000002,9.67333285355739
assign-seq,256,1x,0,0,True,21706,0.229115,10555.376393623883
assign-seq,256,1x,0,1,True,21706,0.229355,10566.433244264259
assign-seq,256,1x,0,2,False,21706,0.228331,10519.257348198655
assign-seq,256,1x,0,3,False,21706,0.228341,10519.718050308671
assign-seq,256,1x,0,4,False,21706,0.227015,10458.628950520593
assign-seq,256,2-stackless,0,0,True,21706,0.019777791000000003,911.1670045148809
assign-seq,256,2-stackless,0,1,True,21706,0.020132167,927.4931816087718
assign-seq,256,2-stackless,0,2,False,21706,0.020113124999999996,926.6159126508797
assign-seq,256,2-stackless,0,3,False,21706,0.020113749999999993,926.6447065327555
assign-seq,256,2-stackless,0,4,False,21706,0.020152875,928.4472035381922
assign-seq,256,2-stackless,1,0,True,21706,0.019840125,914.0387450474523
assign-seq,256,2-stackless,1,1,True,21706,0.020265332999999996,933.6281673270062
assign-seq,256,2-stackless,1,2,False,21706,0.020030667000000002,922.817055192113
assign-seq,256,2-stackless,1,3,False,21706,0.020027875,922.6884271629964
assign-seq,256,2-stackless,1,4,False,21706,0.019899,916.7511287201695
assign-seq,256,1x,1,0,True,21706,0.228144,10510.642218741363
assign-seq,256,1x,1,1,True,21706,0.227929,10500.737123376026
assign-seq,256,1x,1,2,False,21706,0.229616,10578.457569335667
assign-seq,256,1x,1,3,False,21706,0.228358,10520.501243895696
assign-seq,256,1x,1,4,False,21706,0.227792,10494.42550446881
assign-seq,256,1x,2,0,True,21706,0.227951,10501.75066801806
assign-seq,256,1x,2,1,True,21706,0.228227,10514.466046254493
assign-seq,256,1x,2,2,False,21706,0.22743,10477.748088086244
assign-seq,256,1x,2,3,False,21706,0.229139,10556.48207868792
assign-seq,256,1x,2,4,False,21706,0.227878,10498.387542614944
assign-seq,256,2-stackless,2,0,True,21706,0.019711,908.0899290518751
assign-seq,256,2-stackless,2,1,True,21706,0.020010917,921.9071685248318
assign-seq,256,2-stackless,2,2,False,21706,0.020051458,923.7749009490464
assign-seq,256,2-stackless,2,3,False,21706,0.020011292000000007,921.9244448539578
assign-seq,256,2-stackless,2,4,False,21706,0.019889875,916.3307380447802
