case,width,engine,round,batch,warmup,iterations,seconds,ns_per_iteration
make-seq,8,2-stackless,0,0,True,574507,0.067003584,116.62796797950244
make-seq,8,2-stackless,0,1,True,574507,0.062690125,109.1198627692961
make-seq,8,2-stackless,0,2,False,574507,0.061324708000000006,106.74318676708901
make-seq,8,2-stackless,0,3,False,574507,0.06130375000000002,106.70670679382499
make-seq,8,2-stackless,0,4,False,574507,0.06125474999999997,106.62141627517153
make-seq,8,1x,0,0,True,574507,0.0184688,32.1472149164414
make-seq,8,1x,0,1,True,574507,0.0183701,31.97541544315387
make-seq,8,1x,0,2,False,574507,0.0189493,32.983584186093466
make-seq,8,1x,0,3,False,574507,0.0191644,33.35799215675353
make-seq,8,1x,0,4,False,574507,0.0185042,32.208832964611396
make-seq,8,2-stackless,1,0,True,574507,0.062741583,109.2094317388648
make-seq,8,2-stackless,1,1,True,574507,0.061165,106.46519537620952
make-seq,8,2-stackless,1,2,False,574507,0.062228167,108.31576812815162
make-seq,8,2-stackless,1,3,False,574507,0.06233883399999998,108.50839763484167
make-seq,8,2-stackless,1,4,False,574507,0.062727542,109.18499165371354
make-seq,8,1x,1,0,True,574507,0.0202812,35.30191973291883
make-seq,8,1x,1,1,True,574507,0.0199568,34.73726168697684
make-seq,8,1x,1,2,False,574507,0.020383,35.479115136978315
make-seq,8,1x,1,3,False,574507,0.02027,35.28242475722663
make-seq,8,1x,1,4,False,574507,0.0207941,36.194685182251916
make-seq,8,1x,2,0,True,574507,0.0186346,32.43581018159918
make-seq,8,1x,2,1,True,574507,0.0181025,31.50962477393661
make-seq,8,1x,2,2,False,574507,0.0182714,31.80361596986634
make-seq,8,1x,2,3,False,574507,0.0183197,31.88768805253896
make-seq,8,1x,2,4,False,574507,0.0183029,31.858445589000656
make-seq,8,2-stackless,2,0,True,574507,0.060840167,105.89978364058227
make-seq,8,2-stackless,2,1,True,574507,0.060671875,105.60685074333298
make-seq,8,2-stackless,2,2,False,574507,0.060621542,105.51923997444766
make-seq,8,2-stackless,2,3,False,574507,0.06028283300000001,104.92967535643605
make-seq,8,2-stackless,2,4,False,574507,0.062134875000000006,108.1533819431269
get-string,64,2-stackless,0,0,True,424704,0.020476791,48.21426452305606
get-string,64,2-stackless,0,1,True,424704,0.020104292,47.337185427968656
get-string,64,2-stackless,0,2,False,424704,0.020013333,47.12301508815551
get-string,64,2-stackless,0,3,False,424704,0.020319709000000005,47.844402218957214
get-string,64,2-stackless,0,4,False,424704,0.021329917000000004,50.22301885548524
get-string,64,1x,0,0,True,424704,0.0266625,62.779017857142854
get-string,64,1x,0,1,True,424704,0.0270582,63.710725587703436
get-string,64,1x,0,2,False,424704,0.0274595,64.65561897227245
get-string,64,1x,0,3,False,424704,0.027084,63.77147377938517
get-string,64,1x,0,4,False,424704,0.027119,63.85388411693791
get-string,64,2-stackless,1,0,True,424704,0.020184875,47.52692463456902
get-string,64,2-stackless,1,1,True,424704,0.020517709,48.310609271398434
get-string,64,2-stackless,1,2,False,424704,0.020874000000000004,49.14952531645571
get-string,64,2-stackless,1,3,False,424704,0.021116583,49.72070665687161
get-string,64,2-stackless,1,4,False,424704,0.020384625000000003,47.997252203887896
get-string,64,1x,1,0,True,424704,0.0272809,64.23509079264618
get-string,64,1x,1,1,True,424704,0.0265633,62.545443414707655
get-string,64,1x,1,2,False,424704,0.0279461,65.80135812236287
get-string,64,1x,1,3,False,424704,0.0269044,63.34859101868596
get-string,64,1x,1,4,False,424704,0.0272996,64.27912145871007
get-string,64,1x,2,0,True,424704,0.0271226,63.86236060880048
get-string,64,1x,2,1,True,424704,0.0270371,63.6610439270645
get-string,64,1x,2,2,False,424704,0.0271145,63.84328850210971
get-string,64,1x,2,3,False,424704,0.0270881,63.78112756178421
get-string,64,1x,2,4,False,424704,0.0272469,64.15503503616637
get-string,64,2-stackless,2,0,True,424704,0.020188375,47.53516566832429
get-string,64,2-stackless,2,1,True,424704,0.020159332999999998,47.46678392480409
get-string,64,2-stackless,2,2,False,424704,0.020296249999999995,47.7891661015672
get-string,64,2-stackless,2,3,False,424704,0.020234375,47.64347639767932
get-string,64,2-stackless,2,4,False,424704,0.020511584,48.2961874623267
push-shared-seq,8,2-stackless,0,0,True,168925,0.029331833,173.63820038478616
push-shared-seq,8,2-stackless,0,1,True,168925,0.028622,169.43614029894923
push-shared-seq,8,2-stackless,0,2,False,168925,0.029324333,173.5938019831286
push-shared-seq,8,2-stackless,0,3,False,168925,0.02880495899999999,170.51921858813077
push-shared-seq,8,2-stackless,0,4,False,168925,0.029081042,172.15357111144
push-shared-seq,8,1x,0,0,True,168925,0.020057,118.73316560603818
push-shared-seq,8,1x,0,1,True,168925,0.0206946,122.50762172561788
push-shared-seq,8,1x,0,2,False,168925,0.0191484,113.35444723989936
push-shared-seq,8,1x,0,3,False,168925,0.0184255,109.07503329880124
push-shared-seq,8,1x,0,4,False,168925,0.0183713,108.75418084948942
push-shared-seq,8,2-stackless,1,0,True,168925,0.029548583,174.92131419268907
push-shared-seq,8,2-stackless,1,1,True,168925,0.029961750000000002,177.3671747817079
push-shared-seq,8,2-stackless,1,2,False,168925,0.028782416999999998,170.38577475210892
push-shared-seq,8,2-stackless,1,3,False,168925,0.02899958300000001,171.6713511913572
push-shared-seq,8,2-stackless,1,4,False,168925,0.029070291999999998,172.0899334023975
push-shared-seq,8,1x,1,0,True,168925,0.0201993,119.57555128015392
push-shared-seq,8,1x,1,1,True,168925,0.0200755,118.84268166346011
push-shared-seq,8,1x,1,2,False,168925,0.0197062,116.65650436584284
push-shared-seq,8,1x,1,3,False,168925,0.0200834,118.88944797987273
push-shared-seq,8,1x,1,4,False,168925,0.0202683,119.98401657540329
push-shared-seq,8,1x,2,0,True,168925,0.020301,120.17759360663017
push-shared-seq,8,1x,2,1,True,168925,0.0200649,118.77993192245079
push-shared-seq,8,1x,2,2,False,168925,0.0200648,118.77933994376203
push-shared-seq,8,1x,2,3,False,168925,0.0188414,111.53707266538404
push-shared-seq,8,1x,2,4,False,168925,0.0183963,108.90217552168122
push-shared-seq,8,2-stackless,2,0,True,168925,0.029841625,176.65606038182625
push-shared-seq,8,2-stackless,2,1,True,168925,0.030830917,182.51245819150512
push-shared-seq,8,2-stackless,2,2,False,168925,0.029711707999999996,175.88697942874055
push-shared-seq,8,2-stackless,2,3,False,168925,0.028798583000000003,170.48147402693505
push-shared-seq,8,2-stackless,2,4,False,168925,0.02869120800000001,169.8458369098713
assign-seq,64,2-stackless,0,0,True,84600,0.019850292000000002,234.6370212765958
assign-seq,64,2-stackless,0,1,True,84600,0.019889,235.09456264775415
assign-seq,64,2-stackless,0,2,False,84600,0.019889249999999997,235.0975177304964
assign-seq,64,2-stackless,0,3,False,84600,0.019937874999999994,235.67228132387697
assign-seq,64,2-stackless,0,4,False,84600,0.020808834,245.967304964539
assign-seq,64,1x,0,0,True,84600,0.223701,2644.2198581560283
assign-seq,64,1x,0,1,True,84600,0.223936,2646.997635933806
assign-seq,64,1x,0,2,False,84600,0.223902,2646.595744680851
assign-seq,64,1x,0,3,False,84600,0.223415,2640.839243498818
assign-seq,64,1x,0,4,False,84600,0.222981,2635.709219858156
assign-seq,64,2-stackless,1,0,True,84600,0.020195209,238.71405437352246
assign-seq,64,2-stackless,1,1,True,84600,0.020172042,238.44021276595745
assign-seq,64,2-stackless,1,2,False,84600,0.019892082999999998,235.13100472813235
assign-seq,64,2-stackless,1,3,False,84600,0.019894499999999996,235.15957446808505
assign-seq,64,2-stackless,1,4,False,84600,0.020211457999999988,238.90612293144196
assign-seq,64,1x,1,0,True,84600,0.223674,2643.900709219858
assign-seq,64,1x,1,1,True,84600,0.223524,2642.127659574468
assign-seq,64,1x,1,2,False,84600,0.225194,2661.8676122931442
assign-seq,64,1x,1,3,False,84600,0.22473,2656.3829787234044
assign-seq,64,1x,1,4,False,84600,0.223339,2639.9408983451535
assign-seq,64,1x,2,0,True,84600,0.22434,2651.77304964539
assign-seq,64,1x,2,1,True,84600,0.22235,2628.2505910165482
assign-seq,64,1x,2,2,False,84600,0.222372,2628.5106382978724
assign-seq,64,1x,2,3,False,84600,0.222603,2631.241134751773
assign-seq,64,1x,2,4,False,84600,0.221936,2623.356973995272
assign-seq,64,2-stackless,2,0,True,84600,0.019637291,232.11927895981088
assign-seq,64,2-stackless,2,1,True,84600,0.019808874999999997,234.14745862884158
assign-seq,64,2-stackless,2,2,False,84600,0.020304334,240.00394799054374
assign-seq,64,2-stackless,2,3,False,84600,0.019841750000000005,234.5360520094563
assign-seq,64,2-stackless,2,4,False,84600,0.019915500000000003,235.40780141843976
const-table,0,2-stackless,0,0,True,3552966,0.018828,5.299234498725853
const-table,0,2-stackless,0,1,True,3552966,0.019324666999999997,5.439023902846241
const-table,0,2-stackless,0,2,False,3552966,0.018987125,5.344021023561723
const-table,0,2-stackless,0,3,False,3552966,0.019192459000000002,5.401813301900441
const-table,0,2-stackless,0,4,False,3552966,0.019129000000000007,5.383952449868647
const-table,0,1x,0,0,True,3552966,0.246151,69.28042655066218
const-table,0,1x,0,1,True,3552966,0.248437,69.9238326513679
const-table,0,1x,0,2,False,3552966,0.240708,67.74846705541229
const-table,0,1x,0,3,False,3552966,0.249627,70.25876408611848
const-table,0,1x,0,4,False,3552966,0.248238,69.86782310891802
const-table,0,1x,1,0,True,3552966,0.242635,68.29083081571848
const-table,0,1x,1,1,True,3552966,0.233998,65.85990409139856
const-table,0,1x,1,2,False,3552966,0.245527,69.10479863865852
const-table,0,1x,1,3,False,3552966,0.241707,68.02964058761046
const-table,0,1x,1,4,False,3552966,0.239179,67.31812238000589
const-table,0,2-stackless,1,0,True,3552966,0.018686417,5.25938525727519
const-table,0,2-stackless,1,1,True,3552966,0.019068290999999998,5.366865599051608
const-table,0,2-stackless,1,2,False,3552966,0.018763499999999995,5.281080652052397
const-table,0,2-stackless,1,3,False,3552966,0.018713,5.266867175199538
const-table,0,2-stackless,1,4,False,3552966,0.018883125,5.314749704894446
const-table,0,2-stackless,2,0,True,3552966,0.018686916,5.259525703313795
const-table,0,2-stackless,2,1,True,3552966,0.018806458,5.293171395391906
const-table,0,2-stackless,2,2,False,3552966,0.018971500000000002,5.339623289386953
const-table,0,2-stackless,2,3,False,3552966,0.019238083999999996,5.414654685690771
const-table,0,2-stackless,2,4,False,3552966,0.01872658299999999,5.270690178290474
const-table,0,1x,2,0,True,3552966,0.2471,69.54752733350108
const-table,0,1x,2,1,True,3552966,0.247711,69.71949633067133
const-table,0,1x,2,2,False,3552966,0.244369,68.77887376349788
const-table,0,1x,2,3,False,3552966,0.248128,69.83686306032763
const-table,0,1x,2,4,False,3552966,0.248258,69.87345220866172
take-table,64,1x,0,0,True,131399,0.02268,172.60405330329758
take-table,64,1x,0,1,True,131399,0.0228252,173.7090845440224
take-table,64,1x,0,2,False,131399,0.0230696,175.5690682577493
take-table,64,1x,0,3,False,131399,0.0229587,174.72507401121774
take-table,64,1x,0,4,False,131399,0.0231965,176.5348290321844
take-table,64,2-stackless,0,0,True,131399,0.019648375,149.53215016857052
take-table,64,2-stackless,0,1,True,131399,0.019646417,149.51724898971833
take-table,64,2-stackless,0,2,False,131399,0.019482667000000002,148.27104468070536
take-table,64,2-stackless,0,3,False,131399,0.019760541999999992,150.3857868020304
take-table,64,2-stackless,0,4,False,131399,0.020109375000000013,153.04054825379197
take-table,64,1x,1,0,True,131399,0.0227702,173.29051210435392
take-table,64,1x,1,1,True,131399,0.0230706,175.57667866574326
take-table,64,1x,1,2,False,131399,0.0229637,174.7631260511876
take-table,64,1x,1,3,False,131399,0.0229986,175.02872929017724
take-table,64,1x,1,4,False,131399,0.0229717,174.8240093151394
take-table,64,2-stackless,1,0,True,131399,0.019755167,150.34488085906284
take-table,64,2-stackless,1,1,True,131399,0.019671208000000003,149.70591861429693
take-table,64,2-stackless,1,2,False,131399,0.019757667000000007,150.36390687904785
take-table,64,2-stackless,1,3,False,131399,0.019586582999999998,149.06188783780695
take-table,64,2-stackless,1,4,False,131399,0.019654167,149.57622965167164
take-table,64,2-stackless,2,0,True,131399,0.020023125000000003,152.38415056431177
take-table,64,2-stackless,2,1,True,131399,0.020152375,153.3677957975327
take-table,64,2-stackless,2,2,False,131399,0.020179834,153.5767699906392
take-table,64,2-stackless,2,3,False,131399,0.019944958999999998,151.7892754130549
take-table,64,2-stackless,2,4,False,131399,0.019714665999999992,150.03665172489892
take-table,64,1x,2,0,True,131399,0.0227163,172.8803111134788
take-table,64,1x,2,1,True,131399,0.0232014,176.57212003135487
take-table,64,1x,2,2,False,131399,0.023139,176.097230572531
take-table,64,1x,2,3,False,131399,0.0231334,176.05461228776474
take-table,64,1x,2,4,False,131399,0.0228874,174.1824519212475
get-table,256,1x,0,0,True,135682,0.0391947,288.87177370616587
get-table,256,1x,0,1,True,135682,0.0385968,284.4651464453649
get-table,256,1x,0,2,False,135682,0.0389775,287.27097183119355
get-table,256,1x,0,3,False,135682,0.0376151,277.22984625816247
get-table,256,1x,0,4,False,135682,0.0381114,280.88766380212553
get-table,256,2-stackless,0,0,True,135682,0.020291,149.54820831060863
get-table,256,2-stackless,0,1,True,135682,0.020039333000000003,147.69337863533855
get-table,256,2-stackless,0,2,False,135682,0.020241916999999998,149.18645804159726
get-table,256,2-stackless,0,3,False,135682,0.02036058300000001,150.06104715437573
get-table,256,2-stackless,0,4,False,135682,0.02054275,151.40364971035214
get-table,256,1x,1,0,True,135682,0.0384821,283.6197874441709
get-table,256,1x,1,1,True,135682,0.0385178,283.8829026694772
get-table,256,1x,1,2,False,135682,0.0401632,296.0097875915744
get-table,256,1x,1,3,False,135682,0.0388037,285.9900355242405
get-table,256,1x,1,4,False,135682,0.0393705,290.1674503618756
get-table,256,2-stackless,1,0,True,135682,0.020838291,153.58183841629693
get-table,256,2-stackless,1,1,True,135682,0.020932457999999998,154.2758656269807
get-table,256,2-stackless,1,2,False,135682,0.020572042000000006,151.61953685824213
get-table,256,2-stackless,1,3,False,135682,0.020248541999999994,149.23528544685362
get-table,256,2-stackless,1,4,False,135682,0.019780833999999997,145.78819592871565
get-table,256,2-stackless,2,0,True,135682,0.020146583000000003,148.483829837414
get-table,256,2-stackless,2,1,True,135682,0.020587875,151.7362288291741
get-table,256,2-stackless,2,2,False,135682,0.022108582999999994,162.9441119676891
get-table,256,2-stackless,2,3,False,135682,0.0201475,148.49058828731887
get-table,256,2-stackless,2,4,False,135682,0.020247583,149.22821744962485
get-table,256,1x,2,0,True,135682,0.0386326,284.72899868810896
get-table,256,1x,2,1,True,135682,0.0378055,278.6331274597957
get-table,256,1x,2,2,False,135682,0.038168,281.3048156719388
get-table,256,1x,2,3,False,135682,0.0378973,279.309709467726
get-table,256,1x,2,4,False,135682,0.0374759,276.2039179846995
add-float,64,2-stackless,0,0,True,353123,0.027490334,77.84917436700526
add-float,64,2-stackless,0,1,True,353123,0.028025584000000003,79.36493516423457
add-float,64,2-stackless,0,2,False,353123,0.027227625,77.10521546316723
add-float,64,2-stackless,0,3,False,353123,0.027748958000000004,78.58156506373135
add-float,64,2-stackless,0,4,False,353123,0.026959125000000014,76.34485717441235
add-float,64,1x,0,0,True,353123,0.0211139,59.79191386570685
add-float,64,1x,0,1,True,353123,0.0212594,60.20395159760197
add-float,64,1x,0,2,False,353123,0.0217244,61.52077321499874
add-float,64,1x,0,3,False,353123,0.0217596,61.62045519549845
add-float,64,1x,0,4,False,353123,0.0219171,62.066475420745746
add-float,64,2-stackless,1,0,True,353123,0.027467083,77.78333045426098
add-float,64,2-stackless,1,1,True,353123,0.047916208,135.6926849851185
add-float,64,2-stackless,1,2,False,353123,0.027043082999999996,76.5826156891508
add-float,64,2-stackless,1,3,False,353123,0.027210458000000007,77.05660067455251
add-float,64,2-stackless,1,4,False,353123,0.026958750000000004,76.34379522149507
add-float,64,1x,1,0,True,353123,0.0215628,61.063142304522785
add-float,64,1x,1,1,True,353123,0.022001,62.30406968676637
add-float,64,1x,1,2,False,353123,0.0216624,61.34519699934584
add-float,64,1x,1,3,False,353123,0.0213555,60.47609473186397
add-float,64,1x,1,4,False,353123,0.0213507,60.4625017345231
add-float,64,2-stackless,2,0,True,353123,0.02678375,75.84821719344251
add-float,64,2-stackless,2,1,True,353123,0.027272459000000002,77.23217972207985
add-float,64,2-stackless,2,2,False,353123,0.027848541999999997,78.86357444856324
add-float,64,2-stackless,2,3,False,353123,0.027839541999999995,78.8380875785491
add-float,64,2-stackless,2,4,False,353123,0.026821624999999988,75.95547443808528
add-float,64,1x,2,0,True,353123,0.0216582,61.333303126672575
add-float,64,1x,2,1,True,353123,0.022382,63.383013850697914
add-float,64,1x,2,2,False,353123,0.022186,62.82796645927906
add-float,64,1x,2,3,False,353123,0.0220435,62.424424350721985
add-float,64,1x,2,4,False,353123,0.0221175,62.633983059727065
add-float4,8,2-stackless,0,0,True,1746100,0.019767209,11.320777160529179
add-float4,8,2-stackless,0,1,True,1746100,0.019711582999999998,11.288919878586562
add-float4,8,2-stackless,0,2,False,1746100,0.020645959,11.824041578374663
add-float4,8,2-stackless,0,3,False,1746100,0.019769959000000004,11.322352098963407
add-float4,8,2-stackless,0,4,False,1746100,0.019699792000000008,11.282167115285498
add-float4,8,1x,0,0,True,1746100,0.0203805,11.672011912261611
add-float4,8,1x,0,1,True,1746100,0.0205164,11.749842506156577
add-float4,8,1x,0,2,False,1746100,0.0206682,11.83677910772579
add-float4,8,1x,0,3,False,1746100,0.0210665,12.064887463490063
add-float4,8,1x,0,4,False,1746100,0.0216311,12.388236641658553
add-float4,8,1x,1,0,True,1746100,0.020868,11.951205543783288
add-float4,8,1x,1,1,True,1746100,0.020689,11.84869136933738
add-float4,8,1x,1,2,False,1746100,0.0205151,11.749097989805852
add-float4,8,1x,1,3,False,1746100,0.0207638,11.891529694748296
add-float4,8,1x,1,4,False,1746100,0.0206776,11.842162533646412
add-float4,8,2-stackless,1,0,True,1746100,0.019658459,11.258495504266651
add-float4,8,2-stackless,1,1,True,1746100,0.020124208,11.525232231830937
add-float4,8,2-stackless,1,2,False,1746100,0.020029708,11.47111162018212
add-float4,8,2-stackless,1,3,False,1746100,0.019734042000000007,11.301782257602662
add-float4,8,2-stackless,1,4,False,1746100,0.0201915,11.563770688963977
add-float4,8,1x,2,0,True,1746100,0.0205564,11.772750701563485
add-float4,8,1x,2,1,True,1746100,0.0208515,11.94175591317794
add-float4,8,1x,2,2,False,1746100,0.0209963,12.024683580550942
add-float4,8,1x,2,3,False,1746100,0.0208345,11.932019930130004
add-float4,8,1x,2,4,False,1746100,0.0211071,12.088139281828074
add-float4,8,2-stackless,2,0,True,1746100,0.020140958,11.53482503865758
add-float4,8,2-stackless,2,1,True,1746100,0.020040917000000002,11.47753106924002
add-float4,8,2-stackless,2,2,False,1746100,0.019724917,11.296556325525456
add-float4,8,2-stackless,2,3,False,1746100,0.019786541999999997,11.33184926407422
add-float4,8,2-stackless,2,4,False,1746100,0.019842791,11.3640633411603
const-table,64,1x,0,0,True,436841,0.0545108,124.78407475488794
const-table,64,1x,0,1,True,436841,0.0557988,127.73251594973915
const-table,64,1x,0,2,False,436841,0.0556647,127.42553926943671
const-table,64,1x,0,3,False,436841,0.0565808,129.52264096089883
const-table,64,1x,0,4,False,436841,0.0564281,129.17308585961482
const-table,64,2-stackless,0,0,True,436841,0.02038225,46.658280701674066
const-table,64,2-stackless,0,1,True,436841,0.020124292000000002,46.06777294255806
const-table,64,2-stackless,0,2,False,436841,0.020096707999999998,46.00462868640992
const-table,64,2-stackless,0,3,False,436841,0.020013874999999993,45.81501049580967
const-table,64,2-stackless,0,4,False,436841,0.020532042,47.00117891864546
const-table,64,2-stackless,1,0,True,436841,0.020168,46.167827653539845
const-table,64,2-stackless,1,1,True,436841,0.019750415999999996,45.21191005423025
const-table,64,2-stackless,1,2,False,436841,0.019792374999999994,45.30796102014232
const-table,64,2-stackless,1,3,False,436841,0.019767874999999997,45.25187654089245
const-table,64,2-stackless,1,4,False,436841,0.019758333000000003,45.230033353096445
const-table,64,1x,1,0,True,436841,0.0542971,124.29488074608382
const-table,64,1x,1,1,True,436841,0.0533297,122.0803450225597
const-table,64,1x,1,2,False,436841,0.0563175,128.91990449614391
const-table,64,1x,1,3,False,436841,0.0537557,123.05552821278222
const-table,64,1x,1,4,False,436841,0.0512552,117.33147758566618
const-table,64,2-stackless,2,0,True,436841,0.019282583,44.14096433256036
const-table,64,2-stackless,2,1,True,436841,0.019728875,45.1625992065763
const-table,64,2-stackless,2,2,False,436841,0.019752875000000003,45.21753910461702
const-table,64,2-stackless,2,3,False,436841,0.019766917000000002,45.24968352329567
const-table,64,2-stackless,2,4,False,436841,0.020108833999999992,46.03238706989498
const-table,64,1x,2,0,True,436841,0.0530723,121.49111461607312
const-table,64,1x,2,1,True,436841,0.0540238,123.66925265714528
const-table,64,1x,2,2,False,436841,0.0533776,122.18999590239927
const-table,64,1x,2,3,False,436841,0.0529902,121.30317438152554
const-table,64,1x,2,4,False,436841,0.0536003,122.69979237296866
take-table,0,2-stackless,0,0,True,3986764,0.017939875,4.499858782711994
take-table,0,2-stackless,0,1,True,3986764,0.017944916,4.501123216724141
take-table,0,2-stackless,0,2,False,3986764,0.017901499999999994,4.4902331815979055
take-table,0,2-stackless,0,3,False,3986764,0.018078958,4.534744971109401
take-table,0,2-stackless,0,4,False,3986764,0.018632625,4.673621262758468
take-table,0,1x,0,0,True,3986764,0.0213893,5.365078043245098
take-table,0,1x,0,1,True,3986764,0.0214805,5.387953738922093
take-table,0,1x,0,2,False,3986764,0.0214712,5.385621019955031
take-table,0,1x,0,3,False,3986764,0.0216935,5.441380528167707
take-table,0,1x,0,4,False,3986764,0.0217751,5.461848255878703
take-table,0,2-stackless,1,0,True,3986764,0.018249875000000002,4.577616081614062
take-table,0,2-stackless,1,1,True,3986764,0.017985583,4.511323720190109
take-table,0,2-stackless,1,2,False,3986764,0.017920709,4.495051374999875
take-table,0,2-stackless,1,3,False,3986764,0.018014707999999997,4.5186291438369555
take-table,0,2-stackless,1,4,False,3986764,0.01791725000000001,4.494183754042128
take-table,0,1x,1,0,True,3986764,0.0203147,5.0955361290510295
take-table,0,1x,1,1,True,3986764,0.021069,5.284737195379511
take-table,0,1x,1,2,False,3986764,0.0206455,5.1785106918794295
take-table,0,1x,1,3,False,3986764,0.0206683,5.184229615798678
take-table,0,1x,1,4,False,3986764,0.0208813,5.237656405044292
take-table,0,1x,2,0,True,3986764,0.0206388,5.176830130903158
take-table,0,1x,2,1,True,3986764,0.0205326,5.150191985279289
take-table,0,1x,2,2,False,3986764,0.0209996,5.267329593625306
take-table,0,1x,2,3,False,3986764,0.0212086,5.319753062885087
take-table,0,1x,2,4,False,3986764,0.0206601,5.18217280982772
take-table,0,2-stackless,2,0,True,3986764,0.017927791,4.496827753034792
take-table,0,2-stackless,2,1,True,3986764,0.01793125,4.497695373992541
take-table,0,2-stackless,2,2,False,3986764,0.017874124999999998,4.483366710444861
take-table,0,2-stackless,2,3,False,3986764,0.018048166000000004,4.527021413858458
take-table,0,2-stackless,2,4,False,3986764,0.018235332999999992,4.573968511805563
const-seq,8,1x,0,0,True,2053916,0.103536,50.40907223080204
const-seq,8,1x,0,1,True,2053916,0.103387,50.336527881373925
const-seq,8,1x,0,2,False,2053916,0.103005,50.15054169693405
const-seq,8,1x,0,3,False,2053916,0.102724,50.01372987016022
const-seq,8,1x,0,4,False,2053916,0.102547,49.927553025537556
const-seq,8,2-stackless,0,0,True,2053916,0.0198615,9.670064403802298
const-seq,8,2-stackless,0,1,True,2053916,0.019972166,9.723944893559425
const-seq,8,2-stackless,0,2,False,2053916,0.01976625,9.623689576399425
const-seq,8,2-stackless,0,3,False,2053916,0.019276165999999997,9.385080013009294
const-seq,8,2-stackless,0,4,False,2053916,0.019628792000000006,9.556764736240433
const-seq,8,2-stackless,1,0,True,2053916,0.019395083,9.442977706975359
const-seq,8,2-stackless,1,1,True,2053916,0.019578166,9.532116211179035
const-seq,8,2-stackless,1,2,False,2053916,0.019969709000000002,9.722748642106106
const-seq,8,2-stackless,1,3,False,2053916,0.019511165999999996,9.4994955976778
const-seq,8,2-stackless,1,4,False,2053916,0.019548458000000005,9.517652133777625
const-seq,8,1x,1,0,True,2053916,0.103213,50.25181166123639
const-seq,8,1x,1,1,True,2053916,0.103081,50.18754418389067
const-seq,8,1x,1,2,False,2053916,0.102907,50.10282796375314
const-seq,8,1x,1,3,False,2053916,0.103043,50.16904294041236
const-seq,8,1x,1,4,False,2053916,0.10313,50.21140105048113
const-seq,8,1x,2,0,True,2053916,0.102788,50.04488985917632
const-seq,8,1x,2,1,True,2053916,0.102841,50.07069422508029
const-seq,8,1x,2,2,False,2053916,0.103333,50.310236640641584
const-seq,8,1x,2,3,False,2053916,0.103732,50.50449969716386
const-seq,8,1x,2,4,False,2053916,0.104128,50.697302129201
const-seq,8,2-stackless,2,0,True,2053916,0.019359625000000002,9.42571409931078
const-seq,8,2-stackless,2,1,True,2053916,0.019689332999999996,9.586240625225178
const-seq,8,2-stackless,2,2,False,2053916,0.019746042,9.61385080986759
const-seq,8,2-stackless,2,3,False,2053916,0.01975341600000001,9.617441024852043
const-seq,8,2-stackless,2,4,False,2053916,0.01975129199999999,9.61640690271656
make-table,256,1x,0,0,True,9933,0.0189338,1906.1512131279574
make-table,256,1x,0,1,True,9933,0.0182577,1838.0851706433102
make-table,256,1x,0,2,False,9933,0.0186296,1875.5260243632338
make-table,256,1x,0,3,False,9933,0.0186202,1874.5796838820095
make-table,256,1x,0,4,False,9933,0.0186713,1879.724151817175
make-table,256,2-stackless,0,0,True,9933,0.020253416,2039.0029195610591
make-table,256,2-stackless,0,1,True,9933,0.020514458000000003,2065.283197422733
make-table,256,2-stackless,0,2,False,9933,0.020125958,2026.1711466827746
make-table,256,2-stackless,0,3,False,9933,0.020179500000000003,2031.5614617940203
make-table,256,2-stackless,0,4,False,9933,0.022204583,2235.43571931944
make-table,256,2-stackless,1,0,True,9933,0.020473625,2061.172354777006
make-table,256,2-stackless,1,1,True,9933,0.021437208,2158.180610087587
make-table,256,2-stackless,1,2,False,9933,0.02082454200000001,2096.5007550588953
make-table,256,2-stackless,1,3,False,9933,0.02093858400000001,2107.981878586531
make-table,256,2-stackless,1,4,False,9933,0.020854458000000006,2099.512533977651
make-table,256,1x,1,0,True,9933,0.0232691,2342.6054565589448
make-table,256,1x,1,1,True,9933,0.0210025,2114.416591160777
make-table,256,1x,1,2,False,9933,0.0200452,2018.0408738548274
make-table,256,1x,1,3,False,9933,0.0209311,2107.2284304842447
make-table,256,1x,1,4,False,9933,0.0199642,2009.8862377932146
make-table,256,2-stackless,2,0,True,9933,0.020831500000000003,2097.2012483640397
make-table,256,2-stackless,2,1,True,9933,0.021124458000000002,2126.6946541830266
make-table,256,2-stackless,2,2,False,9933,0.021018208999999996,2115.9980871841335
make-table,256,2-stackless,2,3,False,9933,0.020588375000000006,2072.7247558642916
make-table,256,2-stackless,2,4,False,9933,0.021309707999999997,2145.344608879492
make-table,256,1x,2,0,True,9933,0.0197087,1984.1638981173865
make-table,256,1x,2,1,True,9933,0.0191477,1927.685492801772
make-table,256,1x,2,2,False,9933,0.0193917,1952.2500755058895
make-table,256,1x,2,3,False,9933,0.019329,1945.9377831470854
make-table,256,1x,2,4,False,9933,0.0199711,2010.5808919762408
update-string,256,1x,0,0,True,96324,0.0512643,532.2069266226486
update-string,256,1x,0,1,True,96324,0.0504633,523.8912420580541
update-string,256,1x,0,2,False,96324,0.0508184,527.5777583987376
update-string,256,1x,0,3,False,96324,0.0517273,537.0136206968149
update-string,256,1x,0,4,False,96324,0.0527304,547.4274324155973
update-string,256,2-stackless,0,0,True,96324,0.02074575,215.3746729786969
update-string,256,2-stackless,0,1,True,96324,0.020456083,212.36745774677132
update-string,256,2-stackless,0,2,False,96324,0.020381499999999997,211.5931647356837
update-string,256,2-stackless,0,3,False,96324,0.020906707999999996,217.04567916614755
update-string,256,2-stackless,0,4,False,96324,0.020129958000000003,208.98174909679835
update-string,256,2-stackless,1,0,True,96324,0.020205417,209.76513641460073
update-string,256,2-stackless,1,1,True,96324,0.020302333,210.77128233877332
update-string,256,2-stackless,1,2,False,96324,0.020402750000000004,211.81377434491927
update-string,256,2-stackless,1,3,False,96324,0.020916709000000006,217.14950583447535
update-string,256,2-stackless,1,4,False,96324,0.020350207999999995,211.268302811345
update-string,256,1x,1,0,True,96324,0.0514397,534.02786429135
update-string,256,1x,1,1,True,96324,0.0515736,535.4179643702504
update-string,256,1x,1,2,False,96324,0.0510517,529.9997923674266
update-string,256,1x,1,3,False,96324,0.0521076,540.9617540799801
update-string,256,1x,1,4,False,96324,0.051092,530.4181720028238
update-string,256,1x,2,0,True,96324,0.0511765,531.2954196254308
update-string,256,1x,2,1,True,96324,0.0516442,536.1509073543458
update-string,256,1x,2,2,False,96324,0.051446,534.0932685519705
update-string,256,1x,2,3,False,96324,0.0515531,535.2051409825174
update-string,256,1x,2,4,False,96324,0.0520465,540.3274365682488
update-string,256,2-stackless,2,0,True,96324,0.0205015,212.83896017607242
update-string,256,2-stackless,2,1,True,96324,0.020589792,213.75557493459573
update-string,256,2-stackless,2,2,False,96324,0.020349584000000004,211.26182467505507
update-string,256,2-stackless,2,3,False,96324,0.019998207999999996,207.6139695195382
update-string,256,2-stackless,2,4,False,96324,0.020101375000000005,208.68501100452642
get-int,64,2-stackless,0,0,True,423805,0.020423417,48.19059945021885
get-int,64,2-stackless,0,1,True,423805,0.019913875,46.98829650428853
get-int,64,2-stackless,0,2,False,423805,0.020095833,47.41764018829414
get-int,64,2-stackless,0,3,False,423805,0.019933375000000003,47.03430823138001
get-int,64,2-stackless,0,4,False,423805,0.019512833000000007,46.04200752704666
get-int,64,1x,0,0,True,423805,0.0246269,58.10903599532804
get-int,64,1x,0,1,True,423805,0.0244737,57.74754899069147
get-int,64,1x,0,2,False,423805,0.0249869,58.958483264709
get-int,64,1x,0,3,False,423805,0.025076,59.16872146388079
get-int,64,1x,0,4,False,423805,0.0254075,59.95092082443577
get-int,64,1x,1,0,True,423805,0.0253258,59.758143485801256
get-int,64,1x,1,1,True,423805,0.0244261,57.635233185073325
get-int,64,1x,1,2,False,423805,0.0249912,58.96862944042661
get-int,64,1x,1,3,False,423805,0.0248848,58.71757058080957
get-int,64,1x,1,4,False,423805,0.0246376,58.13428345583464
get-int,64,2-stackless,1,0,True,423805,0.020097167,47.42078786234235
get-int,64,2-stackless,1,1,True,423805,0.020431042,48.20859121529949
get-int,64,2-stackless,1,2,False,423805,0.020229458,47.73293849765812
get-int,64,2-stackless,1,3,False,423805,0.020650958000000004,48.72749967555834
get-int,64,2-stackless,1,4,False,423805,0.020314042000000004,47.932520852750685
get-int,64,1x,2,0,True,423805,0.0251764,59.405622869008155
get-int,64,1x,2,1,True,423805,0.0251698,59.3900496690695
get-int,64,1x,2,2,False,423805,0.025593,60.38862212574179
get-int,64,1x,2,3,False,423805,0.0263118,62.084685173605784
get-int,64,1x,2,4,False,423805,0.0252488,59.576456153183656
get-int,64,2-stackless,2,0,True,423805,0.020117,47.467585328157995
get-int,64,2-stackless,2,1,True,423805,0.020239082999999998,47.755649414235315
get-int,64,2-stackless,2,2,False,423805,0.019970792,47.12259647715341
get-int,64,2-stackless,2,3,False,423805,0.020319792000000003,47.94608841330329
get-int,64,2-stackless,2,4,False,423805,0.020009542000000005,47.21403003739928
do-int,256,1x,0,0,True,99279,0.244638,2464.146496237875
do-int,256,1x,0,1,True,99279,0.245307,2470.8850814371617
do-int,256,1x,0,2,False,99279,0.244645,2464.217004603189
do-int,256,1x,0,3,False,99279,0.245199,2469.7972380866045
do-int,256,1x,0,4,False,99279,0.2462,2479.879934326494
do-int,256,2-stackless,0,0,True,99279,0.02031525,204.62786692049679
do-int,256,2-stackless,0,1,True,99279,0.020361833000000003,205.0970799464137
do-int,256,2-stackless,0,2,False,99279,0.020290583,204.37940551375416
do-int,256,2-stackless,0,3,False,99279,0.020301999999999994,204.49440465758107
do-int,256,2-stackless,0,4,False,99279,0.020472875,206.21556421801188
do-int,256,2-stackless,1,0,True,99279,0.020186208,203.32807542380564
do-int,256,2-stackless,1,1,True,99279,0.020239709,203.86697085989988
do-int,256,2-stackless,1,2,False,99279,0.020477958999999997,206.26677343647697
do-int,256,2-stackless,1,3,False,99279,0.020075417000000005,202.21211938073515
do-int,256,2-stackless,1,4,False,99279,0.020295584000000005,204.42977870445918
do-int,256,1x,1,0,True,99279,0.257051,2589.1779731866754
do-int,256,1x,1,1,True,99279,0.257577,2594.476173208836
do-int,256,1x,1,2,False,99279,0.263008,2649.1805920688166
do-int,256,1x,1,3,False,99279,0.263613,2655.2745293566613
do-int,256,1x,1,4,False,99279,0.262937,2648.4654357920604
do-int,256,1x,2,0,True,99279,0.255129,2569.8183905961987
do-int,256,1x,2,1,True,99279,0.255805,2576.627484160799
do-int,256,1x,2,2,False,99279,0.257179,2590.467269009559
do-int,256,1x,2,3,False,99279,0.255311,2571.65160809436
do-int,256,1x,2,4,False,99279,0.256207,2580.6766788545415
do-int,256,2-stackless,2,0,True,99279,0.020394375,205.42486326413442
do-int,256,2-stackless,2,1,True,99279,0.020524375,206.73430433424994
do-int,256,2-stackless,2,2,False,99279,0.020626541999999998,207.7633940712537
do-int,256,2-stackless,2,3,False,99279,0.020666375,208.16461688776076
do-int,256,2-stackless,2,4,False,99279,0.020567000000000002,207.16364991589364
assign-string,8,2-stackless,0,0,True,611621,0.022231375,36.348285948324204
assign-string,8,2-stackless,0,1,True,611621,0.022771749999999997,37.2317987773474
assign-string,8,2-stackless,0,2,False,611621,0.024380083000000004,39.86142235142352
assign-string,8,2-stackless,0,3,False,611621,0.022564874999999998,36.89355826565797
assign-string,8,2-stackless,0,4,False,611621,0.024122916000000008,39.44095444728027
assign-string,8,1x,0,0,True,611621,0.0512425,83.78145943321108
assign-string,8,1x,0,1,True,611621,0.0519942,85.01048852148635
assign-string,8,1x,0,2,False,611621,0.0488475,79.86563574501203
assign-string,8,1x,0,3,False,611621,0.0513658,83.98305486567662
assign-string,8,1x,0,4,False,611621,0.0479709,78.4323952251476
assign-string,8,2-stackless,1,0,True,611621,0.025121083000000002,41.072956945559426
assign-string,8,2-stackless,1,1,True,611621,0.02371875,38.78014325865201
assign-string,8,2-stackless,1,2,False,611621,0.023828334,38.959313038630135
assign-string,8,2-stackless,1,3,False,611621,0.026083416999999998,42.646372508465205
assign-string,8,2-stackless,1,4,False,611621,0.02657541699999999,43.45079223898458
assign-string,8,1x,1,0,True,611621,0.051621,84.40030672589725
assign-string,8,1x,1,1,True,611621,0.0519027,84.86088607160316
assign-string,8,1x,1,2,False,611621,0.0520289,85.06722300248029
assign-string,8,1x,1,3,False,611621,0.0516724,84.48434569774419
assign-string,8,1x,1,4,False,611621,0.0515686,84.31463275459802
assign-string,8,2-stackless,2,0,True,611621,0.026966875,44.09082585457334
assign-string,8,2-stackless,2,1,True,611621,0.026316041999999998,43.02671425605072
assign-string,8,2-stackless,2,2,False,611621,0.025035167000000004,40.932484332617754
assign-string,8,2-stackless,2,3,False,611621,0.024158958000000008,39.499883097539175
assign-string,8,2-stackless,2,4,False,611621,0.026529790999999983,43.37619375397506
assign-string,8,1x,2,0,True,611621,0.051568,84.31365175492667
assign-string,8,1x,2,1,True,611621,0.0513949,84.03063334973783
assign-string,8,1x,2,2,False,611621,0.0516323,84.41878221970795
assign-string,8,1x,2,3,False,611621,0.0526927,86.15253563890056
assign-string,8,1x,2,4,False,611621,0.0513076,83.88789789755421
update-seq,256,1x,0,0,True,96054,0.0580711,604.5672226039519
update-seq,256,1x,0,1,True,96054,0.0586849,610.9573781414621
update-seq,256,1x,0,2,False,96054,0.0580691,604.5464009827805
update-seq,256,1x,0,3,False,96054,0.0579601,603.4116226289378
update-seq,256,1x,0,4,False,96054,0.0582556,606.4880171570159
update-seq,256,2-stackless,0,0,True,96054,0.020114958,209.41301767755638
update-seq,256,2-stackless,0,1,True,96054,0.020099582999999997,209.25295146480101
update-seq,256,2-stackless,0,2,False,96054,0.020549957999999993,213.9417202823411
update-seq,256,2-stackless,0,3,False,96054,0.020185708000000004,210.14958252649555
update-seq,256,2-stackless,0,4,False,96054,0.020239083000000005,210.70525954150793
update-seq,256,1x,1,0,True,96054,0.060022,624.8776729756179
update-seq,256,1x,1,1,True,96054,0.0590936,615.2122764278427
update-seq,256,1x,1,2,False,96054,0.0586652,610.7522851729235
update-seq,256,1x,1,3,False,96054,0.0592254,616.5844212630395
update-seq,256,1x,1,4,False,96054,0.0580935,604.8004247610719
update-seq,256,2-stackless,1,0,True,96054,0.020354042,211.9020759156308
update-seq,256,2-stackless,1,1,True,96054,0.020281916999999997,211.15119620213625
update-seq,256,2-stackless,1,2,False,96054,0.020144333,209.71883523851167
update-seq,256,2-stackless,1,3,False,96054,0.020315374999999997,211.49952110271303
update-seq,256,2-stackless,1,4,False,96054,0.020377041999999998,212.14152455910212
update-seq,256,1x,2,0,True,96054,0.0589512,613.7297770004373
update-seq,256,1x,2,1,True,96054,0.0582784,606.7253836383701
update-seq,256,1x,2,2,False,96054,0.0594066,618.4708601411706
update-seq,256,1x,2,3,False,96054,0.0580849,604.7108917900348
update-seq,256,1x,2,4,False,96054,0.0589298,613.506985653903
update-seq,256,2-stackless,2,0,True,96054,0.020129417,209.56354758781518
update-seq,256,2-stackless,2,1,True,96054,0.019911375,207.29355362608533
update-seq,256,2-stackless,2,2,False,96054,0.020264250000000004,210.96726841151855
update-seq,256,2-stackless,2,3,False,96054,0.02053704199999999,213.80725425281605
update-seq,256,2-stackless,2,4,False,96054,0.020465082999999995,213.05810273387883
get-int,0,2-stackless,0,0,True,3861601,0.017393875,4.504316991838359
get-int,0,2-stackless,0,1,True,3861601,0.017386916000000002,4.5025148895496985
get-int,0,2-stackless,0,2,False,3861601,0.017371332999999996,4.498479516656433
get-int,0,2-stackless,0,3,False,3861601,0.017529542000000002,4.539449311308963
get-int,0,2-stackless,0,4,False,3861601,0.017736249999999995,4.592978404552929
get-int,0,1x,0,0,True,3861601,0.0205671,5.326055177632282
get-int,0,1x,0,1,True,3861601,0.0204997,5.308601277035095
get-int,0,1x,0,2,False,3861601,0.0209131,5.415655320163839
get-int,0,1x,0,3,False,3861601,0.0205532,5.32245563433405
get-int,0,1x,0,4,False,3861601,0.0204954,5.307487749252188
get-int,0,2-stackless,1,0,True,3861601,0.0177365,4.593043144540308
get-int,0,2-stackless,1,1,True,3861601,0.017356041,4.494519501108478
get-int,0,2-stackless,1,2,False,3861601,0.017515999999999997,4.535942475672654
get-int,0,2-stackless,1,3,False,3861601,0.017519624999999997,4.536881205489639
get-int,0,2-stackless,1,4,False,3861601,0.017482958000000007,4.5273859210208425
get-int,0,1x,1,0,True,3861601,0.020204,5.232026819964052
get-int,0,1x,1,1,True,3861601,0.020575,5.328100961233437
get-int,0,1x,1,2,False,3861601,0.0205052,5.3100255567574175
get-int,0,1x,1,3,False,3861601,0.0203444,5.2683847968757
get-int,0,1x,1,4,False,3861601,0.0203612,5.272735324027521
get-int,0,2-stackless,2,0,True,3861601,0.01733625,4.489394424747663
get-int,0,2-stackless,2,1,True,3861601,0.017391375,4.503669591964576
get-int,0,2-stackless,2,2,False,3861601,0.017452791000000002,4.519573876223878
get-int,0,2-stackless,2,3,False,3861601,0.017714207999999995,4.58727040934576
get-int,0,2-stackless,2,4,False,3861601,0.017513958999999996,4.535413938415697
get-int,0,1x,2,0,True,3861601,0.0199397,5.163583705307721
get-int,0,1x,2,1,True,3861601,0.0197682,5.1191720739662125
get-int,0,1x,2,2,False,3861601,0.0198019,5.127899024264806
get-int,0,1x,2,3,False,3861601,0.0203801,5.27762966707332
get-int,0,1x,2,4,False,3861601,0.020252,5.244456897540683
get-seq,64,2-stackless,0,0,True,429877,0.020853083,48.50941781021083
get-seq,64,2-stackless,0,1,True,429877,0.020972083000000002,48.78624118061679
get-seq,64,2-stackless,0,2,False,429877,0.020183041999999998,46.95073707130179
get-seq,64,2-stackless,0,3,False,429877,0.020186166999999998,46.95800659258345
get-seq,64,2-stackless,0,4,False,429877,0.020213999999999996,47.02275302004991
get-seq,64,1x,0,0,True,429877,0.0430887,100.23495092782355
get-seq,64,1x,0,1,True,429877,0.04226,98.30719019626544
get-seq,64,1x,0,2,False,429877,0.0428021,99.56824859203911
get-seq,64,1x,0,3,False,429877,0.0429092,99.81738962540447
get-seq,64,1x,0,4,False,429877,0.0427893,99.5384726328694
get-seq,64,1x,1,0,True,429877,0.042777,99.50985979710475
get-seq,64,1x,1,1,True,429877,0.042666,99.25164640117987
get-seq,64,1x,1,2,False,429877,0.0425872,99.06833815254132
get-seq,64,1x,1,3,False,429877,0.0426199,99.1444064232327
get-seq,64,1x,1,4,False,429877,0.0427668,99.48613207964138
get-seq,64,2-stackless,1,0,True,429877,0.020310208,47.246556573159296
get-seq,64,2-stackless,1,1,True,429877,0.020348625000000002,47.33592399686423
get-seq,64,2-stackless,1,2,False,429877,0.020864708000000003,48.53646042937864
get-seq,64,2-stackless,1,3,False,429877,0.020212374999999998,47.01897286898345
get-seq,64,2-stackless,1,4,False,429877,0.020544542,47.791675293165255
get-seq,64,1x,2,0,True,429877,0.0421826,98.12713869316107
get-seq,64,1x,2,1,True,429877,0.0430165,100.06699590813186
get-seq,64,1x,2,2,False,429877,0.0422667,98.32277604989333
get-seq,64,1x,2,3,False,429877,0.0427966,99.55545423458338
get-seq,64,1x,2,4,False,429877,0.0429146,99.8299513581792
get-seq,64,2-stackless,2,0,True,429877,0.019931667,46.36597677940434
get-seq,64,2-stackless,2,1,True,429877,0.020390166999999997,47.4325609418508
get-seq,64,2-stackless,2,2,False,429877,0.020763125,48.300153299664785
get-seq,64,2-stackless,2,3,False,429877,0.02065908300000001,48.058125929044834
get-seq,64,2-stackless,2,4,False,429877,0.020267084000000005,47.14623950571909
update-string,64,2-stackless,0,0,True,312786,0.020141542000000002,64.3940010102754
update-string,64,2-stackless,0,1,True,312786,0.020386084,65.175819889637
update-string,64,2-stackless,0,2,False,312786,0.019960791999999998,63.8161298779357
update-string,64,2-stackless,0,3,False,312786,0.019715541999999996,63.032047470155305
update-string,64,2-stackless,0,4,False,312786,0.019689417,62.94852391091673
update-string,64,1x,0,0,True,312786,0.0424771,135.8024336127576
update-string,64,1x,0,1,True,312786,0.0421147,134.64381398144417
update-string,64,1x,0,2,False,312786,0.0425412,136.0073660585832
update-string,64,1x,0,3,False,312786,0.0427722,136.74589016132435
update-string,64,1x,0,4,False,312786,0.0426965,136.5038716566598
update-string,64,2-stackless,1,0,True,312786,0.020005958,63.96052892392882
update-string,64,2-stackless,1,1,True,312786,0.019512749999999995,62.383706431873534
update-string,64,2-stackless,1,2,False,312786,0.019929166999999998,63.715022411488995
update-string,64,2-stackless,1,3,False,312786,0.019552583000000005,62.51105548202286
update-string,64,2-stackless,1,4,False,312786,0.019485165999999998,62.29551834161376
update-string,64,1x,1,0,True,312786,0.0420153,134.32602482208284
update-string,64,1x,1,1,True,312786,0.0436821,139.65490782835548
update-string,64,1x,1,2,False,312786,0.042084,134.5456638084825
update-string,64,1x,1,3,False,312786,0.0425797,136.13045340904006
update-string,64,1x,1,4,False,312786,0.0422953,135.22120555267819
update-string,64,1x,2,0,True,312786,0.0431715,138.0224818246341
update-string,64,1x,2,1,True,312786,0.0437363,139.82818924120645
update-string,64,1x,2,2,False,312786,0.0443339,141.73876068621996
update-string,64,1x,2,3,False,312786,0.0429077,137.17909369345176
update-string,64,1x,2,4,False,312786,0.0430228,137.5470769152072
update-string,64,2-stackless,2,0,True,312786,0.02016575,64.47139577858344
update-string,64,2-stackless,2,1,True,312786,0.0200075,63.96545881209517
update-string,64,2-stackless,2,2,False,312786,0.01995575,63.80001023063692
update-string,64,2-stackless,2,3,False,312786,0.020319875000000008,64.96414481466564
update-string,64,2-stackless,2,4,False,312786,0.020307166,64.9235132007187
const-table,8,2-stackless,0,0,True,1972873,0.0197535,10.012555293726459
const-table,8,2-stackless,0,1,True,1972873,0.019725541999999995,9.998384082503028
const-table,8,2-stackless,0,2,False,1972873,0.019824750000000002,10.048670137408745
const-table,8,2-stackless,0,3,False,1972873,0.01974575,10.008627012483824
const-table,8,2-stackless,0,4,False,1972873,0.020559707999999996,10.421201972960244
const-table,8,1x,0,0,True,1972873,0.144944,73.46848986224659
const-table,8,1x,0,1,True,1972873,0.145586,73.79390361163644
const-table,8,1x,0,2,False,1972873,0.150939,76.507205481549
const-table,8,1x,0,3,False,1972873,0.144107,73.04423548804206
const-table,8,1x,0,4,False,1972873,0.152188,77.14029235536195
const-table,8,1x,1,0,True,1972873,0.143668,72.82171736345929
const-table,8,1x,1,1,True,1972873,0.145944,73.97536486129619
const-table,8,1x,1,2,False,1972873,0.149745,75.90199673268376
const-table,8,1x,1,3,False,1972873,0.146333,74.1725392359265
const-table,8,1x,1,4,False,1972873,0.141978,71.96509861506544
const-table,8,2-stackless,1,0,True,1972873,0.01997975,10.127235762261433
const-table,8,2-stackless,1,1,True,1972873,0.019837124999999997,10.05494271552198
const-table,8,2-stackless,1,2,False,1972873,0.019737040999999997,10.0042126381171
const-table,8,2-stackless,1,3,False,1972873,0.019681082999999995,9.975848926920282
const-table,8,2-stackless,1,4,False,1972873,0.019786082999999996,10.02907080182049
const-table,8,1x,2,0,True,1972873,0.145644,73.82330236158131
const-table,8,1x,2,1,True,1972873,0.146406,74.20954111085712
const-table,8,1x,2,2,False,1972873,0.143521,72.74720673859899
const-table,8,1x,2,3,False,1972873,0.144414,73.1998461127503
const-table,8,1x,2,4,False,1972873,0.144007,72.9935479881371
const-table,8,2-stackless,2,0,True,1972873,0.020149792,10.213425800849826
const-table,8,2-stackless,2,1,True,1972873,0.020612167000000004,10.447792128535392
const-table,8,2-stackless,2,2,False,1972873,0.020069916,10.17293865342574
const-table,8,2-stackless,2,3,False,1972873,0.02076295899999999,10.524224823392073
const-table,8,2-stackless,2,4,False,1972873,0.020207708000000005,10.242781973294786
add-float4,64,2-stackless,0,0,True,334285,0.022924167000000002,68.57671448015915
add-float4,64,2-stackless,0,1,True,334285,0.022718582999999997,67.96171829426984
add-float4,64,2-stackless,0,2,False,334285,0.022692375,67.88331812674814
add-float4,64,2-stackless,0,3,False,334285,0.023153167000000002,69.26175867897155
add-float4,64,2-stackless,0,4,False,334285,0.022956917000000007,68.67468477496749
add-float4,64,1x,0,0,True,334285,0.0209278,62.604663685178814
add-float4,64,1x,0,1,True,334285,0.0205318,61.42004576932857
add-float4,64,1x,0,2,False,334285,0.0206682,61.82808082923254
add-float4,64,1x,0,3,False,334285,0.0205017,61.33000284188641
add-float4,64,1x,0,4,False,334285,0.0202718,60.64226632962891
add-float4,64,1x,1,0,True,334285,0.0217297,65.00351496477556
add-float4,64,1x,1,1,True,334285,0.0210069,62.84128812241052
add-float4,64,1x,1,2,False,334285,0.0206504,61.77483285220695
add-float4,64,1x,1,3,False,334285,0.0204541,61.187609375233706
add-float4,64,1x,1,4,False,334285,0.0204955,61.31145579370896
add-float4,64,2-stackless,1,0,True,334285,0.022594417,67.59028074846314
add-float4,64,2-stackless,1,1,True,334285,0.022994125,68.78599099570725
add-float4,64,2-stackless,1,2,False,334285,0.023213041000000004,69.44086931809684
add-float4,64,2-stackless,1,3,False,334285,0.022854709,68.36893369430277
add-float4,64,2-stackless,1,4,False,334285,0.022497917000000006,67.30160491795925
add-float4,64,1x,2,0,True,334285,0.0201663,60.32666736467386
add-float4,64,1x,2,1,True,334285,0.0199592,59.707136126359245
add-float4,64,1x,2,2,False,334285,0.0206372,61.735345588345275
add-float4,64,1x,2,3,False,334285,0.0205423,61.4514560928549
add-float4,64,1x,2,4,False,334285,0.0207163,61.97197002557698
add-float4,64,2-stackless,2,0,True,334285,0.022800833,68.20776582855946
add-float4,64,2-stackless,2,1,True,334285,0.022479874999999996,67.24763300776283
add-float4,64,2-stackless,2,2,False,334285,0.022652792000000005,67.76490718997263
add-float4,64,2-stackless,2,3,False,334285,0.023223667000000003,69.47265656550549
add-float4,64,2-stackless,2,4,False,334285,0.022468249999999995,67.2128572924301
assign-string,256,1x,0,0,True,21354,0.042677,1998.5482813524397
assign-string,256,1x,0,1,True,21354,0.0420234,1967.9404327058162
assign-string,256,1x,0,2,False,21354,0.0420174,1967.6594549030626
assign-string,256,1x,0,3,False,21354,0.0437738,2049.9110236957945
assign-string,256,1x,0,4,False,21354,0.0424519,1988.0069307858012
assign-string,256,2-stackless,0,0,True,21354,0.020184708000000003,945.2424838437765
assign-string,256,2-stackless,0,1,True,21354,0.020868208000000003,977.2505385407887
assign-string,256,2-stackless,0,2,False,21354,0.019938542000000004,933.7146202116701
assign-string,256,2-stackless,0,3,False,21354,0.020008208000000006,936.9770534794421
assign-string,256,2-stackless,0,4,False,21354,0.02012483300000001,942.4385595204649
assign-string,256,1x,1,0,True,21354,0.0419553,1964.751334644563
assign-string,256,1x,1,1,True,21354,0.0428516,2006.724735412569
assign-string,256,1x,1,2,False,21354,0.0439165,2056.593612437951
assign-string,256,1x,1,3,False,21354,0.042445,1987.6838063126347
assign-string,256,1x,1,4,False,21354,0.0422479,1978.4536854921794
assign-string,256,2-stackless,1,0,True,21354,0.020102792,941.4063875620493
assign-string,256,2-stackless,1,1,True,21354,0.020166624999999997,944.3956635759107
assign-string,256,2-stackless,1,2,False,21354,0.020679125000000007,968.3958508944463
assign-string,256,2-stackless,1,3,False,21354,0.020312416000000007,951.2230027161191
assign-string,256,2-stackless,1,4,False,21354,0.019948042,934.1595017326964
assign-string,256,1x,2,0,True,21354,0.0426731,1998.36564578065
assign-string,256,1x,2,1,True,21354,0.0423888,1985.0519808935094
assign-string,256,1x,2,2,False,21354,0.0420923,1971.1669944741031
assign-string,256,1x,2,3,False,21354,0.0421104,1972.0146108457432
assign-string,256,1x,2,4,False,21354,0.0432446,2025.1287814929287
assign-string,256,2-stackless,2,0,True,21354,0.020161250000000002,944.1439542942776
assign-string,256,2-stackless,2,1,True,21354,0.019922709,932.973166619837
assign-string,256,2-stackless,2,2,False,21354,0.02001775,937.4239018450876
assign-string,256,2-stackless,2,3,False,21354,0.019967832999999997,935.086307015079
assign-string,256,2-stackless,2,4,False,21354,0.020805375,974.3080921607193
push-shared-seq,64,2-stackless,0,0,True,86693,0.033409083,385.3723253319184
push-shared-seq,64,2-stackless,0,1,True,86693,0.03315779199999999,382.473694531277
push-shared-seq,64,2-stackless,0,2,False,86693,0.03345591699999999,385.9125534933615
push-shared-seq,64,2-stackless,0,3,False,86693,0.03372625000000001,389.0308329392225
push-shared-seq,64,2-stackless,0,4,False,86693,0.033518750000000014,386.63732942682816
push-shared-seq,64,1x,0,0,True,86693,0.0212609,245.2435606104299
push-shared-seq,64,1x,0,1,True,86693,0.0215656,248.7582619127265
push-shared-seq,64,1x,0,2,False,86693,0.021485,247.82854440381576
push-shared-seq,64,1x,0,3,False,86693,0.0211522,243.98971081863587
push-shared-seq,64,1x,0,4,False,86693,0.0209262,241.38281060754616
push-shared-seq,64,1x,1,0,True,86693,0.0220755,254.6399363270391
push-shared-seq,64,1x,1,1,True,86693,0.0212956,245.64382360744236
push-shared-seq,64,1x,1,2,False,86693,0.0214181,247.05685580150646
push-shared-seq,64,1x,1,3,False,86693,0.0216687,249.94751594707762
push-shared-seq,64,1x,1,4,False,86693,0.021342,246.17904559768377
push-shared-seq,64,2-stackless,1,0,True,86693,0.03377875,389.6364181652498
push-shared-seq,64,2-stackless,1,1,True,86693,0.033708417000000004,388.82513005663674
push-shared-seq,64,2-stackless,1,2,False,86693,0.03418,394.26481953560267
push-shared-seq,64,2-stackless,1,3,False,86693,0.03352908299999999,386.7565201342668
push-shared-seq,64,2-stackless,1,4,False,86693,0.033400083,385.2685107217422
push-shared-seq,64,1x,2,0,True,86693,0.0217562,250.9568246571234
push-shared-seq,64,1x,2,1,True,86693,0.022015,253.94207144752173
push-shared-seq,64,1x,2,2,False,86693,0.0212065,244.61605896669857
push-shared-seq,64,1x,2,3,False,86693,0.0217618,251.02142041456634
push-shared-seq,64,1x,2,4,False,86693,0.0218982,252.59478850656916
push-shared-seq,64,2-stackless,2,0,True,86693,0.034010541,392.3101173105095
push-shared-seq,64,2-stackless,2,1,True,86693,0.033865457999999994,390.6365911896
push-shared-seq,64,2-stackless,2,2,False,86693,0.034240375,394.9612425455342
push-shared-seq,64,2-stackless,2,3,False,86693,0.03405533299999999,392.82679109039935
push-shared-seq,64,2-stackless,2,4,False,86693,0.034375250000000024,396.5170198285908
assign-int,64,2-stackless,0,0,True,173068,0.024748292,142.9975038713107
assign-int,64,2-stackless,0,1,True,173068,0.024523165999999996,141.69670880809852
assign-int,64,2-stackless,0,2,False,173068,0.024491625000000003,141.51446252340122
assign-int,64,2-stackless,0,3,False,173068,0.024783083999999997,143.19853468001014
assign-int,64,2-stackless,0,4,False,173068,0.024473874999999992,141.41190168026435
assign-int,64,1x,0,0,True,173068,0.0212758,122.93318233295584
assign-int,64,1x,0,1,True,173068,0.0213751,123.50694524695496
assign-int,64,1x,0,2,False,173068,0.0215101,124.28698546236161
assign-int,64,1x,0,3,False,173068,0.0218338,126.15734855663669
assign-int,64,1x,0,4,False,173068,0.0217384,125.60612013774933
assign-int,64,1x,1,0,True,173068,0.0218169,126.05969907781912
assign-int,64,1x,1,1,True,173068,0.021462,124.00906002265006
assign-int,64,1x,1,2,False,173068,0.0214824,124.12693276631151
assign-int,64,1x,1,3,False,173068,0.0215548,124.54526544479627
assign-int,64,1x,1,4,False,173068,0.0215428,124.47592853676012
assign-int,64,2-stackless,1,0,True,173068,0.024964,144.24388101786582
assign-int,64,2-stackless,1,1,True,173068,0.024408666,141.0351191439203
assign-int,64,2-stackless,1,2,False,173068,0.024473709000000003,141.41094251970327
assign-int,64,2-stackless,1,3,False,173068,0.024519916000000003,141.67793006217212
assign-int,64,2-stackless,1,4,False,173068,0.025130208,145.20424341877182
assign-int,64,2-stackless,2,0,True,173068,0.024653333000000003,142.44882358379368
assign-int,64,2-stackless,2,1,True,173068,0.024792082999999996,143.2505315829616
assign-int,64,2-stackless,2,2,False,173068,0.024332749999999993,140.5964707513809
assign-int,64,2-stackless,2,3,False,173068,0.024758332999999993,143.0555215291099
assign-int,64,2-stackless,2,4,False,173068,0.024670665999999994,142.54897496937616
assign-int,64,1x,2,0,True,173068,0.021844,126.21628492846742
assign-int,64,1x,2,1,True,173068,0.0215554,124.54873229019807
assign-int,64,1x,2,2,False,173068,0.0209719,121.1772251369404
assign-int,64,1x,2,3,False,173068,0.0212812,122.9643839415721
assign-int,64,1x,2,4,False,173068,0.021744,125.63847736149953
get-string,256,1x,0,0,True,135720,0.0300758,221.60182729148246
get-string,256,1x,0,1,True,135720,0.0297133,218.93088712054228
get-string,256,1x,0,2,False,135720,0.0296687,218.60226937813144
get-string,256,1x,0,3,False,135720,0.0293978,216.6062481579723
get-string,256,1x,0,4,False,135720,0.0301737,222.32316534040672
get-string,256,2-stackless,0,0,True,135720,0.020640208,152.07933981727086
get-string,256,2-stackless,0,1,True,135720,0.020542041999999996,151.35604185086942
get-string,256,2-stackless,0,2,False,135720,0.020220833,148.98933834364868
get-string,256,2-stackless,0,3,False,135720,0.020297416999999998,149.55361774241084
get-string,256,2-stackless,0,4,False,135720,0.021152417000000007,155.8533524904215
get-string,256,2-stackless,1,0,True,135720,0.020095667,148.06710138520484
get-string,256,2-stackless,1,1,True,135720,0.020060375000000002,147.8070660182729
get-string,256,2-stackless,1,2,False,135720,0.020651833,152.16499410551134
get-string,256,2-stackless,1,3,False,135720,0.020154000000000005,148.49690539345715
get-string,256,2-stackless,1,4,False,135720,0.021028917000000008,154.94339080459775
get-string,256,1x,1,0,True,135720,0.0305451,225.05968169761275
get-string,256,1x,1,1,True,135720,0.0301709,222.30253463012085
get-string,256,1x,1,2,False,135720,0.0293517,216.26657824933687
get-string,256,1x,1,3,False,135720,0.0303357,223.51679929266137
get-string,256,1x,1,4,False,135720,0.030892,227.61567933981726
get-string,256,1x,2,0,True,135720,0.0312369,230.15694076038903
get-string,256,1x,2,1,True,135720,0.0300982,221.76687297376952
get-string,256,1x,2,2,False,135720,0.0301818,222.38284703801946
get-string,256,1x,2,3,False,135720,0.0297859,219.46581196581195
get-string,256,1x,2,4,False,135720,0.0300448,221.3734158561745
get-string,256,2-stackless,2,0,True,135720,0.019730625,145.3774314765694
get-string,256,2-stackless,2,1,True,135720,0.02043075,150.53603006189212
get-string,256,2-stackless,2,2,False,135720,0.020480791999999998,150.90474506336574
get-string,256,2-stackless,2,3,False,135720,0.019838625,146.17318744473917
get-string,256,2-stackless,2,4,False,135720,0.02017770799999999,148.67158856469194
update-int,0,1x,0,0,True,4593267,0.0238845,5.199893670452861
update-int,0,1x,0,1,True,4593267,0.0237976,5.1809746744528455
update-int,0,1x,0,2,False,4593267,0.0238855,5.200111380418338
update-int,0,1x,0,3,False,4593267,0.0242906,5.288305687433367
update-int,0,1x,0,4,False,4593267,0.0239516,5.2145020091364165
update-int,0,2-stackless,0,0,True,4593267,0.020554458,4.474910341593467
update-int,0,2-stackless,0,1,True,4593267,0.020714042,4.5096533687242655
update-int,0,2-stackless,0,2,False,4593267,0.020641,4.493751397425841
update-int,0,2-stackless,0,3,False,4593267,0.021199000000000003,4.615233558162416
update-int,0,2-stackless,0,4,False,4593267,0.020839542000000003,4.5369759693917215
update-int,0,1x,1,0,True,4593267,0.0237479,5.170154489168603
update-int,0,1x,1,1,True,4593267,0.0238065,5.1829122931455975
update-int,0,1x,1,2,False,4593267,0.0234096,5.096503207847486
update-int,0,1x,1,3,False,4593267,0.0237985,5.181170613421775
update-int,0,1x,1,4,False,4593267,0.0233971,5.093781833279015
update-int,0,2-stackless,1,0,True,4593267,0.020734417,4.514089209270874
update-int,0,2-stackless,1,1,True,4593267,0.020749540999999996,4.517381854788758
update-int,0,2-stackless,1,2,False,4593267,0.020906374999999998,4.551526179514493
update-int,0,2-stackless,1,3,False,4593267,0.020859834000000008,4.5413937400111966
update-int,0,2-stackless,1,4,False,4593267,0.020748000000000003,4.517046363731959
update-int,0,2-stackless,2,0,True,4593267,0.020663,4.498541016666351
update-int,0,2-stackless,2,1,True,4593267,0.020781417000000003,4.524321577648328
update-int,0,2-stackless,2,2,False,4593267,0.020743875000000002,4.516148310124363
update-int,0,2-stackless,2,3,False,4593267,0.02062912499999999,4.491166091585791
update-int,0,2-stackless,2,4,False,4593267,0.021143375000000006,4.603123441332717
update-int,0,1x,2,0,True,4593267,0.0249561,5.433191669458797
update-int,0,1x,2,1,True,4593267,0.0246174,5.359453304151489
update-int,0,1x,2,2,False,4593267,0.0246389,5.36413406840926
update-int,0,1x,2,3,False,4593267,0.0246311,5.362435930678535
update-int,0,1x,2,4,False,4593267,0.0249982,5.4423572590054095
get-seq,256,1x,0,0,True,139268,0.0368415,264.53672056753885
get-seq,256,1x,0,1,True,139268,0.035746,256.67059195220725
get-seq,256,1x,0,2,False,139268,0.0361344,259.4594594594595
get-seq,256,1x,0,3,False,139268,0.0358304,257.2766177442054
get-seq,256,1x,0,4,False,139268,0.0358359,257.3161099462906
get-seq,256,2-stackless,0,0,True,139268,0.02082975,149.5659447970819
get-seq,256,2-stackless,0,1,True,139268,0.020617875,148.04459746675474
get-seq,256,2-stackless,0,2,False,139268,0.020454959,146.87479535858918
get-seq,256,2-stackless,0,3,False,139268,0.020921583000000007,150.22534250509813
get-seq,256,2-stackless,0,4,False,139268,0.020447333000000012,146.82003762529806
get-seq,256,2-stackless,1,0,True,139268,0.020122125,144.48491397880346
get-seq,256,2-stackless,1,1,True,139268,0.020227125000000002,145.2388560186116
get-seq,256,2-stackless,1,2,False,139268,0.020873458000000004,149.8797857368527
get-seq,256,2-stackless,1,3,False,139268,0.02078374999999999,149.23564637964205
get-seq,256,2-stackless,1,4,False,139268,0.020740249999999988,148.9232989631501
get-seq,256,1x,1,0,True,139268,0.0375242,269.4387799063676
get-seq,256,1x,1,1,True,139268,0.0359623,258.223712554212
get-seq,256,1x,1,2,False,139268,0.0356443,255.94034523365022
get-seq,256,1x,1,3,False,139268,0.0359573,258.1878105523164
get-seq,256,1x,1,4,False,139268,0.0359547,258.1691415113307
get-seq,256,1x,2,0,True,139268,0.0360044,258.5260074101732
get-seq,256,1x,2,1,True,139268,0.0349031,250.6182324726427
get-seq,256,1x,2,2,False,139268,0.0352844,253.35611913720308
get-seq,256,1x,2,3,False,139268,0.0353565,253.87382600453802
get-seq,256,1x,2,4,False,139268,0.0349824,251.1876382227073
get-seq,256,2-stackless,2,0,True,139268,0.020550666,147.56200993767413
get-seq,256,2-stackless,2,1,True,139268,0.020142334,144.6300226900652
get-seq,256,2-stackless,2,2,False,139268,0.020510666999999996,147.27480110290946
get-seq,256,2-stackless,2,3,False,139268,0.020237583000000003,145.31394864577652
get-seq,256,2-stackless,2,4,False,139268,0.020876666000000002,149.90282046126896
update-string,8,2-stackless,0,0,True,1567092,0.022175667,14.15083926151113
update-string,8,2-stackless,0,1,True,1567092,0.02200125,14.039539478218254
update-string,8,2-stackless,0,2,False,1567092,0.022105457999999995,14.106037169483347
update-string,8,2-stackless,0,3,False,1567092,0.023434916,14.954397061563713
update-string,8,2-stackless,0,4,False,1567092,0.022206916000000007,14.170780018020645
update-string,8,1x,0,0,True,1567092,0.0463041,29.547786600914304
update-string,8,1x,0,1,True,1567092,0.0454026,28.9725172485087
update-string,8,1x,0,2,False,1567092,0.045399,28.97021999984685
update-string,8,1x,0,3,False,1567092,0.0458058,29.2298090986362
update-string,8,1x,0,4,False,1567092,0.0458282,29.24410309030995
update-string,8,1x,1,0,True,1567092,0.0452217,28.857080503250607
update-string,8,1x,1,1,True,1567092,0.0453429,28.934421208199645
update-string,8,1x,1,2,False,1567092,0.0452321,28.86371699938485
update-string,8,1x,1,3,False,1567092,0.0460697,29.398210188042565
update-string,8,1x,1,4,False,1567092,0.0466433,29.76423847483109
update-string,8,2-stackless,1,0,True,1567092,0.022631375000000002,14.441637759621008
update-string,8,2-stackless,1,1,True,1567092,0.022866291999999996,14.59154408292557
update-string,8,2-stackless,1,2,False,1567092,0.022802082999999994,14.55057073866754
update-string,8,2-stackless,1,3,False,1567092,0.022190083,14.160038466152594
update-string,8,2-stackless,1,4,False,1567092,0.021995333000000006,14.035763694792653
update-string,8,1x,2,0,True,1567092,0.0463906,29.6029843812616
update-string,8,1x,2,1,True,1567092,0.0479797,30.617028228081058
update-string,8,1x,2,2,False,1567092,0.0469333,29.949294617035886
update-string,8,1x,2,3,False,1567092,0.0470057,29.995494840124255
update-string,8,1x,2,4,False,1567092,0.0463737,29.592200075043458
update-string,8,2-stackless,2,0,True,1567092,0.02314725,14.770830302241349
update-string,8,2-stackless,2,1,True,1567092,0.022219667000000002,14.178916745155998
update-string,8,2-stackless,2,2,False,1567092,0.023034583999999997,14.698935352870155
update-string,8,2-stackless,2,3,False,1567092,0.02298662500000001,14.668331533821888
update-string,8,2-stackless,2,4,False,1567092,0.023236416999999995,14.827729960972295
assign-int,0,2-stackless,0,0,True,4584528,0.020670584000000002,4.508770368509039
assign-int,0,2-stackless,0,1,True,4584528,0.020610708,4.495709918229314
assign-int,0,2-stackless,0,2,False,4584528,0.020791834000000002,4.5352180202629375
assign-int,0,2-stackless,0,3,False,4584528,0.020809459000000002,4.53906247273438
assign-int,0,2-stackless,0,4,False,4584528,0.020832000000000003,4.543979227523532
assign-int,0,1x,0,0,True,4584528,0.0247992,5.409324580414821
assign-int,0,1x,0,1,True,4584528,0.0246626,5.379528710480119
assign-int,0,1x,0,2,False,4584528,0.0247197,5.39198364586278
assign-int,0,1x,0,3,False,4584528,0.0246428,5.375209836214328
assign-int,0,1x,0,4,False,4584528,0.0248947,5.4301555143735625
assign-int,0,1x,1,0,True,4584528,0.0238528,5.2028911155085105
assign-int,0,1x,1,1,True,4584528,0.0236917,5.167751183982299
assign-int,0,1x,1,2,False,4584528,0.0236865,5.166616934175122
assign-int,0,1x,1,3,False,4584528,0.0242152,5.281939602070268
assign-int,0,1x,1,4,False,4584528,0.0247575,5.400228769461109
assign-int,0,2-stackless,1,0,True,4584528,0.020643042,4.502762770780329
assign-int,0,2-stackless,1,1,True,4584528,0.020664833,4.5075159318472915
assign-int,0,2-stackless,1,2,False,4584528,0.020671415999999998,4.508951848478185
assign-int,0,2-stackless,1,3,False,4584528,0.020687458,4.512451009133328
assign-int,0,2-stackless,1,4,False,4584528,0.020745582999999998,4.52512952260298
assign-int,0,2-stackless,2,0,True,4584528,0.020787542000000003,4.53428182792209
assign-int,0,2-stackless,2,1,True,4584528,0.020706875000000003,4.516686341538323
assign-int,0,2-stackless,2,2,False,4584528,0.020808625000000004,4.5388805565153065
assign-int,0,2-stackless,2,3,False,4584528,0.020650250000000002,4.504335015513048
assign-int,0,2-stackless,2,4,False,4584528,0.020704083999999998,4.516077554766815
assign-int,0,1x,2,0,True,4584528,0.0237849,5.188080430526327
assign-int,0,1x,2,1,True,4584528,0.0236592,5.160662122687439
assign-int,0,1x,2,2,False,4584528,0.0240937,5.255437419075639
assign-int,0,1x,2,3,False,4584528,0.023984,5.231509110643451
assign-int,0,1x,2,4,False,4584528,0.0239448,5.222958612097036
get-string,0,2-stackless,0,0,True,3344930,0.017691958,5.289186320789971
get-string,0,2-stackless,0,1,True,3344930,0.017745333000000002,5.305143306436907
get-string,0,2-stackless,0,2,False,3344930,0.017708542,5.2941442720774425
get-string,0,2-stackless,0,3,False,3344930,0.017715792,5.29631173148616
get-string,0,2-stackless,0,4,False,3344930,0.017529084,5.240493523033367
get-string,0,1x,0,0,True,3344930,0.0342574,10.241589510094382
get-string,0,1x,0,1,True,3344930,0.0339135,10.138777194141582
get-string,0,1x,0,2,False,3344930,0.0339976,10.1639197232827
get-string,0,1x,0,3,False,3344930,0.0345866,10.34000711524606
get-string,0,1x,0,4,False,3344930,0.0363346,10.862589052685706
get-string,0,2-stackless,1,0,True,3344930,0.017583041,5.256624503352835
get-string,0,2-stackless,1,1,True,3344930,0.017564250000000003,5.25100674752536
get-string,0,2-stackless,1,2,False,3344930,0.017537958000000006,5.243146493349639
get-string,0,2-stackless,1,3,False,3344930,0.017519458,5.237615734858427
get-string,0,2-stackless,1,4,False,3344930,0.017462500000000006,5.2205875758237115
get-string,0,1x,1,0,True,3344930,0.0338505,10.119942719279626
get-string,0,1x,1,1,True,3344930,0.0339809,10.158927092644689
get-string,0,1x,1,2,False,3344930,0.03367,10.065980454000533
get-string,0,1x,1,3,False,3344930,0.033668,10.065382534163644
get-string,0,1x,1,4,False,3344930,0.0338285,10.113365601073864
get-string,0,1x,2,0,True,3344930,0.0337605,10.093036326619691
get-string,0,1x,2,1,True,3344930,0.0335905,10.042213140484256
get-string,0,1x,2,2,False,3344930,0.0339361,10.14553368829841
get-string,0,1x,2,3,False,3344930,0.0339072,10.136893746655385
get-string,0,1x,2,4,False,3344930,0.0339357,10.145414104331032
get-string,0,2-stackless,2,0,True,3344930,0.017469791,5.222767292589083
get-string,0,2-stackless,2,1,True,3344930,0.017588542,5.258269081864195
get-string,0,2-stackless,2,2,False,3344930,0.017744084,5.30476990549877
get-string,0,2-stackless,2,3,False,3344930,0.017653834,5.277788772859223
get-string,0,2-stackless,2,4,False,3344930,0.01755287500000001,5.247606078453065
add-float,256,2-stackless,0,0,True,75039,0.020223958,269.5126267674143
add-float,256,2-stackless,0,1,True,75039,0.020016709,266.7507429470009
add-float,256,2-stackless,0,2,False,75039,0.020216291000000004,269.4104532309866
add-float,256,2-stackless,0,3,False,75039,0.019863707999999994,264.7117898692679
add-float,256,2-stackless,0,4,False,75039,0.020061207999999997,267.3437545809512
add-float,256,1x,0,0,True,75039,0.0529461,705.5810978291289
add-float,256,1x,0,1,True,75039,0.0559326,745.3804021908608
add-float,256,1x,0,2,False,75039,0.0159172,212.1190314369861
add-float,256,1x,0,3,False,75039,0.0159389,212.40821439518115
add-float,256,1x,0,4,False,75039,0.0585166,779.8158291022002
add-float,256,1x,1,0,True,75039,0.0570695,760.5311904476339
add-float,256,1x,1,1,True,75039,0.057337,764.0960034115593
add-float,256,1x,1,2,False,75039,0.0577503,769.6038060208691
add-float,256,1x,1,3,False,75039,0.0337799,450.16458108450274
add-float,256,1x,1,4,False,75039,0.0571119,761.0962299604206
add-float,256,2-stackless,1,0,True,75039,0.020016791000000003,266.7518357120964
add-float,256,2-stackless,1,1,True,75039,0.019818125000000002,264.10433241381156
add-float,256,2-stackless,1,2,False,75039,0.020219667000000004,269.45544316955187
add-float,256,2-stackless,1,3,False,75039,0.020792374999999995,277.0875811244819
add-float,256,2-stackless,1,4,False,75039,0.020481917000000002,272.9502925145591
add-float,256,2-stackless,2,0,True,75039,0.020069792,267.45814842948334
add-float,256,2-stackless,2,1,True,75039,0.020199958999999997,269.1928064073348
add-float,256,2-stackless,2,2,False,75039,0.020353749999999997,271.2422873439144
add-float,256,2-stackless,2,3,False,75039,0.020271958000000007,270.15229414038043
add-float,256,2-stackless,2,4,False,75039,0.020397125000000002,271.8203201002146
add-float,256,1x,2,0,True,75039,0.0564944,752.8671757352843
add-float,256,1x,2,1,True,75039,0.05877,783.1927397753168
add-float,256,1x,2,2,False,75039,0.0579876,772.7661615959701
add-float,256,1x,2,3,False,75039,0.0589455,785.531523607724
add-float,256,1x,2,4,False,75039,0.0581705,775.2035608150428
const-string,64,1x,0,0,True,432316,0.0272655,63.06844993014369
const-string,64,1x,0,1,True,432316,0.0275661,63.763774646323526
const-string,64,1x,0,2,False,432316,0.0274932,63.59514799359727
const-string,64,1x,0,3,False,432316,0.0276902,64.05083318683556
const-string,64,1x,0,4,False,432316,0.0281017,65.00268322245765
const-string,64,2-stackless,0,0,True,432316,0.019297541,44.637582231515836
const-string,64,2-stackless,0,1,True,432316,0.019908458,46.050708278203906
const-string,64,2-stackless,0,2,False,432316,0.019927125000000004,46.09388734166675
const-string,64,2-stackless,0,3,False,432316,0.019820124999999994,45.8463832011769
const-string,64,2-stackless,0,4,False,432316,0.01958575,45.30424504297782
const-string,64,1x,1,0,True,432316,0.027372,63.31479750922936
const-string,64,1x,1,1,True,432316,0.0271208,62.73374105978034
const-string,64,1x,1,2,False,432316,0.0272326,62.99234818975009
const-string,64,1x,1,3,False,432316,0.0274254,63.438318267193445
const-string,64,1x,1,4,False,432316,0.0276908,64.05222106052055
const-string,64,2-stackless,1,0,True,432316,0.0193315,44.71613356896344
const-string,64,2-stackless,1,1,True,432316,0.019847666000000003,45.91008891644076
const-string,64,2-stackless,1,2,False,432316,0.019145834,44.28666530963462
const-string,64,2-stackless,1,3,False,432316,0.019327959,44.70794280109919
const-string,64,2-stackless,1,4,False,432316,0.019623291,45.39108198632482
const-string,64,2-stackless,2,0,True,432316,0.019255708,44.54081736507555
const-string,64,2-stackless,2,1,True,432316,0.019694874999999997,45.55666456943531
const-string,64,2-stackless,2,2,False,432316,0.019059166000000002,44.08619158208349
const-string,64,2-stackless,2,3,False,432316,0.019530959000000007,45.17750673118739
const-string,64,2-stackless,2,4,False,432316,0.019595374999999998,45.32650885000786
const-string,64,1x,2,0,True,432316,0.0278486,64.41723183967284
const-string,64,1x,2,1,True,432316,0.0269735,62.39301807011538
const-string,64,1x,2,2,False,432316,0.0278228,64.35755327121828
const-string,64,1x,2,3,False,432316,0.0277987,64.30180701153786
const-string,64,1x,2,4,False,432316,0.0276722,64.00919697628586
const-seq,0,1x,0,0,True,3843050,0.166723,43.3829900729889
const-seq,0,1x,0,1,True,3843050,0.166819,43.4079702319772
const-seq,0,1x,0,2,False,3843050,0.167422,43.56487685562249
const-seq,0,1x,0,3,False,3843050,0.166666,43.3681581035896
const-seq,0,1x,0,4,False,3843050,0.166334,43.28176838708838
const-seq,0,2-stackless,0,0,True,3843050,0.018686958,4.862533144247408
const-seq,0,2-stackless,0,1,True,3843050,0.018788458,4.8889444581777495
const-seq,0,2-stackless,0,2,False,3843050,0.018652541999999994,4.853577757250099
const-seq,0,2-stackless,0,3,False,3843050,0.01862875,4.847386841180833
const-seq,0,2-stackless,0,4,False,3843050,0.018541457999999997,4.824672590780759
const-seq,0,1x,1,0,True,3843050,0.167075,43.474583989279346
const-seq,0,1x,1,1,True,3843050,0.166357,43.28775321684599
const-seq,0,1x,1,2,False,3843050,0.167159,43.496441628394116
const-seq,0,1x,1,3,False,3843050,0.166799,43.40276603218798
const-seq,0,1x,1,4,False,3843050,0.167758,43.65230741208155
const-seq,0,2-stackless,1,0,True,3843050,0.018651292,4.853252494763274
const-seq,0,2-stackless,1,1,True,3843050,0.018626125000000004,4.8467037899584975
const-seq,0,2-stackless,1,2,False,3843050,0.018723417,4.872020140253184
const-seq,0,2-stackless,1,3,False,3843050,0.018701625,4.866349644162839
const-seq,0,2-stackless,1,4,False,3843050,0.018843833000000004,4.90335358634418
const-seq,0,1x,2,0,True,3843050,0.168854,43.93749756053135
const-seq,0,1x,2,1,True,3843050,0.167648,43.62368431324079
const-seq,0,1x,2,2,False,3843050,0.167397,43.55837160588595
const-seq,0,1x,2,3,False,3843050,0.167462,43.575285255200946
const-seq,0,1x,2,4,False,3843050,0.166091,43.21853735964924
const-seq,0,2-stackless,2,0,True,3843050,0.018724,4.87217184267704
const-seq,0,2-stackless,2,1,True,3843050,0.018616875,4.844296847555977
const-seq,0,2-stackless,2,2,False,3843050,0.018645625,4.8517778847529955
const-seq,0,2-stackless,2,3,False,3843050,0.018918499999999998,4.9227826856273005
const-seq,0,2-stackless,2,4,False,3843050,0.01874170900000001,4.876779901380416
take-seq,64,2-stackless,0,0,True,116525,0.020060541,172.1565415146964
take-seq,64,2-stackless,0,1,True,116525,0.020267917,173.93621111349495
take-seq,64,2-stackless,0,2,False,116525,0.020031334000000005,171.90589143960526
take-seq,64,2-stackless,0,3,False,116525,0.020467041999999998,175.6450718729886
take-seq,64,2-stackless,0,4,False,116525,0.02012137500000001,172.67860974039914
take-seq,64,1x,0,0,True,116525,0.0208833,179.21733533576486
take-seq,64,1x,0,1,True,116525,0.0205244,176.1373095902167
take-seq,64,1x,0,2,False,116525,0.020748,178.05621111349495
take-seq,64,1x,0,3,False,116525,0.020766,178.21068440248874
take-seq,64,1x,0,4,False,116525,0.0206486,177.20317528427375
take-seq,64,1x,1,0,True,116525,0.0204455,175.46020167346063
take-seq,64,1x,1,1,True,116525,0.0203192,174.37631409568763
take-seq,64,1x,1,2,False,116525,0.0207758,178.29478652649647
take-seq,64,1x,1,3,False,116525,0.0206392,177.12250590002145
take-seq,64,1x,1,4,False,116525,0.0206162,176.92512336408495
take-seq,64,2-stackless,1,0,True,116525,0.020025083000000003,171.85224629907748
take-seq,64,2-stackless,1,1,True,116525,0.020071541000000002,172.2509418579704
take-seq,64,2-stackless,1,2,False,116525,0.020261625,173.88221411714224
take-seq,64,2-stackless,1,3,False,116525,0.020144958999999997,172.88100407637842
take-seq,64,2-stackless,1,4,False,116525,0.020089291999999995,172.4032782664664
take-seq,64,2-stackless,2,0,True,116525,0.020281333000000002,174.05134520489167
take-seq,64,2-stackless,2,1,True,116525,0.020377625000000003,174.87770864621328
take-seq,64,2-stackless,2,2,False,116525,0.020416208000000005,175.20882214117145
take-seq,64,2-stackless,2,3,False,116525,0.020177041,173.1563269684617
take-seq,64,2-stackless,2,4,False,116525,0.020099000000000006,172.48659086033047
take-seq,64,1x,2,0,True,116525,0.0207008,177.6511478223557
take-seq,64,1x,2,1,True,116525,0.0219929,188.73975541729243
take-seq,64,1x,2,2,False,116525,0.0215508,184.94571980261748
take-seq,64,1x,2,3,False,116525,0.0204685,175.65758420939713
take-seq,64,1x,2,4,False,116525,0.0206776,177.45204891654151
update-table,8,1x,0,0,True,1380101,0.216776,157.07256208060136
update-table,8,1x,0,1,True,1380101,0.21756,157.64063644617315
update-table,8,1x,0,2,False,1380101,0.206627,149.71875246811646
update-table,8,1x,0,3,False,1380101,0.227669,164.96546267265947
update-table,8,1x,0,4,False,1380101,0.223342,161.83018489226512
update-table,8,2-stackless,0,0,True,1380101,0.019123750000000002,13.85677569974951
update-table,8,2-stackless,0,1,True,1380101,0.01932625,14.003504091367226
update-table,8,2-stackless,0,2,False,1380101,0.018979040999999995,13.751921779637865
update-table,8,2-stackless,0,3,False,1380101,0.01898174999999999,13.753884679454615
update-table,8,2-stackless,0,4,False,1380101,0.018846583,13.655944746072933
update-table,8,1x,1,0,True,1380101,0.209467,151.7765728740143
update-table,8,1x,1,1,True,1380101,0.205706,149.0514100054996
update-table,8,1x,1,2,False,1380101,0.207703,150.49840555147776
update-table,8,1x,1,3,False,1380101,0.210938,152.8424368941114
update-table,8,1x,1,4,False,1380101,0.205875,149.17386481134352
update-table,8,2-stackless,1,0,True,1380101,0.018822333,13.638373568311305
update-table,8,2-stackless,1,1,True,1380101,0.019051417,13.804364318263664
update-table,8,2-stackless,1,2,False,1380101,0.018846875,13.656156324790722
update-table,8,2-stackless,1,3,False,1380101,0.019612375,14.210825874338182
update-table,8,2-stackless,1,4,False,1380101,0.019711499999999993,14.282650327765861
update-table,8,1x,2,0,True,1380101,0.218176,158.08698059055098
update-table,8,1x,2,1,True,1380101,0.205598,148.97315486330348
update-table,8,1x,2,2,False,1380101,0.204232,147.98337223145262
update-table,8,1x,2,3,False,1380101,0.211004,152.890259481009
update-table,8,1x,2,4,False,1380101,0.205491,148.89562430575734
update-table,8,2-stackless,2,0,True,1380101,0.019269166,13.96214190120868
update-table,8,2-stackless,2,1,True,1380101,0.019427125,14.076596567932347
update-table,8,2-stackless,2,2,False,1380101,0.019116415999999997,13.851461595926672
update-table,8,2-stackless,2,3,False,1380101,0.019106500000000005,13.844276614537634
update-table,8,2-stackless,2,4,False,1380101,0.019116750000000002,13.851703607199763
update-int,256,1x,0,0,True,95240,0.0363648,381.8227635447291
update-int,256,1x,0,1,True,95240,0.0369399,387.8611927761445
update-int,256,1x,0,2,False,95240,0.0364969,383.2097858042839
update-int,256,1x,0,3,False,95240,0.0365788,384.0697186056279
update-int,256,1x,0,4,False,95240,0.0364841,383.07538849223016
update-int,256,2-stackless,0,0,True,95240,0.020155791,211.63157286854263
update-int,256,2-stackless,0,1,True,95240,0.019995042,209.94374212515748
update-int,256,2-stackless,0,2,False,95240,0.020313542000000004,213.2879252414952
update-int,256,2-stackless,0,3,False,95240,0.020663083,216.95803233935322
update-int,256,2-stackless,0,4,False,95240,0.02023649999999999,212.47900041999148
update-int,256,2-stackless,1,0,True,95240,0.020274708000000002,212.8801763964721
update-int,256,2-stackless,1,1,True,95240,0.020115291,211.20633137337254
update-int,256,2-stackless,1,2,False,95240,0.019853333,208.45582738345234
update-int,256,2-stackless,1,3,False,95240,0.019642042,206.23731625367492
update-int,256,2-stackless,1,4,False,95240,0.019944083,209.40868332633346
update-int,256,1x,1,0,True,95240,0.0358201,376.1035279294414
update-int,256,1x,1,1,True,95240,0.035776,375.6404871902562
update-int,256,1x,1,2,False,95240,0.035728,375.1364972700546
update-int,256,1x,1,3,False,95240,0.0355294,373.0512389752205
update-int,256,1x,1,4,False,95240,0.0374295,393.0018899622008
update-int,256,1x,2,0,True,95240,0.0350041,367.5356992860143
update-int,256,1x,2,1,True,95240,0.0370638,389.1621167576648
update-int,256,1x,2,2,False,95240,0.0358376,376.2872742545149
update-int,256,1x,2,3,False,95240,0.0358926,376.8647627047459
update-int,256,1x,2,4,False,95240,0.0353611,371.28412431751366
update-int,256,2-stackless,2,0,True,95240,0.019767334,207.55285594288114
update-int,256,2-stackless,2,1,True,95240,0.01969225,206.7644897102058
update-int,256,2-stackless,2,2,False,95240,0.019662709,206.45431541369172
update-int,256,2-stackless,2,3,False,95240,0.01969775,206.8222385552289
update-int,256,2-stackless,2,4,False,95240,0.01983525,208.2659596808064
update-seq,64,1x,0,0,True,304164,0.0638562,209.94003235096855
update-seq,64,1x,0,1,True,304164,0.0633448,208.25870254204972
update-seq,64,1x,0,2,False,304164,0.0648478,213.200115727042
update-seq,64,1x,0,3,False,304164,0.0643468,211.55297799871119
update-seq,64,1x,0,4,False,304164,0.0647627,212.92033245222973
update-seq,64,2-stackless,0,0,True,304164,0.01925725,63.31206191396746
update-seq,64,2-stackless,0,1,True,304164,0.019527750000000003,64.20138477926383
update-seq,64,2-stackless,0,2,False,304164,0.019385542,63.733847529622174
update-seq,64,2-stackless,0,3,False,304164,0.019599124999999995,64.43604437079995
update-seq,64,2-stackless,0,4,False,304164,0.019385625000000004,63.73412040872688
update-seq,64,1x,1,0,True,304164,0.0644723,211.96558435580806
update-seq,64,1x,1,1,True,304164,0.064229,211.1656869320498
update-seq,64,1x,1,2,False,304164,0.065271,214.59147039097326
update-seq,64,1x,1,3,False,304164,0.0644112,211.76470588235293
update-seq,64,1x,1,4,False,304164,0.0639371,210.20600728554334
update-seq,64,2-stackless,1,0,True,304164,0.019471750000000003,64.01727357609711
update-seq,64,2-stackless,1,1,True,304164,0.018979749999999997,62.39972514827526
update-seq,64,2-stackless,1,2,False,304164,0.01882975,61.906570139793004
update-seq,64,2-stackless,1,3,False,304164,0.019000041000000002,62.46643587012271
update-seq,64,2-stackless,1,4,False,304164,0.01870433299999999,61.494236661800834
update-seq,64,1x,2,0,True,304164,0.0646489,212.54619218579447
update-seq,64,1x,2,1,True,304164,0.0645604,212.25523073079
update-seq,64,1x,2,2,False,304164,0.0642407,211.20415302271144
update-seq,64,1x,2,3,False,304164,0.0644822,211.9981325863679
update-seq,64,1x,2,4,False,304164,0.0641859,211.0239870596126
update-seq,64,2-stackless,2,0,True,304164,0.020001208000000003,65.75797267263714
update-seq,64,2-stackless,2,1,True,304164,0.019148125,62.953291645296616
update-seq,64,2-stackless,2,2,False,304164,0.018797541,61.80067660867164
update-seq,64,2-stackless,2,3,False,304164,0.018789084000000005,61.77287252929342
update-seq,64,2-stackless,2,4,False,304164,0.01881716700000001,61.8652010099815
assign-table,8,2-stackless,0,0,True,409990,0.015631583,38.126742115661365
assign-table,8,2-stackless,0,1,True,409990,0.015318292,37.36259908778263
assign-table,8,2-stackless,0,2,False,409990,0.014778541000000003,36.046101124417675
assign-table,8,2-stackless,0,3,False,409990,0.016186917000000002,39.48124832312984
assign-table,8,2-stackless,0,4,False,409990,0.017591041,42.90602453718383
assign-table,8,1x,0,0,True,409990,0.245241,598.1633698382888
assign-table,8,1x,0,1,True,409990,0.249669,608.9636332593478
assign-table,8,1x,0,2,False,409990,0.251355,613.0759286811873
assign-table,8,1x,0,3,False,409990,0.250726,611.5417449206078
assign-table,8,1x,0,4,False,409990,0.241337,588.6411863703993
assign-table,8,1x,1,0,True,409990,0.253499,618.3053245201102
assign-table,8,1x,1,1,True,409990,0.256233,624.9737798482889
assign-table,8,1x,1,2,False,409990,0.247038,602.5464035708188
assign-table,8,1x,1,3,False,409990,0.252307,615.3979365350374
assign-table,8,1x,1,4,False,409990,0.256639,625.9640479036074
assign-table,8,2-stackless,1,0,True,409990,0.0151765,37.01675650625625
assign-table,8,2-stackless,1,1,True,409990,0.015210459,37.09958535574038
assign-table,8,2-stackless,1,2,False,409990,0.014663124999999999,35.76459181931266
assign-table,8,2-stackless,1,3,False,409990,0.014761666,36.00494158394107
assign-table,8,2-stackless,1,4,False,409990,0.014678291999999996,35.80158540452205
assign-table,8,2-stackless,2,0,True,409990,0.015301209000000001,37.320932217858974
assign-table,8,2-stackless,2,1,True,409990,0.014909917000000002,36.36653820824898
assign-table,8,2-stackless,2,2,False,409990,0.014992375000000002,36.56766018683383
assign-table,8,2-stackless,2,3,False,409990,0.014727999999999998,35.9228273860338
assign-table,8,2-stackless,2,4,False,409990,0.015349292,37.43821068806556
assign-table,8,1x,2,0,True,409990,0.259441,632.7983609356326
assign-table,8,1x,2,1,True,409990,0.259728,633.4983780092198
assign-table,8,1x,2,2,False,409990,0.250888,611.9368765091832
assign-table,8,1x,2,3,False,409990,0.24953,608.6246006000147
assign-table,8,1x,2,4,False,409990,0.249674,608.9758286787483
make-seq,64,1x,0,0,True,95849,0.019934,207.97295746434497
make-seq,64,1x,0,1,True,95849,0.0199444,208.08146146543
make-seq,64,1x,0,2,False,95849,0.0200696,209.38768270926144
make-seq,64,1x,0,3,False,95849,0.0200362,209.03921793654604
make-seq,64,1x,0,4,False,95849,0.0201413,210.13573433212656
make-seq,64,2-stackless,0,0,True,95849,0.050674792,528.6940082838631
make-seq,64,2-stackless,0,1,True,95849,0.052620166,548.9902450729794
make-seq,64,2-stackless,0,2,False,95849,0.05072154099999998,529.1817442018172
make-seq,64,2-stackless,0,3,False,95849,0.050705583000000026,529.0152531586144
make-seq,64,2-stackless,0,4,False,95849,0.050353333,525.3402017757097
make-seq,64,1x,1,0,True,95849,0.019917,207.79559515487904
make-seq,64,1x,1,1,True,95849,0.0199634,208.27968992895075
make-seq,64,1x,1,2,False,95849,0.0200418,209.09764316789952
make-seq,64,1x,1,3,False,95849,0.0200632,209.32091101628603
make-seq,64,1x,1,4,False,95849,0.0199223,207.8508904631243
make-seq,64,2-stackless,1,0,True,95849,0.053636541,559.5941637367108
make-seq,64,2-stackless,1,1,True,95849,0.05350720900000001,558.2448330186022
make-seq,64,2-stackless,1,2,False,95849,0.051284542000000016,535.0555770013251
make-seq,64,2-stackless,1,3,False,95849,0.05058341600000002,527.7406754374069
make-seq,64,2-stackless,1,4,False,95849,0.05302358300000001,553.1991257081453
make-seq,64,1x,2,0,True,95849,0.0203847,212.6751452805976
make-seq,64,1x,2,1,True,95849,0.0202838,211.62244780853217
make-seq,64,1x,2,2,False,95849,0.0206819,215.77585577314318
make-seq,64,1x,2,3,False,95849,0.020483,213.70071675239177
make-seq,64,1x,2,4,False,95849,0.0207233,216.20778516207784
make-seq,64,2-stackless,2,0,True,95849,0.051887375,541.3449801249883
make-seq,64,2-stackless,2,1,True,95849,0.050754292,529.5234379075421
make-seq,64,2-stackless,2,2,False,95849,0.05063400000000001,528.2684222057613
make-seq,64,2-stackless,2,3,False,95849,0.05341649999999998,557.2984590345228
make-seq,64,2-stackless,2,4,False,95849,0.05335220800000001,556.6276956462771
add-float,0,2-stackless,0,0,True,4519775,0.020389291,4.51112964694039
add-float,0,2-stackless,0,1,True,4519775,0.020394541,4.512291209186298
add-float,0,2-stackless,0,2,False,4519775,0.020433125000000003,4.520827917318894
add-float,0,2-stackless,0,3,False,4519775,0.020481583000000005,4.5315492474736025
add-float,0,2-stackless,0,4,False,4519775,0.020295166000000003,4.490304495245892
add-float,0,1x,0,0,True,4519775,0.0247484,5.475582302216371
add-float,0,1x,0,1,True,4519775,0.023796,5.264863848311033
add-float,0,1x,0,2,False,4519775,0.0242981,5.375953449010183
add-float,0,1x,0,3,False,4519775,0.0238245,5.271169471931678
add-float,0,1x,0,4,False,4519775,0.0240432,5.319556836346942
add-float,0,2-stackless,1,0,True,4519775,0.020549042,4.5464745479586925
add-float,0,2-stackless,1,1,True,4519775,0.020377166999999998,4.508447212527171
add-float,0,2-stackless,1,2,False,4519775,0.02099375,4.644866171435525
add-float,0,2-stackless,1,3,False,4519775,0.021385207999999996,4.7314762349895725
add-float,0,2-stackless,1,4,False,4519775,0.020827334000000003,4.608046639489799
add-float,0,1x,1,0,True,4519775,0.0241445,5.341969456444182
add-float,0,1x,1,1,True,4519775,0.0241459,5.342279206376424
add-float,0,1x,1,2,False,4519775,0.0241888,5.351770829300131
add-float,0,1x,1,3,False,4519775,0.0243258,5.382082072669546
add-float,0,1x,1,4,False,4519775,0.0242453,5.36427145156562
add-float,0,1x,2,0,True,4519775,0.0232484,5.143707374814012
add-float,0,1x,2,1,True,4519775,0.023144,5.120608879866808
add-float,0,1x,2,2,False,4519775,0.0234537,5.189129989877815
add-float,0,1x,2,3,False,4519775,0.0233272,5.161141871000216
add-float,0,1x,2,4,False,4519775,0.0233347,5.162801245637228
add-float,0,2-stackless,2,0,True,4519775,0.020276792000000002,4.486239248635164
add-float,0,2-stackless,2,1,True,4519775,0.020493832999999996,4.534259559380721
add-float,0,2-stackless,2,2,False,4519775,0.02040675,4.514992449845401
add-float,0,2-stackless,2,3,False,4519775,0.020397125000000002,4.512862919061237
add-float,0,2-stackless,2,4,False,4519775,0.020764584000000003,4.5941632050268
assign-string,0,1x,0,0,True,3438376,0.0347708,10.112564768949062
assign-string,0,1x,0,1,True,3438376,0.0346363,10.07344746473335
assign-string,0,1x,0,2,False,3438376,0.0347985,10.12062089777267
assign-string,0,1x,0,3,False,3438376,0.034724,10.098953692091849
assign-string,0,1x,0,4,False,3438376,0.0345831,10.057975044032416
assign-string,0,2-stackless,0,0,True,3438376,0.017984083,5.230400340160587
assign-string,0,2-stackless,0,1,True,3438376,0.018079458000000003,5.258138725956674
assign-string,0,2-stackless,0,2,False,3438376,0.018213083000000005,5.297001549568751
assign-string,0,2-stackless,0,3,False,3438376,0.018173250000000002,5.285416719986413
assign-string,0,2-stackless,0,4,False,3438376,0.01806925000000001,5.255169882525939
assign-string,0,1x,1,0,True,3438376,0.0346779,10.085546199717541
assign-string,0,1x,1,1,True,3438376,0.0351454,10.22151155080189
assign-string,0,1x,1,2,False,3438376,0.0352197,10.243120589487596
assign-string,0,1x,1,3,False,3438376,0.0352666,10.256760749842368
assign-string,0,1x,1,4,False,3438376,0.035168,10.228084421250031
assign-string,0,2-stackless,1,0,True,3438376,0.018290042000000003,5.319383918454527
assign-string,0,2-stackless,1,1,True,3438376,0.018155083,5.280133120985023
assign-string,0,2-stackless,1,2,False,3438376,0.018237625,5.304139221539471
assign-string,0,2-stackless,1,3,False,3438376,0.018317083000000005,5.327248387029226
assign-string,0,2-stackless,1,4,False,3438376,0.018376625000000008,5.344565283145301
assign-string,0,1x,2,0,True,3438376,0.0349118,10.153572500506053
assign-string,0,1x,2,1,True,3438376,0.0347413,10.103985137169408
assign-string,0,1x,2,2,False,3438376,0.034629,10.071324369411606
assign-string,0,1x,2,3,False,3438376,0.0346516,10.077897239859748
assign-string,0,1x,2,4,False,3438376,0.0348635,10.139525171185467
assign-string,0,2-stackless,2,0,True,3438376,0.018039833,5.246614390049256
assign-string,0,2-stackless,2,1,True,3438376,0.018024542,5.242167232437639
assign-string,0,2-stackless,2,2,False,3438376,0.018021333,5.241233943000998
assign-string,0,2-stackless,2,3,False,3438376,0.018028166999999998,5.243221509224121
assign-string,0,2-stackless,2,4,False,3438376,0.018325333,5.329647775577773
push-shared-seq,256,2-stackless,0,0,True,26611,0.034467625,1295.2397504791252
push-shared-seq,256,2-stackless,0,1,True,26611,0.035695334,1341.3751456164744
push-shared-seq,256,2-stackless,0,2,False,26611,0.034399625,1292.6844162188568
push-shared-seq,256,2-stackless,0,3,False,26611,0.03400325000000001,1277.7892600804184
push-shared-seq,256,2-stackless,0,4,False,26611,0.03408570900000002,1280.8879410769991
push-shared-seq,256,1x,0,0,True,26611,0.0205676,772.8984254631544
push-shared-seq,256,1x,0,1,True,26611,0.0200826,754.6728796362406
push-shared-seq,256,1x,0,2,False,26611,0.0200042,751.7267295479313
push-shared-seq,256,1x,0,3,False,26611,0.0199247,748.7392431701177
push-shared-seq,256,1x,0,4,False,26611,0.0199865,751.0615910713615
push-shared-seq,256,1x,1,0,True,26611,0.0213237,801.3114877306377
push-shared-seq,256,1x,1,1,True,26611,0.0211008,792.9352523392582
push-shared-seq,256,1x,1,2,False,26611,0.0211363,794.2692871368982
push-shared-seq,256,1x,1,3,False,26611,0.021202,796.7381909736575
push-shared-seq,256,1x,1,4,False,26611,0.0214288,805.2609823005524
push-shared-seq,256,2-stackless,1,0,True,26611,0.034456458,1294.820111983766
push-shared-seq,256,2-stackless,1,1,True,26611,0.034076167,1280.5293675547705
push-shared-seq,256,2-stackless,1,2,False,26611,0.03388883299999999,1273.489647138401
push-shared-seq,256,2-stackless,1,3,False,26611,0.03398983400000001,1277.2851076622453
push-shared-seq,256,2-stackless,1,4,False,26611,0.033983333999999976,1277.0408477697185
push-shared-seq,256,2-stackless,2,0,True,26611,0.0339995,1277.6483409116531
push-shared-seq,256,2-stackless,2,1,True,26611,0.033961208,1276.209387095562
push-shared-seq,256,2-stackless,2,2,False,26611,0.033699333,1266.3685318101536
push-shared-seq,256,2-stackless,2,3,False,26611,0.034238624999999995,1286.6342865732213
push-shared-seq,256,2-stackless,2,4,False,26611,0.033952750000000004,1275.891548607719
push-shared-seq,256,1x,2,0,True,26611,0.0210333,790.3987073014919
push-shared-seq,256,1x,2,1,True,26611,0.0212835,799.800834241479
push-shared-seq,256,1x,2,2,False,26611,0.0217466,817.2034121228064
push-shared-seq,256,1x,2,3,False,26611,0.0218435,820.8447634436887
push-shared-seq,256,1x,2,4,False,26611,0.0216658,814.1670737664875
update-table,256,1x,0,0,True,95339,0.0625027,655.5837590073317
update-table,256,1x,0,1,True,95339,0.0629,659.7509938220455
update-table,256,1x,0,2,False,95339,0.0625007,655.5627812332834
update-table,256,1x,0,3,False,95339,0.0624342,654.8652702461742
update-table,256,1x,0,4,False,95339,0.0617321,647.5010226664849
update-table,256,2-stackless,0,0,True,95339,0.019983542,209.605114381313
update-table,256,2-stackless,0,1,True,95339,0.019990292,209.67591436872632
update-table,256,2-stackless,0,2,False,95339,0.019926832999999998,209.01030008705771
update-table,256,2-stackless,0,3,False,95339,0.020056125,210.36642926819036
update-table,256,2-stackless,0,4,False,95339,0.020305458000000012,212.9816549365948
update-table,256,1x,1,0,True,95339,0.0629322,660.0887359842246
update-table,256,1x,1,1,True,95339,0.0629151,659.909376016111
update-table,256,1x,1,2,False,95339,0.0629454,660.2271892929441
update-table,256,1x,1,3,False,95339,0.0622413,652.8419639392064
update-table,256,1x,1,4,False,95339,0.0631291,662.1539978392892
update-table,256,2-stackless,1,0,True,95339,0.020579125,215.85211718184584
update-table,256,2-stackless,1,1,True,95339,0.023141000000000002,242.72333462696272
update-table,256,2-stackless,1,2,False,95339,0.020667750000000006,216.78169479436542
update-table,256,2-stackless,1,3,False,95339,0.019816874999999998,207.85696304765096
update-table,256,2-stackless,1,4,False,95339,0.019755415999999998,207.2123265400308
update-table,256,1x,2,0,True,95339,0.062588,656.4784610704959
update-table,256,1x,2,1,True,95339,0.0620005,650.3162399437796
update-table,256,1x,2,2,False,95339,0.0625417,655.9928256012755
update-table,256,1x,2,3,False,95339,0.0634697,665.7265127597311
update-table,256,1x,2,4,False,95339,0.0616228,646.35458731474
update-table,256,2-stackless,2,0,True,95339,0.019802708000000002,207.70836698517925
update-table,256,2-stackless,2,1,True,95339,0.020062833000000002,210.43678872234872
update-table,256,2-stackless,2,2,False,95339,0.019849333000000004,208.19741134268247
update-table,256,2-stackless,2,3,False,95339,0.020002416999999995,209.8030921238947
update-table,256,2-stackless,2,4,False,95339,0.019945916999999994,209.21047000702748
const-string,8,1x,0,0,True,2101591,0.0335186,15.949154711834987
const-string,8,1x,0,1,True,2101591,0.033413,15.898907066122762
const-string,8,1x,0,2,False,2101591,0.033593,15.984556462223145
const-string,8,1x,0,3,False,2101591,0.0337315,16.050458914222606
const-string,8,1x,0,4,False,2101591,0.0335114,15.945728735990969
const-string,8,2-stackless,0,0,True,2101591,0.021084958,10.032855108344107
const-string,8,2-stackless,0,1,True,2101591,0.021018291999999997,10.001133427008392
const-string,8,2-stackless,0,2,False,2101591,0.021109083,10.04433450657145
const-string,8,2-stackless,0,3,False,2101591,0.020736749999999998,9.867167303247873
const-string,8,2-stackless,0,4,False,2101591,0.02131145799999999,10.140630598437085
const-string,8,2-stackless,1,0,True,2101591,0.021018458,10.0012124147848
const-string,8,2-stackless,1,1,True,2101591,0.020966500000000002,9.976489240770446
const-string,8,2-stackless,1,2,False,2101591,0.020974165999999995,9.980136953384363
const-string,8,2-stackless,1,3,False,2101591,0.020895791999999996,9.9428442546623
const-string,8,2-stackless,1,4,False,2101591,0.02090462500000001,9.947047260860943
const-string,8,1x,1,0,True,2101591,0.0352418,16.769104930502653
const-string,8,1x,1,1,True,2101591,0.0350494,16.67755524267091
const-string,8,1x,1,2,False,2101591,0.0340427,16.1985372034806
const-string,8,1x,1,3,False,2101591,0.0357778,17.02414979889046
const-string,8,1x,1,4,False,2101591,0.035462,16.87388269173212
const-string,8,1x,2,0,True,2101591,0.0338124,16.088953559469946
const-string,8,1x,2,1,True,2101591,0.0356876,16.981229934844603
const-string,8,1x,2,2,False,2101591,0.0354596,16.872740699784117
const-string,8,1x,2,3,False,2101591,0.0350428,16.674414764813896
const-string,8,1x,2,4,False,2101591,0.0335055,15.942921339118792
const-string,8,2-stackless,2,0,True,2101591,0.020873541000000002,9.932256561814361
const-string,8,2-stackless,2,1,True,2101591,0.020884250000000004,9.937352225052354
const-string,8,2-stackless,2,2,False,2101591,0.021125208000000006,10.052007264972113
const-string,8,2-stackless,2,3,False,2101591,0.021315625000000005,10.142613381956814
const-string,8,2-stackless,2,4,False,2101591,0.021966917000000002,10.452517640206874
add-float,8,2-stackless,0,0,True,1805870,0.023831791,13.196847502865655
add-float,8,2-stackless,0,1,True,1805870,0.023927833,13.250030733109249
add-float,8,2-stackless,0,2,False,1805870,0.024166459,13.382169812887971
add-float,8,2-stackless,0,3,False,1805870,0.024035374999999998,13.309582085089179
add-float,8,2-stackless,0,4,False,1805870,0.023816500000000004,13.188380115955193
add-float,8,1x,0,0,True,1805870,0.0211801,11.728474364156888
add-float,8,1x,0,1,True,1805870,0.0211313,11.701451378006169
add-float,8,1x,0,2,False,1805870,0.0211343,11.703112627154779
add-float,8,1x,0,3,False,1805870,0.021184,11.730633988050082
add-float,8,1x,0,4,False,1805870,0.0212235,11.752507101840111
add-float,8,1x,1,0,True,1805870,0.0212685,11.777425839069258
add-float,8,1x,1,1,True,1805870,0.0211802,11.72852973912851
add-float,8,1x,1,2,False,1805870,0.0218735,12.112444417372236
add-float,8,1x,1,3,False,1805870,0.0212029,11.741099857686322
add-float,8,1x,1,4,False,1805870,0.0215723,11.945655002851812
add-float,8,2-stackless,1,0,True,1805870,0.0240255,13.304113806641674
add-float,8,2-stackless,1,1,True,1805870,0.023802292000000003,13.180512439987377
add-float,8,2-stackless,1,2,False,1805870,0.023951957999999995,13.263389945012651
add-float,8,2-stackless,1,3,False,1805870,0.023720500000000005,13.135220143199678
add-float,8,2-stackless,1,4,False,1805870,0.023871083,13.218605436714714
add-float,8,1x,2,0,True,1805870,0.0209534,11.602939303493606
add-float,8,1x,2,1,True,1805870,0.021518,11.915586393261973
add-float,8,1x,2,2,False,1805870,0.021381,11.839722682142126
add-float,8,1x,2,3,False,1805870,0.0211447,11.708871624203292
add-float,8,1x,2,4,False,1805870,0.0211206,11.695526256042793
add-float,8,2-stackless,2,0,True,1805870,0.024066458000000002,13.326794287517929
add-float,8,2-stackless,2,1,True,1805870,0.0239435,13.258706329913005
add-float,8,2-stackless,2,2,False,1805870,0.024092416999999998,13.341169076400845
add-float,8,2-stackless,2,3,False,1805870,0.023950374999999996,13.262513359211901
add-float,8,2-stackless,2,4,False,1805870,0.024004625,13.292554281315931
add-int,256,1x,0,0,True,97671,0.0614093,628.7362676741305
add-int,256,1x,0,1,True,97671,0.0751101,769.0112725373959
add-int,256,1x,0,2,False,97671,0.0720435,737.6140307767914
add-int,256,1x,0,3,False,97671,0.0683971,700.2805336282008
add-int,256,1x,0,4,False,97671,0.0678755,694.9401562388017
add-int,256,2-stackless,0,0,True,97671,0.020352791000000002,208.38110595775618
add-int,256,2-stackless,0,1,True,97671,0.020015916999999998,204.93203714510958
add-int,256,2-stackless,0,2,False,97671,0.01991225,203.8706473774201
add-int,256,2-stackless,0,3,False,97671,0.019966625,204.42736329104852
add-int,256,2-stackless,0,4,False,97671,0.020133416,206.13504520277257
add-int,256,1x,1,0,True,97671,0.0247923,253.83481278987622
add-int,256,1x,1,1,True,97671,0.0215334,220.4687164050742
add-int,256,1x,1,2,False,97671,0.0224509,229.86249756836727
add-int,256,1x,1,3,False,97671,0.0246436,252.31235474193977
add-int,256,1x,1,4,False,97671,0.0257713,263.8582588485835
add-int,256,2-stackless,1,0,True,97671,0.020314375,207.9877855248743
add-int,256,2-stackless,1,1,True,97671,0.020184999999999998,206.6631855924481
add-int,256,2-stackless,1,2,False,97671,0.020022916,205.0036960817438
add-int,256,2-stackless,1,3,False,97671,0.020036207999999993,205.13978560678189
add-int,256,2-stackless,1,4,False,97671,0.020070208000000006,205.48789302863702
add-int,256,2-stackless,2,0,True,97671,0.020134709,206.14828352325665
add-int,256,2-stackless,2,1,True,97671,0.020076333,205.55060355683878
add-int,256,2-stackless,2,2,False,97671,0.020007250000000004,204.84330046789736
add-int,256,2-stackless,2,3,False,97671,0.020123334,206.03182111373897
add-int,256,2-stackless,2,4,False,97671,0.02003754199999999,205.1534437038629
add-int,256,1x,2,0,True,97671,0.0431303,441.5875746127305
add-int,256,1x,2,1,True,97671,0.038975,399.04372843525715
add-int,256,1x,2,2,False,97671,0.0656503,672.1575493237501
add-int,256,1x,2,3,False,97671,0.0248931,254.86684891114047
add-int,256,1x,2,4,False,97671,0.0582844,596.7421240695805
do-int,64,1x,0,0,True,322235,0.188019,583.4841032165966
do-int,64,1x,0,1,True,322235,0.18713,580.72524710227
do-int,64,1x,0,2,False,322235,0.18854,585.1009356525517
do-int,64,1x,0,3,False,322235,0.187911,583.1489440935962
do-int,64,1x,0,4,False,322235,0.188089,583.7013359815041
do-int,64,2-stackless,0,0,True,322235,0.019729958000000002,61.22847611215418
do-int,64,2-stackless,0,1,True,322235,0.019647582999999996,60.97283969773611
do-int,64,2-stackless,0,2,False,322235,0.019666834,61.03258181141093
do-int,64,2-stackless,0,3,False,322235,0.020125124999999994,62.45480782658616
do-int,64,2-stackless,0,4,False,322235,0.02065204100000001,64.08999953450125
do-int,64,1x,1,0,True,322235,0.196843,610.8678448958059
do-int,64,1x,1,1,True,322235,0.196764,610.6226822039815
do-int,64,1x,1,2,False,322235,0.196871,610.9547380017689
do-int,64,1x,1,3,False,322235,0.196942,611.1750740918894
do-int,64,1x,1,4,False,322235,0.197199,611.9726286716217
do-int,64,2-stackless,1,0,True,322235,0.019747541,61.28304187937375
do-int,64,2-stackless,1,1,True,322235,0.019920208999999998,61.8188868372461
do-int,64,2-stackless,1,2,False,322235,0.019856082999999997,61.61988300463946
do-int,64,2-stackless,1,3,False,322235,0.021879624999999993,67.89959191273446
do-int,64,2-stackless,1,4,False,322235,0.02142791699999999,66.49779508743616
do-int,64,1x,2,0,True,322235,0.187971,583.3351436063742
do-int,64,1x,2,1,True,322235,0.187464,581.7617577234006
do-int,64,1x,2,2,False,322235,0.187644,582.3203562617344
do-int,64,1x,2,3,False,322235,0.187789,582.7703384176144
do-int,64,1x,2,4,False,322235,0.187478,581.8052042763821
do-int,64,2-stackless,2,0,True,322235,0.019540333,60.64000806864556
do-int,64,2-stackless,2,1,True,322235,0.019906624999999997,61.776731267553174
do-int,64,2-stackless,2,2,False,322235,0.019500292000000002,60.515747823793205
do-int,64,2-stackless,2,3,False,322235,0.019647334000000002,60.97206696975811
do-int,64,2-stackless,2,4,False,322235,0.019548290999999995,60.66470433069032
take-seq,0,2-stackless,0,0,True,4588946,0.02064125,4.498037239923939
take-seq,0,2-stackless,0,1,True,4588946,0.020724958,4.5162784656868915
take-seq,0,2-stackless,0,2,False,4588946,0.020888082999999995,4.551825844104506
take-seq,0,2-stackless,0,3,False,4588946,0.020560125000000005,4.480358888511654
take-seq,0,2-stackless,0,4,False,4588946,0.020772125000000002,4.526556860769337
take-seq,0,1x,0,0,True,4588946,0.0248851,5.4228356576869725
take-seq,0,1x,0,1,True,4588946,0.0248188,5.408387895608272
take-seq,0,1x,0,2,False,4588946,0.0248595,5.417257034621894
take-seq,0,1x,0,3,False,4588946,0.0248866,5.423162530132192
take-seq,0,1x,0,4,False,4588946,0.0249493,5.4368257983423645
take-seq,0,2-stackless,1,0,True,4588946,0.020788459,4.530116283782812
take-seq,0,2-stackless,1,1,True,4588946,0.020533874999999997,4.474638620720313
take-seq,0,2-stackless,1,2,False,4588946,0.02084425,4.5422739775103045
take-seq,0,2-stackless,1,3,False,4588946,0.020841166,4.541601927762933
take-seq,0,2-stackless,1,4,False,4588946,0.020742709000000012,4.520146674203621
take-seq,0,1x,1,0,True,4588946,0.0240076,5.231615277233596
take-seq,0,1x,1,1,True,4588946,0.0238854,5.2049860686963845
take-seq,0,1x,1,2,False,4588946,0.0239578,5.22076311205231
take-seq,0,1x,1,3,False,4588946,0.0242895,5.293045505438504
take-seq,0,1x,1,4,False,4588946,0.0238505,5.197380836470946
take-seq,0,2-stackless,2,0,True,4588946,0.020907250000000002,4.556002620209521
take-seq,0,2-stackless,2,1,True,4588946,0.020641332999999998,4.498055326865907
take-seq,0,2-stackless,2,2,False,4588946,0.020677249999999994,4.5058821786092045
take-seq,0,2-stackless,2,3,False,4588946,0.020553125,4.478833483767296
take-seq,0,2-stackless,2,4,False,4588946,0.0206915,4.50898746683879
take-seq,0,1x,2,0,True,4588946,0.0240716,5.245561834896292
take-seq,0,1x,2,1,True,4588946,0.0241432,5.261164546281433
take-seq,0,1x,2,2,False,4588946,0.0241249,5.257176702449756
take-seq,0,1x,2,3,False,4588946,0.0245525,5.350357140833647
take-seq,0,1x,2,4,False,4588946,0.0245302,5.345497637148051
get-table,64,2-stackless,0,0,True,412868,0.019936292,48.2873267000591
get-table,64,2-stackless,0,1,True,412868,0.019450209,47.109993993237545
get-table,64,2-stackless,0,2,False,412868,0.0198565,48.09406396233179
get-table,64,2-stackless,0,3,False,412868,0.019680334000000008,47.667375529224856
get-table,64,2-stackless,0,4,False,412868,0.019610917000000005,47.499241888448616
get-table,64,1x,0,0,True,412868,0.0522497,126.55303874361782
get-table,64,1x,0,1,True,412868,0.0503032,121.83845684334945
get-table,64,1x,0,2,False,412868,0.0508862,123.2505304358778
get-table,64,1x,0,3,False,412868,0.0510222,123.57993353807997
get-table,64,1x,0,4,False,412868,0.0515464,124.84958873053857
get-table,64,1x,1,0,True,412868,0.0509039,123.29340128079677
get-table,64,1x,1,1,True,412868,0.0493961,119.64138659329375
get-table,64,1x,1,2,False,412868,0.0505326,122.3940823701522
get-table,64,1x,1,3,False,412868,0.0506304,122.63096195394169
get-table,64,1x,1,4,False,412868,0.050913,123.3154422236647
get-table,64,2-stackless,1,0,True,412868,0.01946575,47.14763556390905
get-table,64,2-stackless,1,1,True,412868,0.019380291000000004,46.94064688956278
get-table,64,2-stackless,1,2,False,412868,0.019796458000000003,47.948637336872814
get-table,64,2-stackless,1,3,False,412868,0.019715084,47.751542866000754
get-table,64,2-stackless,1,4,False,412868,0.019428875000000012,47.058321303661245
get-table,64,2-stackless,2,0,True,412868,0.019374333,46.926216127188354
get-table,64,2-stackless,2,1,True,412868,0.019429416,47.05963164982513
get-table,64,2-stackless,2,2,False,412868,0.019627333000000004,47.53900278054972
get-table,64,2-stackless,2,3,False,412868,0.01952929099999999,47.30153705300481
get-table,64,2-stackless,2,4,False,412868,0.019847917000000007,48.07327523566856
get-table,64,1x,2,0,True,412868,0.0481046,116.51326816319018
get-table,64,1x,2,1,True,412868,0.0490089,118.70355658467113
get-table,64,1x,2,2,False,412868,0.0492276,119.23326583799181
get-table,64,1x,2,3,False,412868,0.0491247,118.98403363786973
get-table,64,1x,2,4,False,412868,0.0494549,119.7838049933635
const-string,0,1x,0,0,True,3151691,0.0321224,10.192115914916787
const-string,0,1x,0,1,True,3151691,0.0316724,10.04933542025535
const-string,0,1x,0,2,False,3151691,0.0319219,10.128499272295413
const-string,0,1x,0,3,False,3151691,0.0320122,10.157150558224139
const-string,0,1x,0,4,False,3151691,0.0316888,10.054538976060789
const-string,0,2-stackless,0,0,True,3151691,0.016609125,5.269909074208099
const-string,0,2-stackless,0,1,True,3151691,0.016567,5.256543233457848
const-string,0,2-stackless,0,2,False,3151691,0.016599499999999996,5.266855158072285
const-string,0,2-stackless,0,3,False,3151691,0.016510667,5.238669336556153
const-string,0,2-stackless,0,4,False,3151691,0.01653045900000001,5.2449491400013555
const-string,0,1x,1,0,True,3151691,0.0315391,10.00704066483675
const-string,0,1x,1,1,True,3151691,0.0318605,10.10901766702383
const-string,0,1x,1,2,False,3151691,0.0320197,10.159530233135165
const-string,0,1x,1,3,False,3151691,0.0322825,10.242914042017444
const-string,0,1x,1,4,False,3151691,0.0326592,10.362437180548474
const-string,0,2-stackless,1,0,True,3151691,0.016627792,5.275831926416644
const-string,0,2-stackless,1,1,True,3151691,0.016567250000000002,5.256622555954883
const-string,0,2-stackless,1,2,False,3151691,0.016513166999999995,5.239462561526493
const-string,0,2-stackless,1,3,False,3151691,0.01674375,5.31262423886098
const-string,0,2-stackless,1,4,False,3151691,0.016625834000000006,5.275210672619875
const-string,0,1x,2,0,True,3151691,0.032063,10.173268889621475
const-string,0,1x,2,1,True,3151691,0.0322213,10.223495894743488
const-string,0,1x,2,2,False,3151691,0.0324455,10.2946323100837
const-string,0,1x,2,3,False,3151691,0.0326323,10.353902079867602
const-string,0,1x,2,4,False,3151691,0.0322475,10.231808892432666
const-string,0,2-stackless,2,0,True,3151691,0.016449208,5.21916901117527
const-string,0,2-stackless,2,1,True,3151691,0.016563584,5.255459370858374
const-string,0,2-stackless,2,2,False,3151691,0.016654207999999997,5.284213458743258
const-string,0,2-stackless,2,3,False,3151691,0.016639042,5.2794014387831805
const-string,0,2-stackless,2,4,False,3151691,0.016801082999999994,5.33081542575081
take-seq,256,2-stackless,0,0,True,29776,0.019504917,655.0549771628157
take-seq,256,2-stackless,0,1,True,29776,0.019491459,654.6030024180548
take-seq,256,2-stackless,0,2,False,29776,0.019523374999999996,655.6748723804405
take-seq,256,2-stackless,0,3,False,29776,0.01958025,657.5849677592693
take-seq,256,2-stackless,0,4,False,29776,0.0197045,661.757791509941
take-seq,256,1x,0,0,True,29776,0.0317975,1067.890247178936
take-seq,256,1x,0,1,True,29776,0.0316465,1062.8190488984417
take-seq,256,1x,0,2,False,29776,0.0316715,1063.6586512627619
take-seq,256,1x,0,3,False,29776,0.0317324,1065.7039226222462
take-seq,256,1x,0,4,False,29776,0.0318357,1069.1731595916174
take-seq,256,1x,1,0,True,29776,0.0317846,1067.457012358947
take-seq,256,1x,1,1,True,29776,0.0318992,1071.305749596991
take-seq,256,1x,1,2,False,29776,0.0318403,1069.3276464266526
take-seq,256,1x,1,3,False,29776,0.032028,1075.6313809779688
take-seq,256,1x,1,4,False,29776,0.0320975,1077.965475550779
take-seq,256,2-stackless,1,0,True,29776,0.01951425,655.3684175174637
take-seq,256,2-stackless,1,1,True,29776,0.019448041,653.1448481998925
take-seq,256,2-stackless,1,2,False,29776,0.019492459000000004,654.6365865126278
take-seq,256,2-stackless,1,3,False,29776,0.01956575,657.0979983879635
take-seq,256,2-stackless,1,4,False,29776,0.01982325,665.7459027404622
take-seq,256,1x,2,0,True,29776,0.031973,1073.7842557764643
take-seq,256,1x,2,1,True,29776,0.0319288,1072.299838796346
take-seq,256,1x,2,2,False,29776,0.032085,1077.545674368619
take-seq,256,1x,2,3,False,29776,0.0320992,1078.022568511553
take-seq,256,1x,2,4,False,29776,0.0321327,1079.147635679742
take-seq,256,2-stackless,2,0,True,29776,0.019673542000000002,660.7180951101559
take-seq,256,2-stackless,2,1,True,29776,0.019601290999999996,658.2916106931756
take-seq,256,2-stackless,2,2,False,29776,0.01944075,652.8999865663621
take-seq,256,2-stackless,2,3,False,29776,0.019632292000000003,659.3327512090275
take-seq,256,2-stackless,2,4,False,29776,0.01956166699999999,656.9608745298224
update-seq,0,2-stackless,0,0,True,4060914,0.019733041,4.859260993953578
update-seq,0,2-stackless,0,1,True,4060914,0.019735375000000003,4.85983574141191
update-seq,0,2-stackless,0,2,False,4060914,0.019647917,4.838299210473307
update-seq,0,2-stackless,0,3,False,4060914,0.019715041999999995,4.8548287405249155
update-seq,0,2-stackless,0,4,False,4060914,0.01990820900000001,4.902396110826285
update-seq,0,1x,0,0,True,4060914,0.175625,43.24765311454515
update-seq,0,1x,0,1,True,4060914,0.176664,43.50350684599575
update-seq,0,1x,0,2,False,4060914,0.175573,43.23484811547351
update-seq,0,1x,0,3,False,4060914,0.176537,43.472233098263104
update-seq,0,1x,0,4,False,4060914,0.175839,43.30035061072458
update-seq,0,2-stackless,1,0,True,4060914,0.019808542,4.877853113855649
update-seq,0,2-stackless,1,1,True,4060914,0.01976225,4.866453709682106
update-seq,0,2-stackless,1,2,False,4060914,0.01969825,4.850693710824706
update-seq,0,2-stackless,1,3,False,4060914,0.019716458,4.855177430499636
update-seq,0,2-stackless,1,4,False,4060914,0.019571375000000002,4.819450744339822
update-seq,0,1x,1,0,True,4060914,0.177089,43.608163088408176
update-seq,0,1x,1,1,True,4060914,0.176922,43.567039341389645
update-seq,0,1x,1,2,False,4060914,0.17637,43.43110935124457
update-seq,0,1x,1,3,False,4060914,0.176855,43.550540592585804
update-seq,0,1x,1,4,False,4060914,0.176759,43.526900594299704
update-seq,0,2-stackless,2,0,True,4060914,0.019681542,4.846579366122996
update-seq,0,2-stackless,2,1,True,4060914,0.019593707999999998,4.824950245191106
update-seq,0,2-stackless,2,2,False,4060914,0.019674040999999996,4.844732245006911
update-seq,0,2-stackless,2,3,False,4060914,0.019841541000000004,4.8859791170165146
update-seq,0,2-stackless,2,4,False,4060914,0.019656332999999998,4.840371650323054
update-seq,0,1x,2,0,True,4060914,0.176613,43.490948096906266
update-seq,0,1x,2,1,True,4060914,0.176716,43.51631184506739
update-seq,0,1x,2,2,False,4060914,0.176376,43.43258685113745
update-seq,0,1x,2,3,False,4060914,0.176517,43.467308098620165
update-seq,0,1x,2,4,False,4060914,0.176504,43.46410684885225
const-int,64,2-stackless,0,0,True,430301,0.01890025,43.92332344103314
const-int,64,2-stackless,0,1,True,430301,0.0191685,44.54672426975536
const-int,64,2-stackless,0,2,False,430301,0.019269084,44.78047692196858
const-int,64,2-stackless,0,3,False,430301,0.019143791,44.4893016748741
const-int,64,2-stackless,0,4,False,430301,0.019187999999999997,44.59204138498399
const-int,64,1x,0,0,True,430301,0.0250062,58.11327419643459
const-int,64,1x,0,1,True,430301,0.025261,58.70541783542218
const-int,64,1x,0,2,False,430301,0.0257957,59.94803637453782
const-int,64,1x,0,3,False,430301,0.0256215,59.543203478495286
const-int,64,1x,0,4,False,430301,0.0255309,59.332653189279135
const-int,64,1x,1,0,True,430301,0.0262264,60.948963632434044
const-int,64,1x,1,1,True,430301,0.0252375,58.6508049016851
const-int,64,1x,1,2,False,430301,0.0254847,59.22528648550666
const-int,64,1x,1,3,False,430301,0.0256192,59.53785838285293
const-int,64,1x,1,4,False,430301,0.0255649,59.41166764660087
const-int,64,2-stackless,1,0,True,430301,0.018986208,44.12308593287025
const-int,64,2-stackless,1,1,True,430301,0.019297875,44.84738589963769
const-int,64,2-stackless,1,2,False,430301,0.019177667000000002,44.56802796182208
const-int,64,2-stackless,1,3,False,430301,0.019374041999999994,45.024394551720754
const-int,64,2-stackless,1,4,False,430301,0.019182083000000003,44.5782905454554
const-int,64,2-stackless,2,0,True,430301,0.019083458,44.34909052035668
const-int,64,2-stackless,2,1,True,430301,0.019263332999999997,44.76711185890806
const-int,64,2-stackless,2,2,False,430301,0.019388291000000002,45.05750858120247
const-int,64,2-stackless,2,3,False,430301,0.019341208,44.94808982549425
const-int,64,2-stackless,2,4,False,430301,0.019487833999999996,45.28884199664885
const-int,64,1x,2,0,True,430301,0.0249181,57.90853379378621
const-int,64,1x,2,1,True,430301,0.0251183,58.373789510133605
const-int,64,1x,2,2,False,430301,0.0252517,58.68380505739006
const-int,64,1x,2,3,False,430301,0.0251639,58.479761841129815
const-int,64,1x,2,4,False,430301,0.0254042,59.038208138024316
update-int,8,2-stackless,0,0,True,1741660,0.021589208000000002,12.395764959865877
update-int,8,2-stackless,0,1,True,1741660,0.021808083000000002,12.521435297359991
update-int,8,2-stackless,0,2,False,1741660,0.021657041999999994,12.434712860144915
update-int,8,2-stackless,0,3,False,1741660,0.021826374999999995,12.531937921293476
update-int,8,2-stackless,0,4,False,1741660,0.021962375000000006,12.610024344590798
update-int,8,1x,0,0,True,1741660,0.0237237,13.621315296900658
update-int,8,1x,0,1,True,1741660,0.0239573,13.755440212211338
update-int,8,1x,0,2,False,1741660,0.0240768,13.82405291503508
update-int,8,1x,0,3,False,1741660,0.0238745,13.707899360380328
update-int,8,1x,0,4,False,1741660,0.0235952,13.54753511018224
update-int,8,1x,1,0,True,1741660,0.0236377,13.571937117462651
update-int,8,1x,1,1,True,1741660,0.0239198,13.733909029316859
update-int,8,1x,1,2,False,1741660,0.0240323,13.7985025780003
update-int,8,1x,1,3,False,1741660,0.0239258,13.737354018579975
update-int,8,1x,1,4,False,1741660,0.0237888,13.658693430405476
update-int,8,2-stackless,1,0,True,1741660,0.021310208,12.235572959130945
update-int,8,2-stackless,1,1,True,1741660,0.021201625,12.173228414271442
update-int,8,2-stackless,1,2,False,1741660,0.021506290999999997,12.34815693074423
update-int,8,2-stackless,1,3,False,1741660,0.021463417,12.323540185799754
update-int,8,2-stackless,1,4,False,1741660,0.021329165999999997,12.246457976872637
update-int,8,1x,2,0,True,1741660,0.0238336,13.684416016903414
update-int,8,1x,2,1,True,1741660,0.0239105,13.728569295959028
update-int,8,1x,2,2,False,1741660,0.0240782,13.824856745863142
update-int,8,1x,2,3,False,1741660,0.0238471,13.692167242745427
update-int,8,1x,2,4,False,1741660,0.0237993,13.664722161615929
update-int,8,2-stackless,2,0,True,1741660,0.021385750000000002,12.278946522283341
update-int,8,2-stackless,2,1,True,1741660,0.021190708000000003,12.166960256307203
update-int,8,2-stackless,2,2,False,1741660,0.021273,12.214209432380603
update-int,8,2-stackless,2,3,False,1741660,0.021336582999999992,12.250716557766724
update-int,8,2-stackless,2,4,False,1741660,0.02130808299999999,12.234352858766918
get-table,8,1x,0,0,True,1972873,0.148723,75.38397048365506
get-table,8,1x,0,1,True,1972873,0.154056,78.08713485358662
get-table,8,1x,0,2,False,1972873,0.14835,75.19490610900955
get-table,8,1x,0,3,False,1972873,0.14799,75.0124311093517
get-table,8,1x,0,4,False,1972873,0.148152,75.09454485919773
get-table,8,2-stackless,0,0,True,1972873,0.019679083,9.974835176922184
get-table,8,2-stackless,0,1,True,1972873,0.019618375,9.94406380947988
get-table,8,2-stackless,0,2,False,1972873,0.019614874999999997,9.942289746983205
get-table,8,2-stackless,0,3,False,1972873,0.019627125000000002,9.948498965721566
get-table,8,2-stackless,0,4,False,1972873,0.019640624999999995,9.955341778208732
get-table,8,2-stackless,1,0,True,1972873,0.020299792,10.289457050707268
get-table,8,2-stackless,1,1,True,1972873,0.019840292000000002,10.056547988643974
get-table,8,2-stackless,1,2,False,1972873,0.019601916999999996,9.93572166074552
get-table,8,2-stackless,1,3,False,1972873,0.019722709000000005,9.996948105630723
get-table,8,2-stackless,1,4,False,1972873,0.019767957999999988,10.019883692462713
get-table,8,1x,1,0,True,1972873,0.148571,75.30692548379952
get-table,8,1x,1,1,True,1972873,0.148777,75.41134173360373
get-table,8,1x,1,2,False,1972873,0.143636,72.80549736348969
get-table,8,1x,1,3,False,1972873,0.149058,75.55377360833667
get-table,8,1x,1,4,False,1972873,0.152292,77.1930073552631
get-table,8,1x,2,0,True,1972873,0.150078,76.07078610736728
get-table,8,1x,2,1,True,1972873,0.148367,75.2035229839934
get-table,8,1x,2,2,False,1972873,0.147049,74.535461735246
get-table,8,1x,2,3,False,1972873,0.149313,75.68302673309432
get-table,8,1x,2,4,False,1972873,0.144001,72.9905067381428
get-table,8,2-stackless,2,0,True,1972873,0.019604625,9.937094278242949
get-table,8,2-stackless,2,1,True,1972873,0.019811332999999997,10.041869395546493
get-table,8,2-stackless,2,2,False,1972873,0.019711292,9.991161113766573
get-table,8,2-stackless,2,3,False,1972873,0.019600332999999998,9.934918770747025
get-table,8,2-stackless,2,4,False,1972873,0.019630291999999994,9.95010423884355
const-seq,256,1x,0,0,True,139588,0.0361529,258.9971917356793
const-seq,256,1x,0,1,True,139588,0.0340326,243.80749061523915
const-seq,256,1x,0,2,False,139588,0.0356811,255.61724503538986
const-seq,256,1x,0,3,False,139588,0.034524,247.3278505315643
const-seq,256,1x,0,4,False,139588,0.0356619,255.47969739519155
const-seq,256,2-stackless,0,0,True,139588,0.019598125,140.39978364902427
const-seq,256,2-stackless,0,1,True,139588,0.019828625,142.05107172536322
const-seq,256,2-stackless,0,2,False,139588,0.019857458,142.25762959566725
const-seq,256,2-stackless,0,3,False,139588,0.019993875000000008,143.2349127432158
const-seq,256,2-stackless,0,4,False,139588,0.01923825,137.8216608877554
const-seq,256,1x,1,0,True,139588,0.0356899,255.6802877038141
const-seq,256,1x,1,1,True,139588,0.035637,255.3013152993094
const-seq,256,1x,1,2,False,139588,0.0348184,249.43691434793823
const-seq,256,1x,1,3,False,139588,0.0355249,254.49823767085996
const-seq,256,1x,1,4,False,139588,0.0356923,255.69748115883885
const-seq,256,2-stackless,1,0,True,139588,0.019828042,142.04689514858012
const-seq,256,2-stackless,1,1,True,139588,0.019701375,141.1394604120698
const-seq,256,2-stackless,1,2,False,139588,0.019798917,141.8382454079147
const-seq,256,2-stackless,1,3,False,139588,0.019790500000000003,141.7779465283549
const-seq,256,2-stackless,1,4,False,139588,0.01998604200000001,143.17879760437867
const-seq,256,1x,2,0,True,139588,0.0346113,247.95326245809096
const-seq,256,1x,2,1,True,139588,0.0345097,247.22540619537497
const-seq,256,1x,2,2,False,139588,0.0349926,250.68487262515401
const-seq,256,1x,2,3,False,139588,0.0345863,247.7741639682494
const-seq,256,1x,2,4,False,139588,0.0349295,250.232828036794
const-seq,256,2-stackless,2,0,True,139588,0.019888583,142.48060721551997
const-seq,256,2-stackless,2,1,True,139588,0.019576000000000003,140.24128148551455
const-seq,256,2-stackless,2,2,False,139588,0.020202125,144.72680316359572
const-seq,256,2-stackless,2,3,False,139588,0.019761042000000006,141.56691119580486
const-seq,256,2-stackless,2,4,False,139588,0.019719708000000002,141.27079691664042
get-seq,0,2-stackless,0,0,True,4229135,0.020661167,4.885435674198152
get-seq,0,2-stackless,0,1,True,4229135,0.020383499999999995,4.819779931357121
get-seq,0,2-stackless,0,2,False,4229135,0.020384041999999998,4.819908089952199
get-seq,0,2-stackless,0,3,False,4229135,0.020485834,4.843977314509941
get-seq,0,2-stackless,0,4,False,4229135,0.020497584,4.8467556604364725
get-seq,0,1x,0,0,True,4229135,0.18342,43.37057105058127
get-seq,0,1x,0,1,True,4229135,0.183577,43.40769448125917
get-seq,0,1x,0,2,False,4229135,0.183621,43.41809850004788
get-seq,0,1x,0,3,False,4229135,0.184219,43.55949857358538
get-seq,0,1x,0,4,False,4229135,0.184051,43.519774138210295
get-seq,0,2-stackless,1,0,True,4229135,0.020571375000000003,4.864203909310061
get-seq,0,2-stackless,1,1,True,4229135,0.020411625000000003,4.826430227457862
get-seq,0,2-stackless,1,2,False,4229135,0.020441375000000005,4.833464762888866
get-seq,0,2-stackless,1,3,False,4229135,0.020610041999999995,4.873346913730584
get-seq,0,2-stackless,1,4,False,4229135,0.02078329200000001,4.914312737711141
get-seq,0,1x,1,0,True,4229135,0.183599,43.41289649065352
get-seq,0,1x,1,1,True,4229135,0.183342,43.35212756272855
get-seq,0,1x,1,2,False,4229135,0.184161,43.54578418518208
get-seq,0,1x,1,3,False,4229135,0.183623,43.41857140999282
get-seq,0,1x,1,4,False,4229135,0.183546,43.40036437711258
get-seq,0,2-stackless,2,0,True,4229135,0.020528292,4.854016719731104
get-seq,0,2-stackless,2,1,True,4229135,0.020399,4.823444983430417
get-seq,0,2-stackless,2,2,False,4229135,0.020544874999999997,4.857937852539584
get-seq,0,2-stackless,2,3,False,4229135,0.020619083999999996,4.875484939591665
get-seq,0,2-stackless,2,4,False,4229135,0.020839666999999992,4.9276428867841755
get-seq,0,1x,2,0,True,4229135,0.187427,44.31804612527148
get-seq,0,1x,2,1,True,4229135,0.185036,43.752682286093965
get-seq,0,1x,2,2,False,4229135,0.185114,43.77112577394668
get-seq,0,1x,2,3,False,4229135,0.186079,43.999304822380935
get-seq,0,1x,2,4,False,4229135,0.186461,44.08963062186476
const-seq,64,1x,0,0,True,465975,0.0453711,97.36809914694994
const-seq,64,1x,0,1,True,465975,0.0462146,99.17828209667901
const-seq,64,1x,0,2,False,465975,0.0455065,97.65867267557272
const-seq,64,1x,0,3,False,465975,0.045473,97.58678040667418
const-seq,64,1x,0,4,False,465975,0.0462916,99.34352701325179
const-seq,64,2-stackless,0,0,True,465975,0.020511125,44.017651161543
const-seq,64,2-stackless,0,1,True,465975,0.021093499999999998,45.267449970491974
const-seq,64,2-stackless,0,2,False,465975,0.021170999999999995,45.43376790600353
const-seq,64,2-stackless,0,3,False,465975,0.021435999999999997,46.002467943559196
const-seq,64,2-stackless,0,4,False,465975,0.020910957999999993,44.87570792424485
const-seq,64,1x,1,0,True,465975,0.0454864,97.61553731423359
const-seq,64,1x,1,1,True,465975,0.0450324,96.64123611781748
const-seq,64,1x,1,2,False,465975,0.0452301,97.06550780621278
const-seq,64,1x,1,3,False,465975,0.0452593,97.12817211223778
const-seq,64,1x,1,4,False,465975,0.0457126,98.1009710821396
const-seq,64,2-stackless,1,0,True,465975,0.020793042,44.62265572187349
const-seq,64,2-stackless,1,1,True,465975,0.021142915999999998,45.3734985782499
const-seq,64,2-stackless,1,2,False,465975,0.021176666999999996,45.445929502655716
const-seq,64,2-stackless,1,3,False,465975,0.021423208,45.975015827029345
const-seq,64,2-stackless,1,4,False,465975,0.021375583000000004,45.87281077311015
const-seq,64,2-stackless,2,0,True,465975,0.020562917,44.12879875529803
const-seq,64,2-stackless,2,1,True,465975,0.021006124999999997,45.07993991093942
const-seq,64,2-stackless,2,2,False,465975,0.020832416,44.707153817264874
const-seq,64,2-stackless,2,3,False,465975,0.021038166000000004,45.148701110574606
const-seq,64,2-stackless,2,4,False,465975,0.021344500000000002,45.80610547776169
const-seq,64,1x,2,0,True,465975,0.0453788,97.38462363860722
const-seq,64,1x,2,1,True,465975,0.045555,97.7627555126348
const-seq,64,1x,2,2,False,465975,0.0457628,98.20870218359354
const-seq,64,1x,2,3,False,465975,0.0454387,97.51317130747357
const-seq,64,1x,2,4,False,465975,0.044922,96.40431353613391
assign-int,256,2-stackless,0,0,True,37376,0.019663917,526.1107930222603
assign-int,256,2-stackless,0,1,True,37376,0.021322916,570.4975385273973
assign-int,256,2-stackless,0,2,False,37376,0.019625416,525.0806934931506
assign-int,256,2-stackless,0,3,False,37376,0.019648957999999994,525.710562928082
assign-int,256,2-stackless,0,4,False,37376,0.019911417,532.7326894263699
assign-int,256,1x,0,0,True,37376,0.0230923,617.8376498287671
assign-int,256,1x,0,1,True,37376,0.023301,623.4214469178082
assign-int,256,1x,0,2,False,37376,0.0230819,617.5593964041096
assign-int,256,1x,0,3,False,37376,0.0231077,618.2496789383562
assign-int,256,1x,0,4,False,37376,0.0230798,617.5032106164383
assign-int,256,2-stackless,1,0,True,37376,0.019643833000000003,525.5734428510275
assign-int,256,2-stackless,1,1,True,37376,0.019538416999999995,522.7530233304793
assign-int,256,2-stackless,1,2,False,37376,0.01968525,526.6815603595891
assign-int,256,2-stackless,1,3,False,37376,0.01967675,526.4541416952055
assign-int,256,2-stackless,1,4,False,37376,0.019726124999999997,527.775176583904
assign-int,256,1x,1,0,True,37376,0.0236817,633.6071275684932
assign-int,256,1x,1,1,True,37376,0.0231447,619.2396190068494
assign-int,256,1x,1,2,False,37376,0.0230414,616.4758133561644
assign-int,256,1x,1,3,False,37376,0.0228378,611.0284674657535
assign-int,256,1x,1,4,False,37376,0.022829,610.793022260274
assign-int,256,2-stackless,2,0,True,37376,0.019680334,526.5500321061644
assign-int,256,2-stackless,2,1,True,37376,0.019725709000000004,527.7640464469179
assign-int,256,2-stackless,2,2,False,37376,0.019609625,524.658203125
assign-int,256,2-stackless,2,3,False,37376,0.019566624999999997,523.507732234589
assign-int,256,2-stackless,2,4,False,37376,0.019549875000000008,523.0595836900687
assign-int,256,1x,2,0,True,37376,0.0226633,606.3596960616438
assign-int,256,1x,2,1,True,37376,0.0233793,625.5163741438356
assign-int,256,1x,2,2,False,37376,0.0234517,627.4534460616438
assign-int,256,1x,2,3,False,37376,0.0231898,620.4462756849315
assign-int,256,1x,2,4,False,37376,0.0231539,619.4857662671233
get-int,8,1x,0,0,True,2033906,0.0245418,12.066339349016129
get-int,8,1x,0,1,True,2033906,0.0243324,11.96338473852774
get-int,8,1x,0,2,False,2033906,0.0246062,12.098002562556971
get-int,8,1x,0,3,False,2033906,0.02399,11.79503870877022
get-int,8,1x,0,4,False,2033906,0.0243582,11.976069690536338
get-int,8,2-stackless,0,0,True,2033906,0.018650833000000002,9.16995819865815
get-int,8,2-stackless,0,1,True,2033906,0.018851166999999995,9.268455376010492
get-int,8,2-stackless,0,2,False,2033906,0.018819041,9.252660152435757
get-int,8,2-stackless,0,3,False,2033906,0.018812417000000005,9.249403364757272
get-int,8,2-stackless,0,4,False,2033906,0.018903333999999994,9.294104053972992
get-int,8,2-stackless,1,0,True,2033906,0.018803959000000002,9.2452448638236
get-int,8,2-stackless,1,1,True,2033906,0.018897459,9.291215523234603
get-int,8,2-stackless,1,2,False,2033906,0.019056749999999997,9.36953330193234
get-int,8,2-stackless,1,3,False,2033906,0.019170375000000003,9.425398715574861
get-int,8,2-stackless,1,4,False,2033906,0.018765000000000004,9.22609009462581
get-int,8,1x,1,0,True,2033906,0.0241875,11.892142508060845
get-int,8,1x,1,1,True,2033906,0.0241763,11.886635862227655
get-int,8,1x,1,2,False,2033906,0.024291,11.943029815537198
get-int,8,1x,1,3,False,2033906,0.0240363,11.81780278931278
get-int,8,1x,1,4,False,2033906,0.0244822,12.037036126546655
get-int,8,1x,2,0,True,2033906,0.0241844,11.890618347160586
get-int,8,1x,2,1,True,2033906,0.0237736,11.688642444636084
get-int,8,1x,2,2,False,2033906,0.0240827,11.840616036335996
get-int,8,1x,2,3,False,2033906,0.0240159,11.80777282725947
get-int,8,1x,2,4,False,2033906,0.0244111,12.002078758802028
get-int,8,2-stackless,2,0,True,2033906,0.018820125,9.25319311708604
get-int,8,2-stackless,2,1,True,2033906,0.018861417,9.273494940277477
get-int,8,2-stackless,2,2,False,2033906,0.018820834,9.253541707433873
get-int,8,2-stackless,2,3,False,2033906,0.018926999999999992,9.305739793284445
get-int,8,2-stackless,2,4,False,2033906,0.01889029099999999,9.287691269901357
make-seq,0,2-stackless,0,0,True,4320495,0.020636583,4.776439505195585
make-seq,0,2-stackless,0,1,True,4320495,0.020490083000000003,4.7425313534676015
make-seq,0,2-stackless,0,2,False,4320495,0.0205245,4.75049733884659
make-seq,0,2-stackless,0,3,False,4320495,0.02052654200000001,4.750969969876139
make-seq,0,2-stackless,0,4,False,4320495,0.020577791999999998,4.762832036606916
make-seq,0,1x,0,0,True,4320495,0.0397672,9.204315709195358
make-seq,0,1x,0,1,True,4320495,0.0385643,8.925898537088921
make-seq,0,1x,0,2,False,4320495,0.0385542,8.923560841986856
make-seq,0,1x,0,3,False,4320495,0.0388494,8.991886346356146
make-seq,0,1x,0,4,False,4320495,0.0384397,8.89705924899809
make-seq,0,2-stackless,1,0,True,4320495,0.020474666,4.7389630123400215
make-seq,0,2-stackless,1,1,True,4320495,0.020462374999999998,4.736118199419279
make-seq,0,2-stackless,1,2,False,4320495,0.020773167000000002,4.808052549534255
make-seq,0,2-stackless,1,3,False,4320495,0.020628415999999997,4.774549212532359
make-seq,0,2-stackless,1,4,False,4320495,0.020616707999999997,4.771839337853648
make-seq,0,1x,1,0,True,4320495,0.0392617,9.087315226611766
make-seq,0,1x,1,1,True,4320495,0.038998,9.026280553501392
make-seq,0,1x,1,2,False,4320495,0.0388026,8.981054254200039
make-seq,0,1x,1,3,False,4320495,0.0387382,8.966148554737362
make-seq,0,1x,1,4,False,4320495,0.0392186,9.07733951780988
make-seq,0,2-stackless,2,0,True,4320495,0.020558708000000002,4.758414950138816
make-seq,0,2-stackless,2,1,True,4320495,0.020775166,4.808515228000496
make-seq,0,2-stackless,2,2,False,4320495,0.020644334,4.7782335125952
make-seq,0,2-stackless,2,3,False,4320495,0.020602917,4.768647342492006
make-seq,0,2-stackless,2,4,False,4320495,0.02075708400000001,4.8043300594029175
make-seq,0,1x,2,0,True,4320495,0.0397553,9.201561395164212
make-seq,0,1x,2,1,True,4320495,0.0398693,9.227947260672677
make-seq,0,1x,2,2,False,4320495,0.041327,9.565339156740142
make-seq,0,1x,2,3,False,4320495,0.0395948,9.164412873987818
make-seq,0,1x,2,4,False,4320495,0.0394413,9.12888453753563
add-int,8,1x,0,0,True,1911590,0.0229398,12.000376649804613
add-int,8,1x,0,1,True,1911590,0.0229201,11.99007109265062
add-int,8,1x,0,2,False,1911590,0.0229596,12.010734519431468
add-int,8,1x,0,3,False,1911590,0.023078,12.072672487301148
add-int,8,1x,0,4,False,1911590,0.0227974,11.925883688447836
add-int,8,2-stackless,0,0,True,1911590,0.021278208,11.131156785712417
add-int,8,2-stackless,0,1,True,1911590,0.021346333000000002,11.166794657850273
add-int,8,2-stackless,0,2,False,1911590,0.021629916000000006,11.315143937769086
add-int,8,2-stackless,0,3,False,1911590,0.021439,11.215271057078139
add-int,8,2-stackless,0,4,False,1911590,0.021821624999999997,11.415431656369826
add-int,8,1x,1,0,True,1911590,0.0235379,12.313257549997646
add-int,8,1x,1,1,True,1911590,0.023559,12.324295481771719
add-int,8,1x,1,2,False,1911590,0.0232438,12.159406567307844
add-int,8,1x,1,3,False,1911590,0.0226633,11.855732662338681
add-int,8,1x,1,4,False,1911590,0.0240227,12.566868418437007
add-int,8,2-stackless,1,0,True,1911590,0.021312,11.14883421654225
add-int,8,2-stackless,1,1,True,1911590,0.021522707999999998,11.259060781862217
add-int,8,2-stackless,1,2,False,1911590,0.021347667,11.167492506238263
add-int,8,2-stackless,1,3,False,1911590,0.021390209000000007,11.189747278443603
add-int,8,2-stackless,1,4,False,1911590,0.021479333000000003,11.236370246757936
add-int,8,2-stackless,2,0,True,1911590,0.021273625,11.128759305081111
add-int,8,2-stackless,2,1,True,1911590,0.021473458000000004,11.233296888977241
add-int,8,2-stackless,2,2,False,1911590,0.021710792,11.357452173321684
add-int,8,2-stackless,2,3,False,1911590,0.021380208999999997,11.184516031157306
add-int,8,2-stackless,2,4,False,1911590,0.021432209000000008,11.211718517046023
add-int,8,1x,2,0,True,1911590,0.0234681,12.276743443939338
add-int,8,1x,2,1,True,1911590,0.0232432,12.159092692470665
add-int,8,1x,2,2,False,1911590,0.0230604,12.063465492077276
add-int,8,1x,2,3,False,1911590,0.0228855,11.971970977040055
add-int,8,1x,2,4,False,1911590,0.0229407,12.00084746206038
get-table,0,2-stackless,0,0,True,3807592,0.020039417,5.2630158378313645
get-table,0,2-stackless,0,1,True,3807592,0.019892,5.224299242145692
get-table,0,2-stackless,0,2,False,3807592,0.02013475,5.288053446902924
get-table,0,2-stackless,0,3,False,3807592,0.020000958,5.252915228312277
get-table,0,2-stackless,0,4,False,3807592,0.020074375000000005,5.27219696858277
get-table,0,1x,0,0,True,3807592,0.262413,68.91836100086354
get-table,0,1x,0,1,True,3807592,0.262509,68.94357378626701
get-table,0,1x,0,2,False,3807592,0.260106,68.31246625163621
get-table,0,1x,0,3,False,3807592,0.259442,68.13807781926215
get-table,0,1x,0,4,False,3807592,0.248123,65.16533284028331
get-table,0,2-stackless,1,0,True,3807592,0.020190125,5.30259675931665
get-table,0,2-stackless,1,1,True,3807592,0.020116834,5.283348110827
get-table,0,2-stackless,1,2,False,3807592,0.02016225,5.295275859388296
get-table,0,2-stackless,1,3,False,3807592,0.019951084,5.239816661028808
get-table,0,2-stackless,1,4,False,3807592,0.020088916999999998,5.276016180305032
get-table,0,1x,1,0,True,3807592,0.249556,65.54168618906648
get-table,0,1x,1,1,True,3807592,0.255003,66.97224912753256
get-table,0,1x,1,2,False,3807592,0.246179,64.65477393586288
get-table,0,1x,1,3,False,3807592,0.253772,66.64894768136922
get-table,0,1x,1,4,False,3807592,0.249703,65.58029326671556
get-table,0,1x,2,0,True,3807592,0.255501,67.1030404518131
get-table,0,1x,2,1,True,3807592,0.265002,69.5983183072136
get-table,0,1x,2,2,False,3807592,0.268162,70.42823916007808
get-table,0,1x,2,3,False,3807592,0.247,64.87039577769887
get-table,0,1x,2,4,False,3807592,0.259058,68.03722667764823
get-table,0,2-stackless,2,0,True,3807592,0.020020625,5.258080435088633
get-table,0,2-stackless,2,1,True,3807592,0.020098042000000003,5.278412708084271
get-table,0,2-stackless,2,2,False,3807592,0.020186208000000004,5.301568025145552
get-table,0,2-stackless,2,3,False,3807592,0.02013716599999999,5.28868796866891
get-table,0,2-stackless,2,4,False,3807592,0.019844,5.211692849443953
update-table,64,2-stackless,0,0,True,321889,0.020582584,63.943110823917564
update-table,64,2-stackless,0,1,True,321889,0.020663874999999998,64.19565440260463
update-table,64,2-stackless,0,2,False,321889,0.020451542000000003,63.53600775422585
update-table,64,2-stackless,0,3,False,321889,0.020863625000000004,64.8162099357232
update-table,64,2-stackless,0,4,False,321889,0.020425957999999994,63.456526939410764
update-table,64,1x,0,0,True,321889,0.0860282,267.26045313757226
update-table,64,1x,0,1,True,321889,0.0812375,252.37737232399988
update-table,64,1x,0,2,False,321889,0.0841463,261.4140278170425
update-table,64,1x,0,3,False,321889,0.0821481,255.20629782316263
update-table,64,1x,0,4,False,321889,0.0818992,254.43304990229552
update-table,64,2-stackless,1,0,True,321889,0.020365542,63.268834908928234
update-table,64,2-stackless,1,1,True,321889,0.020498374999999996,63.68150200845632
update-table,64,2-stackless,1,2,False,321889,0.020485041999999995,63.640080897452215
update-table,64,2-stackless,1,3,False,321889,0.020630334,64.09145388627756
update-table,64,2-stackless,1,4,False,321889,0.020588958000000004,63.962912681079516
update-table,64,1x,1,0,True,321889,0.0845506,262.67005085604046
update-table,64,1x,1,1,True,321889,0.086176,267.7196176321651
update-table,64,1x,1,2,False,321889,0.0845983,262.81823858535085
update-table,64,1x,1,3,False,321889,0.0836621,259.9097825647972
update-table,64,1x,1,4,False,321889,0.0813069,252.59297459683307
update-table,64,2-stackless,2,0,True,321889,0.02052825,63.77431350558733
update-table,64,2-stackless,2,1,True,321889,0.019998083,62.12726436753042
update-table,64,2-stackless,2,2,False,321889,0.020207250000000003,62.77707532720908
update-table,64,2-stackless,2,3,False,321889,0.020620624999999997,64.06129131470786
update-table,64,2-stackless,2,4,False,321889,0.021644166999999992,67.24108931961015
update-table,64,1x,2,0,True,321889,0.0836445,259.85510533134095
update-table,64,1x,2,1,True,321889,0.083683,259.9747117795265
update-table,64,1x,2,2,False,321889,0.0830913,258.13650047065914
update-table,64,1x,2,3,False,321889,0.0839164,260.6998064550202
update-table,64,1x,2,4,False,321889,0.0841678,261.4808210283669
do-int,8,2-stackless,0,0,True,1784392,0.020256792,11.352209604167694
do-int,8,2-stackless,0,1,True,1784392,0.01986425,11.132223188626714
do-int,8,2-stackless,0,2,False,1784392,0.020165249999999996,11.300908096427241
do-int,8,2-stackless,0,3,False,1784392,0.019958250000000004,11.184902196378376
do-int,8,2-stackless,0,4,False,1784392,0.020353833,11.406592833861618
do-int,8,1x,0,0,True,1784392,0.136858,76.6972727965604
do-int,8,1x,0,1,True,1784392,0.136768,76.64683544871306
do-int,8,1x,0,2,False,1784392,0.136591,76.54764199794664
do-int,8,1x,0,3,False,1784392,0.136447,76.46694224139091
do-int,8,1x,0,4,False,1784392,0.136398,76.43948190756291
do-int,8,1x,1,0,True,1784392,0.131942,73.9422727741438
do-int,8,1x,1,1,True,1784392,0.130418,73.08820035059561
do-int,8,1x,1,2,False,1784392,0.130778,73.28994974198494
do-int,8,1x,1,3,False,1784392,0.130265,73.00245685925513
do-int,8,1x,1,4,False,1784392,0.130997,73.41268062174679
do-int,8,2-stackless,1,0,True,1784392,0.020139,11.286197203305104
do-int,8,2-stackless,1,1,True,1784392,0.020053708,11.238398289165161
do-int,8,2-stackless,1,2,False,1784392,0.020074333,11.249956848046843
do-int,8,2-stackless,1,3,False,1784392,0.020272000000000005,11.360732395123943
do-int,8,2-stackless,1,4,False,1784392,0.020223417000000007,11.333505754340978
do-int,8,1x,2,0,True,1784392,0.131731,73.8240252141906
do-int,8,1x,2,1,True,1784392,0.131647,73.77695035619975
do-int,8,1x,2,2,False,1784392,0.131413,73.6458132517967
do-int,8,1x,2,3,False,1784392,0.131664,73.78647741079314
do-int,8,1x,2,4,False,1784392,0.131245,73.551663535815
do-int,8,2-stackless,2,0,True,1784392,0.020247458,11.346978690780949
do-int,8,2-stackless,2,1,True,1784392,0.020282375000000002,11.366546700500788
do-int,8,2-stackless,2,2,False,1784392,0.020157415999999997,11.296517805504617
do-int,8,2-stackless,2,3,False,1784392,0.020053875,11.238491878466167
do-int,8,2-stackless,2,4,False,1784392,0.02004745799999999,11.234895695564646
assign-table,0,2-stackless,0,0,True,3703474,0.019570333,5.284317643380242
assign-table,0,2-stackless,0,1,True,3703474,0.019403124999999997,5.239168683241734
assign-table,0,2-stackless,0,2,False,3703474,0.019589000000000002,5.289358045986013
assign-table,0,2-stackless,0,3,False,3703474,0.019325084000000006,5.218096306332921
assign-table,0,2-stackless,0,4,False,3703474,0.019438166000000007,5.248630340053692
assign-table,0,1x,0,0,True,3703474,0.256169,69.16991991843334
assign-table,0,1x,0,1,True,3703474,0.261465,70.59992860757224
assign-table,0,1x,0,2,False,3703474,0.258653,69.84064151658687
assign-table,0,1x,0,3,False,3703474,0.250852,67.73424087761924
assign-table,0,1x,0,4,False,3703474,0.260795,70.41901738745837
assign-table,0,2-stackless,1,0,True,3703474,0.019438708,5.24877668913026
assign-table,0,2-stackless,1,1,True,3703474,0.019555167000000002,5.280222569403755
assign-table,0,2-stackless,1,2,False,3703474,0.019380875,5.233160810633476
assign-table,0,2-stackless,1,3,False,3703474,0.019416625000000007,5.242813909318658
assign-table,0,2-stackless,1,4,False,3703474,0.019479958000000006,5.259914879920854
assign-table,0,1x,1,0,True,3703474,0.244657,66.06148713343201
assign-table,0,1x,1,1,True,3703474,0.242293,65.42316754485113
assign-table,0,1x,1,2,False,3703474,0.265296,71.63436276317856
assign-table,0,1x,1,3,False,3703474,0.24251,65.48176117882831
assign-table,0,1x,1,4,False,3703474,0.246803,66.64094307128929
assign-table,0,1x,2,0,True,3703474,0.24801,66.96685328424068
assign-table,0,1x,2,1,True,3703474,0.239857,64.76540675052667
assign-table,0,1x,2,2,False,3703474,0.252784,68.25591323173863
assign-table,0,1x,2,3,False,3703474,0.246865,66.65768410956848
assign-table,0,1x,2,4,False,3703474,0.247693,66.88125797561965
assign-table,0,2-stackless,2,0,True,3703474,0.019649666,5.305738881925457
assign-table,0,2-stackless,2,1,True,3703474,0.0195515,5.279232417994564
assign-table,0,2-stackless,2,2,False,3703474,0.019557667,5.280897611269851
assign-table,0,2-stackless,2,3,False,3703474,0.019527208999999997,5.272673441206822
assign-table,0,2-stackless,2,4,False,3703474,0.019606582999999997,5.294105750438641
update-string,0,2-stackless,0,0,True,3911981,0.020629041,5.273297850884245
update-string,0,2-stackless,0,1,True,3911981,0.020655042,5.279944355557964
update-string,0,2-stackless,0,2,False,3911981,0.020771791999999997,5.30978857003651
update-string,0,2-stackless,0,3,False,3911981,0.020701875,5.291916039469517
update-string,0,2-stackless,0,4,False,3911981,0.020630499999999996,5.273670807705865
update-string,0,1x,0,0,True,3911981,0.0392343,10.029266502061231
update-string,0,1x,0,1,True,3911981,0.038713,9.896009208633682
update-string,0,1x,0,2,False,3911981,0.0393952,10.070396558674492
update-string,0,1x,0,3,False,3911981,0.0394578,10.086398681384189
update-string,0,1x,0,4,False,3911981,0.0394095,10.074051995651308
update-string,0,2-stackless,1,0,True,3911981,0.020590625,5.263477762289745
update-string,0,2-stackless,1,1,True,3911981,0.020602458000000004,5.26650257248182
update-string,0,2-stackless,1,2,False,3911981,0.020494750000000006,5.238969718922461
update-string,0,2-stackless,1,3,False,3911981,0.020472959,5.233399395344711
update-string,0,2-stackless,1,4,False,3911981,0.020430749999999998,5.222609721263983
update-string,0,1x,1,0,True,3911981,0.0397298,10.15592867143271
update-string,0,1x,1,1,True,3911981,0.0393909,10.069297371331814
update-string,0,1x,1,2,False,3911981,0.039648,10.135018549425471
update-string,0,1x,1,3,False,3911981,0.0395844,10.11876080175236
update-string,0,1x,1,4,False,3911981,0.0393988,10.071316808542782
update-string,0,1x,2,0,True,3911981,0.0401151,10.254420969835998
update-string,0,1x,2,1,True,3911981,0.0398623,10.18979897908502
update-string,0,1x,2,2,False,3911981,0.0393094,10.048463936813599
update-string,0,1x,2,3,False,3911981,0.0396515,10.135913236797418
update-string,0,1x,2,4,False,3911981,0.0396851,10.144502235568117
update-string,0,2-stackless,2,0,True,3911981,0.020626916000000002,5.272754647836992
update-string,0,2-stackless,2,1,True,3911981,0.02042,5.219861752907287
update-string,0,2-stackless,2,2,False,3911981,0.020489416999999996,5.2376064709925725
update-string,0,2-stackless,2,3,False,3911981,0.020714666,5.295185738376541
update-string,0,2-stackless,2,4,False,3911981,0.020693833999999994,5.289860559138706
make-table,0,1x,0,0,True,3911981,0.0809009,20.68028960263355
make-table,0,1x,0,1,True,3911981,0.0810104,20.708280536127347
make-table,0,1x,0,2,False,3911981,0.0816023,20.859584951971904
make-table,0,1x,0,3,False,3911981,0.0813965,20.80697733450137
make-table,0,1x,0,4,False,3911981,0.0811448,20.742636531210145
make-table,0,2-stackless,0,0,True,3911981,0.020491208,5.238064295302047
make-table,0,2-stackless,0,1,True,3911981,0.020696957999999998,5.290659131524411
make-table,0,2-stackless,0,2,False,3911981,0.020765959,5.308297509624919
make-table,0,2-stackless,0,3,False,3911981,0.020658667000000006,5.280870996050339
make-table,0,2-stackless,0,4,False,3911981,0.020690374999999997,5.288976352390258
make-table,0,2-stackless,1,0,True,3911981,0.02043675,5.224143471044465
make-table,0,2-stackless,1,1,True,3911981,0.020839125,5.327000565698044
make-table,0,2-stackless,1,2,False,3911981,0.020649915999999997,5.278634021995504
make-table,0,2-stackless,1,3,False,3911981,0.020538208000000002,5.250078668582492
make-table,0,2-stackless,1,4,False,3911981,0.020527959,5.247458768332463
make-table,0,1x,1,0,True,3911981,0.080565,20.594425177422895
make-table,0,1x,1,1,True,3911981,0.08143,20.815540770775726
make-table,0,1x,1,2,False,3911981,0.0811877,20.753602842140594
make-table,0,1x,1,3,False,3911981,0.0809934,20.703934911749315
make-table,0,1x,1,4,False,3911981,0.0811625,20.74716109306257
make-table,0,1x,2,0,True,3911981,0.0811827,20.752324717323525
make-table,0,1x,2,1,True,3911981,0.0827942,21.164264345864666
make-table,0,1x,2,2,False,3911981,0.0816732,20.877708761877933
make-table,0,1x,2,3,False,3911981,0.0815911,20.85672195238167
make-table,0,1x,2,4,False,3911981,0.080869,20.672135166300656
make-table,0,2-stackless,2,0,True,3911981,0.020420166,5.219904186651213
make-table,0,2-stackless,2,1,True,3911981,0.020694541999999996,5.290041541612803
make-table,0,2-stackless,2,2,False,3911981,0.02059375,5.264276590300413
make-table,0,2-stackless,2,3,False,3911981,0.020568541999999995,5.25783279622268
make-table,0,2-stackless,2,4,False,3911981,0.020596084,5.264873218965021
const-int,8,1x,0,0,True,2148621,0.0252509,11.752142420650268
const-int,8,1x,0,1,True,2148621,0.0263634,12.26991637892397
const-int,8,1x,0,2,False,2148621,0.0264588,12.314316950267171
const-int,8,1x,0,3,False,2148621,0.0265337,12.349176518334318
const-int,8,1x,0,4,False,2148621,0.0248801,11.579566615052165
const-int,8,2-stackless,0,0,True,2148621,0.043020292,20.02228033701616
const-int,8,2-stackless,0,1,True,2148621,0.047591499999999995,22.149788166456528
const-int,8,2-stackless,0,2,False,2148621,0.019968291,9.293538041376307
const-int,8,2-stackless,0,3,False,2148621,0.019600792000000006,9.122498570013049
const-int,8,2-stackless,0,4,False,2148621,0.019821667000000015,9.225297062627618
const-int,8,1x,1,0,True,2148621,0.0253673,11.806316702666502
const-int,8,1x,1,1,True,2148621,0.0250425,11.655149977590277
const-int,8,1x,1,2,False,2148621,0.0251835,11.720773463537776
const-int,8,1x,1,3,False,2148621,0.0254019,11.822420054537305
const-int,8,1x,1,4,False,2148621,0.0253963,11.819813731691164
const-int,8,2-stackless,1,0,True,2148621,0.042346666,19.708764831024176
const-int,8,2-stackless,1,1,True,2148621,0.019864915999999996,9.245425787051321
const-int,8,2-stackless,1,2,False,2148621,0.01980262499999999,9.216434634121136
const-int,8,2-stackless,1,3,False,2148621,0.019527834000000008,9.088542837475762
const-int,8,2-stackless,1,4,False,2148621,0.020118042000000003,9.363234372185696
const-int,8,1x,2,0,True,2148621,0.0249297,11.60265118883228
const-int,8,1x,2,1,True,2148621,0.0266378,12.397626198384918
const-int,8,1x,2,2,False,2148621,0.0266175,12.388178278067654
const-int,8,1x,2,3,False,2148621,0.0267927,12.469718949968374
const-int,8,1x,2,4,False,2148621,0.0251974,11.727242729173735
const-int,8,2-stackless,2,0,True,2148621,0.0199015,9.262452521873332
const-int,8,2-stackless,2,1,True,2148621,0.0198255,9.227080997532836
const-int,8,2-stackless,2,2,False,2148621,0.019793958,9.212400884101942
const-int,8,2-stackless,2,3,False,2148621,0.019712707999999995,9.174585932093187
const-int,8,2-stackless,2,4,False,2148621,0.020027125000000007,9.320920255363793
do-int,0,1x,0,0,True,4584528,0.0246755,5.382342522501771
do-int,0,1x,0,1,True,4584528,0.0243002,5.300480223918362
do-int,0,1x,0,2,False,4584528,0.0262313,5.721701339810772
do-int,0,1x,0,3,False,4584528,0.0243439,5.310012284797912
do-int,0,1x,0,4,False,4584528,0.0244139,5.325281032202224
do-int,0,2-stackless,0,0,True,4584528,0.020571375,4.48713040906283
do-int,0,2-stackless,0,1,True,4584528,0.020735374999999997,4.522902902981506
do-int,0,2-stackless,0,2,False,4584528,0.020596959000000005,4.4927109181141445
do-int,0,2-stackless,0,3,False,4584528,0.021552834,4.70121111704411
do-int,0,2-stackless,0,4,False,4584528,0.02163616700000001,4.719388124579021
do-int,0,1x,1,0,True,4584528,0.0236504,5.1587426230137545
do-int,0,1x,1,1,True,4584528,0.0235119,5.128532315649506
do-int,0,1x,1,2,False,4584528,0.0238585,5.204134427797147
do-int,0,1x,1,3,False,4584528,0.023919,5.217330988053732
do-int,0,1x,1,4,False,4584528,0.0237789,5.186771680748814
do-int,0,2-stackless,1,0,True,4584528,0.0205255,4.477123926388932
do-int,0,2-stackless,1,1,True,4584528,0.020599458,4.493256012396478
do-int,0,2-stackless,1,2,False,4584528,0.020742791000000003,4.524520517706513
do-int,0,2-stackless,1,3,False,4584528,0.020875707999999993,4.5535130334027825
do-int,0,2-stackless,1,4,False,4584528,0.020613999999999993,4.496427985607241
do-int,0,2-stackless,2,0,True,4584528,0.020542041,4.480731931400571
do-int,0,2-stackless,2,1,True,4584528,0.020551500000000004,4.482795175424821
do-int,0,2-stackless,2,2,False,4584528,0.020626833999999997,4.499227401381341
do-int,0,2-stackless,2,3,False,4584528,0.020722959000000006,4.520194663441909
do-int,0,2-stackless,2,4,False,4584528,0.020615541,4.4967641161751
do-int,0,1x,2,0,True,4584528,0.0236529,5.159287935421051
do-int,0,1x,2,1,True,4584528,0.0236622,5.161316497576196
do-int,0,1x,2,2,False,4584528,0.0238713,5.206926427322507
do-int,0,1x,2,3,False,4584528,0.0240168,5.238663609427187
do-int,0,1x,2,4,False,4584528,0.0240476,5.245381858285084
const-string,256,2-stackless,0,0,True,146257,0.020447709,139.80670326890336
const-string,256,2-stackless,0,1,True,146257,0.020192458,138.06148081801214
const-string,256,2-stackless,0,2,False,146257,0.020536541000000005,140.41407248883817
const-string,256,2-stackless,0,3,False,146257,0.020672792000000002,141.34565866932869
const-string,256,2-stackless,0,4,False,146257,0.020728625,141.7274045002974
const-string,256,1x,0,0,True,146257,0.0309313,211.48594597181673
const-string,256,1x,0,1,True,146257,0.0310676,212.4178671790068
const-string,256,1x,0,2,False,146257,0.030885,211.1693799271146
const-string,256,1x,0,3,False,146257,0.0315923,216.00538777631152
const-string,256,1x,0,4,False,146257,0.0315004,215.37704178261552
const-string,256,2-stackless,1,0,True,146257,0.02027725,138.64122742843077
const-string,256,2-stackless,1,1,True,146257,0.020907584000000003,142.95099721722724
const-string,256,2-stackless,1,2,False,146257,0.020084333000000003,137.3221999630787
const-string,256,2-stackless,1,3,False,146257,0.020301582999999998,138.80759895252874
const-string,256,2-stackless,1,4,False,146257,0.020545166000000004,140.47304402524327
const-string,256,1x,1,0,True,146257,0.0304482,208.1828562051731
const-string,256,1x,1,1,True,146257,0.0302508,206.83317721544952
const-string,256,1x,1,2,False,146257,0.0311818,213.1986845074082
const-string,256,1x,1,3,False,146257,0.031007,212.00352803626492
const-string,256,1x,1,4,False,146257,0.0304104,207.92440703692816
const-string,256,1x,2,0,True,146257,0.0310926,212.5887991685868
const-string,256,1x,2,1,True,146257,0.0317361,216.98858858037568
const-string,256,1x,2,2,False,146257,0.031173,213.13851644707603
const-string,256,1x,2,3,False,146257,0.0306857,209.80671010618295
const-string,256,1x,2,4,False,146257,0.0309714,211.76012088310304
const-string,256,2-stackless,2,0,True,146257,0.020692292,141.47898562120105
const-string,256,2-stackless,2,1,True,146257,0.020501875000000003,140.17705135480696
const-string,256,2-stackless,2,2,False,146257,0.020525166999999997,140.33630527085882
const-string,256,2-stackless,2,3,False,146257,0.020789082999999993,142.14077274933845
const-string,256,2-stackless,2,4,False,146257,0.020685499999999996,141.43254681827193
make-seq,256,1x,0,0,True,16023,0.0208994,1304.3375148224427
make-seq,256,1x,0,1,True,16023,0.0206866,1291.05660612869
make-seq,256,1x,0,2,False,16023,0.0206693,1289.9769081944705
make-seq,256,1x,0,3,False,16023,0.0207507,1295.0571054109716
make-seq,256,1x,0,4,False,16023,0.020247,1263.6210447481744
make-seq,256,2-stackless,0,0,True,16023,0.031599292,1972.1208263121762
make-seq,256,2-stackless,0,1,True,16023,0.031561624999999996,1969.7700180989825
make-seq,256,2-stackless,0,2,False,16023,0.031495125,1965.619734132185
make-seq,256,2-stackless,0,3,False,16023,0.03200808300000001,1997.6335892155032
make-seq,256,2-stackless,0,4,False,16023,0.03377512499999999,2107.9151844223925
make-seq,256,1x,1,0,True,16023,0.020615,1286.5880297072958
make-seq,256,1x,1,1,True,16023,0.0206746,1290.30768270611
make-seq,256,1x,1,2,False,16023,0.0207808,1296.9356549959434
make-seq,256,1x,1,3,False,16023,0.0207781,1296.7671472258628
make-seq,256,1x,1,4,False,16023,0.0205905,1285.0589777195282
make-seq,256,2-stackless,1,0,True,16023,0.033208042,2072.523372651813
make-seq,256,2-stackless,1,1,True,16023,0.033773250000000005,2107.7981651376153
make-seq,256,2-stackless,1,2,False,16023,0.0334875,2089.964426137428
make-seq,256,2-stackless,1,3,False,16023,0.03361387499999999,2097.8515259314727
make-seq,256,2-stackless,1,4,False,16023,0.03302654199999999,2061.1959058852894
make-seq,256,2-stackless,2,0,True,16023,0.033531,2092.67927354428
make-seq,256,2-stackless,2,1,True,16023,0.033266417,2076.1665730512386
make-seq,256,2-stackless,2,2,False,16023,0.03335716699999999,2081.8303064345
make-seq,256,2-stackless,2,3,False,16023,0.033696084,2102.982213068714
make-seq,256,2-stackless,2,4,False,16023,0.03291675000000002,2054.3437558509654
make-seq,256,1x,2,0,True,16023,0.0211254,1318.4422392810336
make-seq,256,1x,2,1,True,16023,0.0209879,1309.8608250639707
make-seq,256,1x,2,2,False,16023,0.0207425,1294.5453410722087
make-seq,256,1x,2,3,False,16023,0.02056,1283.1554640204706
make-seq,256,1x,2,4,False,16023,0.0205142,1280.2970729576234
add-float4,256,2-stackless,0,0,True,86767,0.019958625,230.02552813857804
add-float4,256,2-stackless,0,1,True,86767,0.019981167000000005,230.28532737100514
add-float4,256,2-stackless,0,2,False,86767,0.021529916999999996,248.13485541738214
add-float4,256,2-stackless,0,3,False,86767,0.020158999999999996,232.33487385757255
add-float4,256,2-stackless,0,4,False,86767,0.020041000000000003,230.9749098159439
add-float4,256,1x,0,0,True,86767,0.056898,655.7562206829786
add-float4,256,1x,0,1,True,86767,0.0625423,720.8074498369194
add-float4,256,1x,0,2,False,86767,0.0580545,669.0850208028398
add-float4,256,1x,0,3,False,86767,0.0617883,712.1175101132919
add-float4,256,1x,0,4,False,86767,0.0612338,705.7268316295366
add-float4,256,2-stackless,1,0,True,86767,0.020172791000000002,232.49381677365824
add-float4,256,2-stackless,1,1,True,86767,0.020176582999999998,232.5375200248942
add-float4,256,2-stackless,1,2,False,86767,0.020047875,231.05414500904723
add-float4,256,2-stackless,1,3,False,86767,0.020040999999999996,230.97490981594382
add-float4,256,2-stackless,1,4,False,86767,0.020066958999999995,231.27409037998314
add-float4,256,1x,1,0,True,86767,0.0620611,715.2615625756335
add-float4,256,1x,1,1,True,86767,0.0635263,732.1481669298234
add-float4,256,1x,1,2,False,86767,0.0633063,729.6126407505157
add-float4,256,1x,1,3,False,86767,0.0637345,734.5476967049685
add-float4,256,1x,1,4,False,86767,0.0432401,498.3472979358512
add-float4,256,1x,2,0,True,86767,0.0614763,708.5216729862735
add-float4,256,1x,2,1,True,86767,0.0617225,711.3591572832989
add-float4,256,1x,2,2,False,86767,0.0616867,710.9465580232115
add-float4,256,1x,2,3,False,86767,0.0627398,723.0836608387982
add-float4,256,1x,2,4,False,86767,0.0622123,717.0041605679579
add-float4,256,2-stackless,2,0,True,86767,0.020095750000000002,231.60591008102162
add-float4,256,2-stackless,2,1,True,86767,0.019958833000000002,230.02792536332942
add-float4,256,2-stackless,2,2,False,86767,0.019915791000000002,229.53186119146685
add-float4,256,2-stackless,2,3,False,86767,0.02003975000000001,230.96050341719786
add-float4,256,2-stackless,2,4,False,86767,0.020068624999999993,231.29329122823185
add-int,0,1x,0,0,True,4130781,0.0210104,5.086302081858128
add-int,0,1x,0,1,True,4130781,0.021246,5.143337301106014
add-int,0,1x,0,2,False,4130781,0.0211334,5.1160785333330425
add-int,0,1x,0,3,False,4130781,0.0214114,5.183378155365777
add-int,0,1x,0,4,False,4130781,0.0212944,5.155054213718907
add-int,0,2-stackless,0,0,True,4130781,0.018770291,4.544005358792925
add-int,0,2-stackless,0,1,True,4130781,0.018550292000000003,4.4907469071829285
add-int,0,2-stackless,0,2,False,4130781,0.018586041999999997,4.499401444908359
add-int,0,2-stackless,0,3,False,4130781,0.018706083,4.528461566953077
add-int,0,2-stackless,0,4,False,4130781,0.018477999999999994,4.47324610043476
add-int,0,2-stackless,1,0,True,4130781,0.01850775,4.4804481283321484
add-int,0,2-stackless,1,1,True,4130781,0.018805584,4.552549263686456
add-int,0,2-stackless,1,2,False,4130781,0.018586834000000003,4.4995931762056625
add-int,0,2-stackless,1,3,False,4130781,0.018801459000000006,4.551550663179676
add-int,0,2-stackless,1,4,False,4130781,0.018573542,4.4963753827666
add-int,0,1x,1,0,True,4130781,0.0210677,5.1001735507159545
add-int,0,1x,1,1,True,4130781,0.021038,5.092983627067134
add-int,0,1x,1,2,False,4130781,0.0210295,5.090925904810737
add-int,0,1x,1,3,False,4130781,0.0211174,5.11220517379159
add-int,0,1x,1,4,False,4130781,0.0216166,5.233053991484903
add-int,0,2-stackless,2,0,True,4130781,0.018498541,4.478218767831071
add-int,0,2-stackless,2,1,True,4130781,0.018484584000000002,4.474839987886068
add-int,0,2-stackless,2,2,False,4130781,0.018466916,4.470562830612419
add-int,0,2-stackless,2,3,False,4130781,0.018519124999999997,4.483201844881148
add-int,0,2-stackless,2,4,False,4130781,0.018738084000000002,4.536208528120954
add-int,0,1x,2,0,True,4130781,0.0219104,5.304178556064822
add-int,0,1x,2,1,True,4130781,0.0221223,5.355476361491931
add-int,0,1x,2,2,False,4130781,0.0217481,5.264888165216215
add-int,0,1x,2,3,False,4130781,0.0215977,5.228478585526562
add-int,0,1x,2,4,False,4130781,0.0215725,5.222378044248775
assign-seq,0,2-stackless,0,0,True,3944074,0.019182167,4.863541353433024
assign-seq,0,2-stackless,0,1,True,3944074,0.019140208,4.85290286135605
assign-seq,0,2-stackless,0,2,False,3944074,0.019062875,4.833295470622509
assign-seq,0,2-stackless,0,3,False,3944074,0.019038709,4.827168303637305
assign-seq,0,2-stackless,0,4,False,3944074,0.019055915999999992,4.831531051395078
assign-seq,0,1x,0,0,True,3944074,0.170645,43.26617604030756
assign-seq,0,1x,0,1,True,3944074,0.171456,43.47180098547847
assign-seq,0,1x,0,2,False,3944074,0.172217,43.66474868372145
assign-seq,0,1x,0,3,False,3944074,0.171269,43.42438808196803
assign-seq,0,1x,0,4,False,3944074,0.170934,43.33945052755095
assign-seq,0,1x,1,0,True,3944074,0.172873,43.8310741634158
assign-seq,0,1x,1,1,True,3944074,0.170821,43.31079994949385
assign-seq,0,1x,1,2,False,3944074,0.170738,43.289755719593494
assign-seq,0,1x,1,3,False,3944074,0.170543,43.240314456574595
assign-seq,0,1x,1,4,False,3944074,0.170458,43.21876313679713
assign-seq,0,2-stackless,1,0,True,3944074,0.0190175,4.821790869035419
assign-seq,0,2-stackless,1,1,True,3944074,0.019044,4.828509809907218
assign-seq,0,2-stackless,1,2,False,3944074,0.019404624999999995,4.9199444533748595
assign-seq,0,2-stackless,1,3,False,3944074,0.018985208000000003,4.81360339587949
assign-seq,0,2-stackless,1,4,False,3944074,0.019141167,4.853146010952127
assign-seq,0,1x,2,0,True,3944074,0.172538,43.74613660899872
assign-seq,0,1x,2,1,True,3944074,0.170954,43.344521426322125
assign-seq,0,1x,2,2,False,3944074,0.170711,43.282910006252415
assign-seq,0,1x,2,3,False,3944074,0.17032,43.183773935276065
assign-seq,0,1x,2,4,False,3944074,0.171158,43.39624459378805
assign-seq,0,2-stackless,2,0,True,3944074,0.019258042,4.882779075646146
assign-seq,0,2-stackless,2,1,True,3944074,0.019201666,4.868485226189975
assign-seq,0,2-stackless,2,2,False,3944074,0.019141083999999996,4.853124966722226
assign-seq,0,2-stackless,2,3,False,3944074,0.019360958000000004,4.90887290654283
assign-seq,0,2-stackless,2,4,False,3944074,0.019253624999999996,4.881659167652533
take-seq,8,1x,0,0,True,809173,0.0213995,26.44613698183207
take-seq,8,1x,0,1,True,809173,0.0215013,26.571944442041442
take-seq,8,1x,0,2,False,809173,0.0213967,26.442676658761478
take-seq,8,1x,0,3,False,809173,0.0212296,26.23616952122723
take-seq,8,1x,0,4,False,809173,0.0216175,26.715547849471005
take-seq,8,2-stackless,0,0,True,809173,0.020348458,25.147228095846007
take-seq,8,2-stackless,0,1,True,809173,0.020615542,25.477298426912416
take-seq,8,2-stackless,0,2,False,809173,0.020453375000000003,25.276887637130756
take-seq,8,2-stackless,0,3,False,809173,0.020391167,25.200009145139543
take-seq,8,2-stackless,0,4,False,809173,0.020436458000000005,25.25598110663604
take-seq,8,1x,1,0,True,809173,0.021507,26.578988671149432
take-seq,8,1x,1,1,True,809173,0.0216699,26.780305324077794
take-seq,8,1x,1,2,False,809173,0.0220335,27.229652991387503
take-seq,8,1x,1,3,False,809173,0.0218664,27.023145853853254
take-seq,8,1x,1,4,False,809173,0.0215244,26.600492107373825
take-seq,8,2-stackless,1,0,True,809173,0.020418833,25.234199608736326
take-seq,8,2-stackless,1,1,True,809173,0.020384833,25.192181400021997
take-seq,8,2-stackless,1,2,False,809173,0.020559584000000006,25.408143870346645
take-seq,8,2-stackless,1,3,False,809173,0.020588333,25.44367273747394
take-seq,8,2-stackless,1,4,False,809173,0.0203845,25.19176986874253
take-seq,8,2-stackless,2,0,True,809173,0.02030575,25.094448282382135
take-seq,8,2-stackless,2,1,True,809173,0.020436499999999996,25.25603301148209
take-seq,8,2-stackless,2,2,False,809173,0.020469457999999996,25.29676348568229
take-seq,8,2-stackless,2,3,False,809173,0.020509458999999994,25.346197908234693
take-seq,8,2-stackless,2,4,False,809173,0.020638666,25.505875752156832
take-seq,8,1x,2,0,True,809173,0.0217274,26.85136552999173
take-seq,8,1x,2,1,True,809173,0.0212198,26.224058390480156
take-seq,8,1x,2,2,False,809173,0.0213013,26.32477850842774
take-seq,8,1x,2,3,False,809173,0.0213341,26.36531372154039
take-seq,8,1x,2,4,False,809173,0.0214361,26.491368347683377
take-table,8,2-stackless,0,0,True,1037840,0.022236375000000003,21.425629191397523
take-table,8,2-stackless,0,1,True,1037840,0.022301917,21.488781507746857
take-table,8,2-stackless,0,2,False,1037840,0.022835208000000003,22.002628536190553
take-table,8,2-stackless,0,3,False,1037840,0.022760457999999997,21.93060394665844
take-table,8,2-stackless,0,4,False,1037840,0.022465874999999996,21.646761543205116
take-table,8,1x,0,0,True,1037840,0.0278865,26.869748708856857
take-table,8,1x,0,1,True,1037840,0.0288031,27.75292916056425
take-table,8,1x,0,2,False,1037840,0.027866,26.849996145841363
take-table,8,1x,0,3,False,1037840,0.0278865,26.869748708856857
take-table,8,1x,0,4,False,1037840,0.0280371,27.01485778154629
take-table,8,2-stackless,1,0,True,1037840,0.022292958,21.48014915593926
take-table,8,2-stackless,1,1,True,1037840,0.022564958,21.742231943266784
take-table,8,2-stackless,1,2,False,1037840,0.022085625000000005,21.280375587759195
take-table,8,2-stackless,1,3,False,1037840,0.022200833000000003,21.39138306482695
take-table,8,2-stackless,1,4,False,1037840,0.02271945900000001,21.891099784167128
take-table,8,1x,1,0,True,1037840,0.0283979,27.362502890618977
take-table,8,1x,1,1,True,1037840,0.02809,27.065829029522856
take-table,8,1x,1,2,False,1037840,0.0283725,27.338028983272952
take-table,8,1x,1,3,False,1037840,0.028427,27.390541894704388
take-table,8,1x,1,4,False,1037840,0.0279058,26.8883450242812
take-table,8,2-stackless,2,0,True,1037840,0.022053541,21.249461381330455
take-table,8,2-stackless,2,1,True,1037840,0.022027375000000002,21.224249402605412
take-table,8,2-stackless,2,2,False,1037840,0.022091749999999993,21.286277268172352
take-table,8,2-stackless,2,3,False,1037840,0.022674166999999995,21.847459145918442
take-table,8,2-stackless,2,4,False,1037840,0.022816917000000006,21.98500443228244
take-table,8,1x,2,0,True,1037840,0.0276015,26.59513990595853
take-table,8,1x,2,1,True,1037840,0.0278651,26.849128960148
take-table,8,1x,2,2,False,1037840,0.0278931,26.876108070608186
take-table,8,1x,2,3,False,1037840,0.0283567,27.322805056656133
take-table,8,1x,2,4,False,1037840,0.0282487,27.218742773452554
const-table,256,2-stackless,0,0,True,142362,0.0200145,140.58878071395458
const-table,256,2-stackless,0,1,True,142362,0.019953500000000002,140.16029558449588
const-table,256,2-stackless,0,2,False,142362,0.019736250000000004,138.6342563324483
const-table,256,2-stackless,0,3,False,142362,0.019612499999999998,137.76499346735784
const-table,256,2-stackless,0,4,False,142362,0.020047917,140.82351329708771
const-table,256,1x,0,0,True,142362,0.0394676,277.23409336761216
const-table,256,1x,0,1,True,142362,0.0386025,271.1573313103216
const-table,256,1x,0,2,False,142362,0.0384061,269.7777496803922
const-table,256,1x,0,3,False,142362,0.0386493,271.4860707211194
const-table,256,1x,0,4,False,142362,0.0388929,273.1972015004004
const-table,256,2-stackless,1,0,True,142362,0.020067125,140.95843694244252
const-table,256,2-stackless,1,1,True,142362,0.020012708000000004,140.57619308523346
const-table,256,2-stackless,1,2,False,142362,0.020116042,141.30204689453646
const-table,256,2-stackless,1,3,False,142362,0.020242875,142.19296581953049
const-table,256,2-stackless,1,4,False,142362,0.02033874999999999,142.86642502915095
const-table,256,1x,1,0,True,142362,0.0381822,268.2049985248873
const-table,256,1x,1,1,True,142362,0.0383429,269.3338109888875
const-table,256,1x,1,2,False,142362,0.0393579,276.46352256922495
const-table,256,1x,1,3,False,142362,0.03869,271.7719616189714
const-table,256,1x,1,4,False,142362,0.0389089,273.3095910425535
const-table,256,2-stackless,2,0,True,142362,0.019819125,139.21639903906942
const-table,256,2-stackless,2,1,True,142362,0.02013325,141.42292184712213
const-table,256,2-stackless,2,2,False,142362,0.020117125,141.30965426167094
const-table,256,2-stackless,2,3,False,142362,0.019880166999999997,139.64517919107624
const-table,256,2-stackless,2,4,False,142362,0.020120041000000005,141.33013725572837
const-table,256,1x,2,0,True,142362,0.0389998,273.9481041289108
const-table,256,1x,2,1,True,142362,0.0394057,276.79928632640735
const-table,256,1x,2,2,False,142362,0.0390675,274.4236523791461
const-table,256,1x,2,3,False,142362,0.0392443,275.66555681993793
const-table,256,1x,2,4,False,142362,0.0389745,273.77038816538123
assign-table,64,2-stackless,0,0,True,59284,0.015374958,259.34414007152014
assign-table,64,2-stackless,0,1,True,59284,0.015338833000000001,258.73478510221986
assign-table,64,2-stackless,0,2,False,59284,0.015276915999999998,257.6903717697861
assign-table,64,2-stackless,0,3,False,59284,0.015385415999999999,259.5205451723905
assign-table,64,2-stackless,0,4,False,59284,0.015289040999999996,257.8948957560218
assign-table,64,1x,0,0,True,59284,0.250582,4226.8065582619265
assign-table,64,1x,0,1,True,59284,0.253589,4277.528506848391
assign-table,64,1x,0,2,False,59284,0.252934,4266.479994602254
assign-table,64,1x,0,3,False,59284,0.25352,4276.36461777208
assign-table,64,1x,0,4,False,59284,0.253444,4275.082652992376
assign-table,64,1x,1,0,True,59284,0.251851,4248.211996491465
assign-table,64,1x,1,1,True,59284,0.253446,4275.1163889076315
assign-table,64,1x,1,2,False,59284,0.255386,4307.840226705351
assign-table,64,1x,1,3,False,59284,0.243706,4110.822481613926
assign-table,64,1x,1,4,False,59284,0.261188,4405.70811686121
assign-table,64,2-stackless,1,0,True,59284,0.015539457999999999,262.1189191012752
assign-table,64,2-stackless,1,1,True,59284,0.015353292,258.9786789015586
assign-table,64,2-stackless,1,2,False,59284,0.015417999999999998,260.07017070373115
assign-table,64,2-stackless,1,3,False,59284,0.015284917000000002,257.8253322987653
assign-table,64,2-stackless,1,4,False,59284,0.015375459000000001,259.35259091829164
assign-table,64,1x,2,0,True,59284,0.255955,4317.438094595506
assign-table,64,1x,2,1,True,59284,0.258161,4354.648809122191
assign-table,64,1x,2,2,False,59284,0.266123,4488.951487753863
assign-table,64,1x,2,3,False,59284,0.25328,4272.316307941434
assign-table,64,1x,2,4,False,59284,0.256724,4330.4095540112
assign-table,64,2-stackless,2,0,True,59284,0.015350667,258.9344005127859
assign-table,64,2-stackless,2,1,True,59284,0.015684125,264.5591559274003
assign-table,64,2-stackless,2,2,False,59284,0.015414291,260.0076074488901
assign-table,64,2-stackless,2,3,False,59284,0.015444125000000003,260.5108460967547
assign-table,64,2-stackless,2,4,False,59284,0.015763708,265.90155859928484
add-float4,0,1x,0,0,True,4304964,0.0233808,5.431125556450646
add-float4,0,1x,0,1,True,4304964,0.0237454,5.515818483034933
add-float4,0,1x,0,2,False,4304964,0.0240101,5.577305640651118
add-float4,0,1x,0,3,False,4304964,0.0236753,5.499534955460719
add-float4,0,1x,0,4,False,4304964,0.023306,5.413750265972027
add-float4,0,2-stackless,0,0,True,4304964,0.019393083000000002,4.504818855628062
add-float4,0,2-stackless,0,1,True,4304964,0.019367083,4.498779316156883
add-float4,0,2-stackless,0,2,False,4304964,0.019307958,4.485045171109445
add-float4,0,2-stackless,0,3,False,4304964,0.01941591699999999,4.510122965023632
add-float4,0,2-stackless,0,4,False,4304964,0.019391915999999995,4.5045477732217964
add-float4,0,2-stackless,1,0,True,4304964,0.019712333000000002,4.578977431634737
add-float4,0,2-stackless,1,1,True,4304964,0.019584416999999996,4.549263826596459
add-float4,0,2-stackless,1,2,False,4304964,0.019304749999999996,4.484299984854692
add-float4,0,2-stackless,1,3,False,4304964,0.019384416,4.502805598374342
add-float4,0,2-stackless,1,4,False,4304964,0.01926187500000001,4.474340551976744
add-float4,0,1x,1,0,True,4304964,0.0220112,5.112981200307366
add-float4,0,1x,1,1,True,4304964,0.0220265,5.1165352369961745
add-float4,0,1x,1,2,False,4304964,0.0225732,5.243528168876674
add-float4,0,1x,1,3,False,4304964,0.0224845,5.22292404768077
add-float4,0,1x,1,4,False,4304964,0.0226711,5.266269357885455
add-float4,0,1x,2,0,True,4304964,0.0231509,5.377722090126654
add-float4,0,1x,2,1,True,4304964,0.0233514,5.424296231048622
add-float4,0,1x,2,2,False,4304964,0.0236719,5.498745169529873
add-float4,0,1x,2,3,False,4304964,0.0239337,5.559558686205041
add-float4,0,1x,2,4,False,4304964,0.0234915,5.456840057199084
add-float4,0,2-stackless,2,0,True,4304964,0.02018425,4.68859902196627
add-float4,0,2-stackless,2,1,True,4304964,0.019745333999999996,4.586643233253517
add-float4,0,2-stackless,2,2,False,4304964,0.020066542,4.661256633040369
add-float4,0,2-stackless,2,3,False,4304964,0.020659125000000007,4.798907726057641
add-float4,0,2-stackless,2,4,False,4304964,0.01973683300000001,4.584668536136425
assign-int,8,1x,0,0,True,986841,0.0194222,19.68118470959354
assign-int,8,1x,0,1,True,986841,0.0194417,19.700944731724768
assign-int,8,1x,0,2,False,986841,0.01942,19.67895537376335
assign-int,8,1x,0,3,False,986841,0.0198204,20.084694494857835
assign-int,8,1x,0,4,False,986841,0.0199747,20.241052003311577
assign-int,8,2-stackless,0,0,True,986841,0.021633292,21.921760445705033
assign-int,8,2-stackless,0,1,True,986841,0.021132375,21.414163983863663
assign-int,8,2-stackless,0,2,False,986841,0.021102208000000004,21.383594722959426
assign-int,8,2-stackless,0,3,False,986841,0.021298042000000003,21.58204006521821
assign-int,8,2-stackless,0,4,False,986841,0.023217749999999995,23.52734635062791
assign-int,8,1x,1,0,True,986841,0.0199149,20.180454602109155
assign-int,8,1x,1,1,True,986841,0.0195791,19.840176887664782
assign-int,8,1x,1,2,False,986841,0.019655,19.91708897380632
assign-int,8,1x,1,3,False,986841,0.0196646,19.926816984701688
assign-int,8,1x,1,4,False,986841,0.0196469,19.908880964613346
assign-int,8,2-stackless,1,0,True,986841,0.021714375,22.003924644395603
assign-int,8,2-stackless,1,1,True,986841,0.021231125000000003,21.514230762605123
assign-int,8,2-stackless,1,2,False,986841,0.021093167000000003,21.374433166031817
assign-int,8,2-stackless,1,3,False,986841,0.021024875000000012,21.30523052852487
assign-int,8,2-stackless,1,4,False,986841,0.021380542000000002,21.665640158850316
assign-int,8,2-stackless,2,0,True,986841,0.022155584,22.45101693180563
assign-int,8,2-stackless,2,1,True,986841,0.020946334000000004,21.22564222605263
assign-int,8,2-stackless,2,2,False,986841,0.020969917000000005,21.249539692817795
assign-int,8,2-stackless,2,3,False,986841,0.021118625000000002,21.40023063492498
assign-int,8,2-stackless,2,4,False,986841,0.021050792,21.331493117938958
assign-int,8,1x,2,0,True,986841,0.020385,20.65682313564191
assign-int,8,1x,2,1,True,986841,0.0197591,20.02257709195301
assign-int,8,1x,2,2,False,986841,0.0197189,19.98184104632864
assign-int,8,1x,2,3,False,986841,0.0194377,19.696891393851693
assign-int,8,1x,2,4,False,986841,0.0193602,19.61835797256093
get-seq,8,1x,0,0,True,2280294,0.11403,50.00670966112264
get-seq,8,1x,0,1,True,2280294,0.114967,50.4176215873918
get-seq,8,1x,0,2,False,2280294,0.115182,50.51190767506295
get-seq,8,1x,0,3,False,2280294,0.1146,50.25667742843686
get-seq,8,1x,0,4,False,2280294,0.115429,50.62022704089911
get-seq,8,2-stackless,0,0,True,2280294,0.021768959,9.546558031552072
get-seq,8,2-stackless,0,1,True,2280294,0.021610624999999998,9.477122248271494
get-seq,8,2-stackless,0,2,False,2280294,0.022114750000000002,9.698201196863213
get-seq,8,2-stackless,0,3,False,2280294,0.02191825,9.612028098131207
get-seq,8,2-stackless,0,4,False,2280294,0.022178457999999998,9.726139699529972
get-seq,8,2-stackless,1,0,True,2280294,0.021482417,9.420897919303387
get-seq,8,2-stackless,1,1,True,2280294,0.021980542,9.639345628239166
get-seq,8,2-stackless,1,2,False,2280294,0.021897666999999996,9.603001630491505
get-seq,8,2-stackless,1,3,False,2280294,0.022022958999999995,9.657947176986825
get-seq,8,2-stackless,1,4,False,2280294,0.021579083,9.463289821400222
get-seq,8,1x,1,0,True,2280294,0.114647,50.27728880574172
get-seq,8,1x,1,1,True,2280294,0.114445,50.1887037373251
get-seq,8,1x,1,2,False,2280294,0.114307,50.1281852252385
get-seq,8,1x,1,3,False,2280294,0.114883,50.380784232208654
get-seq,8,1x,1,4,False,2280294,0.114377,50.158883021224455
get-seq,8,1x,2,0,True,2280294,0.115448,50.62855929980959
get-seq,8,1x,2,1,True,2280294,0.114177,50.071175032693155
get-seq,8,1x,2,2,False,2280294,0.114975,50.421129906933054
get-seq,8,1x,2,3,False,2280294,0.114551,50.23518897124669
get-seq,8,1x,2,4,False,2280294,0.114192,50.077753131833
get-seq,8,2-stackless,2,0,True,2280294,0.021937667,9.620543228197768
get-seq,8,2-stackless,2,1,True,2280294,0.0216945,9.51390478596181
get-seq,8,2-stackless,2,2,False,2280294,0.021632792000000005,9.486843363180363
get-seq,8,2-stackless,2,3,False,2280294,0.021813791,9.566218654261249
get-seq,8,2-stackless,2,4,False,2280294,0.021588084000000007,9.467237119424077
update-int,64,2-stackless,0,0,True,331836,0.02080475,62.69587989247701
update-int,64,2-stackless,0,1,True,331836,0.020445708000000003,61.61389361009657
update-int,64,2-stackless,0,2,False,331836,0.020380000000000002,61.41588013355996
update-int,64,2-stackless,0,3,False,331836,0.020825249999999997,62.75765739702744
update-int,64,2-stackless,0,4,False,331836,0.02047412500000001,61.699529285550724
update-int,64,1x,0,0,True,331836,0.0262398,79.07460311720247
update-int,64,1x,0,1,True,331836,0.0260275,78.4348292530045
update-int,64,1x,0,2,False,331836,0.026096,78.64125652430718
update-int,64,1x,0,3,False,331836,0.0267543,80.62506780457817
update-int,64,1x,0,4,False,331836,0.0268367,80.87338323750286
update-int,64,1x,1,0,True,331836,0.026175,78.87932593208693
update-int,64,1x,1,1,True,331836,0.0264863,79.81743994021143
update-int,64,1x,1,2,False,331836,0.0262759,79.1833917959474
update-int,64,1x,1,3,False,331836,0.0268149,80.80768813510288
update-int,64,1x,1,4,False,331836,0.0259027,78.05873985944865
update-int,64,2-stackless,1,0,True,331836,0.020572375,61.995609276871704
update-int,64,2-stackless,1,1,True,331836,0.020743499999999998,62.511300763027506
update-int,64,2-stackless,1,2,False,331836,0.020581666999999998,62.023611060885486
update-int,64,2-stackless,1,3,False,331836,0.020858375,62.857480803770535
update-int,64,2-stackless,1,4,False,331836,0.02066775,62.28302534987162
update-int,64,2-stackless,2,0,True,331836,0.020670375,62.29093588399089
update-int,64,2-stackless,2,1,True,331836,0.020676167,62.308390289178995
update-int,64,2-stackless,2,2,False,331836,0.020888416,62.9480104629998
update-int,64,2-stackless,2,3,False,331836,0.021129333,63.67402271001338
update-int,64,2-stackless,2,4,False,331836,0.020690625000000004,62.3519600043395
update-int,64,1x,2,0,True,331836,0.025724,77.52022083197724
update-int,64,1x,2,1,True,331836,0.0260558,78.52011234465218
update-int,64,1x,2,2,False,331836,0.0260862,78.61172386359527
update-int,64,1x,2,3,False,331836,0.0265116,79.89368242143709
update-int,64,1x,2,4,False,331836,0.0259343,78.15396762256054
get-int,256,2-stackless,0,0,True,132623,0.020364458,153.55148051242998
get-int,256,2-stackless,0,1,True,132623,0.020234458,152.5712583790142
get-int,256,2-stackless,0,2,False,132623,0.019959041999999996,150.49457484750002
get-int,256,2-stackless,0,3,False,132623,0.020000625000000008,150.80811774729878
get-int,256,2-stackless,0,4,False,132623,0.02013362499999999,151.81096039148557
get-int,256,1x,0,0,True,132623,0.0297576,224.37737044102457
get-int,256,1x,0,1,True,132623,0.0284834,214.7696854994986
get-int,256,1x,0,2,False,132623,0.0287756,216.97292324860695
get-int,256,1x,0,3,False,132623,0.0313213,236.16793467196493
get-int,256,1x,0,4,False,132623,0.0284178,214.27505033063647
get-int,256,1x,1,0,True,132623,0.0284631,214.6166200432806
get-int,256,1x,1,1,True,132623,0.0276823,208.7292551065803
get-int,256,1x,1,2,False,132623,0.0280911,211.81167670766007
get-int,256,1x,1,3,False,132623,0.0285731,215.44603877155546
get-int,256,1x,1,4,False,132623,0.0281752,212.4458050262775
get-int,256,2-stackless,1,0,True,132623,0.019614125,147.89384194295107
get-int,256,2-stackless,1,1,True,132623,0.019086040999999998,143.91199867293
get-int,256,2-stackless,1,2,False,132623,0.019776625,149.1191196097208
get-int,256,2-stackless,1,3,False,132623,0.019850749999999993,149.67803473002414
get-int,256,2-stackless,1,4,False,132623,0.0197475,148.89951215098438
get-int,256,1x,2,0,True,132623,0.0287093,216.47300996056492
get-int,256,1x,2,1,True,132623,0.0286339,215.90448112318376
get-int,256,1x,2,2,False,132623,0.028643,215.97309667252287
get-int,256,1x,2,3,False,132623,0.0289709,218.44551849980772
get-int,256,1x,2,4,False,132623,0.0288512,217.5429601200395
get-int,256,2-stackless,2,0,True,132623,0.01930875,145.59126245070613
get-int,256,2-stackless,2,1,True,132623,0.019408667,146.34465364227924
get-int,256,2-stackless,2,2,False,132623,0.01953725,147.3141913544408
get-int,256,2-stackless,2,3,False,132623,0.019362624999999994,145.99748912330438
get-int,256,2-stackless,2,4,False,132623,0.02002079100000001,150.96017282070238
assign-seq,8,1x,0,0,True,644210,0.252154,391.41584266000217
assign-seq,8,1x,0,1,True,644210,0.253136,392.94019031061305
assign-seq,8,1x,0,2,False,644210,0.252771,392.3736048803962
assign-seq,8,1x,0,3,False,644210,0.252713,392.2835721271015
assign-seq,8,1x,0,4,False,644210,0.250835,389.3683736669719
assign-seq,8,2-stackless,0,0,True,644210,0.021373458,33.1777805374024
assign-seq,8,2-stackless,0,1,True,644210,0.021774792,33.800766830691856
assign-seq,8,2-stackless,0,2,False,644210,0.021577334000000004,33.494254978966495
assign-seq,8,2-stackless,0,3,False,644210,0.02145808299999999,33.30914298132595
assign-seq,8,2-stackless,0,4,False,644210,0.021219792,32.939246518992256
assign-seq,8,2-stackless,1,0,True,644210,0.021623791,33.56636966206672
assign-seq,8,2-stackless,1,1,True,644210,0.02190675,34.00560376274817
assign-seq,8,2-stackless,1,2,False,644210,0.021669874999999998,33.637905341425935
assign-seq,8,2-stackless,1,3,False,644210,0.021677125000000005,33.64915943558778
assign-seq,8,2-stackless,1,4,False,644210,0.021849666000000004,33.91699290603996
assign-seq,8,1x,1,0,True,644210,0.251402,390.24852144487045
assign-seq,8,1x,1,1,True,644210,0.251393,390.23455084522124
assign-seq,8,1x,1,2,False,644210,0.249986,388.05048043339906
assign-seq,8,1x,1,3,False,644210,0.249396,387.13463001195265
assign-seq,8,1x,1,4,False,644210,0.249996,388.06600332189817
assign-seq,8,2-stackless,2,0,True,644210,0.021452041,33.299764052094815
assign-seq,8,2-stackless,2,1,True,644210,0.021808667,33.853350615482526
assign-seq,8,2-stackless,2,2,False,644210,0.021766749999999994,33.78828332376088
assign-seq,8,2-stackless,2,3,False,644210,0.02136858300000001,33.17021312925911
assign-seq,8,2-stackless,2,4,False,644210,0.02145495900000001,33.30429363095887
assign-seq,8,1x,2,0,True,644210,0.249731,387.6546467766722
assign-seq,8,1x,2,1,True,644210,0.24951,387.3115909408423
assign-seq,8,1x,2,2,False,644210,0.248649,385.97507024107045
assign-seq,8,1x,2,3,False,644210,0.250408,388.7055463280608
assign-seq,8,1x,2,4,False,644210,0.249728,387.6499899101225
take-table,256,1x,0,0,True,36396,0.0284818,782.5530278052534
take-table,256,1x,0,1,True,36396,0.0280864,771.6891966150126
take-table,256,1x,0,2,False,36396,0.0281508,773.4586218265744
take-table,256,1x,0,3,False,36396,0.0281957,774.6922738762502
take-table,256,1x,0,4,False,36396,0.0285554,784.5752280470381
take-table,256,2-stackless,0,0,True,36396,0.020057583,551.0930596768876
take-table,256,2-stackless,0,1,True,36396,0.019916833,547.2258764699418
take-table,256,2-stackless,0,2,False,36396,0.019878792,546.180679195516
take-table,256,2-stackless,0,3,False,36396,0.01989375,546.5916584240026
take-table,256,2-stackless,0,4,False,36396,0.019921292000000007,547.3483899329599
take-table,256,1x,1,0,True,36396,0.0290456,798.0437410704473
take-table,256,1x,1,1,True,36396,0.0284494,781.6628200901198
take-table,256,1x,1,2,False,36396,0.0278036,763.9191119903286
take-table,256,1x,1,3,False,36396,0.0278202,764.3752060666008
take-table,256,1x,1,4,False,36396,0.0283277,778.3190460490164
take-table,256,2-stackless,1,0,True,36396,0.019965584,548.5653368502033
take-table,256,2-stackless,1,1,True,36396,0.020098833000000003,552.2264259808771
take-table,256,2-stackless,1,2,False,36396,0.019997083,549.430789097703
take-table,256,2-stackless,1,3,False,36396,0.019994625000000002,549.3632542037587
take-table,256,2-stackless,1,4,False,36396,0.019967458999999993,548.6168535003844
take-table,256,2-stackless,2,0,True,36396,0.019922416000000002,547.3792724475217
take-table,256,2-stackless,2,1,True,36396,0.019924583,547.438811957358
take-table,256,2-stackless,2,2,False,36396,0.019915207999999997,547.1812287064512
take-table,256,2-stackless,2,3,False,36396,0.019897749999999992,546.7015606110559
take-table,256,2-stackless,2,4,False,36396,0.020006541000000003,549.6906528189912
take-table,256,1x,2,0,True,36396,0.0290953,799.4092757445873
take-table,256,1x,2,1,True,36396,0.0281079,772.2799208704254
take-table,256,1x,2,2,False,36396,0.028263,776.5413781734256
take-table,256,1x,2,3,False,36396,0.0282893,777.2639850533026
take-table,256,1x,2,4,False,36396,0.0279002,766.5732498076711
assign-string,64,1x,0,0,True,84974,0.0454098,534.3964036058088
assign-string,64,1x,0,1,True,84974,0.0453721,533.952738484713
assign-string,64,1x,0,2,False,84974,0.0471863,555.3027985030715
assign-string,64,1x,0,3,False,84974,0.0449904,529.4607762374374
assign-string,64,1x,0,4,False,84974,0.0454104,534.4034645891685
assign-string,64,2-stackless,0,0,True,84974,0.020267125,238.50972062042507
assign-string,64,2-stackless,0,1,True,84974,0.020172458,237.39565043425048
assign-string,64,2-stackless,0,2,False,84974,0.020186083,237.55599359804177
assign-string,64,2-stackless,0,3,False,84974,0.020244915999999995,238.24835832136884
assign-string,64,2-stackless,0,4,False,84974,0.020551166999999995,241.8524136794784
assign-string,64,1x,1,0,True,84974,0.0449613,529.118318544496
assign-string,64,1x,1,1,True,84974,0.0395772,465.75658436698285
assign-string,64,1x,1,2,False,84974,0.042391,498.87024266246146
assign-string,64,1x,1,3,False,84974,0.0453605,533.8162261397604
assign-string,64,1x,1,4,False,84974,0.0449525,529.0147574552216
assign-string,64,2-stackless,1,0,True,84974,0.020314583,239.0682208675595
assign-string,64,2-stackless,1,1,True,84974,0.020193209000000004,237.63985454374284
assign-string,64,2-stackless,1,2,False,84974,0.020183917000000003,237.5305034481136
assign-string,64,2-stackless,1,3,False,84974,0.020467707999999994,240.87024266246138
assign-string,64,2-stackless,1,4,False,84974,0.020195709000000006,237.6692753077413
assign-string,64,1x,2,0,True,84974,0.0444705,523.3424341563302
assign-string,64,1x,2,1,True,84974,0.0457732,538.6730058606162
assign-string,64,1x,2,2,False,84974,0.04561,536.7524183868006
assign-string,64,1x,2,3,False,84974,0.0455761,536.3534728269824
assign-string,64,1x,2,4,False,84974,0.0457037,537.8551086214607
assign-string,64,2-stackless,2,0,True,84974,0.020343167,239.4046061148116
assign-string,64,2-stackless,2,1,True,84974,0.020557875000000003,241.93135547343897
assign-string,64,2-stackless,2,2,False,84974,0.020747708000000004,244.16536823028224
assign-string,64,2-stackless,2,3,False,84974,0.020267957999999996,238.5195236189893
assign-string,64,2-stackless,2,4,False,84974,0.020186250000000003,237.5579589050769
const-int,256,2-stackless,0,0,True,152116,0.021125292,138.87619974230194
const-int,256,2-stackless,0,1,True,152116,0.021563500000000003,141.75694864445558
const-int,256,2-stackless,0,2,False,152116,0.021485499999999998,141.24418207157694
const-int,256,2-stackless,0,3,False,152116,0.021216083999999996,139.47306003313258
const-int,256,2-stackless,0,4,False,152116,0.021031582999999993,138.2601632964316
const-int,256,1x,0,0,True,152116,0.031935,209.93846801125454
const-int,256,1x,0,1,True,152116,0.030743,202.10234294880223
const-int,256,1x,0,2,False,152116,0.0312546,205.46556575245208
const-int,256,1x,0,3,False,152116,0.0310703,204.25399037576585
const-int,256,1x,0,4,False,152116,0.0310414,204.06400378658392
const-int,256,2-stackless,1,0,True,152116,0.021054334,138.4097267874517
const-int,256,2-stackless,1,1,True,152116,0.021339542,140.28466433511267
const-int,256,2-stackless,1,2,False,152116,0.021489333,141.26937994688265
const-int,256,2-stackless,1,3,False,152116,0.020987208999999993,137.96845170790706
const-int,256,2-stackless,1,4,False,152116,0.021196624999999997,139.34513792106023
const-int,256,1x,1,0,True,152116,0.0323187,212.46088511399196
const-int,256,1x,1,1,True,152116,0.0321778,211.53461831759972
const-int,256,1x,1,2,False,152116,0.0320888,210.9495385100844
const-int,256,1x,1,3,False,152116,0.0321238,211.1796260748376
const-int,256,1x,1,4,False,152116,0.0318455,209.35010123852848
const-int,256,1x,2,0,True,152116,0.0325494,213.97749086223672
const-int,256,1x,2,1,True,152116,0.0315385,207.33190459912169
const-int,256,1x,2,2,False,152116,0.032188,211.60167240789923
const-int,256,1x,2,3,False,152116,0.0309133,203.22188329958715
const-int,256,1x,2,4,False,152116,0.032245,211.9763864419259
const-int,256,2-stackless,2,0,True,152116,0.021146833,139.0178087775119
const-int,256,2-stackless,2,1,True,152116,0.021529250000000003,141.5317915275185
const-int,256,2-stackless,2,2,False,152116,0.021701708000000007,142.6655184201531
const-int,256,2-stackless,2,3,False,152116,0.021755125,143.0166780614794
const-int,256,2-stackless,2,4,False,152116,0.021408625,140.73881117042257
update-seq,8,1x,0,0,True,1713679,0.178302,104.04632372807276
update-seq,8,1x,0,1,True,1713679,0.179353,104.65962411863599
update-seq,8,1x,0,2,False,1713679,0.178911,104.4016995014819
update-seq,8,1x,0,3,False,1713679,0.179992,105.03250608777957
update-seq,8,1x,0,4,False,1713679,0.178798,104.33575949754884
update-seq,8,2-stackless,0,0,True,1713679,0.022118042,12.906759083819082
update-seq,8,2-stackless,0,1,True,1713679,0.022149,12.924824310737309
update-seq,8,2-stackless,0,2,False,1713679,0.021779750000000007,12.709352218239243
update-seq,8,2-stackless,0,3,False,1713679,0.021695208999999993,12.660019175119723
update-seq,8,2-stackless,0,4,False,1713679,0.022249833999999996,12.983664968760191
update-seq,8,1x,1,0,True,1713679,0.178619,104.23130586300002
update-seq,8,1x,1,1,True,1713679,0.178631,104.23830834129379
update-seq,8,1x,1,2,False,1713679,0.178497,104.16011400034662
update-seq,8,1x,1,3,False,1713679,0.180032,105.05584768209215
update-seq,8,1x,1,4,False,1713679,0.178759,104.31300144309407
update-seq,8,2-stackless,1,0,True,1713679,0.022534375000000002,13.149705983442642
update-seq,8,2-stackless,1,1,True,1713679,0.021765542,12.701061283939408
update-seq,8,2-stackless,1,2,False,1713679,0.021711625,12.669598565425613
update-seq,8,2-stackless,1,3,False,1713679,0.021773291,12.705583134297614
update-seq,8,2-stackless,1,4,False,1713679,0.021902833999999996,12.781176638098499
update-seq,8,1x,2,0,True,1713679,0.180684,105.43631566938733
update-seq,8,1x,2,1,True,1713679,0.179415,104.6958035898205
update-seq,8,1x,2,2,False,1713679,0.17909,104.50615313603073
update-seq,8,1x,2,3,False,1713679,0.17969,104.85627705071953
update-seq,8,1x,2,4,False,1713679,0.178529,104.1787872757967
update-seq,8,2-stackless,2,0,True,1713679,0.022733584,13.265952374978044
update-seq,8,2-stackless,2,1,True,1713679,0.022216332999999998,12.964115799983542
update-seq,8,2-stackless,2,2,False,1713679,0.022323166000000005,13.026457113613462
update-seq,8,2-stackless,2,3,False,1713679,0.02227137500000001,12.996235000837386
update-seq,8,2-stackless,2,4,False,1713679,0.022169375000000005,12.936713935340284
make-table,8,2-stackless,0,0,True,466383,0.050492875,108.26482740580167
make-table,8,2-stackless,0,1,True,466383,0.05008616700000001,107.39278018281114
make-table,8,2-stackless,0,2,False,466383,0.050349457999999986,107.95731834136318
make-table,8,2-stackless,0,3,False,466383,0.04974904100000002,106.66992793476611
make-table,8,2-stackless,0,4,False,466383,0.05098699999999998,109.32431070600768
make-table,8,1x,0,0,True,466383,0.0198504,42.56244331375715
make-table,8,1x,0,1,True,466383,0.0202,43.312041819706124
make-table,8,1x,0,2,False,466383,0.0204553,43.859445991813594
make-table,8,1x,0,3,False,466383,0.0199453,42.765924143890324
make-table,8,1x,0,4,False,466383,0.0197387,42.32294058745709
make-table,8,1x,1,0,True,466383,0.0202811,43.48593323513078
make-table,8,1x,1,1,True,466383,0.0207352,44.459596511879724
make-table,8,1x,1,2,False,466383,0.0204583,43.86587847327197
make-table,8,1x,1,3,False,466383,0.020319,43.56719691755489
make-table,8,1x,1,4,False,466383,0.0205545,44.0721467120371
make-table,8,2-stackless,1,0,True,466383,0.050421125,108.11098389092227
make-table,8,2-stackless,1,1,True,466383,0.04974545899999999,106.66224755190476
make-table,8,2-stackless,1,2,False,466383,0.049862666000000014,106.91355817000193
make-table,8,2-stackless,1,3,False,466383,0.05052345800000002,108.33040226594885
make-table,8,2-stackless,1,4,False,466383,0.050174832999999974,107.58289431647376
make-table,8,2-stackless,2,0,True,466383,0.051017292,109.38926161545339
make-table,8,2-stackless,2,1,True,466383,0.051677084000000005,110.80396155091418
make-table,8,2-stackless,2,2,False,466383,0.050960042,109.2665084276228
make-table,8,2-stackless,2,3,False,466383,0.05040283300000001,108.0717629073101
make-table,8,2-stackless,2,4,False,466383,0.051084500000000005,109.53336635340483
make-table,8,1x,2,0,True,466383,0.0198755,42.616261741958866
make-table,8,1x,2,1,True,466383,0.0194349,41.6715446317726
make-table,8,1x,2,2,False,466383,0.0195624,41.94492509375342
make-table,8,1x,2,3,False,466383,0.0196526,42.13832836960181
make-table,8,1x,2,4,False,466383,0.0199367,42.74748436370965
add-int,64,2-stackless,0,0,True,335032,0.020516042,61.23606700255498
add-int,64,2-stackless,0,1,True,335032,0.020297209,60.58289655913465
add-int,64,2-stackless,0,2,False,335032,0.020264166,60.48427015926837
add-int,64,2-stackless,0,3,False,335032,0.020318999999999997,60.647938107404656
add-int,64,2-stackless,0,4,False,335032,0.02051529199999999,61.233828410420465
add-int,64,1x,0,0,True,335032,0.0210573,62.85160820458941
add-int,64,1x,0,1,True,335032,0.0206475,61.628441462308075
add-int,64,1x,0,2,False,335032,0.0202828,60.53988872704697
add-int,64,1x,0,3,False,335032,0.020597,61.47770959191958
add-int,64,1x,0,4,False,335032,0.0208714,62.29673583418897
add-int,64,1x,1,0,True,335032,0.0199576,59.56923517753528
add-int,64,1x,1,1,True,335032,0.0203176,60.643759402086964
add-int,64,1x,1,2,False,335032,0.0200691,59.902039208195035
add-int,64,1x,1,3,False,335032,0.0199823,59.64295947849757
add-int,64,1x,1,4,False,335032,0.0200212,59.75906779053941
add-int,64,2-stackless,1,0,True,335032,0.020244791,60.426439862460896
add-int,64,2-stackless,1,1,True,335032,0.020298834,60.5877468420927
add-int,64,2-stackless,1,2,False,335032,0.020841625000000003,62.20786372645002
add-int,64,2-stackless,1,3,False,335032,0.020285624999999995,60.54832075742018
add-int,64,2-stackless,1,4,False,335032,0.020288249999999994,60.556155829890855
add-int,64,2-stackless,2,0,True,335032,0.020072791000000003,59.91305606628622
add-int,64,2-stackless,2,1,True,335032,0.020314332999999997,60.63400809474915
add-int,64,2-stackless,2,2,False,335032,0.020271540999999997,60.5062829819241
add-int,64,2-stackless,2,3,False,335032,0.020593665999999997,61.46775830368441
add-int,64,2-stackless,2,4,False,335032,0.020296290999999994,60.58015652236202
add-int,64,1x,2,0,True,335032,0.0207037,61.79618663291865
add-int,64,1x,2,1,True,335032,0.0204667,61.08879151842212
add-int,64,1x,2,2,False,335032,0.0200268,59.775782611810214
add-int,64,1x,2,3,False,335032,0.0201505,60.145001074524224
add-int,64,1x,2,4,False,335032,0.0205391,61.30489027913752
assign-table,256,2-stackless,0,0,True,14825,0.015413834000000001,1039.7189881956156
assign-table,256,2-stackless,0,1,True,14825,0.015293916999999999,1031.6301517706574
assign-table,256,2-stackless,0,2,False,14825,0.015320333000000002,1033.4120067453628
assign-table,256,2-stackless,0,3,False,14825,0.015234291000000004,1027.6081618887017
assign-table,256,2-stackless,0,4,False,14825,0.015225000000000002,1026.9814502529512
assign-table,256,1x,0,0,True,14825,0.252269,17016.458684654302
assign-table,256,1x,0,1,True,14825,0.253328,17087.89207419899
assign-table,256,1x,0,2,False,14825,0.25112,16938.954468802698
assign-table,256,1x,0,3,False,14825,0.255959,17265.362563237773
assign-table,256,1x,0,4,False,14825,0.259549,17507.521079258007
assign-table,256,2-stackless,1,0,True,14825,0.015231292,1027.40586846543
assign-table,256,2-stackless,1,1,True,14825,0.015151458000000001,1022.0207757166949
assign-table,256,2-stackless,1,2,False,14825,0.015166332999999997,1023.0241483979761
assign-table,256,2-stackless,1,3,False,14825,0.015084708999999995,1017.5183136593588
assign-table,256,2-stackless,1,4,False,14825,0.015137249999999998,1021.0623946037098
assign-table,256,1x,1,0,True,14825,0.258049,17406.34064080944
assign-table,256,1x,1,1,True,14825,0.251387,16956.964586846545
assign-table,256,1x,1,2,False,14825,0.244555,16496.121416526137
assign-table,256,1x,1,3,False,14825,0.255415,17228.66779089376
assign-table,256,1x,1,4,False,14825,0.25228,17017.200674536256
assign-table,256,2-stackless,2,0,True,14825,0.015154833,1022.248431703204
assign-table,256,2-stackless,2,1,True,14825,0.01516625,1023.018549747049
assign-table,256,2-stackless,2,2,False,14825,0.014986084,1010.865699831366
assign-table,256,2-stackless,2,3,False,14825,0.014885708000000004,1004.0949747048907
assign-table,256,2-stackless,2,4,False,14825,0.014984708,1010.7728836424958
assign-table,256,1x,2,0,True,14825,0.253916,17127.554806070824
assign-table,256,1x,2,1,True,14825,0.262612,17714.131534569984
assign-table,256,1x,2,2,False,14825,0.260532,17573.827993254636
assign-table,256,1x,2,3,False,14825,0.261275,17623.946037099493
assign-table,256,1x,2,4,False,14825,0.256559,17305.8347386172
update-table,0,2-stackless,0,0,True,3522571,0.018381125,5.218099223550071
update-table,0,2-stackless,0,1,True,3522571,0.018490292000000002,5.2490899402737385
update-table,0,2-stackless,0,2,False,3522571,0.018661208,5.297610183016893
update-table,0,2-stackless,0,3,False,3522571,0.01839304199999999,5.221482263948688
update-table,0,2-stackless,0,4,False,3522571,0.018686291999999993,5.304731118265606
update-table,0,1x,0,0,True,3522571,0.235031,66.72143726840424
update-table,0,1x,0,1,True,3522571,0.242113,68.73190064870232
update-table,0,1x,0,2,False,3522571,0.241118,68.44943650532522
update-table,0,1x,0,3,False,3522571,0.237802,67.50807861644236
update-table,0,1x,0,4,False,3522571,0.236698,67.19467116489632
update-table,0,2-stackless,1,0,True,3522571,0.018393291,5.221552950955425
update-table,0,2-stackless,1,1,True,3522571,0.018410916,5.226556398721275
update-table,0,2-stackless,1,2,False,3522571,0.018389416999999998,5.220453186039402
update-table,0,2-stackless,1,3,False,3522571,0.018417457999999998,5.228413564978533
update-table,0,2-stackless,1,4,False,3522571,0.018400458999999994,5.223587828321982
update-table,0,1x,1,0,True,3522571,0.23803,67.57280406839209
update-table,0,1x,1,1,True,3522571,0.243222,69.04672751805428
update-table,0,1x,1,2,False,3522571,0.244858,69.51116102414969
update-table,0,1x,1,3,False,3522571,0.230559,65.45190998279382
update-table,0,1x,1,4,False,3522571,0.241707,68.61664392286202
update-table,0,2-stackless,2,0,True,3522571,0.018611625,5.283534384402756
update-table,0,2-stackless,2,1,True,3522571,0.018374625,5.216253980402382
update-table,0,2-stackless,2,2,False,3522571,0.018384625,5.2190928160142125
update-table,0,2-stackless,2,3,False,3522571,0.018436624999999998,5.233854761195729
update-table,0,2-stackless,2,4,False,3522571,0.018367084000000006,5.2141132144675035
update-table,0,1x,2,0,True,3522571,0.239377,67.9551952253056
update-table,0,1x,2,1,True,3522571,0.245807,69.78056652371237
update-table,0,1x,2,2,False,3522571,0.240048,68.14568109485941
update-table,0,1x,2,3,False,3522571,0.233936,66.41058476890885
update-table,0,1x,2,4,False,3522571,0.227789,64.66555251831687
const-int,0,1x,0,0,True,4047191,0.0211816,5.233654650843016
const-int,0,1x,0,1,True,4047191,0.0211568,5.227526943996466
const-int,0,1x,0,2,False,4047191,0.02105,5.201138270963738
const-int,0,1x,0,3,False,4047191,0.0210695,5.205956427556792
const-int,0,1x,0,4,False,4047191,0.02114,5.223375916777834
const-int,0,2-stackless,0,0,True,4047191,0.018039541000000003,4.457299148965296
const-int,0,2-stackless,0,1,True,4047191,0.01827325,4.515045126360481
const-int,0,2-stackless,0,2,False,4047191,0.018090499999999995,4.469890351110188
const-int,0,2-stackless,0,3,False,4047191,0.018115208,4.47599532614102
const-int,0,2-stackless,0,4,False,4047191,0.018123583,4.478064662626498
const-int,0,2-stackless,1,0,True,4047191,0.018083833,4.468243035725272
const-int,0,2-stackless,1,1,True,4047191,0.018783875,4.641212880736293
const-int,0,2-stackless,1,2,False,4047191,0.01819075,4.4946606176975585
const-int,0,2-stackless,1,3,False,4047191,0.018838375000000004,4.654679010701497
const-int,0,2-stackless,1,4,False,4047191,0.018144000000000007,4.483109396121905
const-int,0,1x,1,0,True,4047191,0.0207148,5.1183153945539015
const-int,0,1x,1,1,True,4047191,0.0205175,5.069565533230332
const-int,0,1x,1,2,False,4047191,0.0210198,5.19367630536834
const-int,0,1x,1,3,False,4047191,0.0207425,5.125159647765574
const-int,0,1x,1,4,False,4047191,0.020614,5.093409231242114
const-int,0,1x,2,0,True,4047191,0.0207199,5.119575527816701
const-int,0,1x,2,1,True,4047191,0.0205181,5.069713784202426
const-int,0,1x,2,2,False,4047191,0.0204962,5.064302623720995
const-int,0,1x,2,3,False,4047191,0.0205215,5.070553873044291
const-int,0,1x,2,4,False,4047191,0.0209272,5.17079623867517
const-int,0,2-stackless,2,0,True,4047191,0.018336167,4.530590970379209
const-int,0,2-stackless,2,1,True,4047191,0.018133499999999997,4.4805150041102575
const-int,0,2-stackless,2,2,False,4047191,0.018517291999999998,4.575344232580077
const-int,0,2-stackless,2,3,False,4047191,0.018695542000000002,4.6193871255396655
const-int,0,2-stackless,2,4,False,4047191,0.018649250000000006,4.607949068872709
make-table,64,1x,0,0,True,88415,0.0202816,229.3909404512809
make-table,64,1x,0,1,True,88415,0.0200331,226.58033139173216
make-table,64,1x,0,2,False,88415,0.020181,228.25312446982977
make-table,64,1x,0,3,False,88415,0.0199957,226.15732624554656
make-table,64,1x,0,4,False,88415,0.0199547,225.6936040264661
make-table,64,2-stackless,0,0,True,88415,0.049272541,557.287123225697
make-table,64,2-stackless,0,1,True,88415,0.05066412499999999,573.0263529944013
make-table,64,2-stackless,0,2,False,88415,0.04864579199999998,550.198405247978
make-table,64,2-stackless,0,3,False,88415,0.04811062499999999,544.1455069841089
make-table,64,2-stackless,0,4,False,88415,0.04868883299999999,550.6852117853304
make-table,64,2-stackless,1,0,True,88415,0.049316209,557.7810213199118
make-table,64,2-stackless,1,1,True,88415,0.049568917,560.6392241135554
make-table,64,2-stackless,1,2,False,88415,0.04870087499999999,550.8214103941638
make-table,64,2-stackless,1,3,False,88415,0.0491395,555.782389865973
make-table,64,2-stackless,1,4,False,88415,0.04982725000000002,563.5610473335975
make-table,64,1x,1,0,True,88415,0.0194052,219.47859526098512
make-table,64,1x,1,1,True,88415,0.019424,219.69122886388055
make-table,64,1x,1,2,False,88415,0.0196585,222.34349375106035
make-table,64,1x,1,3,False,88415,0.0194703,220.2148956625007
make-table,64,1x,1,4,False,88415,0.0195851,221.51331787592602
make-table,64,2-stackless,2,0,True,88415,0.049591042,560.8894644573885
make-table,64,2-stackless,2,1,True,88415,0.049737041999999995,562.540767969236
make-table,64,2-stackless,2,2,False,88415,0.047831499999999985,540.9885200475031
make-table,64,2-stackless,2,3,False,88415,0.04796124999999998,542.4560312164224
make-table,64,2-stackless,2,4,False,88415,0.048492333,548.4627382231522
make-table,64,1x,2,0,True,88415,0.0200656,226.94791607758864
make-table,64,1x,2,1,True,88415,0.0199102,225.19029576429338
make-table,64,1x,2,2,False,88415,0.020112,227.47271390601142
make-table,64,1x,2,3,False,88415,0.020229,228.79601877509472
make-table,64,1x,2,4,False,88415,0.0199923,226.11887123225696
push-shared-seq,0,2-stackless,0,0,True,2562756,0.021429084,8.361734008231762
push-shared-seq,0,2-stackless,0,1,True,2562756,0.021452541999999998,8.370887435245493
push-shared-seq,0,2-stackless,0,2,False,2562756,0.021432334000000004,8.363002174221815
push-shared-seq,0,2-stackless,0,3,False,2562756,0.021254583999999993,8.293643249689003
push-shared-seq,0,2-stackless,0,4,False,2562756,0.02133045900000001,8.32325004799521
push-shared-seq,0,1x,0,0,True,2562756,0.245604,95.83588917555943
push-shared-seq,0,1x,0,1,True,2562756,0.241911,94.3948624059411
push-shared-seq,0,1x,0,2,False,2562756,0.245654,95.85539942156022
push-shared-seq,0,1x,0,3,False,2562756,0.238512,93.06855588280742
push-shared-seq,0,1x,0,4,False,2562756,0.238134,92.92105842304144
push-shared-seq,0,1x,1,0,True,2562756,0.24442,95.37388655026074
push-shared-seq,0,1x,1,1,True,2562756,0.241321,94.16464150313179
push-shared-seq,0,1x,1,2,False,2562756,0.246,95.9904103238857
push-shared-seq,0,1x,1,3,False,2562756,0.246662,96.24872598093614
push-shared-seq,0,1x,1,4,False,2562756,0.243747,95.1112786390901
push-shared-seq,0,2-stackless,1,0,True,2562756,0.021208375,8.275612270539996
push-shared-seq,0,2-stackless,1,1,True,2562756,0.0211655,8.258882234594319
push-shared-seq,0,2-stackless,1,2,False,2562756,0.021696459,8.466065048720987
push-shared-seq,0,2-stackless,1,3,False,2562756,0.021686084000000008,8.462016672675825
push-shared-seq,0,2-stackless,1,4,False,2562756,0.021297499999999997,8.310389284036404
push-shared-seq,0,1x,2,0,True,2562756,0.24439,95.36218040266026
push-shared-seq,0,1x,2,1,True,2562756,0.241002,94.04016613364675
push-shared-seq,0,1x,2,2,False,2562756,0.244186,95.28257859897704
push-shared-seq,0,1x,2,3,False,2562756,0.238598,93.10211350592877
push-shared-seq,0,1x,2,4,False,2562756,0.237873,92.81921493891733
push-shared-seq,0,2-stackless,2,0,True,2562756,0.021435708,8.364318725621947
push-shared-seq,0,2-stackless,2,1,True,2562756,0.021607416999999997,8.431320422232938
push-shared-seq,0,2-stackless,2,2,False,2562756,0.021352416,8.331817777423993
push-shared-seq,0,2-stackless,2,3,False,2562756,0.021989708999999996,8.580492641515617
push-shared-seq,0,2-stackless,2,4,False,2562756,0.021199833,8.272279140113222
get-string,8,1x,0,0,True,2173914,0.0350527,16.124234905336642
get-string,8,1x,0,1,True,2173914,0.0344864,15.86373701995571
get-string,8,1x,0,2,False,2173914,0.03455,15.892993007083076
get-string,8,1x,0,3,False,2173914,0.034699,15.96153297692549
get-string,8,1x,0,4,False,2173914,0.0350703,16.132330901774402
get-string,8,2-stackless,0,0,True,2173914,0.02156275,9.91886063570132
get-string,8,2-stackless,0,1,True,2173914,0.021765625000000004,10.01218309463944
get-string,8,2-stackless,0,2,False,2173914,0.021674832999999998,9.97041879301573
get-string,8,2-stackless,0,3,False,2173914,0.022220915999999993,10.221616862488577
get-string,8,2-stackless,0,4,False,2173914,0.021561874999999994,9.918458135878417
get-string,8,1x,1,0,True,2173914,0.0348412,16.026944948144223
get-string,8,1x,1,1,True,2173914,0.0346737,15.949894982046208
get-string,8,1x,1,2,False,2173914,0.0350261,16.11199891072048
get-string,8,1x,1,3,False,2173914,0.0348719,16.041066941930545
get-string,8,1x,1,4,False,2173914,0.034665,15.945892983807088
get-string,8,2-stackless,1,0,True,2173914,0.021624666,9.947341983169528
get-string,8,2-stackless,1,1,True,2173914,0.022398416999999997,10.303267286562392
get-string,8,2-stackless,1,2,False,2173914,0.02190262500000001,10.075203066910653
get-string,8,2-stackless,1,3,False,2173914,0.02159024999999999,9.93151063013532
get-string,8,2-stackless,1,4,False,2173914,0.021605250000000006,9.938410627099328
get-string,8,1x,2,0,True,2173914,0.0350225,16.11034291144912
get-string,8,1x,2,1,True,2173914,0.0352535,16.21660286469474
get-string,8,1x,2,2,False,2173914,0.0345793,15.90647100115276
get-string,8,1x,2,3,False,2173914,0.0349119,16.05946693383455
get-string,8,1x,2,4,False,2173914,0.0347625,15.990742964073096
get-string,8,2-stackless,2,0,True,2173914,0.021588708,9.930801310447423
get-string,8,2-stackless,2,1,True,2173914,0.021709542,9.986384925990633
get-string,8,2-stackless,2,2,False,2173914,0.021666458000000006,9.966566294710834
get-string,8,2-stackless,2,3,False,2173914,0.021956041999999995,10.099774876099053
get-string,8,2-stackless,2,4,False,2173914,0.021689250000000007,9.977050610097734
assign-seq,256,1x,0,0,True,21593,0.228877,10599.592460519612
assign-seq,256,1x,0,1,True,21593,0.228365,10575.881072569815
assign-seq,256,1x,0,2,False,21593,0.229075,10608.762098828323
assign-seq,256,1x,0,3,False,21593,0.228129,10564.951604686705
assign-seq,256,1x,0,4,False,21593,0.228237,10569.953225582365
assign-seq,256,2-stackless,0,0,True,21593,0.019831834,918.4381049414162
assign-seq,256,2-stackless,0,1,True,21593,0.019783208,916.1861714444495
assign-seq,256,2-stackless,0,2,False,21593,0.0197875,916.3849395637475
assign-seq,256,2-stackless,0,3,False,21593,0.020465208,947.7704811744546
assign-seq,256,2-stackless,0,4,False,21593,0.019844917000000004,919.0439957393602
assign-seq,256,2-stackless,1,0,True,21593,0.019741917,914.2739313666466
assign-seq,256,2-stackless,1,1,True,21593,0.019764083999999998,915.3005140554808
assign-seq,256,2-stackless,1,2,False,21593,0.019878374999999997,920.5934793683136
assign-seq,256,2-stackless,1,3,False,21593,0.02023816600000001,937.255869957857
assign-seq,256,2-stackless,1,4,False,21593,0.020131042000000002,932.2948177650164
assign-seq,256,1x,1,0,True,21593,0.228742,10593.340434400037
assign-seq,256,1x,1,1,True,21593,0.229573,10631.82512851387
assign-seq,256,1x,1,2,False,21593,0.228491,10581.716296948085
assign-seq,256,1x,1,3,False,21593,0.229717,10638.49395637475
assign-seq,256,1x,1,4,False,21593,0.22982,10643.264020747465
assign-seq,256,1x,2,0,True,21593,0.228759,10594.127726578057
assign-seq,256,1x,2,1,True,21593,0.228387,10576.899921270782
assign-seq,256,1x,2,2,False,21593,0.22934,10621.034594544528
assign-seq,256,1x,2,3,False,21593,0.229542,10630.389478071596
assign-seq,256,1x,2,4,False,21593,0.228117,10564.39586903163
assign-seq,256,2-stackless,2,0,True,21593,0.01981475,917.64692261381
assign-seq,256,2-stackless,2,1,True,21593,0.019724250000000002,913.455749548465
assign-seq,256,2-stackless,2,2,False,21593,0.020085,930.162552679109
assign-seq,256,2-stackless,2,3,False,21593,0.019765917000000008,915.3854026767938
assign-seq,256,2-stackless,2,4,False,21593,0.019781000000000007,916.0839160839164
