case,width,engine,round,batch,warmup,iterations,seconds,ns_per_iteration
make-seq,8,2-stackless,0,0,True,667780,0.103051792,154.31997364401448
make-seq,8,2-stackless,0,1,True,667780,0.10350549999999999,154.9994010003294
make-seq,8,2-stackless,0,2,False,667780,0.10440279199999997,156.34309503129768
make-seq,8,2-stackless,0,3,False,667780,0.10563962500000001,158.19525143011174
make-seq,8,2-stackless,0,4,False,667780,0.10749491699999997,160.97354967204762
make-seq,8,1x,0,0,True,667780,0.0213782,32.01383689238971
make-seq,8,1x,0,1,True,667780,0.0215108,32.21240528317709
make-seq,8,1x,0,2,False,667780,0.0214788,32.16448530953308
make-seq,8,1x,0,3,False,667780,0.0212533,31.826799245260414
make-seq,8,1x,0,4,False,667780,0.0212783,31.8642367246698
make-seq,8,2-stackless,1,0,True,667780,0.103713167,155.31038216178982
make-seq,8,2-stackless,1,1,True,667780,0.104563792,156.58419239869417
make-seq,8,2-stackless,1,2,False,667780,0.10474891600000003,156.86141543622156
make-seq,8,2-stackless,1,3,False,667780,0.104506667,156.49864775824372
make-seq,8,2-stackless,1,4,False,667780,0.10418183399999997,156.0122106082841
make-seq,8,1x,1,0,True,667780,0.0212096,31.761358531252807
make-seq,8,1x,1,1,True,667780,0.0210694,31.551409146724968
make-seq,8,1x,1,2,False,667780,0.0210906,31.58315612926413
make-seq,8,1x,1,3,False,667780,0.0208439,31.213723082452304
make-seq,8,1x,1,4,False,667780,0.0211434,31.662224085776753
make-seq,8,1x,2,0,True,667780,0.0217006,32.496630626853154
make-seq,8,1x,2,1,True,667780,0.0215387,32.25418551019797
make-seq,8,1x,2,2,False,667780,0.0216081,32.358111953038424
make-seq,8,1x,2,3,False,667780,0.0218741,32.7564467339543
make-seq,8,1x,2,4,False,667780,0.021444,32.112372338195215
make-seq,8,2-stackless,2,0,True,667780,0.104656125,156.72246099014646
make-seq,8,2-stackless,2,1,True,667780,0.104405583,156.347274551499
make-seq,8,2-stackless,2,2,False,667780,0.10543650000000002,157.89107190991047
make-seq,8,2-stackless,2,3,False,667780,0.10476254200000001,156.8818203599988
make-seq,8,2-stackless,2,4,False,667780,0.10410058300000002,155.89053730270453
get-string,64,2-stackless,0,0,True,334869,0.021074,62.93207194455145
get-string,64,2-stackless,0,1,True,334869,0.021098584,63.00548572725454
get-string,64,2-stackless,0,2,False,334869,0.02141066600000001,63.93743822211076
get-string,64,2-stackless,0,3,False,334869,0.020754625,61.978340784008076
get-string,64,2-stackless,0,4,False,334869,0.021041584000000002,62.83526991151765
get-string,64,1x,0,0,True,334869,0.0207986,62.1096607927279
get-string,64,1x,0,1,True,334869,0.0208648,62.307350038373215
get-string,64,1x,0,2,False,334869,0.0202779,60.55472438475941
get-string,64,1x,0,3,False,334869,0.0201929,60.30089378234474
get-string,64,1x,0,4,False,334869,0.020994,62.69317255404352
get-string,64,2-stackless,1,0,True,334869,0.020980041,62.65148759664227
get-string,64,2-stackless,1,1,True,334869,0.021197,63.299379757457395
get-string,64,2-stackless,1,2,False,334869,0.021160708,63.19100304895347
get-string,64,2-stackless,1,3,False,334869,0.021096375,62.99888911783414
get-string,64,2-stackless,1,4,False,334869,0.021374000000000004,63.8279446589562
get-string,64,1x,1,0,True,334869,0.0206566,61.685614374576325
get-string,64,1x,1,1,True,334869,0.0199395,59.54417996291087
get-string,64,1x,1,2,False,334869,0.0207151,61.86030955388525
get-string,64,1x,1,3,False,334869,0.0206317,61.611256939280736
get-string,64,1x,1,4,False,334869,0.0205784,61.452090220354826
get-string,64,1x,2,0,True,334869,0.0208983,62.40738915814841
get-string,64,1x,2,1,True,334869,0.0205796,61.45567371121244
get-string,64,1x,2,2,False,334869,0.0206268,61.59662435161212
get-string,64,1x,2,3,False,334869,0.0205975,61.509127449838594
get-string,64,1x,2,4,False,334869,0.0206473,61.65784232042978
get-string,64,2-stackless,2,0,True,334869,0.021419125,63.96269884641457
get-string,64,2-stackless,2,1,True,334869,0.020772667000000005,62.03221856905239
get-string,64,2-stackless,2,2,False,334869,0.021246749999999995,63.4479453159295
get-string,64,2-stackless,2,3,False,334869,0.021092458999999994,62.987194992668755
get-string,64,2-stackless,2,4,False,334869,0.021238499999999993,63.42330881628336
push-shared-seq,8,2-stackless,0,0,True,179432,0.032813375,182.87359556823756
push-shared-seq,8,2-stackless,0,1,True,179432,0.03321825,185.13002140086493
push-shared-seq,8,2-stackless,0,2,False,179432,0.032945540999999995,183.61017544250745
push-shared-seq,8,2-stackless,0,3,False,179432,0.03251074999999999,181.18702349636627
push-shared-seq,8,2-stackless,0,4,False,179432,0.03297370900000002,183.7671597039548
push-shared-seq,8,1x,0,0,True,179432,0.0214006,119.2685808551429
push-shared-seq,8,1x,0,1,True,179432,0.0204854,114.16804137500557
push-shared-seq,8,1x,0,2,False,179432,0.0211901,118.09543448214366
push-shared-seq,8,1x,0,3,False,179432,0.0204458,113.94734495519194
push-shared-seq,8,1x,0,4,False,179432,0.0203649,113.49647777431005
push-shared-seq,8,2-stackless,1,0,True,179432,0.033511708,186.7655044808061
push-shared-seq,8,2-stackless,1,1,True,179432,0.033270499999999995,185.4212180658968
push-shared-seq,8,2-stackless,1,2,False,179432,0.033151749999999994,184.7594074635516
push-shared-seq,8,2-stackless,1,3,False,179432,0.033096125000000004,184.44940144455842
push-shared-seq,8,2-stackless,1,4,False,179432,0.033123916,184.60428463150387
push-shared-seq,8,1x,1,0,True,179432,0.0211616,117.93659993758081
push-shared-seq,8,1x,1,1,True,179432,0.0205401,114.47289223772795
push-shared-seq,8,1x,1,2,False,179432,0.019914,110.98354808506843
push-shared-seq,8,1x,1,3,False,179432,0.0208504,116.20223817379286
push-shared-seq,8,1x,1,4,False,179432,0.0203401,113.3582638548308
push-shared-seq,8,1x,2,0,True,179432,0.0203149,113.21782067858575
push-shared-seq,8,1x,2,1,True,179432,0.0207351,115.55965491105266
push-shared-seq,8,1x,2,2,False,179432,0.0205161,114.33913683178028
push-shared-seq,8,1x,2,3,False,179432,0.0204208,113.8080164073298
push-shared-seq,8,1x,2,4,False,179432,0.0192179,107.10408399839494
push-shared-seq,8,2-stackless,2,0,True,179432,0.032746042,182.4983392037095
push-shared-seq,8,2-stackless,2,1,True,179432,0.03313095800000001,184.6435306968657
push-shared-seq,8,2-stackless,2,2,False,179432,0.033188541,184.96444892772752
push-shared-seq,8,2-stackless,2,3,False,179432,0.03274387499999999,182.48626220518076
push-shared-seq,8,2-stackless,2,4,False,179432,0.03356250000000002,187.0485755049268
assign-seq,64,2-stackless,0,0,True,82853,0.020227542,244.13771378224084
assign-seq,64,2-stackless,0,1,True,82853,0.020900875000000003,252.2645528828166
assign-seq,64,2-stackless,0,2,False,82853,0.020811499999999997,251.18583515382662
assign-seq,64,2-stackless,0,3,False,82853,0.020632291000000004,249.02285976367787
assign-seq,64,2-stackless,0,4,False,82853,0.020676334000000005,249.55443979095512
assign-seq,64,1x,0,0,True,82853,0.213894,2581.6083907643656
assign-seq,64,1x,0,1,True,82853,0.214288,2586.363800948668
assign-seq,64,1x,0,2,False,82853,0.214,2582.887765077909
assign-seq,64,1x,0,3,False,82853,0.214561,2589.658793284492
assign-seq,64,1x,0,4,False,82853,0.216092,2608.137303416895
assign-seq,64,2-stackless,1,0,True,82853,0.020435958,246.6532050740468
assign-seq,64,2-stackless,1,1,True,82853,0.020705625000000002,249.90796953640785
assign-seq,64,2-stackless,1,2,False,82853,0.020758417,250.54514622282838
assign-seq,64,2-stackless,1,3,False,82853,0.021220417000000005,256.12128709883774
assign-seq,64,2-stackless,1,4,False,82853,0.020854917,251.70985963091258
assign-seq,64,1x,1,0,True,82853,0.212695,2567.136977538532
assign-seq,64,1x,1,1,True,82853,0.213871,2581.330790677465
assign-seq,64,1x,1,2,False,82853,0.214996,2594.9090557976174
assign-seq,64,1x,1,3,False,82853,0.213205,2573.2924577263348
assign-seq,64,1x,1,4,False,82853,0.213482,2576.6357283381412
assign-seq,64,1x,2,0,True,82853,0.220626,2662.860729243359
assign-seq,64,1x,2,1,True,82853,0.219144,2644.9736279917443
assign-seq,64,1x,2,2,False,82853,0.218939,2642.4993663476275
assign-seq,64,1x,2,3,False,82853,0.216467,2612.663391790279
assign-seq,64,1x,2,4,False,82853,0.217496,2625.0829782868454
assign-seq,64,2-stackless,2,0,True,82853,0.020995125,253.40210976066044
assign-seq,64,2-stackless,2,1,True,82853,0.021312792,257.2362135348147
assign-seq,64,2-stackless,2,2,False,82853,0.020820958,251.2999891373879
assign-seq,64,2-stackless,2,3,False,82853,0.02080349999999999,251.089278601861
assign-seq,64,2-stackless,2,4,False,82853,0.020783958000000005,250.85341508454738
const-table,0,2-stackless,0,0,True,675297,0.019867458,29.42032616759737
const-table,0,2-stackless,0,1,True,675297,0.020356209,30.144083270027853
const-table,0,2-stackless,0,2,False,675297,0.020561417,30.4479614154957
const-table,0,2-stackless,0,3,False,675297,0.020192957999999997,29.90233630535897
const-table,0,2-stackless,0,4,False,675297,0.020285290999999997,30.039065774022387
const-table,0,1x,0,0,True,675297,0.0452069,66.94372994400982
const-table,0,1x,0,1,True,675297,0.0439541,65.08854622484625
const-table,0,1x,0,2,False,675297,0.0431281,63.86538071396733
const-table,0,1x,0,3,False,675297,0.0432742,64.08172996474144
const-table,0,1x,0,4,False,675297,0.04428,65.57114869457439
const-table,0,1x,1,0,True,675297,0.0449449,66.55575250593442
const-table,0,1x,1,1,True,675297,0.0449627,66.5821112784449
const-table,0,1x,1,2,False,675297,0.0419609,62.136956035640615
const-table,0,1x,1,3,False,675297,0.0424751,62.89839877861149
const-table,0,1x,1,4,False,675297,0.042569,63.037448707753775
const-table,0,2-stackless,1,0,True,675297,0.020347625,30.13137182602618
const-table,0,2-stackless,1,1,True,675297,0.020543875000000003,30.42198469710365
const-table,0,2-stackless,1,2,False,675297,0.020046374999999998,29.68527181373529
const-table,0,2-stackless,1,3,False,675297,0.020039208000000003,29.674658705725044
const-table,0,2-stackless,1,4,False,675297,0.020135249999999993,29.81688057254807
const-table,0,2-stackless,2,0,True,675297,0.01959275,29.0135303429454
const-table,0,2-stackless,2,1,True,675297,0.019778,29.287854084943366
const-table,0,2-stackless,2,2,False,675297,0.019836834000000005,29.37497723224004
const-table,0,2-stackless,2,3,False,675297,0.019893124999999998,29.458334629059504
const-table,0,2-stackless,2,4,False,675297,0.020005750000000003,29.625113098384865
const-table,0,1x,2,0,True,675297,0.0463022,68.56568295135325
const-table,0,1x,2,1,True,675297,0.0451766,66.89886079754538
const-table,0,1x,2,2,False,675297,0.0436956,64.70575169147797
const-table,0,1x,2,3,False,675297,0.0444127,65.76765482446983
const-table,0,1x,2,4,False,675297,0.0452179,66.96001907308933
take-table,64,1x,0,0,True,118146,0.0201365,170.43742488107935
take-table,64,1x,0,1,True,118146,0.0199734,169.0569295617287
take-table,64,1x,0,2,False,118146,0.0203897,172.58053594704856
take-table,64,1x,0,3,False,118146,0.0203836,172.52890491425862
take-table,64,1x,0,4,False,118146,0.020407,172.72696494168233
take-table,64,2-stackless,0,0,True,118146,0.021644791,183.20375636923805
take-table,64,2-stackless,0,1,True,118146,0.022045083999999996,186.59187784605484
take-table,64,2-stackless,0,2,False,118146,0.021728416000000007,183.91156704416576
take-table,64,2-stackless,0,3,False,118146,0.021787665999999997,184.41306519052694
take-table,64,2-stackless,0,4,False,118146,0.021764458,184.2166302710206
take-table,64,1x,1,0,True,118146,0.0199941,169.23213650906504
take-table,64,1x,1,1,True,118146,0.0202187,171.1331742081831
take-table,64,1x,1,2,False,118146,0.0203732,172.44087823540366
take-table,64,1x,1,3,False,118146,0.0203597,172.3266128349669
take-table,64,1x,1,4,False,118146,0.0203334,172.10400690670866
take-table,64,2-stackless,1,0,True,118146,0.021626667000000002,183.05035295312584
take-table,64,2-stackless,1,1,True,118146,0.022089166000000004,186.9649924669477
take-table,64,2-stackless,1,2,False,118146,0.021830125,184.77244257105616
take-table,64,2-stackless,1,3,False,118146,0.021886500000000003,185.2496064191763
take-table,64,2-stackless,1,4,False,118146,0.021838666999999992,184.8447429451695
take-table,64,2-stackless,2,0,True,118146,0.021412083,181.2340917170281
take-table,64,2-stackless,2,1,True,118146,0.021729083,183.91721260135765
take-table,64,2-stackless,2,2,False,118146,0.021856209,184.9932202529074
take-table,64,2-stackless,2,3,False,118146,0.021880125,185.19564775785892
take-table,64,2-stackless,2,4,False,118146,0.021800917000000003,184.52522302913349
take-table,64,1x,2,0,True,118146,0.0201982,170.95966008159397
take-table,64,1x,2,1,True,118146,0.0198323,167.8626445245713
take-table,64,1x,2,2,False,118146,0.0202909,171.7442824979263
take-table,64,1x,2,3,False,118146,0.0204455,173.05283293552046
take-table,64,1x,2,4,False,118146,0.0204403,173.00881959609296
get-table,256,1x,0,0,True,117128,0.0328254,280.2523734717574
get-table,256,1x,0,1,True,117128,0.0325124,277.58008332764155
get-table,256,1x,0,2,False,117128,0.0319699,272.9483983334472
get-table,256,1x,0,3,False,117128,0.0320698,273.8013113858343
get-table,256,1x,0,4,False,117128,0.0322043,274.9496277576668
get-table,256,2-stackless,0,0,True,117128,0.020100917,171.61495970220614
get-table,256,2-stackless,0,1,True,117128,0.0199805,170.58687931152244
get-table,256,2-stackless,0,2,False,117128,0.019717833999999997,168.34432415818588
get-table,256,2-stackless,0,3,False,117128,0.019790958999999997,168.96864114473053
get-table,256,2-stackless,0,4,False,117128,0.020119874999999995,171.77681681579125
get-table,256,1x,1,0,True,117128,0.0315602,269.4505156751588
get-table,256,1x,1,1,True,117128,0.0317334,270.9292398060242
get-table,256,1x,1,2,False,117128,0.0315203,269.10986271429545
get-table,256,1x,1,3,False,117128,0.0314999,268.9356942831773
get-table,256,1x,1,4,False,117128,0.0317599,271.1554880131139
get-table,256,2-stackless,1,0,True,117128,0.019269208000000003,164.51410422785332
get-table,256,2-stackless,1,1,True,117128,0.019408791,165.70581756710607
get-table,256,2-stackless,1,2,False,117128,0.019251541000000004,164.36326924390414
get-table,256,2-stackless,1,3,False,117128,0.019104999999999997,163.11215080937092
get-table,256,2-stackless,1,4,False,117128,0.01915670800000001,163.55361655624623
get-table,256,2-stackless,2,0,True,117128,0.018652458,159.24849737039818
get-table,256,2-stackless,2,1,True,117128,0.018880292,161.19366846526876
get-table,256,2-stackless,2,2,False,117128,0.01887225,161.12500853766818
get-table,256,2-stackless,2,3,False,117128,0.018976583000000005,162.01576907315078
get-table,256,2-stackless,2,4,False,117128,0.018899082999999997,161.35409978826578
get-table,256,1x,2,0,True,117128,0.0319284,272.5940851034766
get-table,256,1x,2,1,True,117128,0.0313772,267.8881223960112
get-table,256,1x,2,2,False,117128,0.0323701,276.3651731439109
get-table,256,1x,2,3,False,117128,0.0318473,271.90168021310024
get-table,256,1x,2,4,False,117128,0.0318897,272.2636773444437
add-float,64,2-stackless,0,0,True,343668,0.02725775,79.31419276743834
add-float,64,2-stackless,0,1,True,343668,0.027757125,80.76726666433883
add-float,64,2-stackless,0,2,False,343668,0.026885790999999992,78.23187203929372
add-float,64,2-stackless,0,3,False,343668,0.026893208000000002,78.25345391482477
add-float,64,2-stackless,0,4,False,343668,0.026936624999999992,78.37978805125876
add-float,64,1x,0,0,True,343668,0.0204019,59.36514310322753
add-float,64,1x,0,1,True,343668,0.0205053,59.66601487482105
add-float,64,1x,0,2,False,343668,0.0209015,60.818871701758674
add-float,64,1x,0,3,False,343668,0.0209907,61.07842452599602
add-float,64,1x,0,4,False,343668,0.0209895,61.07493278396592
add-float,64,2-stackless,1,0,True,343668,0.02715125,79.00430066226707
add-float,64,2-stackless,1,1,True,343668,0.026598708,77.39652222493802
add-float,64,2-stackless,1,2,False,343668,0.026939291999999997,78.38754844792065
add-float,64,2-stackless,1,3,False,343668,0.027090166,78.82655935379495
add-float,64,2-stackless,1,4,False,343668,0.026901583999999992,78.27782627419484
add-float,64,1x,1,0,True,343668,0.0200062,58.21374116880245
add-float,64,1x,1,1,True,343668,0.0199152,57.94895073151996
add-float,64,1x,1,2,False,343668,0.0204771,59.58395893711373
add-float,64,1x,1,3,False,343668,0.0201253,58.560296565289754
add-float,64,1x,1,4,False,343668,0.0205284,59.73323090890045
add-float,64,2-stackless,2,0,True,343668,0.027304833,79.45119417577429
add-float,64,2-stackless,2,1,True,343668,0.026895375000000003,78.25975941897414
add-float,64,2-stackless,2,2,False,343668,0.026829792000000005,78.06892698767416
add-float,64,2-stackless,2,3,False,343668,0.026832707999999997,78.07741192080728
add-float,64,2-stackless,2,4,False,343668,0.026843500000000006,78.108814320798
add-float,64,1x,2,0,True,343668,0.02093,60.90180057497352
add-float,64,1x,2,1,True,343668,0.0199847,58.15118079076318
add-float,64,1x,2,2,False,343668,0.0205192,59.706460886669696
add-float,64,1x,2,3,False,343668,0.0206451,60.07280282132756
add-float,64,1x,2,4,False,343668,0.0207387,60.34515869967527
add-float4,8,2-stackless,0,0,True,1848293,0.062893666,34.027973919719436
add-float4,8,2-stackless,0,1,True,1848293,0.06300395800000001,34.08764627686195
add-float4,8,2-stackless,0,2,False,1848293,0.062942833,34.05457522156931
add-float4,8,2-stackless,0,3,False,1848293,0.06351158300000001,34.36229158472169
add-float4,8,2-stackless,0,4,False,1848293,0.06320662500000002,34.197297181778005
add-float4,8,1x,0,0,True,1848293,0.021555,11.662112013625546
add-float4,8,1x,0,1,True,1848293,0.0214785,11.620722472032302
add-float4,8,1x,0,2,False,1848293,0.0220805,11.946428407184358
add-float4,8,1x,0,3,False,1848293,0.0215141,11.639983487466543
add-float4,8,1x,0,4,False,1848293,0.0215049,11.635005921680166
add-float4,8,1x,1,0,True,1848293,0.0214614,11.611470692146753
add-float4,8,1x,1,1,True,1848293,0.0218787,11.837246583739699
add-float4,8,1x,1,2,False,1848293,0.021968,11.88556143425312
add-float4,8,1x,1,3,False,1848293,0.0211326,11.433576819259716
add-float4,8,1x,1,4,False,1848293,0.0214874,11.625537725890863
add-float4,8,2-stackless,1,0,True,1848293,0.06308062499999999,34.129126172095
add-float4,8,2-stackless,1,1,True,1848293,0.063020417,34.096551250261726
add-float4,8,2-stackless,1,2,False,1848293,0.063426875,34.31646118878338
add-float4,8,2-stackless,1,3,False,1848293,0.063063541,34.11988304884561
add-float4,8,2-stackless,1,4,False,1848293,0.06337670900000003,34.2893193882139
add-float4,8,1x,2,0,True,1848293,0.0214633,11.612498667689593
add-float4,8,1x,2,1,True,1848293,0.0214728,11.617638545403786
add-float4,8,1x,2,2,False,1848293,0.0214897,11.626782117337457
add-float4,8,1x,2,3,False,1848293,0.0212422,11.49287477688873
add-float4,8,1x,2,4,False,1848293,0.0221248,11.970396468525282
add-float4,8,2-stackless,2,0,True,1848293,0.063134667,34.158365042771905
add-float4,8,2-stackless,2,1,True,1848293,0.06339079199999999,34.29693885114535
add-float4,8,2-stackless,2,2,False,1848293,0.06293325,34.04939043755508
add-float4,8,2-stackless,2,3,False,1848293,0.062884042,34.02276695307508
add-float4,8,2-stackless,2,4,False,1848293,0.06267558300000003,33.90998234587267
const-table,64,1x,0,0,True,339031,0.0416568,122.87018001303716
const-table,64,1x,0,1,True,339031,0.040307,118.88883317454746
const-table,64,1x,0,2,False,339031,0.0402631,118.75934649043893
const-table,64,1x,0,3,False,339031,0.0402235,118.64254301229091
const-table,64,1x,0,4,False,339031,0.0385281,113.64182036450944
const-table,64,2-stackless,0,0,True,339031,0.020759417000000002,61.2316189375013
const-table,64,2-stackless,0,1,True,339031,0.020805541999999996,61.36766844329868
const-table,64,2-stackless,0,2,False,339031,0.02073075,61.14706324790358
const-table,64,2-stackless,0,3,False,339031,0.020210583999999997,59.612790570773754
const-table,64,2-stackless,0,4,False,339031,0.02048449999999999,60.420728487955344
const-table,64,2-stackless,1,0,True,339031,0.020779417,61.2906105931316
const-table,64,2-stackless,1,1,True,339031,0.020780874999999997,61.29491108482704
const-table,64,2-stackless,1,2,False,339031,0.0206475,60.90151048134241
const-table,64,2-stackless,1,3,False,339031,0.020390624999999996,60.1438364043406
const-table,64,2-stackless,1,4,False,339031,0.020432832999999997,60.2683323943828
const-table,64,1x,1,0,True,339031,0.0392553,115.78675696322755
const-table,64,1x,1,1,True,339031,0.0394193,116.2704885393961
const-table,64,1x,1,2,False,339031,0.0397578,117.26892231093912
const-table,64,1x,1,3,False,339031,0.0396295,116.89049084007067
const-table,64,1x,1,4,False,339031,0.03974,117.21641973742814
const-table,64,2-stackless,2,0,True,339031,0.020372459,60.09025428353159
const-table,64,2-stackless,2,1,True,339031,0.020875750000000002,61.57475275122335
const-table,64,2-stackless,2,2,False,339031,0.021177458000000003,62.46466547306885
const-table,64,2-stackless,2,3,False,339031,0.020974208000000008,61.86516277272582
const-table,64,2-stackless,2,4,False,339031,0.020881834000000002,61.592698012866094
const-table,64,1x,2,0,True,339031,0.0406419,119.87664844807702
const-table,64,1x,2,1,True,339031,0.0396338,116.90317404603118
const-table,64,1x,2,2,False,339031,0.0387585,114.32140423737063
const-table,64,1x,2,3,False,339031,0.0389851,114.98977969566205
const-table,64,1x,2,4,False,339031,0.0386356,113.95890051352237
take-table,0,2-stackless,0,0,True,3953898,0.113414417,28.68420404370573
take-table,0,2-stackless,0,1,True,3953898,0.11475300000000001,29.022751725006568
take-table,0,2-stackless,0,2,False,3953898,0.11524733299999998,29.14777594161508
take-table,0,2-stackless,0,3,False,3953898,0.114163917,28.87376381484803
take-table,0,2-stackless,0,4,False,3953898,0.11406191699999996,28.847966487754604
take-table,0,1x,0,0,True,3953898,0.0206245,5.216244829785695
take-table,0,1x,0,1,True,3953898,0.0199827,5.053924001074383
take-table,0,1x,0,2,False,3953898,0.0204797,5.179622741911905
take-table,0,1x,0,3,False,3953898,0.0205273,5.1916614945554995
take-table,0,1x,0,4,False,3953898,0.0208591,5.27557868210055
take-table,0,2-stackless,1,0,True,3953898,0.11313383399999999,28.6132404022562
take-table,0,2-stackless,1,1,True,3953898,0.113683458,28.752248540554156
take-table,0,2-stackless,1,2,False,3953898,0.11339029199999998,28.67810247001819
take-table,0,2-stackless,1,3,False,3953898,0.11352062500000004,28.711065636999248
take-table,0,2-stackless,1,4,False,3953898,0.11286637500000002,28.545596016892702
take-table,0,1x,1,0,True,3953898,0.0205918,5.207974510217512
take-table,0,1x,1,1,True,3953898,0.020742,5.2459623389374235
take-table,0,1x,1,2,False,3953898,0.0206831,5.231065647115834
take-table,0,1x,1,3,False,3953898,0.020666,5.226740801103114
take-table,0,1x,1,4,False,3953898,0.0202254,5.1153064646584205
take-table,0,1x,2,0,True,3953898,0.0198285,5.014924512468455
take-table,0,1x,2,1,True,3953898,0.0198753,5.026760933134845
take-table,0,1x,2,2,False,3953898,0.0199444,5.044237357665777
take-table,0,1x,2,3,False,3953898,0.019971,5.050964895907785
take-table,0,1x,2,4,False,3953898,0.0199487,5.0453248920432445
take-table,0,2-stackless,2,0,True,3953898,0.114074541,28.851159286354882
take-table,0,2-stackless,2,1,True,3953898,0.113395875,28.6795144943041
take-table,0,2-stackless,2,2,False,3953898,0.11319116700000001,28.62774077631745
take-table,0,2-stackless,2,3,False,3953898,0.11349658299999998,28.70498505525433
take-table,0,2-stackless,2,4,False,3953898,0.11327929199999998,28.650028908181234
const-seq,8,1x,0,0,True,704122,0.0346495,49.209511987979354
const-seq,8,1x,0,1,True,704122,0.0346885,49.26490011674113
const-seq,8,1x,0,2,False,704122,0.0347041,49.287055368245845
const-seq,8,1x,0,3,False,704122,0.0338165,48.02647836596499
const-seq,8,1x,0,4,False,704122,0.034457,48.93612186524494
const-seq,8,2-stackless,0,0,True,704122,0.021269417,30.207005320100777
const-seq,8,2-stackless,0,1,True,704122,0.021183707999999996,30.085280675791974
const-seq,8,2-stackless,0,2,False,704122,0.021067083000000007,29.919648867667828
const-seq,8,2-stackless,0,3,False,704122,0.021178917000000005,30.078476457204864
const-seq,8,2-stackless,0,4,False,704122,0.021180249999999998,30.080369595041763
const-seq,8,2-stackless,1,0,True,704122,0.021290125,30.236414996264852
const-seq,8,2-stackless,1,1,True,704122,0.021116166,29.98935695802716
const-seq,8,2-stackless,1,2,False,704122,0.021291874999999995,30.238900361016977
const-seq,8,2-stackless,1,3,False,704122,0.020999084,29.823076114650586
const-seq,8,2-stackless,1,4,False,704122,0.021165584,30.05954081821048
const-seq,8,1x,1,0,True,704122,0.0345613,49.08424960447195
const-seq,8,1x,1,1,True,704122,0.0345866,49.12018087774562
const-seq,8,1x,1,2,False,704122,0.034714,49.30111543170076
const-seq,8,1x,1,3,False,704122,0.0342953,48.706474162148034
const-seq,8,1x,1,4,False,704122,0.0345636,49.087516083860464
const-seq,8,1x,2,0,True,704122,0.034586,49.11932875268774
const-seq,8,1x,2,1,True,704122,0.0343265,48.75078466515746
const-seq,8,1x,2,2,False,704122,0.0345267,49.03511039280125
const-seq,8,1x,2,3,False,704122,0.0347738,49.386043895802146
const-seq,8,1x,2,4,False,704122,0.0347253,49.31716378695737
const-seq,8,2-stackless,2,0,True,704122,0.021217917,30.133864585966638
const-seq,8,2-stackless,2,1,True,704122,0.021061708,29.9120152473577
const-seq,8,2-stackless,2,2,False,704122,0.021464791999999996,30.48447854207083
const-seq,8,2-stackless,2,3,False,704122,0.021677625000000006,30.78674576280816
const-seq,8,2-stackless,2,4,False,704122,0.02121345799999999,30.12753187657819
make-table,256,1x,0,0,True,10506,0.0200063,1904.273748334285
make-table,256,1x,0,1,True,10506,0.0198732,1891.6047972587094
make-table,256,1x,0,2,False,10506,0.0200696,1910.2988768322864
make-table,256,1x,0,3,False,10506,0.019816,1886.1602893584618
make-table,256,1x,0,4,False,10506,0.0197524,1880.1066057490957
make-table,256,2-stackless,0,0,True,10506,0.021519334,2048.2899295640586
make-table,256,2-stackless,0,1,True,10506,0.021242790999999997,2021.9675423567483
make-table,256,2-stackless,0,2,False,10506,0.021366417,2033.7347230154198
make-table,256,2-stackless,0,3,False,10506,0.02141779199999999,2038.6247858366642
make-table,256,2-stackless,0,4,False,10506,0.021407542,2037.6491528650295
make-table,256,2-stackless,1,0,True,10506,0.021579625,2054.0286502950694
make-table,256,2-stackless,1,1,True,10506,0.021297959,2027.2186369693509
make-table,256,2-stackless,1,2,False,10506,0.021414542,2038.315438796878
make-table,256,2-stackless,1,3,False,10506,0.021403624999999996,2037.2763182943077
make-table,256,2-stackless,1,4,False,10506,0.02140983399999999,2037.8673139158566
make-table,256,1x,1,0,True,10506,0.019383,1844.9457452884067
make-table,256,1x,1,1,True,10506,0.0193661,1843.3371406815154
make-table,256,1x,1,2,False,10506,0.0193183,1838.7873596040358
make-table,256,1x,1,3,False,10506,0.0193651,1843.2419569769656
make-table,256,1x,1,4,False,10506,0.0195412,1860.003807348182
make-table,256,2-stackless,2,0,True,10506,0.021660958,2061.770226537217
make-table,256,2-stackless,2,1,True,10506,0.0218485,2079.621168855892
make-table,256,2-stackless,2,2,False,10506,0.021907666999999992,2085.252903102988
make-table,256,2-stackless,2,3,False,10506,0.02198325000000001,2092.447173043976
make-table,256,2-stackless,2,4,False,10506,0.021945624999999996,2088.865886160289
make-table,256,1x,2,0,True,10506,0.0191547,1823.2153055396916
make-table,256,1x,2,1,True,10506,0.0195941,1865.0390253188655
make-table,256,1x,2,2,False,10506,0.0195274,1858.6902722253951
make-table,256,1x,2,3,False,10506,0.0195055,1856.6057490957548
make-table,256,1x,2,4,False,10506,0.0195612,1861.9074814391777
update-string,256,1x,0,0,True,89611,0.0468322,522.6166430460546
update-string,256,1x,0,1,True,89611,0.0468023,522.2829786521744
update-string,256,1x,0,2,False,89611,0.0467528,521.7305911104663
update-string,256,1x,0,3,False,89611,0.0466227,520.2787604200378
update-string,256,1x,0,4,False,89611,0.0471445,526.10170626374
update-string,256,2-stackless,0,0,True,89611,0.019963083,222.77491602593432
update-string,256,2-stackless,0,1,True,89611,0.019615249999999997,218.89332782805678
update-string,256,2-stackless,0,2,False,89611,0.019968624999999997,222.836761111917
update-string,256,2-stackless,0,3,False,89611,0.019986167000000006,223.03251832922305
update-string,256,2-stackless,0,4,False,89611,0.020008000000000012,223.27616029282132
update-string,256,2-stackless,1,0,True,89611,0.019748250000000002,220.3775206168886
update-string,256,2-stackless,1,1,True,89611,0.019955458,222.68982602582273
update-string,256,2-stackless,1,2,False,89611,0.019971040999999995,222.8637220876901
update-string,256,2-stackless,1,3,False,89611,0.019988832999999998,223.06226914106523
update-string,256,2-stackless,1,4,False,89611,0.019987249999999998,223.04460389907484
update-string,256,1x,1,0,True,89611,0.0464777,518.6606554998829
update-string,256,1x,1,1,True,89611,0.0466516,520.601265469641
update-string,256,1x,1,2,False,89611,0.0467735,521.9615895369988
update-string,256,1x,1,3,False,89611,0.0467613,521.8254455368202
update-string,256,1x,1,4,False,89611,0.046722,521.3868833067369
update-string,256,1x,2,0,True,89611,0.0468741,523.084219571258
update-string,256,1x,2,1,True,89611,0.0470346,524.8752943277053
update-string,256,1x,2,2,False,89611,0.047075,525.3261318364932
update-string,256,1x,2,3,False,89611,0.0467286,521.4605349789647
update-string,256,1x,2,4,False,89611,0.0468049,522.3119929472945
update-string,256,2-stackless,2,0,True,89611,0.01991325,222.21881242258206
update-string,256,2-stackless,2,1,True,89611,0.019962667,222.7702737387151
update-string,256,2-stackless,2,2,False,89611,0.019972708,222.88232471459978
update-string,256,2-stackless,2,3,False,89611,0.020009584000000004,223.29383669415589
update-string,256,2-stackless,2,4,False,89611,0.019997208000000002,223.1557286493846
get-int,64,2-stackless,0,0,True,365436,0.022780125000000002,62.33683873509999
get-int,64,2-stackless,0,1,True,365436,0.022382666,61.249209163848114
get-int,64,2-stackless,0,2,False,365436,0.022737833000000006,62.22110848411215
get-int,64,2-stackless,0,3,False,365436,0.022725125,62.186333585087404
get-int,64,2-stackless,0,4,False,365436,0.022714791999999998,62.15805777208594
get-int,64,1x,0,0,True,365436,0.0212729,58.21238192186867
get-int,64,1x,0,1,True,365436,0.0209687,57.37995161943542
get-int,64,1x,0,2,False,365436,0.0206817,56.594588382097
get-int,64,1x,0,3,False,365436,0.0208556,57.07045830186407
get-int,64,1x,0,4,False,365436,0.0204154,55.86586981030878
get-int,64,1x,1,0,True,365436,0.0211483,57.87141934565834
get-int,64,1x,1,1,True,365436,0.0210009,57.468065543624604
get-int,64,1x,1,2,False,365436,0.0204884,56.06563119123458
get-int,64,1x,1,3,False,365436,0.0210073,57.48557887017152
get-int,64,1x,1,4,False,365436,0.0211724,57.93736796593658
get-int,64,2-stackless,1,0,True,365436,0.022679458,62.06136779080332
get-int,64,2-stackless,1,1,True,365436,0.02272425,62.18393918497357
get-int,64,2-stackless,1,2,False,365436,0.022743625000000003,62.2369580446371
get-int,64,2-stackless,1,3,False,365436,0.022692125000000007,62.09603049507987
get-int,64,2-stackless,1,4,False,365436,0.022683625,62.072770608259724
get-int,64,1x,2,0,True,365436,0.0207567,56.79982267756871
get-int,64,1x,2,1,True,365436,0.0210365,57.56548342254184
get-int,64,1x,2,2,False,365436,0.0215514,58.97448527238696
get-int,64,1x,2,3,False,365436,0.0215632,59.00677546820784
get-int,64,1x,2,4,False,365436,0.0215568,58.98926214166092
get-int,64,2-stackless,2,0,True,365436,0.022646667,61.97163662036581
get-int,64,2-stackless,2,1,True,365436,0.022787458000000003,62.35690517628259
get-int,64,2-stackless,2,2,False,365436,0.023206208,63.50279665933296
get-int,64,2-stackless,2,3,False,365436,0.022755791999999997,62.27025252027714
get-int,64,2-stackless,2,4,False,365436,0.023135083,63.308166135793954
do-int,256,1x,0,0,True,8384,0.0204237,2436.0329198473282
do-int,256,1x,0,1,True,8384,0.0204873,2443.6187977099235
do-int,256,1x,0,2,False,8384,0.0205515,2451.2762404580153
do-int,256,1x,0,3,False,8384,0.0205303,2448.7476145038167
do-int,256,1x,0,4,False,8384,0.0205235,2447.936545801527
do-int,256,2-stackless,0,0,True,8384,0.121428208,14483.326335877862
do-int,256,2-stackless,0,1,True,8384,0.122595625,14622.569775763359
do-int,256,2-stackless,0,2,False,8384,0.12206704200000001,14559.52313931298
do-int,256,2-stackless,0,3,False,8384,0.12219545800000003,14574.83993320611
do-int,256,2-stackless,0,4,False,8384,0.122327709,14590.614145992366
do-int,256,2-stackless,1,0,True,8384,0.119235333,14221.771588740457
do-int,256,2-stackless,1,1,True,8384,0.11982037499999999,14291.552361641221
do-int,256,2-stackless,1,2,False,8384,0.12064074999999999,14389.402433206105
do-int,256,2-stackless,1,3,False,8384,0.12148320899999998,14489.886569656486
do-int,256,2-stackless,1,4,False,8384,0.12015329199999997,14331.260973282438
do-int,256,1x,1,0,True,8384,0.0206316,2460.8301526717555
do-int,256,1x,1,1,True,8384,0.0206445,2462.3687977099235
do-int,256,1x,1,2,False,8384,0.0206337,2461.0806297709923
do-int,256,1x,1,3,False,8384,0.0208152,2482.7290076335876
do-int,256,1x,1,4,False,8384,0.0210413,2509.697041984733
do-int,256,1x,2,0,True,8384,0.0200856,2395.706106870229
do-int,256,1x,2,1,True,8384,0.0204855,2443.404103053435
do-int,256,1x,2,2,False,8384,0.0231025,2755.546278625954
do-int,256,1x,2,3,False,8384,0.0204793,2442.664599236641
do-int,256,1x,2,4,False,8384,0.0202355,2413.585400763359
do-int,256,2-stackless,2,0,True,8384,0.124385083,14836.00703721374
do-int,256,2-stackless,2,1,True,8384,0.12433966700000001,14830.590052480919
do-int,256,2-stackless,2,2,False,8384,0.12456612500000003,14857.600787213743
do-int,256,2-stackless,2,3,False,8384,0.124306417,14826.624165076335
do-int,256,2-stackless,2,4,False,8384,0.12554125,14973.908635496184
assign-string,8,2-stackless,0,0,True,392254,0.020089125,51.214582897816214
assign-string,8,2-stackless,0,1,True,392254,0.020124874999999997,51.305722822456865
assign-string,8,2-stackless,0,2,False,392254,0.020122458000000003,51.299560998740624
assign-string,8,2-stackless,0,3,False,392254,0.020124292000000002,51.3042365406089
assign-string,8,2-stackless,0,4,False,392254,0.01996808300000001,50.90600223324685
assign-string,8,1x,0,0,True,392254,0.0330212,84.18320781942313
assign-string,8,1x,0,1,True,392254,0.0323102,82.37060680069546
assign-string,8,1x,0,2,False,392254,0.0330433,84.23954886374644
assign-string,8,1x,0,3,False,392254,0.0333195,84.9436844493619
assign-string,8,1x,0,4,False,392254,0.0329067,83.89130512372084
assign-string,8,2-stackless,1,0,True,392254,0.01989175,50.71140128590148
assign-string,8,2-stackless,1,1,True,392254,0.020070166999999996,51.166251969387176
assign-string,8,2-stackless,1,2,False,392254,0.020069333,51.164125796040324
assign-string,8,2-stackless,1,3,False,392254,0.020089083,51.21447582433831
assign-string,8,2-stackless,1,4,False,392254,0.02015141599999999,51.37338561238379
assign-string,8,1x,1,0,True,392254,0.032631,83.18844422236612
assign-string,8,1x,1,1,True,392254,0.0323632,82.50572333233058
assign-string,8,1x,1,2,False,392254,0.0314185,80.09733489014772
assign-string,8,1x,1,3,False,392254,0.0327487,83.48850489733692
assign-string,8,1x,1,4,False,392254,0.0329913,84.10698170063276
assign-string,8,2-stackless,2,0,True,392254,0.019995000000000002,50.974623585737824
assign-string,8,2-stackless,2,1,True,392254,0.020087583,51.210651771556186
assign-string,8,2-stackless,2,2,False,392254,0.020156042,51.38517899116389
assign-string,8,2-stackless,2,3,False,392254,0.020185250000000002,51.45964094693744
assign-string,8,2-stackless,2,4,False,392254,0.020102750000000003,51.24931804392053
assign-string,8,1x,2,0,True,392254,0.0327148,83.40208130446089
assign-string,8,1x,2,1,True,392254,0.0323017,82.34893716826343
assign-string,8,1x,2,2,False,392254,0.0332575,84.78562360103403
assign-string,8,1x,2,3,False,392254,0.032658,83.25727717244439
assign-string,8,1x,2,4,False,392254,0.0331583,84.53272624370943
update-seq,256,1x,0,0,True,89661,0.0538214,600.2765974057841
update-seq,256,1x,0,1,True,89661,0.0538272,600.3412855087496
update-seq,256,1x,0,2,False,89661,0.0535668,597.4370127480175
update-seq,256,1x,0,3,False,89661,0.0537592,599.5828732670838
update-seq,256,1x,0,4,False,89661,0.0534455,596.0841391463401
update-seq,256,2-stackless,0,0,True,89661,0.019830709000000002,221.17430097812877
update-seq,256,2-stackless,0,1,True,89661,0.019963042,222.65022696601645
update-seq,256,2-stackless,0,2,False,89661,0.01993225,222.30680005799624
update-seq,256,2-stackless,0,3,False,89661,0.01993375,222.3235297397977
update-seq,256,2-stackless,0,4,False,89661,0.019924125,222.21618094823836
update-seq,256,1x,1,0,True,89661,0.0534295,595.9056892071246
update-seq,256,1x,1,1,True,89661,0.0539895,602.1514370796667
update-seq,256,1x,1,2,False,89661,0.0539498,601.7086581679883
update-seq,256,1x,1,3,False,89661,0.0538235,600.300018960306
update-seq,256,1x,1,4,False,89661,0.0537049,598.9772587858712
update-seq,256,2-stackless,1,0,True,89661,0.019716625,219.90190829903747
update-seq,256,2-stackless,1,1,True,89661,0.019958332999999998,222.5977069182811
update-seq,256,2-stackless,1,2,False,89661,0.019961082999999998,222.6283780015837
update-seq,256,2-stackless,1,3,False,89661,0.019939167000000008,222.38394619734342
update-seq,256,2-stackless,1,4,False,89661,0.019747417000000003,220.24533520705774
update-seq,256,1x,2,0,True,89661,0.0538178,600.2364461694606
update-seq,256,1x,2,1,True,89661,0.0535108,596.8124379607633
update-seq,256,1x,2,2,False,89661,0.0535777,597.5585817691081
update-seq,256,1x,2,3,False,89661,0.0532072,593.4263503641494
update-seq,256,1x,2,4,False,89661,0.0538683,600.7996787901094
update-seq,256,2-stackless,2,0,True,89661,0.019941583,222.41089213816485
update-seq,256,2-stackless,2,1,True,89661,0.020816875000000002,232.17312990040267
update-seq,256,2-stackless,2,2,False,89661,0.020803707999999997,232.02627675354944
update-seq,256,2-stackless,2,3,False,89661,0.020197042,225.26005732704297
update-seq,256,2-stackless,2,4,False,89661,0.019914166999999997,222.1051181673191
get-int,0,2-stackless,0,0,True,3761803,0.108709042,28.898121990970818
get-int,0,2-stackless,0,1,True,3761803,0.108531709,28.850981563893697
get-int,0,2-stackless,0,2,False,3761803,0.10860349999999999,28.87006576367768
get-int,0,2-stackless,0,3,False,3761803,0.10847625,28.8362388992725
get-int,0,2-stackless,0,4,False,3761803,0.108637916,28.87921456812066
get-int,0,1x,0,0,True,3761803,0.0193898,5.154390062424853
get-int,0,1x,0,1,True,3761803,0.0193674,5.1484354709696385
get-int,0,1x,0,2,False,3761803,0.0194005,5.15723444316462
get-int,0,1x,0,3,False,3761803,0.0194165,5.1614877227754885
get-int,0,1x,0,4,False,3761803,0.0193515,5.144208774356339
get-int,0,2-stackless,1,0,True,3761803,0.108295458,28.788178966309506
get-int,0,2-stackless,1,1,True,3761803,0.108564541,28.859709293655197
get-int,0,2-stackless,1,2,False,3761803,0.10826100000000002,28.77901899700756
get-int,0,2-stackless,1,3,False,3761803,0.10799287499999999,28.70774333477856
get-int,0,2-stackless,1,4,False,3761803,0.10869304099999999,28.89386844552997
get-int,0,1x,1,0,True,3761803,0.0191292,5.08511477076285
get-int,0,1x,1,1,True,3761803,0.018977,5.044655448464473
get-int,0,1x,1,2,False,3761803,0.0189882,5.0476327441920805
get-int,0,1x,1,3,False,3761803,0.019003,5.0515670278321325
get-int,0,1x,1,4,False,3761803,0.0187807,4.992473024238643
get-int,0,2-stackless,2,0,True,3761803,0.10761949999999999,28.608489067609334
get-int,0,2-stackless,2,1,True,3761803,0.10798270800000001,28.705040641415835
get-int,0,2-stackless,2,2,False,3761803,0.10890912500000002,28.951310049994653
get-int,0,2-stackless,2,3,False,3761803,0.10830537499999998,28.79081520217831
get-int,0,2-stackless,2,4,False,3761803,0.10850870899999993,28.844867474453054
get-int,0,1x,2,0,True,3761803,0.0189553,5.038886937992234
get-int,0,1x,2,1,True,3761803,0.018813,5.001059332453082
get-int,0,1x,2,2,False,3761803,0.0197386,5.247111557941763
get-int,0,1x,2,3,False,3761803,0.0189638,5.041146492785507
get-int,0,1x,2,4,False,3761803,0.0189518,5.037956533077357
get-seq,64,2-stackless,0,0,True,318345,0.020180917,63.393227473338676
get-seq,64,2-stackless,0,1,True,318345,0.020188958000000003,63.418486233488835
get-seq,64,2-stackless,0,2,False,318345,0.019966249999999998,62.71890558984748
get-seq,64,2-stackless,0,3,False,318345,0.020198666000000004,63.4489814509416
get-seq,64,2-stackless,0,4,False,318345,0.020118833000000003,63.19820634845845
get-seq,64,1x,0,0,True,318345,0.0308301,96.844932384677
get-seq,64,1x,0,1,True,318345,0.0311312,97.79076159512479
get-seq,64,1x,0,2,False,318345,0.0310787,97.6258461731769
get-seq,64,1x,0,3,False,318345,0.0308361,96.86377986147104
get-seq,64,1x,0,4,False,318345,0.030364,95.380797562393
get-seq,64,1x,1,0,True,318345,0.0306703,96.34296125272895
get-seq,64,1x,1,1,True,318345,0.0308233,96.82357191097708
get-seq,64,1x,1,2,False,318345,0.0299614,94.11613186951264
get-seq,64,1x,1,3,False,318345,0.0305924,96.09825817901962
get-seq,64,1x,1,4,False,318345,0.0307608,96.62724402770579
get-seq,64,2-stackless,1,0,True,318345,0.020336208,63.881034726475995
get-seq,64,2-stackless,1,1,True,318345,0.02009425,63.1209850947871
get-seq,64,2-stackless,1,2,False,318345,0.02005725,63.0047589878905
get-seq,64,2-stackless,1,3,False,318345,0.020014708000000006,62.87112409492848
get-seq,64,2-stackless,1,4,False,318345,0.020048584000000008,62.977536948907655
get-seq,64,1x,2,0,True,318345,0.0308655,96.95613249776186
get-seq,64,1x,2,1,True,318345,0.0307243,96.51258854387535
get-seq,64,1x,2,2,False,318345,0.0309878,97.34030689974713
get-seq,64,1x,2,3,False,318345,0.0302925,95.15619846393064
get-seq,64,1x,2,4,False,318345,0.0307722,96.66305423361447
get-seq,64,2-stackless,2,0,True,318345,0.019880959,62.45098556597402
get-seq,64,2-stackless,2,1,True,318345,0.020064208999999996,63.02661891972544
get-seq,64,2-stackless,2,2,False,318345,0.020077791999999997,63.069286465941026
get-seq,64,2-stackless,2,3,False,318345,0.020097958,63.13263283544582
get-seq,64,2-stackless,2,4,False,318345,0.02002883400000001,62.91549733779392
update-string,64,2-stackless,0,0,True,246205,0.019702292,80.02393127678154
update-string,64,2-stackless,0,1,True,246205,0.019754666,80.23665644483256
update-string,64,2-stackless,0,2,False,246205,0.019718208,80.08857659267683
update-string,64,2-stackless,0,3,False,246205,0.019588875,79.56327044536057
update-string,64,2-stackless,0,4,False,246205,0.019699083000000006,80.01089742287934
update-string,64,1x,0,0,True,246205,0.0330198,134.1150667126988
update-string,64,1x,0,1,True,246205,0.0327515,133.025324424768
update-string,64,1x,0,2,False,246205,0.0329429,133.8027253711338
update-string,64,1x,0,3,False,246205,0.0329292,133.74708068479518
update-string,64,1x,0,4,False,246205,0.0329469,133.8189719948823
update-string,64,2-stackless,1,0,True,246205,0.019537125,79.35307975061433
update-string,64,2-stackless,1,1,True,246205,0.019781708,80.34649174468431
update-string,64,2-stackless,1,2,False,246205,0.019786833000000004,80.36730773136209
update-string,64,2-stackless,1,3,False,246205,0.019788082999999998,80.37238480128347
update-string,64,2-stackless,1,4,False,246205,0.019785250000000004,80.36087813001362
update-string,64,1x,1,0,True,246205,0.032847,133.41321256676346
update-string,64,1x,1,1,True,246205,0.0326889,132.7710647631039
update-string,64,1x,1,2,False,246205,0.0324552,131.82185577059767
update-string,64,1x,1,3,False,246205,0.0327464,133.00460997948866
update-string,64,1x,1,4,False,246205,0.0328492,133.42214820982517
update-string,64,1x,2,0,True,246205,0.0323466,131.38075993582586
update-string,64,1x,2,1,True,246205,0.0325966,132.39617392010723
update-string,64,1x,2,2,False,246205,0.0325569,132.23492617940335
update-string,64,1x,2,3,False,246205,0.0326108,132.45384943441442
update-string,64,1x,2,4,False,246205,0.0326165,132.47700087325603
update-string,64,2-stackless,2,0,True,246205,0.020194458,82.02294023273288
update-string,64,2-stackless,2,1,True,246205,0.020165958999999997,81.90718710018074
update-string,64,2-stackless,2,2,False,246205,0.020163083,81.89550577770557
update-string,64,2-stackless,2,3,False,246205,0.020215625,82.10891330395403
update-string,64,2-stackless,2,4,False,246205,0.020264916000000008,82.30911638675092
const-table,8,2-stackless,0,0,True,640257,0.019516166,30.481769039620026
const-table,8,2-stackless,0,1,True,640257,0.019401915999999998,30.303325071026165
const-table,8,2-stackless,0,2,False,640257,0.019500250000000004,30.45691027196892
const-table,8,2-stackless,0,3,False,640257,0.019304207999999996,30.150717602462755
const-table,8,2-stackless,0,4,False,640257,0.019282416999999996,30.116682832050248
const-table,8,1x,0,0,True,640257,0.0469442,73.32086958830594
const-table,8,1x,0,1,True,640257,0.0458419,71.5992171893474
const-table,8,1x,0,2,False,640257,0.0469098,73.26714116362648
const-table,8,1x,0,3,False,640257,0.04836,75.53216911334043
const-table,8,1x,0,4,False,640257,0.04867,76.01634968457978
const-table,8,1x,1,0,True,640257,0.0488647,76.32044632077431
const-table,8,1x,1,1,True,640257,0.0503935,78.70823747338959
const-table,8,1x,1,2,False,640257,0.0486641,76.00713463499814
const-table,8,1x,1,3,False,640257,0.0478177,74.68516548823364
const-table,8,1x,1,4,False,640257,0.0483216,75.47219319741916
const-table,8,2-stackless,1,0,True,640257,0.01919425,29.97897719197135
const-table,8,2-stackless,1,1,True,640257,0.019650791,30.692036166726798
const-table,8,2-stackless,1,2,False,640257,0.019436584000000007,30.357472077618844
const-table,8,2-stackless,1,3,False,640257,0.019451374999999993,30.38057373835818
const-table,8,2-stackless,1,4,False,640257,0.019471624999999992,30.41220166276978
const-table,8,1x,2,0,True,640257,0.0471117,73.58248328405625
const-table,8,1x,2,1,True,640257,0.0447904,69.9569079291597
const-table,8,1x,2,2,False,640257,0.0447582,69.90661562466322
const-table,8,1x,2,3,False,640257,0.0463636,72.41404623455894
const-table,8,1x,2,4,False,640257,0.0463925,72.45918435878093
const-table,8,2-stackless,2,0,True,640257,0.019446458,30.37289400974921
const-table,8,2-stackless,2,1,True,640257,0.019544458,30.525957545173267
const-table,8,2-stackless,2,2,False,640257,0.019588292,30.594420677946513
const-table,8,2-stackless,2,3,False,640257,0.019441791000000007,30.365604749342854
const-table,8,2-stackless,2,4,False,640257,0.019537958999999994,30.515806933778144
add-float4,64,2-stackless,0,0,True,343103,0.032428,94.51389232970857
add-float4,64,2-stackless,0,1,True,343103,0.032298207999999995,94.13560359425594
add-float4,64,2-stackless,0,2,False,343103,0.032458208,94.60193586182577
add-float4,64,2-stackless,0,3,False,343103,0.03243316700000001,94.52895194737444
add-float4,64,2-stackless,0,4,False,343103,0.03246012499999998,94.6075231053065
add-float4,64,1x,0,0,True,343103,0.0204236,59.52614812461564
add-float4,64,1x,0,1,True,343103,0.0568755,165.76800552603737
add-float4,64,1x,0,2,False,343103,0.0568198,165.60566360538962
add-float4,64,1x,0,3,False,343103,0.0373523,108.86614223717076
add-float4,64,1x,0,4,False,343103,0.0205581,59.9181586870415
add-float4,64,1x,1,0,True,343103,0.0206055,60.056309621309055
add-float4,64,1x,1,1,True,343103,0.0204204,59.516821479264244
add-float4,64,1x,1,2,False,343103,0.0206532,60.1953349285783
add-float4,64,1x,1,3,False,343103,0.02073,60.4191744170118
add-float4,64,1x,1,4,False,343103,0.0206519,60.191545978904294
add-float4,64,2-stackless,1,0,True,343103,0.0322795,94.08107769387037
add-float4,64,2-stackless,1,1,True,343103,0.032459084,94.60448903099069
add-float4,64,2-stackless,1,2,False,343103,0.03256200000000001,94.9044456037983
add-float4,64,2-stackless,1,3,False,343103,0.03234912499999999,94.28400509468
add-float4,64,2-stackless,1,4,False,343103,0.03246175000000001,94.6122592923991
add-float4,64,1x,2,0,True,343103,0.020687,60.29384762010242
add-float4,64,1x,2,1,True,343103,0.0206887,60.29880240044535
add-float4,64,1x,2,2,False,343103,0.0206955,60.318621521817064
add-float4,64,1x,2,3,False,343103,0.0204557,59.61970603579683
add-float4,64,1x,2,4,False,343103,0.0207118,60.36612912157574
add-float4,64,2-stackless,2,0,True,343103,0.03233825,94.25230907336864
add-float4,64,2-stackless,2,1,True,343103,0.03245825,94.60205827404599
add-float4,64,2-stackless,2,2,False,343103,0.032379792000000004,94.3733864174898
add-float4,64,2-stackless,2,3,False,343103,0.032523625000000014,94.79259872399838
add-float4,64,2-stackless,2,4,False,343103,0.03238645800000001,94.39281498558744
assign-string,256,1x,0,0,True,21461,0.0420453,1959.1491542798565
assign-string,256,1x,0,1,True,21461,0.0420944,1961.43702530171
assign-string,256,1x,0,2,False,21461,0.0419341,1953.9676622710965
assign-string,256,1x,0,3,False,21461,0.0422241,1967.4805461068916
assign-string,256,1x,0,4,False,21461,0.0421826,1965.546805833838
assign-string,256,2-stackless,0,0,True,21461,0.019830208,924.0113694608825
assign-string,256,2-stackless,0,1,True,21461,0.019767917,921.1088486091049
assign-string,256,2-stackless,0,2,False,21461,0.019920958999999995,928.2400167746142
assign-string,256,2-stackless,0,3,False,21461,0.019929167000000005,928.6224779833187
assign-string,256,2-stackless,0,4,False,21461,0.019931083000000002,928.7117562089373
assign-string,256,1x,1,0,True,21461,0.0418475,1949.932435580821
assign-string,256,1x,1,1,True,21461,0.0418245,1948.860724104189
assign-string,256,1x,1,2,False,21461,0.0413141,1925.0780485531895
assign-string,256,1x,1,3,False,21461,0.0414136,1929.714365593402
assign-string,256,1x,1,4,False,21461,0.0414229,1930.1477097991706
assign-string,256,2-stackless,1,0,True,21461,0.019630959,914.7271329388193
assign-string,256,2-stackless,1,1,True,21461,0.019956708000000004,929.9057825823588
assign-string,256,2-stackless,1,2,False,21461,0.019950707999999998,929.626205675411
assign-string,256,2-stackless,1,3,False,21461,0.020168207999999993,939.7608685522572
assign-string,256,2-stackless,1,4,False,21461,0.019955209,929.835934951773
assign-string,256,1x,2,0,True,21461,0.0416864,1942.425795629281
assign-string,256,1x,2,1,True,21461,0.0416723,1941.7687898979543
assign-string,256,1x,2,2,False,21461,0.0419165,1953.1475700107171
assign-string,256,1x,2,3,False,21461,0.0419357,1954.042216112949
assign-string,256,1x,2,4,False,21461,0.041716,1943.8050417035554
assign-string,256,2-stackless,2,0,True,21461,0.019992291000000002,931.5638134290109
assign-string,256,2-stackless,2,1,True,21461,0.020046709,934.0994827827221
assign-string,256,2-stackless,2,2,False,21461,0.020025583,933.1150924933601
assign-string,256,2-stackless,2,3,False,21461,0.020046291,934.0800055915381
assign-string,256,2-stackless,2,4,False,21461,0.019969874999999998,930.5193141046548
push-shared-seq,64,2-stackless,0,0,True,82034,0.036097916,440.03603383962746
push-shared-seq,64,2-stackless,0,1,True,82034,0.036083416,439.85927786039935
push-shared-seq,64,2-stackless,0,2,False,82034,0.036249375,441.8823292781042
push-shared-seq,64,2-stackless,0,3,False,82034,0.036275541999999994,442.20130677523946
push-shared-seq,64,2-stackless,0,4,False,82034,0.03616312500000002,440.83093595338534
push-shared-seq,64,1x,0,0,True,82034,0.0199991,243.79037959870297
push-shared-seq,64,1x,0,1,True,82034,0.0198876,242.43118706877635
push-shared-seq,64,1x,0,2,False,82034,0.0199679,243.4100494916742
push-shared-seq,64,1x,0,3,False,82034,0.0196817,239.921252163737
push-shared-seq,64,1x,0,4,False,82034,0.0200493,244.40232098885826
push-shared-seq,64,1x,1,0,True,82034,0.0199785,243.5392642075237
push-shared-seq,64,1x,1,1,True,82034,0.019633,239.32759587488115
push-shared-seq,64,1x,1,2,False,82034,0.0200665,244.61199015042544
push-shared-seq,64,1x,1,3,False,82034,0.0201785,245.97727771411854
push-shared-seq,64,1x,1,4,False,82034,0.0202078,246.3344466928347
push-shared-seq,64,2-stackless,1,0,True,82034,0.035732208,435.57802862227857
push-shared-seq,64,2-stackless,1,1,True,82034,0.03607779099999999,439.79070873052626
push-shared-seq,64,2-stackless,1,2,False,82034,0.036123125000000006,440.3433332520663
push-shared-seq,64,2-stackless,1,3,False,82034,0.035919625,437.862654509106
push-shared-seq,64,2-stackless,1,4,False,82034,0.036154084,440.72072555281954
push-shared-seq,64,1x,2,0,True,82034,0.0207454,252.88782699856156
push-shared-seq,64,1x,2,1,True,82034,0.0199682,243.41370651193407
push-shared-seq,64,1x,2,2,False,82034,0.0203576,248.1605188092742
push-shared-seq,64,1x,2,3,False,82034,0.0207315,252.71838505985323
push-shared-seq,64,1x,2,4,False,82034,0.0207045,252.38925323646293
push-shared-seq,64,2-stackless,2,0,True,82034,0.036774083,448.278555233196
push-shared-seq,64,2-stackless,2,1,True,82034,0.036417332999999996,443.92974864080736
push-shared-seq,64,2-stackless,2,2,False,82034,0.036781707999999996,448.3715044981349
push-shared-seq,64,2-stackless,2,3,False,82034,0.03691320799999999,449.9744983787209
push-shared-seq,64,2-stackless,2,4,False,82034,0.03647429200000002,444.62408269741843
assign-int,64,2-stackless,0,0,True,174394,0.026911041,154.31173664231568
assign-int,64,2-stackless,0,1,True,174394,0.026942167000000003,154.49021755335622
assign-int,64,2-stackless,0,2,False,174394,0.026912708,154.32129545741253
assign-int,64,2-stackless,0,3,False,174394,0.026911458,154.31412777962544
assign-int,64,2-stackless,0,4,False,174394,0.02685658299999999,153.9994667247726
assign-int,64,1x,0,0,True,174394,0.0212714,121.97323302407193
assign-int,64,1x,0,1,True,174394,0.0213825,122.61029622578758
assign-int,64,1x,0,2,False,174394,0.0213678,122.52600433501152
assign-int,64,1x,0,3,False,174394,0.021361,122.48701216784981
assign-int,64,1x,0,4,False,174394,0.0213539,122.4462997580192
assign-int,64,1x,1,0,True,174394,0.0214073,122.75250295308325
assign-int,64,1x,1,1,True,174394,0.0210317,120.5987591316215
assign-int,64,1x,1,2,False,174394,0.0213527,122.4394187873436
assign-int,64,1x,1,3,False,174394,0.0213711,122.54492700436941
assign-int,64,1x,1,4,False,174394,0.021347,122.40673417663452
assign-int,64,2-stackless,1,0,True,174394,0.027132834,155.5835292498595
assign-int,64,2-stackless,1,1,True,174394,0.026942666999999997,154.493084624471
assign-int,64,2-stackless,1,2,False,174394,0.026941332999999998,154.48543527873665
assign-int,64,2-stackless,1,3,False,174394,0.026931750000000004,154.43048499374981
assign-int,64,2-stackless,1,4,False,174394,0.026985041000000015,154.73606316731087
assign-int,64,2-stackless,2,0,True,174394,0.026870875,154.081419085519
assign-int,64,2-stackless,2,1,True,174394,0.027002250000000002,154.83474202094112
assign-int,64,2-stackless,2,2,False,174394,0.026952625,154.55018521279402
assign-int,64,2-stackless,2,3,False,174394,0.027087834000000005,155.32549284952466
assign-int,64,2-stackless,2,4,False,174394,0.026974333000000003,154.6746619723156
assign-int,64,1x,2,0,True,174394,0.0209638,120.20941087422733
assign-int,64,1x,2,1,True,174394,0.0213658,122.5145360505522
assign-int,64,1x,2,2,False,174394,0.0214321,122.89470968037891
assign-int,64,1x,2,3,False,174394,0.0214447,122.96695987247267
assign-int,64,1x,2,4,False,174394,0.0209108,119.90550133605514
get-string,256,1x,0,0,True,118373,0.0254698,215.16562053846738
get-string,256,1x,0,1,True,118373,0.0251585,212.53579785930913
get-string,256,1x,0,2,False,118373,0.0258751,218.58954322353915
get-string,256,1x,0,3,False,118373,0.0259969,219.61849408226539
get-string,256,1x,0,4,False,118373,0.0263097,222.26098857002864
get-string,256,2-stackless,0,0,True,118373,0.01920925,162.27729296376708
get-string,256,2-stackless,0,1,True,118373,0.019913875,168.22987505596714
get-string,256,2-stackless,0,2,False,118373,0.019921792,168.29675686178436
get-string,256,2-stackless,0,3,False,118373,0.019792042000000003,167.20064541745165
get-string,256,2-stackless,0,4,False,118373,0.019922125000000013,168.29957000329478
get-string,256,2-stackless,1,0,True,118373,0.019732333,166.69623140412088
get-string,256,2-stackless,1,1,True,118373,0.019372166,163.65358654422883
get-string,256,2-stackless,1,2,False,118373,0.019175208,161.98971049141275
get-string,256,2-stackless,1,3,False,118373,0.019160958000000006,161.86932830966526
get-string,256,2-stackless,1,4,False,118373,0.019178333000000006,162.01611009267322
get-string,256,1x,1,0,True,118373,0.0253687,214.3115406384902
get-string,256,1x,1,1,True,118373,0.0253213,213.9111114865721
get-string,256,1x,1,2,False,118373,0.0260955,220.45145430123424
get-string,256,1x,1,3,False,118373,0.025671,216.86533246601843
get-string,256,1x,1,4,False,118373,0.0263955,222.9858160222348
get-string,256,1x,2,0,True,118373,0.026059,220.1431069585125
get-string,256,1x,2,1,True,118373,0.0260678,220.21744823566186
get-string,256,1x,2,2,False,118373,0.0260164,219.7832275941304
get-string,256,1x,2,3,False,118373,0.0257793,217.78023704729964
get-string,256,1x,2,4,False,118373,0.0252588,213.38311946136366
get-string,256,2-stackless,2,0,True,118373,0.019223875,162.40084309766584
get-string,256,2-stackless,2,1,True,118373,0.019272833000000003,162.81443403478838
get-string,256,2-stackless,2,2,False,118373,0.019315,163.17065547041977
get-string,256,2-stackless,2,3,False,118373,0.019262374999999998,162.72608618519425
get-string,256,2-stackless,2,4,False,118373,0.01922945799999999,162.44800756929362
update-int,0,1x,0,0,True,3980100,0.0202448,5.08650536418683
update-int,0,1x,0,1,True,3980100,0.0202618,5.090776613652923
update-int,0,1x,0,2,False,3980100,0.0201337,5.058591492676063
update-int,0,1x,0,3,False,3980100,0.0202579,5.089796738775408
update-int,0,1x,0,4,False,3980100,0.0202824,5.095952363005955
update-int,0,2-stackless,0,0,True,3980100,0.11582554099999999,29.101163538604553
update-int,0,2-stackless,0,1,True,3980100,0.11508866599999999,28.91602371799703
update-int,0,2-stackless,0,2,False,3980100,0.11465062500000003,28.805965930504268
update-int,0,2-stackless,0,3,False,3980100,0.11479687500000002,28.8427112384111
update-int,0,2-stackless,0,4,False,3980100,0.114808625,28.84566342554207
update-int,0,1x,1,0,True,3980100,0.0203494,5.1127861109017365
update-int,0,1x,1,1,True,3980100,0.0200886,5.047260119092485
update-int,0,1x,1,2,False,3980100,0.0204188,5.130222858722143
update-int,0,1x,1,3,False,3980100,0.0204414,5.135901108012361
update-int,0,1x,1,4,False,3980100,0.020447,5.137308107836486
update-int,0,2-stackless,1,0,True,3980100,0.114381,28.73822265772217
update-int,0,2-stackless,1,1,True,3980100,0.11523316700000001,28.952329589708803
update-int,0,2-stackless,1,2,False,3980100,0.11509233299999996,28.91694505163186
update-int,0,2-stackless,1,3,False,3980100,0.11527137500000001,28.961929348508836
update-int,0,2-stackless,1,4,False,3980100,0.11484,28.8535463933067
update-int,0,2-stackless,2,0,True,3980100,0.11465270899999999,28.806489535438804
update-int,0,2-stackless,2,1,True,3980100,0.115437958,29.003783322027086
update-int,0,2-stackless,2,2,False,3980100,0.11510475,28.9200648224919
update-int,0,2-stackless,2,3,False,3980100,0.11517975000000003,28.938908570136437
update-int,0,2-stackless,2,4,False,3980100,0.11544404199999997,29.005311926836
update-int,0,1x,2,0,True,3980100,0.0204909,5.148337981457752
update-int,0,1x,2,1,True,3980100,0.0205146,5.154292605713424
update-int,0,1x,2,2,False,3980100,0.0205279,5.157634230295721
update-int,0,1x,2,3,False,3980100,0.0205281,5.15768448028944
update-int,0,1x,2,4,False,3980100,0.0203038,5.101329112333861
get-seq,256,1x,0,0,True,121674,0.0311092,255.67664414747605
get-seq,256,1x,0,1,True,121674,0.030324,249.22333448394892
get-seq,256,1x,0,2,False,121674,0.0311766,256.23058336209874
get-seq,256,1x,0,3,False,121674,0.0301762,248.0086131794796
get-seq,256,1x,0,4,False,121674,0.0304851,250.54736426845506
get-seq,256,2-stackless,0,0,True,121674,0.019878166000000003,163.3723392014728
get-seq,256,2-stackless,0,1,True,121674,0.020010833000000002,164.46268718049873
get-seq,256,2-stackless,0,2,False,121674,0.01978625,162.61691076154315
get-seq,256,2-stackless,0,3,False,121674,0.019943541999999995,163.90964380229133
get-seq,256,2-stackless,0,4,False,121674,0.020052957999999996,164.80889918963786
get-seq,256,2-stackless,1,0,True,121674,0.01986375,163.25385867153213
get-seq,256,2-stackless,1,1,True,121674,0.020438833000000003,167.98028338017986
get-seq,256,2-stackless,1,2,False,121674,0.020400749999999995,167.66729128655257
get-seq,256,2-stackless,1,3,False,121674,0.020416417000000006,167.79605338856294
get-seq,256,2-stackless,1,4,False,121674,0.019909291999999995,163.62815391948976
get-seq,256,1x,1,0,True,121674,0.0319919,262.93127537518285
get-seq,256,1x,1,1,True,121674,0.0297918,244.8493515459342
get-seq,256,1x,1,2,False,121674,0.0300289,246.79800121636504
get-seq,256,1x,1,3,False,121674,0.030493,250.61229186186037
get-seq,256,1x,1,4,False,121674,0.0310979,255.5837730328583
get-seq,256,1x,2,0,True,121674,0.0307821,252.98831303318704
get-seq,256,1x,2,1,True,121674,0.0310225,254.96408435655934
get-seq,256,1x,2,2,False,121674,0.0302364,248.50337787859362
get-seq,256,1x,2,3,False,121674,0.0305349,250.9566546673899
get-seq,256,1x,2,4,False,121674,0.0306826,252.17055410358827
get-seq,256,2-stackless,2,0,True,121674,0.019845,163.09975837072835
get-seq,256,2-stackless,2,1,True,121674,0.020485541,168.3641616121768
get-seq,256,2-stackless,2,2,False,121674,0.0203225,167.02417936453145
get-seq,256,2-stackless,2,3,False,121674,0.01978075,162.5717080066407
get-seq,256,2-stackless,2,4,False,121674,0.019834958,163.0172263589592
update-string,8,2-stackless,0,0,True,766164,0.025016,32.65097289875275
update-string,8,2-stackless,0,1,True,766164,0.025011042,32.64450169937507
update-string,8,2-stackless,0,2,False,766164,0.025070000000000002,32.721453892378136
update-string,8,2-stackless,0,3,False,766164,0.02492216700000001,32.528501730699965
update-string,8,2-stackless,0,4,False,766164,0.024895541999999993,32.49375068523187
update-string,8,1x,0,0,True,766164,0.0220377,28.763685059595595
update-string,8,1x,0,1,True,766164,0.0216507,28.258571271946998
update-string,8,1x,0,2,False,766164,0.0220557,28.78717872413739
update-string,8,1x,0,3,False,766164,0.0218542,28.52418020162785
update-string,8,1x,0,4,False,766164,0.0218565,28.527182169874855
update-string,8,1x,1,0,True,766164,0.0218117,28.4687090492375
update-string,8,1x,1,1,True,766164,0.0215707,28.154154985094575
update-string,8,1x,1,2,False,766164,0.0218368,28.501469659237447
update-string,8,1x,1,3,False,766164,0.0218425,28.508909319675684
update-string,8,1x,1,4,False,766164,0.0218657,28.539190042862884
update-string,8,2-stackless,1,0,True,766164,0.025151625,32.827991135057246
update-string,8,2-stackless,1,1,True,766164,0.025255917,32.96411342741241
update-string,8,2-stackless,1,2,False,766164,0.025307834,33.03187568196887
update-string,8,2-stackless,1,3,False,766164,0.025360499999999994,33.100615534010984
update-string,8,2-stackless,1,4,False,766164,0.025303707999999994,33.02649041197445
update-string,8,1x,2,0,True,766164,0.0218644,28.537493278201534
update-string,8,1x,2,1,True,766164,0.0220049,28.720874381986103
update-string,8,1x,2,2,False,766164,0.0218472,28.515043776528262
update-string,8,1x,2,3,False,766164,0.0218347,28.498728731707573
update-string,8,1x,2,4,False,766164,0.0216041,28.197748784855463
update-string,8,2-stackless,2,0,True,766164,0.024947375,32.561403302687154
update-string,8,2-stackless,2,1,True,766164,0.025004500000000002,32.63596305751771
update-string,8,2-stackless,2,2,False,766164,0.025002291999999995,32.63308116800058
update-string,8,2-stackless,2,3,False,766164,0.025037791000000004,32.67941459008777
update-string,8,2-stackless,2,4,False,766164,0.024784249999999994,32.34849196777712
assign-int,0,2-stackless,0,0,True,4095592,0.11803475,28.819948373763793
assign-int,0,2-stackless,0,1,True,4095592,0.11825379199999998,28.8734307518913
assign-int,0,2-stackless,0,2,False,4095592,0.1182115,28.863104527990092
assign-int,0,2-stackless,0,3,False,4095592,0.117873167,28.78049546927526
assign-int,0,2-stackless,0,4,False,4095592,0.11795058299999994,28.799397742743892
assign-int,0,1x,0,0,True,4095592,0.0210489,5.139403534336428
assign-int,0,1x,0,1,True,4095592,0.020853,5.091571621391974
assign-int,0,1x,0,2,False,4095592,0.0210607,5.142284680700617
assign-int,0,1x,0,3,False,4095592,0.0210689,5.144286833258781
assign-int,0,1x,0,4,False,4095592,0.021064,5.143090425022805
assign-int,0,1x,1,0,True,4095592,0.0207459,5.0654215556627715
assign-int,0,1x,1,1,True,4095592,0.0208465,5.089984549242209
assign-int,0,1x,1,2,False,4095592,0.0210755,5.145898321903158
assign-int,0,1x,1,3,False,4095592,0.0210646,5.143236923990476
assign-int,0,1x,1,4,False,4095592,0.021058,5.141625435346099
assign-int,0,2-stackless,1,0,True,4095592,0.117672667,28.731540397578666
assign-int,0,2-stackless,1,1,True,4095592,0.11818925000000001,28.85767185793898
assign-int,0,2-stackless,1,2,False,4095592,0.11811891700000002,28.840499004783684
assign-int,0,2-stackless,1,3,False,4095592,0.11893237499999998,29.03911693352267
assign-int,0,2-stackless,1,4,False,4095592,0.11820441699999995,28.86137510767673
assign-int,0,2-stackless,2,0,True,4095592,0.11877566699999999,29.000854333146464
assign-int,0,2-stackless,2,1,True,4095592,0.11823887500000001,28.869788543390065
assign-int,0,2-stackless,2,2,False,4095592,0.11861012499999998,28.96043477963625
assign-int,0,2-stackless,2,3,False,4095592,0.11858724999999998,28.954849506493805
assign-int,0,2-stackless,2,4,False,4095592,0.11843858399999996,28.918550480614268
assign-int,0,1x,2,0,True,4095592,0.020909,5.105244858374565
assign-int,0,1x,2,1,True,4095592,0.0203654,4.972516793664994
assign-int,0,1x,2,2,False,4095592,0.0206219,5.0351451023441784
assign-int,0,1x,2,3,False,4095592,0.0206225,5.035291601311849
assign-int,0,1x,2,4,False,4095592,0.0206258,5.036097345634038
get-string,0,2-stackless,0,0,True,2009223,0.058947417,29.338414401985244
get-string,0,2-stackless,0,1,True,2009223,0.059209083,29.468646835119845
get-string,0,2-stackless,0,2,False,2009223,0.05901712499999999,29.373108410564676
get-string,0,2-stackless,0,3,False,2009223,0.05896362499999999,29.346481201937262
get-string,0,2-stackless,0,4,False,2009223,0.05921195799999998,29.470077736518036
get-string,0,1x,0,0,True,2009223,0.0200231,9.965593664814707
get-string,0,1x,0,1,True,2009223,0.0200153,9.96171156710828
get-string,0,1x,0,2,False,2009223,0.0200294,9.968729205269899
get-string,0,1x,0,3,False,2009223,0.0199597,9.934039178329135
get-string,0,1x,0,4,False,2009223,0.0200576,9.982764481593133
get-string,0,2-stackless,1,0,True,2009223,0.058561,29.14609279308469
get-string,0,2-stackless,1,1,True,2009223,0.058597167,29.164093283821657
get-string,0,2-stackless,1,2,False,2009223,0.059273624999999996,29.500769700526025
get-string,0,2-stackless,1,3,False,2009223,0.059098916,29.41381618665524
get-string,0,2-stackless,1,4,False,2009223,0.05947845900000001,29.602716572525804
get-string,0,1x,1,0,True,2009223,0.0204492,10.177665694649125
get-string,0,1x,1,1,True,2009223,0.0206675,10.28631465994566
get-string,0,1x,1,2,False,2009223,0.0204355,10.170847138421172
get-string,0,1x,1,3,False,2009223,0.0199408,9.924632556963562
get-string,0,1x,1,4,False,2009223,0.020131,10.019296016420277
get-string,0,1x,2,0,True,2009223,0.0203033,10.105050559345578
get-string,0,1x,2,1,True,2009223,0.0198795,9.894123250629722
get-string,0,1x,2,2,False,2009223,0.0201017,10.00471326477947
get-string,0,1x,2,3,False,2009223,0.0200483,9.978135826635471
get-string,0,1x,2,4,False,2009223,0.0200438,9.975896154881763
get-string,0,2-stackless,2,0,True,2009223,0.058413166,29.072515096631882
get-string,0,2-stackless,2,1,True,2009223,0.058759667,29.244970319372214
get-string,0,2-stackless,2,2,False,2009223,0.05909025000000001,29.409503076562437
get-string,0,2-stackless,2,3,False,2009223,0.058871832999999985,29.300795879800294
get-string,0,2-stackless,2,4,False,2009223,0.05877254100000001,29.251377771407164
add-float,256,2-stackless,0,0,True,89419,0.019936208,222.9527058007806
add-float,256,2-stackless,0,1,True,89419,0.019969708999999995,223.32735772039496
add-float,256,2-stackless,0,2,False,89419,0.019926833999999997,222.84787349444744
add-float,256,2-stackless,0,3,False,89419,0.019946667,223.0696719936479
add-float,256,2-stackless,0,4,False,89419,0.019937166000000006,222.96341940750855
add-float,256,1x,0,0,True,89419,0.0218166,243.98170411210145
add-float,256,1x,0,1,True,89419,0.0259626,290.34768896990573
add-float,256,1x,0,2,False,89419,0.0201354,225.1803308021785
add-float,256,1x,0,3,False,89419,0.0198108,221.5502298169293
add-float,256,1x,0,4,False,89419,0.0208028,232.64406893389548
add-float,256,1x,1,0,True,89419,0.0186341,208.39083416276182
add-float,256,1x,1,1,True,89419,0.0324121,362.47441818852815
add-float,256,1x,1,2,False,89419,0.0191213,213.8393406323041
add-float,256,1x,1,3,False,89419,0.0188658,210.98200606135163
add-float,256,1x,1,4,False,89419,0.0191171,213.79237074894598
add-float,256,2-stackless,1,0,True,89419,0.019937042000000002,222.96203267761888
add-float,256,2-stackless,1,1,True,89419,0.019791207999999998,221.33112649436916
add-float,256,2-stackless,1,2,False,89419,0.019958292000000002,223.19967792079987
add-float,256,2-stackless,1,3,False,89419,0.01999566600000001,223.61764278285384
add-float,256,2-stackless,1,4,False,89419,0.019927374999999997,222.8539236627562
add-float,256,2-stackless,2,0,True,89419,0.019906833000000002,222.6241961999128
add-float,256,2-stackless,2,1,True,89419,0.019951499999999997,223.12372090942637
add-float,256,2-stackless,2,2,False,89419,0.019969415999999997,223.32408101186545
add-float,256,2-stackless,2,3,False,89419,0.019790625,221.32460662722687
add-float,256,2-stackless,2,4,False,89419,0.019902625000000007,222.57713685011024
add-float,256,1x,2,0,True,89419,0.047406,530.1557834464711
add-float,256,1x,2,1,True,89419,0.0498599,557.5984969637325
add-float,256,1x,2,2,False,89419,0.0490997,549.0969480759122
add-float,256,1x,2,3,False,89419,0.0446903,499.78528053322003
add-float,256,1x,2,4,False,89419,0.040564,453.6396067949765
const-string,64,1x,0,0,True,340934,0.0211723,62.1008758293394
const-string,64,1x,0,1,True,340934,0.0215112,63.09490986525251
const-string,64,1x,0,2,False,340934,0.0213498,62.621504455407795
const-string,64,1x,0,3,False,340934,0.0214127,62.80599764177231
const-string,64,1x,0,4,False,340934,0.0207767,60.94053394498642
const-string,64,2-stackless,0,0,True,340934,0.020288292000000003,59.50797515061567
const-string,64,2-stackless,0,1,True,340934,0.020620457999999998,60.48225756304738
const-string,64,2-stackless,0,2,False,340934,0.020616749999999996,60.47138155772084
const-string,64,2-stackless,0,3,False,340934,0.02066829099999999,60.62255744513599
const-string,64,2-stackless,0,4,False,340934,0.020636791999999987,60.530167129121736
const-string,64,1x,1,0,True,340934,0.0210928,61.86769286724117
const-string,64,1x,1,1,True,340934,0.0211929,62.16129808115354
const-string,64,1x,1,2,False,340934,0.0210968,61.87942534332158
const-string,64,1x,1,3,False,340934,0.0205663,60.323405703156624
const-string,64,1x,1,4,False,340934,0.0209666,61.49753324690409
const-string,64,2-stackless,1,0,True,340934,0.020692292,60.69295523473752
const-string,64,2-stackless,1,1,True,340934,0.020711666,60.749781482633004
const-string,64,2-stackless,1,2,False,340934,0.020675709,60.64431532202714
const-string,64,2-stackless,1,3,False,340934,0.020654874999999996,60.58320672036229
const-string,64,2-stackless,1,4,False,340934,0.020725124999999997,60.789258331524564
const-string,64,2-stackless,2,0,True,340934,0.020888916,61.269676828946366
const-string,64,2-stackless,2,1,True,340934,0.020588708000000004,60.389131034159114
const-string,64,2-stackless,2,2,False,340934,0.020627791,60.503766124821816
const-string,64,2-stackless,2,3,False,340934,0.020635374999999997,60.526010899470265
const-string,64,2-stackless,2,4,False,340934,0.020597207999999992,60.414062545829964
const-string,64,1x,2,0,True,340934,0.0213795,62.70861809030487
const-string,64,1x,2,1,True,340934,0.021306,62.49303384232726
const-string,64,1x,2,2,False,340934,0.0208394,61.124440507546915
const-string,64,1x,2,3,False,340934,0.0212578,62.35165750555826
const-string,64,1x,2,4,False,340934,0.0212124,62.21849390204556
const-seq,0,1x,0,0,True,732379,0.0312877,42.72064054266985
const-seq,0,1x,0,1,True,732379,0.0310233,42.35962527598416
const-seq,0,1x,0,2,False,732379,0.0313684,42.830829392978224
const-seq,0,1x,0,3,False,732379,0.0316172,43.17054421276415
const-seq,0,1x,0,4,False,732379,0.0313658,42.82727931849493
const-seq,0,2-stackless,0,0,True,732379,0.021312792,29.100768864208284
const-seq,0,2-stackless,0,1,True,732379,0.021299042,29.081994431844713
const-seq,0,2-stackless,0,2,False,732379,0.021428458000000004,29.258700754663916
const-seq,0,2-stackless,0,3,False,732379,0.021506499999999998,29.365260336519746
const-seq,0,2-stackless,0,4,False,732379,0.021542084000000003,29.41384720206342
const-seq,0,1x,1,0,True,732379,0.0309128,42.208747110444186
const-seq,0,1x,1,1,True,732379,0.0313438,42.797240226713214
const-seq,0,1x,1,2,False,732379,0.031357,42.81526368178225
const-seq,0,1x,1,3,False,732379,0.0312065,42.609768985730064
const-seq,0,1x,1,4,False,732379,0.031305,42.74426219211637
const-seq,0,2-stackless,1,0,True,732379,0.021139666,28.864380327671874
const-seq,0,2-stackless,1,1,True,732379,0.021163333000000003,28.89669556336269
const-seq,0,2-stackless,1,2,False,732379,0.021158791999999996,28.89049522173628
const-seq,0,2-stackless,1,3,False,732379,0.021149666999999997,28.878035825713184
const-seq,0,2-stackless,1,4,False,732379,0.021348500000000006,29.149525040996544
const-seq,0,1x,2,0,True,732379,0.0314745,42.97569974016186
const-seq,0,1x,2,1,True,732379,0.0313067,42.74658339466315
const-seq,0,1x,2,2,False,732379,0.0313921,42.86318968730671
const-seq,0,1x,2,3,False,732379,0.0313492,42.80461345833237
const-seq,0,1x,2,4,False,732379,0.0314063,42.88257855563854
const-seq,0,2-stackless,2,0,True,732379,0.021527916,29.394502026955987
const-seq,0,2-stackless,2,1,True,732379,0.02148175,29.331466358265324
const-seq,0,2-stackless,2,2,False,732379,0.021315499999999994,29.10446640332395
const-seq,0,2-stackless,2,3,False,732379,0.021544999999999995,29.417828747137747
const-seq,0,2-stackless,2,4,False,732379,0.021340624999999988,29.138772411551926
take-seq,64,2-stackless,0,0,True,119178,0.020335083,170.62782560539696
take-seq,64,2-stackless,0,1,True,119178,0.020332707999999998,170.60789743073383
take-seq,64,2-stackless,0,2,False,119178,0.020333917,170.61804192048868
take-seq,64,2-stackless,0,3,False,119178,0.020333375,170.6134941012603
take-seq,64,2-stackless,0,4,False,119178,0.020325667000000006,170.54881773481688
take-seq,64,1x,0,0,True,119178,0.0209138,175.4837302186645
take-seq,64,1x,0,1,True,119178,0.0209373,175.6809142626995
take-seq,64,1x,0,2,False,119178,0.0209039,175.4006611958583
take-seq,64,1x,0,3,False,119178,0.0209024,175.3880749802816
take-seq,64,1x,0,4,False,119178,0.0208939,175.3167530920136
take-seq,64,1x,1,0,True,119178,0.0208716,175.12963802044
take-seq,64,1x,1,1,True,119178,0.020681,173.53034956116062
take-seq,64,1x,1,2,False,119178,0.021198,177.86839852993003
take-seq,64,1x,1,3,False,119178,0.0212051,177.92797328365972
take-seq,64,1x,1,4,False,119178,0.0212246,178.09159408615685
take-seq,64,2-stackless,1,0,True,119178,0.020317584,170.48099481447917
take-seq,64,2-stackless,1,1,True,119178,0.020382083000000002,171.02219369346696
take-seq,64,2-stackless,1,2,False,119178,0.020309624999999998,170.41421235462917
take-seq,64,2-stackless,1,3,False,119178,0.020358583999999992,170.82501804024227
take-seq,64,2-stackless,1,4,False,119178,0.020320791000000005,170.5079041433822
take-seq,64,2-stackless,2,0,True,119178,0.020219667,169.65939183406334
take-seq,64,2-stackless,2,1,True,119178,0.020426582999999998,171.3955847555757
take-seq,64,2-stackless,2,2,False,119178,0.020368499999999998,170.90822131601468
take-seq,64,2-stackless,2,3,False,119178,0.020354333000000002,170.78934870529798
take-seq,64,2-stackless,2,4,False,119178,0.020382957999999993,171.02953565255325
take-seq,64,1x,2,0,True,119178,0.0208865,175.25466109516856
take-seq,64,1x,2,1,True,119178,0.020906,175.41828189766568
take-seq,64,1x,2,2,False,119178,0.0208459,174.9139941935592
take-seq,64,1x,2,3,False,119178,0.0207676,174.25699374045544
take-seq,64,1x,2,4,False,119178,0.0208647,175.0717414287872
update-table,8,1x,0,0,True,589463,0.088202,149.63110492091954
update-table,8,1x,0,1,True,589463,0.0810042,137.42033002919607
update-table,8,1x,0,2,False,589463,0.0890645,151.09430108420716
update-table,8,1x,0,3,False,589463,0.089467,151.77712596040803
update-table,8,1x,0,4,False,589463,0.0905678,153.64458837959296
update-table,8,2-stackless,0,0,True,589463,0.019210667,32.59011507083566
update-table,8,2-stackless,0,1,True,589463,0.019187374999999996,32.55060114035995
update-table,8,2-stackless,0,2,False,589463,0.019314709,32.766618091381474
update-table,8,2-stackless,0,3,False,589463,0.019329375000000003,32.791498363764994
update-table,8,2-stackless,0,4,False,589463,0.019361667,32.846280428118476
update-table,8,1x,1,0,True,589463,0.0950147,161.18857332860586
update-table,8,1x,1,1,True,589463,0.0929988,157.7686809859143
update-table,8,1x,1,2,False,589463,0.0929351,157.660616527246
update-table,8,1x,1,3,False,589463,0.0905743,153.65561536517134
update-table,8,1x,1,4,False,589463,0.0903079,153.20367860238895
update-table,8,2-stackless,1,0,True,589463,0.019167541,32.51695356621196
update-table,8,2-stackless,1,1,True,589463,0.019303833,32.748167399819835
update-table,8,2-stackless,1,2,False,589463,0.019350124999999996,32.82669989464987
update-table,8,2-stackless,1,3,False,589463,0.019348584000000002,32.82408565083814
update-table,8,2-stackless,1,4,False,589463,0.019268707999999996,32.68857926621348
update-table,8,1x,2,0,True,589463,0.0916268,155.44113879921215
update-table,8,1x,2,1,True,589463,0.0909742,154.33402944714086
update-table,8,1x,2,2,False,589463,0.0897124,152.1934370774756
update-table,8,1x,2,3,False,589463,0.0888069,150.6572931634386
update-table,8,1x,2,4,False,589463,0.089343,151.56676500475857
update-table,8,2-stackless,2,0,True,589463,0.019280833,32.7091488354655
update-table,8,2-stackless,2,1,True,589463,0.019201583,32.574704434375015
update-table,8,2-stackless,2,2,False,589463,0.019388292,32.89144865750692
update-table,8,2-stackless,2,3,False,589463,0.01934120799999999,32.81157256689562
update-table,8,2-stackless,2,4,False,589463,0.019298790999999996,32.73961385192963
update-int,256,1x,0,0,True,89969,0.0333699,370.904422634463
update-int,256,1x,0,1,True,89969,0.0326968,363.42295679622976
update-int,256,1x,0,2,False,89969,0.0334047,371.29122253220555
update-int,256,1x,0,3,False,89969,0.0332609,369.69289421912
update-int,256,1x,0,4,False,89969,0.032345,359.51272104836113
update-int,256,2-stackless,0,0,True,89969,0.019955958,221.8092676366304
update-int,256,2-stackless,0,1,True,89969,0.019953500000000002,221.78194711511748
update-int,256,2-stackless,0,2,False,89969,0.019963,221.88753904122532
update-int,256,2-stackless,0,3,False,89969,0.01996825,221.9458924740744
update-int,256,2-stackless,0,4,False,89969,0.020005207999999997,222.3566784114528
update-int,256,2-stackless,1,0,True,89969,0.01969775,218.93930131489736
update-int,256,2-stackless,1,1,True,89969,0.019979041,222.06583378719336
update-int,256,2-stackless,1,2,False,89969,0.019966832999999996,221.9301426046749
update-int,256,2-stackless,1,3,False,89969,0.019967916999999995,221.9421911991908
update-int,256,2-stackless,1,4,False,89969,0.019971749999999996,221.98479476264043
update-int,256,1x,1,0,True,89969,0.0337263,374.86578710444707
update-int,256,1x,1,1,True,89969,0.0334335,371.61133279240624
update-int,256,1x,1,2,False,89969,0.0331529,368.49248074336714
update-int,256,1x,1,3,False,89969,0.0331884,368.8870610988229
update-int,256,1x,1,4,False,89969,0.0331365,368.31019573408616
update-int,256,1x,2,0,True,89969,0.0337753,375.41041914437193
update-int,256,1x,2,1,True,89969,0.0327719,364.2576887594616
update-int,256,1x,2,2,False,89969,0.0334143,371.39792595227243
update-int,256,1x,2,3,False,89969,0.0336297,373.79208394002376
update-int,256,1x,2,4,False,89969,0.0338609,376.36185797330194
update-int,256,2-stackless,2,0,True,89969,0.01983725,220.48983538774468
update-int,256,2-stackless,2,1,True,89969,0.0199425,221.6596827796241
update-int,256,2-stackless,2,2,False,89969,0.019761415999999997,219.64694505885356
update-int,256,2-stackless,2,3,False,89969,0.01989958299999999,221.18266291722696
update-int,256,2-stackless,2,4,False,89969,0.019915541999999994,221.36004623814864
update-seq,64,1x,0,0,True,259516,0.0540449,208.25267035558502
update-seq,64,1x,0,1,True,259516,0.0544012,209.62561075232355
update-seq,64,1x,0,2,False,259516,0.0545736,210.28992432065846
update-seq,64,1x,0,3,False,259516,0.0540442,208.24997302671127
update-seq,64,1x,0,4,False,259516,0.0542534,209.05608902726615
update-seq,64,2-stackless,0,0,True,259516,0.020722333000000003,79.84992447479155
update-seq,64,2-stackless,0,1,True,259516,0.020596417000000002,79.36472895698147
update-seq,64,2-stackless,0,2,False,259516,0.020725624999999998,79.86260962715207
update-seq,64,2-stackless,0,3,False,259516,0.020714457999999998,79.81957952496184
update-seq,64,2-stackless,0,4,False,259516,0.020830541000000008,80.2668852787497
update-seq,64,1x,1,0,True,259516,0.054511,210.04870605280598
update-seq,64,1x,1,1,True,259516,0.0541183,208.53550455463247
update-seq,64,1x,1,2,False,259516,0.0544495,209.81172644461228
update-seq,64,1x,1,3,False,259516,0.0549112,211.59080750319825
update-seq,64,1x,1,4,False,259516,0.0553219,213.17336888669678
update-seq,64,2-stackless,1,0,True,259516,0.020661709,79.61632038101698
update-seq,64,2-stackless,1,1,True,259516,0.020777709000000002,80.06330630866691
update-seq,64,2-stackless,1,2,False,259516,0.020860208000000005,80.38120192974615
update-seq,64,2-stackless,1,3,False,259516,0.020755333,79.97708426455402
update-seq,64,2-stackless,1,4,False,259516,0.020788125000000005,80.10344256230832
update-seq,64,1x,2,0,True,259516,0.0537113,206.9672004808952
update-seq,64,1x,2,1,True,259516,0.0541575,208.68655497156246
update-seq,64,1x,2,2,False,259516,0.0546207,210.4714160205922
update-seq,64,1x,2,3,False,259516,0.0534325,205.89289292375037
update-seq,64,1x,2,4,False,259516,0.0541827,208.78365881101743
update-seq,64,2-stackless,2,0,True,259516,0.020842166000000002,80.31168020468874
update-seq,64,2-stackless,2,1,True,259516,0.020636459,79.51902387521386
update-seq,64,2-stackless,2,2,False,259516,0.020841375000000002,80.30863222306141
update-seq,64,2-stackless,2,3,False,259516,0.020983957999999997,80.85805114135543
update-seq,64,2-stackless,2,4,False,259516,0.020855459000000007,80.36290248000127
assign-table,8,2-stackless,0,0,True,391103,0.020286125000000002,51.869008931151136
assign-table,8,2-stackless,0,1,True,391103,0.020305042000000002,51.91737726378985
assign-table,8,2-stackless,0,2,False,391103,0.020366958999999997,52.07569105836569
assign-table,8,2-stackless,0,3,False,391103,0.020355000000000005,52.04511343559115
assign-table,8,2-stackless,0,4,False,391103,0.020198124999999997,51.64400426486117
assign-table,8,1x,0,0,True,391103,0.23425,598.9470804366114
assign-table,8,1x,0,1,True,391103,0.243245,621.9461369511356
assign-table,8,1x,0,2,False,391103,0.232791,595.2166053443722
assign-table,8,1x,0,3,False,391103,0.234523,599.6451062763517
assign-table,8,1x,0,4,False,391103,0.234522,599.6425494051439
assign-table,8,1x,1,0,True,391103,0.227596,581.9336594196413
assign-table,8,1x,1,1,True,391103,0.226329,578.6941035993076
assign-table,8,1x,1,2,False,391103,0.223995,572.7263662002081
assign-table,8,1x,1,3,False,391103,0.229227,586.103916359629
assign-table,8,1x,1,4,False,391103,0.226637,579.4816199313225
assign-table,8,2-stackless,1,0,True,391103,0.020213208,51.68256955328903
assign-table,8,2-stackless,1,1,True,391103,0.020547792,52.5380577494931
assign-table,8,2-stackless,1,2,False,391103,0.020462875,52.320935917136914
assign-table,8,2-stackless,1,3,False,391103,0.020479083999999995,52.362380242544795
assign-table,8,2-stackless,1,4,False,391103,0.020515375000000002,52.45517165554855
assign-table,8,2-stackless,2,0,True,391103,0.020318583,51.95199985681521
assign-table,8,2-stackless,2,1,True,391103,0.020312541,51.936551240977444
assign-table,8,2-stackless,2,2,False,391103,0.020455459000000002,52.30197416025958
assign-table,8,2-stackless,2,3,False,391103,0.020418750000000006,52.20811397509098
assign-table,8,2-stackless,2,4,False,391103,0.020413,52.19341196564588
assign-table,8,1x,2,0,True,391103,0.237451,607.1316251729085
assign-table,8,1x,2,1,True,391103,0.237224,606.5512154087287
assign-table,8,1x,2,2,False,391103,0.22958,587.0064918959968
assign-table,8,1x,2,3,False,391103,0.238863,610.741927318379
assign-table,8,1x,2,4,False,391103,0.243014,621.3554997021245
make-seq,64,1x,0,0,True,97282,0.0199563,205.13866902407435
make-seq,64,1x,0,1,True,97282,0.0197857,203.38500442013938
make-seq,64,1x,0,2,False,97282,0.0196528,202.01887296724985
make-seq,64,1x,0,3,False,97282,0.0199636,205.21370859974095
make-seq,64,1x,0,4,False,97282,0.0198748,204.3008984190292
make-seq,64,2-stackless,0,0,True,97282,0.058687125,603.2680763142205
make-seq,64,2-stackless,0,1,True,97282,0.061260375000000006,629.7195267367036
make-seq,64,2-stackless,0,2,False,97282,0.059335,609.927838654633
make-seq,64,2-stackless,0,3,False,97282,0.05894416699999999,605.9103122879874
make-seq,64,2-stackless,0,4,False,97282,0.059653959000000006,613.2065438621739
make-seq,64,1x,1,0,True,97282,0.0205463,211.20351144096543
make-seq,64,1x,1,1,True,97282,0.0207022,212.80606895417446
make-seq,64,1x,1,2,False,97282,0.0207477,213.27378137784996
make-seq,64,1x,1,3,False,97282,0.0206488,212.2571493184762
make-seq,64,1x,1,4,False,97282,0.0207344,213.13706543862173
make-seq,64,2-stackless,1,0,True,97282,0.059485333,611.4731707818507
make-seq,64,2-stackless,1,1,True,97282,0.06068716699999999,623.8272959026335
make-seq,64,2-stackless,1,2,False,97282,0.059436166999999984,610.9677741000389
make-seq,64,2-stackless,1,3,False,97282,0.06075775,624.5528463641783
make-seq,64,2-stackless,1,4,False,97282,0.059485166000000006,611.471454123065
make-seq,64,1x,2,0,True,97282,0.0197764,203.2894060566189
make-seq,64,1x,2,1,True,97282,0.0199238,204.804588721449
make-seq,64,1x,2,2,False,97282,0.0197067,202.5729322999116
make-seq,64,1x,2,3,False,97282,0.0194822,200.2652083633149
make-seq,64,1x,2,4,False,97282,0.0197712,203.23595320819885
make-seq,64,2-stackless,2,0,True,97282,0.058549375,601.8520898007854
make-seq,64,2-stackless,2,1,True,97282,0.058286041999999996,599.145186159824
make-seq,64,2-stackless,2,2,False,97282,0.059643667,613.1007483398779
make-seq,64,2-stackless,2,3,False,97282,0.060535375,622.2669661396764
make-seq,64,2-stackless,2,4,False,97282,0.059296792000000015,609.5350835714728
add-float,0,2-stackless,0,0,True,4006732,0.11669945899999999,29.12584595126402
add-float,0,2-stackless,0,1,True,4006732,0.11652745800000001,29.082917949091684
add-float,0,2-stackless,0,2,False,4006732,0.11656620899999998,29.092589422002764
add-float,0,2-stackless,0,3,False,4006732,0.116706333,29.127561563887976
add-float,0,2-stackless,0,4,False,4006732,0.11646458300000001,29.067225609299552
add-float,0,1x,0,0,True,4006732,0.021733,5.424121204013645
add-float,0,1x,0,1,True,4006732,0.0205643,5.132437108346653
add-float,0,1x,0,2,False,4006732,0.0203658,5.082895486895555
add-float,0,1x,0,3,False,4006732,0.0205799,5.1363305556748
add-float,0,1x,0,4,False,4006732,0.0205416,5.126771643324285
add-float,0,2-stackless,1,0,True,4006732,0.115403125,28.80230696737391
add-float,0,2-stackless,1,1,True,4006732,0.116124667,28.982389388658888
add-float,0,2-stackless,1,2,False,4006732,0.11687216599999997,29.168950156885952
add-float,0,2-stackless,1,3,False,4006732,0.11577062500000002,28.8940276015466
add-float,0,2-stackless,1,4,False,4006732,0.115439083,28.811281363465287
add-float,0,1x,1,0,True,4006732,0.0205725,5.134483663993499
add-float,0,1x,1,1,True,4006732,0.0205681,5.133385512182996
add-float,0,1x,1,2,False,4006732,0.0205801,5.136380471666186
add-float,0,1x,1,3,False,4006732,0.0205163,5.120457270413893
add-float,0,1x,1,4,False,4006732,0.0205924,5.139450305136456
add-float,0,1x,2,0,True,4006732,0.0205086,5.118535504745513
add-float,0,1x,2,1,True,4006732,0.0203391,5.076231702045457
add-float,0,1x,2,2,False,4006732,0.0204804,5.111497349960017
add-float,0,1x,2,3,False,4006732,0.0483383,12.064270832189425
add-float,0,1x,2,4,False,4006732,0.0445038,11.10725648733182
add-float,0,2-stackless,2,0,True,4006732,0.115897625,28.92572425607702
add-float,0,2-stackless,2,1,True,4006732,0.115183583,28.747513684469038
add-float,0,2-stackless,2,2,False,4006732,0.11563087500000002,28.859148802565286
add-float,0,2-stackless,2,3,False,4006732,0.11555866599999998,28.84112688345514
add-float,0,2-stackless,2,4,False,4006732,0.11567741600000003,28.870764503340883
assign-string,0,1x,0,0,True,2154407,0.0215104,9.984371569531662
assign-string,0,1x,0,1,True,2154407,0.0214409,9.952112112520986
assign-string,0,1x,0,2,False,2154407,0.0217296,10.086116504448787
assign-string,0,1x,0,3,False,2154407,0.0216957,10.070381316065163
assign-string,0,1x,0,4,False,2154407,0.0217773,10.10825716774964
assign-string,0,2-stackless,0,0,True,2154407,0.063157958,29.315704042922253
assign-string,0,2-stackless,0,1,True,2154407,0.062949875,29.219119228632287
assign-string,0,2-stackless,0,2,False,2154407,0.06320120800000001,29.335779172644727
assign-string,0,2-stackless,0,3,False,2154407,0.06285850000000001,29.176706165548115
assign-string,0,2-stackless,0,4,False,2154407,0.06325266600000001,29.359664167448404
assign-string,0,1x,1,0,True,2154407,0.0217703,10.105008013806119
assign-string,0,1x,1,1,True,2154407,0.0216234,10.036822197477079
assign-string,0,1x,1,2,False,2154407,0.0216431,10.045966245003845
assign-string,0,1x,1,3,False,2154407,0.0216465,10.047544405490699
assign-string,0,1x,1,4,False,2154407,0.0216293,10.039560770086618
assign-string,0,2-stackless,1,0,True,2154407,0.06313416699999999,29.30466109699792
assign-string,0,2-stackless,1,1,True,2154407,0.06356795900000001,29.50601209520764
assign-string,0,2-stackless,1,2,False,2154407,0.06315475000000001,29.314215002086424
assign-string,0,2-stackless,1,3,False,2154407,0.063420917,29.437760367470023
assign-string,0,2-stackless,1,4,False,2154407,0.06331087499999999,29.386682739148167
assign-string,0,1x,2,0,True,2154407,0.0215899,10.021272675033083
assign-string,0,1x,2,1,True,2154407,0.0213103,9.89149218323186
assign-string,0,1x,2,2,False,2154407,0.0220046,10.21376183794427
assign-string,0,1x,2,3,False,2154407,0.0215787,10.01607402872345
assign-string,0,1x,2,4,False,2154407,0.0215774,10.015470614419652
assign-string,0,2-stackless,2,0,True,2154407,0.063266375,29.36602740336436
assign-string,0,2-stackless,2,1,True,2154407,0.06324266599999999,29.35502251895765
assign-string,0,2-stackless,2,2,False,2154407,0.06352237500000002,29.484853604727437
assign-string,0,2-stackless,2,3,False,2154407,0.06325408299999999,29.36032188903953
assign-string,0,2-stackless,2,4,False,2154407,0.06336687499999999,29.41267597069634
push-shared-seq,256,2-stackless,0,0,True,25682,0.039149458,1524.3928821742854
push-shared-seq,256,2-stackless,0,1,True,25682,0.039074,1521.454715364847
push-shared-seq,256,2-stackless,0,2,False,25682,0.038791958,1510.4726267424655
push-shared-seq,256,2-stackless,0,3,False,25682,0.03892637500000001,1515.7065259714982
push-shared-seq,256,2-stackless,0,4,False,25682,0.038568292000000004,1501.7635698154352
push-shared-seq,256,1x,0,0,True,25682,0.0203732,793.2871271707811
push-shared-seq,256,1x,0,1,True,25682,0.0193122,751.9741453157853
push-shared-seq,256,1x,0,2,False,25682,0.0197453,768.8380967214391
push-shared-seq,256,1x,0,3,False,25682,0.0195122,759.7617008021182
push-shared-seq,256,1x,0,4,False,25682,0.0196451,764.9365314227864
push-shared-seq,256,1x,1,0,True,25682,0.021001,817.7322638423799
push-shared-seq,256,1x,1,1,True,25682,0.0199834,778.1091815279184
push-shared-seq,256,1x,1,2,False,25682,0.0205745,801.1253017677751
push-shared-seq,256,1x,1,3,False,25682,0.0209496,815.7308620823924
push-shared-seq,256,1x,1,4,False,25682,0.0208412,811.5100070087999
push-shared-seq,256,2-stackless,1,0,True,25682,0.038720209,1507.678880149521
push-shared-seq,256,2-stackless,1,1,True,25682,0.038893708000000006,1514.4345455961377
push-shared-seq,256,2-stackless,1,2,False,25682,0.038823708,1511.7089011759208
push-shared-seq,256,2-stackless,1,3,False,25682,0.039019542000000004,1519.3342418814736
push-shared-seq,256,2-stackless,1,4,False,25682,0.03898937499999999,1518.1596059496921
push-shared-seq,256,2-stackless,2,0,True,25682,0.038207125,1487.700529553773
push-shared-seq,256,2-stackless,2,1,True,25682,0.038717459,1507.571801261584
push-shared-seq,256,2-stackless,2,2,False,25682,0.038670041,1505.7254497313293
push-shared-seq,256,2-stackless,2,3,False,25682,0.038867708,1513.422163382914
push-shared-seq,256,2-stackless,2,4,False,25682,0.038807917,1511.0940347324974
push-shared-seq,256,1x,2,0,True,25682,0.0192162,748.2361186823456
push-shared-seq,256,1x,2,1,True,25682,0.0189535,738.0071645510475
push-shared-seq,256,1x,2,2,False,25682,0.0192616,750.0038937777432
push-shared-seq,256,1x,2,3,False,25682,0.0192944,751.2810528775018
push-shared-seq,256,1x,2,4,False,25682,0.0194689,758.0756950393271
update-table,256,1x,0,0,True,88164,0.0578099,655.7086792795245
update-table,256,1x,0,1,True,88164,0.057571,652.9989564901774
update-table,256,1x,0,2,False,88164,0.0574919,652.1017648927
update-table,256,1x,0,3,False,88164,0.0576692,654.1127898008257
update-table,256,1x,0,4,False,88164,0.0577105,654.58123497119
update-table,256,2-stackless,0,0,True,88164,0.019554833,221.80065559638854
update-table,256,2-stackless,0,1,True,88164,0.019682458,223.24824191279887
update-table,256,2-stackless,0,2,False,88164,0.019649,222.8687446123134
update-table,256,2-stackless,0,3,False,88164,0.019657875000000005,222.96940928270047
update-table,256,2-stackless,0,4,False,88164,0.019648833000000004,222.86685041513547
update-table,256,1x,1,0,True,88164,0.0568759,645.1147860804864
update-table,256,1x,1,1,True,88164,0.0569018,645.4085567805454
update-table,256,1x,1,2,False,88164,0.0569502,645.9575336872193
update-table,256,1x,1,3,False,88164,0.0562184,637.6570935982941
update-table,256,1x,1,4,False,88164,0.0571168,647.847193865977
update-table,256,2-stackless,1,0,True,88164,0.019594916,222.25529694659951
update-table,256,2-stackless,1,1,True,88164,0.01967275,223.1381289415181
update-table,256,2-stackless,1,2,False,88164,0.019673125,223.142382378295
update-table,256,2-stackless,1,3,False,88164,0.019639167000000006,222.75721382877373
update-table,256,2-stackless,1,4,False,88164,0.01970287500000001,223.47982169593038
update-table,256,1x,2,0,True,88164,0.0567924,644.1676874914931
update-table,256,1x,2,1,True,88164,0.0564587,640.3826958849417
update-table,256,1x,2,2,False,88164,0.0565128,640.9963250306247
update-table,256,1x,2,3,False,88164,0.0572264,649.0903316546436
update-table,256,1x,2,4,False,88164,0.0560669,635.9387051404201
update-table,256,2-stackless,2,0,True,88164,0.019668584,223.09087609455108
update-table,256,2-stackless,2,1,True,88164,0.019650541999999997,222.88623474434004
update-table,256,2-stackless,2,2,False,88164,0.019651875,222.90135429426977
update-table,256,2-stackless,2,3,False,88164,0.019504249999999994,221.22691801642387
update-table,256,2-stackless,2,4,False,88164,0.01964387499999999,222.8106143096955
const-string,8,1x,0,0,True,1381292,0.0227858,16.49600518934447
const-string,8,1x,0,1,True,1381292,0.0234705,16.991700523857375
const-string,8,1x,0,2,False,1381292,0.0220909,15.992925463985891
const-string,8,1x,0,3,False,1381292,0.0232295,16.8172261911312
const-string,8,1x,0,4,False,1381292,0.0236981,17.156473794100016
const-string,8,2-stackless,0,0,True,1381292,0.041653333,30.155342244796902
const-string,8,2-stackless,0,1,True,1381292,0.04205145799999999,30.443568774741323
const-string,8,2-stackless,0,2,False,1381292,0.041823709,30.27868763447555
const-string,8,2-stackless,0,3,False,1381292,0.04174125000000001,30.21899062616739
const-string,8,2-stackless,0,4,False,1381292,0.04171983400000001,30.20348630123103
const-string,8,2-stackless,1,0,True,1381292,0.041531166,30.066898237302468
const-string,8,2-stackless,1,1,True,1381292,0.041637375000000004,30.143789292922865
const-string,8,2-stackless,1,2,False,1381292,0.041610417,30.12427278229368
const-string,8,2-stackless,1,3,False,1381292,0.041609707999999995,30.12375949473391
const-string,8,2-stackless,1,4,False,1381292,0.04152779200000001,30.064455596644308
const-string,8,1x,1,0,True,1381292,0.0218948,15.850956930178413
const-string,8,1x,1,1,True,1381292,0.0216287,15.658311204292792
const-string,8,1x,1,2,False,1381292,0.0220665,15.975260842747225
const-string,8,1x,1,3,False,1381292,0.0219164,15.866594463733954
const-string,8,1x,1,4,False,1381292,0.0219169,15.866956443677369
const-string,8,1x,2,0,True,1381292,0.0214037,15.49542022975591
const-string,8,1x,2,1,True,1381292,0.021359,15.463059222814582
const-string,8,1x,2,2,False,1381292,0.0218717,15.834233456792626
const-string,8,1x,2,3,False,1381292,0.0220232,15.94391337964746
const-string,8,1x,2,4,False,1381292,0.0219164,15.866594463733954
const-string,8,2-stackless,2,0,True,1381292,0.041660708,30.160681448962276
const-string,8,2-stackless,2,1,True,1381292,0.041664917,30.163728596125946
const-string,8,2-stackless,2,2,False,1381292,0.041718209000000006,30.20230986641493
const-string,8,2-stackless,2,3,False,1381292,0.04150404200000002,30.04726154933209
const-string,8,2-stackless,2,4,False,1381292,0.041553958,30.08339873104311
add-float,8,2-stackless,0,0,True,1779091,0.05845375,32.85596408502994
add-float,8,2-stackless,0,1,True,1779091,0.06087079200000001,34.21454664207734
add-float,8,2-stackless,0,2,False,1779091,0.058250667000000006,32.74181421860939
add-float,8,2-stackless,0,3,False,1779091,0.07849675,44.12182963097447
add-float,8,2-stackless,0,4,False,1779091,0.063652708,35.77821932661117
add-float,8,1x,0,0,True,1779091,0.020772,11.675625361490784
add-float,8,1x,0,1,True,1779091,0.0208587,11.724358113216244
add-float,8,1x,0,2,False,1779091,0.0206586,11.611884945739144
add-float,8,1x,0,3,False,1779091,0.021008,11.808277373107952
add-float,8,1x,0,4,False,1779091,0.0210265,11.818675941815231
add-float,8,1x,1,0,True,1779091,0.0211612,11.894388763700114
add-float,8,1x,1,1,True,1779091,0.0212355,11.936151663967722
add-float,8,1x,1,2,False,1779091,0.0207222,11.647633538700381
add-float,8,1x,1,3,False,1779091,0.020746,11.661011156821095
add-float,8,1x,1,4,False,1779091,0.0207093,11.640382644845037
add-float,8,2-stackless,1,0,True,1779091,0.057815709,32.497330940351
add-float,8,2-stackless,1,1,True,1779091,0.058039625000000004,32.62319071930554
add-float,8,2-stackless,1,2,False,1779091,0.057929250000000015,32.56115061005874
add-float,8,2-stackless,1,3,False,1779091,0.057920584000000025,32.556279583225376
add-float,8,2-stackless,1,4,False,1779091,0.057832042,32.50651147130754
add-float,8,1x,2,0,True,1779091,0.021185,11.907766381820828
add-float,8,1x,2,1,True,1779091,0.021191,11.911138890590756
add-float,8,1x,2,2,False,1779091,0.0216519,12.170203772600727
add-float,8,1x,2,3,False,1779091,0.0216547,12.171777610026693
add-float,8,1x,2,4,False,1779091,0.0223616,12.569115351603712
add-float,8,2-stackless,2,0,True,1779091,0.05803475,32.62045055592996
add-float,8,2-stackless,2,1,True,1779091,0.05795637499999999,32.57639716012278
add-float,8,2-stackless,2,2,False,1779091,0.05798979200000001,32.595180347716905
add-float,8,2-stackless,2,3,False,1779091,0.05794666700000001,32.57094044093304
add-float,8,2-stackless,2,4,False,1779091,0.05792112499999999,32.55658367109945
add-int,256,1x,0,0,True,99917,0.0206243,206.41432388882774
add-int,256,1x,0,1,True,99917,0.0205005,205.17529549526105
add-int,256,1x,0,2,False,99917,0.0205675,205.84585205720748
add-int,256,1x,0,3,False,99917,0.0206419,206.59047009017485
add-int,256,1x,0,4,False,99917,0.0210734,210.90905451524765
add-int,256,2-stackless,0,0,True,99917,0.020129750000000002,201.46471571404265
add-int,256,2-stackless,0,1,True,99917,0.020207584,202.2437022728865
add-int,256,2-stackless,0,2,False,99917,0.019998207999999996,200.148203008497
add-int,256,2-stackless,0,3,False,99917,0.020021249999999997,200.37881441596522
add-int,256,2-stackless,0,4,False,99917,0.020013084,200.29708658186294
add-int,256,1x,1,0,True,99917,0.0356563,356.85919313029814
add-int,256,1x,1,1,True,99917,0.0574984,575.461633155519
add-int,256,1x,1,2,False,99917,0.0428641,428.99706756607986
add-int,256,1x,1,3,False,99917,0.0497139,497.5519681335509
add-int,256,1x,1,4,False,99917,0.0337454,337.7343194851727
add-int,256,2-stackless,1,0,True,99917,0.0198265,198.42969664821803
add-int,256,2-stackless,1,1,True,99917,0.0198785,198.9501286067436
add-int,256,2-stackless,1,2,False,99917,0.019880084,198.96598176486484
add-int,256,2-stackless,1,3,False,99917,0.019890333999999996,199.0685669105357
add-int,256,2-stackless,1,4,False,99917,0.01985500000000001,198.71493339471772
add-int,256,2-stackless,2,0,True,99917,0.019774209,197.90635227238607
add-int,256,2-stackless,2,1,True,99917,0.019822875,198.39341653572464
add-int,256,2-stackless,2,2,False,99917,0.019787875000000003,198.0431257944094
add-int,256,2-stackless,2,3,False,99917,0.019790583000000007,198.07022828948035
add-int,256,2-stackless,2,4,False,99917,0.019834541999999997,198.51018345226535
add-int,256,1x,2,0,True,99917,0.0405825,406.16211455508073
add-int,256,1x,2,1,True,99917,0.0738114,738.7271435291292
add-int,256,1x,2,2,False,99917,0.064506,645.5958445509773
add-int,256,1x,2,3,False,99917,0.0253751,253.96178828427594
add-int,256,1x,2,4,False,99917,0.0610406,610.9130578380056
do-int,64,1x,0,0,True,35877,0.0208395,580.8596036457898
do-int,64,1x,0,1,True,35877,0.020351,567.2436379853388
do-int,64,1x,0,2,False,35877,0.020804,579.8701117707724
do-int,64,1x,0,3,False,35877,0.0207941,579.5941689661901
do-int,64,1x,0,4,False,35877,0.0208004,579.7697689327424
do-int,64,2-stackless,0,0,True,35877,0.125217959,3490.2014939933656
do-int,64,2-stackless,0,1,True,35877,0.12507641699999997,3486.256292332134
do-int,64,2-stackless,0,2,False,35877,0.12523258299999995,3490.609108899851
do-int,64,2-stackless,0,3,False,35877,0.12540258299999996,3495.347520695709
do-int,64,2-stackless,0,4,False,35877,0.12500470900000005,3484.257574490622
do-int,64,1x,1,0,True,35877,0.0207379,578.0277057725004
do-int,64,1x,1,1,True,35877,0.0207808,579.2234579256906
do-int,64,1x,1,2,False,35877,0.0207881,579.4269309028068
do-int,64,1x,1,3,False,35877,0.0204628,570.3598405663796
do-int,64,1x,1,4,False,35877,0.0206954,576.843102823536
do-int,64,2-stackless,1,0,True,35877,0.12474020899999999,3476.8851631964762
do-int,64,2-stackless,1,1,True,35877,0.12477175,3477.7643058226718
do-int,64,2-stackless,1,2,False,35877,0.127951291,3566.3876857039327
do-int,64,2-stackless,1,3,False,35877,0.12729079100000001,3547.9775622264965
do-int,64,2-stackless,1,4,False,35877,0.12524266699999997,3490.8901803383774
do-int,64,1x,2,0,True,35877,0.0207442,578.2033057390529
do-int,64,1x,2,1,True,35877,0.020427,569.361986788193
do-int,64,1x,2,2,False,35877,0.0208164,580.2157371017644
do-int,64,1x,2,3,False,35877,0.0208345,580.7202385929704
do-int,64,1x,2,4,False,35877,0.0208406,580.8902639574101
do-int,64,2-stackless,2,0,True,35877,0.12483825,3479.6178610251695
do-int,64,2-stackless,2,1,True,35877,0.12488874999999999,3481.025448058645
do-int,64,2-stackless,2,2,False,35877,0.12531229100000002,3492.8308108258775
do-int,64,2-stackless,2,3,False,35877,0.12535783300000003,3494.100203472978
do-int,64,2-stackless,2,4,False,35877,0.12507920800000005,3486.33408590462
take-seq,0,2-stackless,0,0,True,4064380,0.11649808399999999,28.663187005152075
take-seq,0,2-stackless,0,1,True,4064380,0.11654787500000001,28.675437582115848
take-seq,0,2-stackless,0,2,False,4064380,0.1165815,28.68371067665917
take-seq,0,2-stackless,0,3,False,4064380,0.11648641700000001,28.660316456630536
take-seq,0,2-stackless,0,4,False,4064380,0.11643933299999998,28.648731909909994
take-seq,0,1x,0,0,True,4064380,0.0210805,5.186645933697145
take-seq,0,1x,0,1,True,4064380,0.0209403,5.1521511276012575
take-seq,0,1x,0,2,False,4064380,0.0209497,5.154463903473593
take-seq,0,1x,0,3,False,4064380,0.0209577,5.156432223364941
take-seq,0,1x,0,4,False,4064380,0.0209733,5.160270447153072
take-seq,0,2-stackless,1,0,True,4064380,0.116218125,28.594305896594314
take-seq,0,2-stackless,1,1,True,4064380,0.11611791699999999,28.569650721635277
take-seq,0,2-stackless,1,2,False,4064380,0.116368833,28.631386090867487
take-seq,0,2-stackless,1,3,False,4064380,0.11930754100000002,29.3544257672757
take-seq,0,2-stackless,1,4,False,4064380,0.11700691700000004,28.78838026956142
take-seq,0,1x,1,0,True,4064380,0.020387,5.01601720311585
take-seq,0,1x,1,1,True,4064380,0.0207133,5.0963000506842375
take-seq,0,1x,1,2,False,4064380,0.0208272,5.124324005137315
take-seq,0,1x,1,3,False,4064380,0.0206785,5.08773785915687
take-seq,0,1x,1,4,False,4064380,0.0207823,5.11327680974712
take-seq,0,2-stackless,2,0,True,4064380,0.117302417,28.861085085548105
take-seq,0,2-stackless,2,1,True,4064380,0.116740125,28.72273876950482
take-seq,0,2-stackless,2,2,False,4064380,0.11696674999999998,28.77849758142693
take-seq,0,2-stackless,2,3,False,4064380,0.11683808400000001,28.7468406005344
take-seq,0,2-stackless,2,4,False,4064380,0.11701183300000001,28.789589802134646
take-seq,0,1x,2,0,True,4064380,0.0214012,5.2655509573415875
take-seq,0,1x,2,1,True,4064380,0.0208793,5.137142688429724
take-seq,0,1x,2,2,False,4064380,0.0209081,5.1442286400385795
take-seq,0,1x,2,3,False,4064380,0.0208924,5.140365812251807
take-seq,0,1x,2,4,False,4064380,0.0207915,5.115540377622171
get-table,64,2-stackless,0,0,True,308504,0.01971075,63.891392007883205
get-table,64,2-stackless,0,1,True,308504,0.019680791,63.794281435572955
get-table,64,2-stackless,0,2,False,308504,0.019765542000000004,64.06899748463555
get-table,64,2-stackless,0,3,False,308504,0.019702666,63.86518813370329
get-table,64,2-stackless,0,4,False,308504,0.019680792000000003,63.79428467702203
get-table,64,1x,0,0,True,308504,0.0360384,116.81663770972176
get-table,64,1x,0,1,True,308504,0.0353161,114.4753390555714
get-table,64,1x,0,2,False,308504,0.0359132,116.41080828773696
get-table,64,1x,0,3,False,308504,0.035841,116.17677566579364
get-table,64,1x,0,4,False,308504,0.0370869,120.21529704639161
get-table,64,1x,1,0,True,308504,0.0383329,124.25414257189534
get-table,64,1x,1,1,True,308504,0.0361611,117.21436350906309
get-table,64,1x,1,2,False,308504,0.0362557,117.52100458989186
get-table,64,1x,1,3,False,308504,0.0369167,119.66360241682442
get-table,64,1x,1,4,False,308504,0.0386233,125.19545937816041
get-table,64,2-stackless,1,0,True,308504,0.019643583000000003,63.67367359904573
get-table,64,2-stackless,1,1,True,308504,0.019764834,64.0667025387029
get-table,64,2-stackless,1,2,False,308504,0.019731750000000006,63.959462438088345
get-table,64,2-stackless,1,3,False,308504,0.019649207999999994,63.69190674999349
get-table,64,2-stackless,1,4,False,308504,0.019639791000000004,63.66138202422012
get-table,64,2-stackless,2,0,True,308504,0.019676875,63.78158792106423
get-table,64,2-stackless,2,1,True,308504,0.019649499999999997,63.692853253118265
get-table,64,2-stackless,2,2,False,308504,0.019717416,63.912999507299745
get-table,64,2-stackless,2,3,False,308504,0.01925925,62.427877758473144
get-table,64,2-stackless,2,4,False,308504,0.019475915999999996,63.13018955994087
get-table,64,1x,2,0,True,308504,0.0373033,120.91674662241009
get-table,64,1x,2,1,True,308504,0.0369031,119.61951870964396
get-table,64,1x,2,2,False,308504,0.036882,119.5511241345331
get-table,64,1x,2,3,False,308504,0.03775,122.36470191634469
get-table,64,1x,2,4,False,308504,0.0379075,122.87523014288307
const-string,0,1x,0,0,True,1888272,0.0187914,9.951638323292407
const-string,0,1x,0,1,True,1888272,0.0185665,9.832534719574298
const-string,0,1x,0,2,False,1888272,0.0189148,10.016989077844718
const-string,0,1x,0,3,False,1888272,0.0187856,9.948566731911503
const-string,0,1x,0,4,False,1888272,0.0188025,9.95751671369379
const-string,0,2-stackless,0,0,True,1888272,0.0549835,29.11842149859766
const-string,0,2-stackless,0,1,True,1888272,0.054900291999999996,29.074355813145562
const-string,0,2-stackless,0,2,False,1888272,0.055618208,29.45455315759594
const-string,0,2-stackless,0,3,False,1888272,0.055772458,29.536241600786326
const-string,0,2-stackless,0,4,False,1888272,0.05540499999999998,29.341641458433948
const-string,0,1x,1,0,True,1888272,0.0190247,10.075190438665617
const-string,0,1x,1,1,True,1888272,0.0188561,9.985902454731098
const-string,0,1x,1,2,False,1888272,0.018739,9.923888083920113
const-string,0,1x,1,3,False,1888272,0.0188838,10.000571951498513
const-string,0,1x,1,4,False,1888272,0.0188792,9.998135861782625
const-string,0,2-stackless,1,0,True,1888272,0.055343125,29.30887340383165
const-string,0,2-stackless,1,1,True,1888272,0.055661790999999995,29.477634048484536
const-string,0,2-stackless,1,2,False,1888272,0.05552633300000001,29.40589756136828
const-string,0,2-stackless,1,3,False,1888272,0.05551979200000001,29.402433547709236
const-string,0,2-stackless,1,4,False,1888272,0.055666667,29.480216303583383
const-string,0,1x,2,0,True,1888272,0.0188359,9.975204843370022
const-string,0,1x,2,1,True,1888272,0.018792,9.951956074124913
const-string,0,1x,2,2,False,1888272,0.018863,9.98955658930493
const-string,0,1x,2,3,False,1888272,0.0188056,9.959158426328411
const-string,0,1x,2,4,False,1888272,0.0186885,9.897144055517426
const-string,0,2-stackless,2,0,True,1888272,0.055387917,29.332594562647753
const-string,0,2-stackless,2,1,True,1888272,0.055527875000000004,29.406714181007825
const-string,0,2-stackless,2,2,False,1888272,0.05532695900000001,29.30031213723447
const-string,0,2-stackless,2,3,False,1888272,0.05530004200000002,29.286057305303483
const-string,0,2-stackless,2,4,False,1888272,0.055711750000000004,29.504091571553253
take-seq,256,2-stackless,0,0,True,33396,0.019889458,595.5640795304827
take-seq,256,2-stackless,0,1,True,33396,0.020022375,599.544107078692
take-seq,256,2-stackless,0,2,False,33396,0.019994417,598.7069409510121
take-seq,256,2-stackless,0,3,False,33396,0.019990958999999996,598.6033956162413
take-seq,256,2-stackless,0,4,False,33396,0.020055208000000005,600.5272487723082
take-seq,256,1x,0,0,True,33396,0.0354122,1060.372499700563
take-seq,256,1x,0,1,True,33396,0.0351284,1051.874475985148
take-seq,256,1x,0,2,False,33396,0.0356271,1066.807402084082
take-seq,256,1x,0,3,False,33396,0.0356395,1067.1787040364115
take-seq,256,1x,0,4,False,33396,0.0352921,1056.7762606300155
take-seq,256,1x,1,0,True,33396,0.0356235,1066.699604743083
take-seq,256,1x,1,1,True,33396,0.0353604,1058.8214157384118
take-seq,256,1x,1,2,False,33396,0.03565,1067.4931129476583
take-seq,256,1x,1,3,False,33396,0.0356305,1066.9092106839144
take-seq,256,1x,1,4,False,33396,0.0353468,1058.4141813390825
take-seq,256,2-stackless,1,0,True,33396,0.019890083000000003,595.5827943466285
take-seq,256,2-stackless,1,1,True,33396,0.019980708,598.296442687747
take-seq,256,2-stackless,1,2,False,33396,0.020055750000000004,600.5434782608697
take-seq,256,2-stackless,1,3,False,33396,0.020008083000000003,599.1161516349265
take-seq,256,2-stackless,1,4,False,33396,0.01997475,598.1180380883939
take-seq,256,1x,2,0,True,33396,0.0349473,1046.4516708587855
take-seq,256,1x,2,1,True,33396,0.035041,1049.2573960953407
take-seq,256,1x,2,2,False,33396,0.0350928,1050.8084800574918
take-seq,256,1x,2,3,False,33396,0.0346567,1037.7500299437058
take-seq,256,1x,2,4,False,33396,0.0348343,1043.0680320996526
take-seq,256,2-stackless,2,0,True,33396,0.019963334,597.7762007426039
take-seq,256,2-stackless,2,1,True,33396,0.019990833,598.5996227093065
take-seq,256,2-stackless,2,2,False,33396,0.019984125,598.3987603305785
take-seq,256,2-stackless,2,3,False,33396,0.01998829199999999,598.5235357527846
take-seq,256,2-stackless,2,4,False,33396,0.019987000000000005,598.4848484848486
update-seq,0,2-stackless,0,0,True,723328,0.021454416,29.66070164572642
update-seq,0,2-stackless,0,1,True,723328,0.02101525,29.053555233586977
update-seq,0,2-stackless,0,2,False,723328,0.021148875000000004,29.23829161874005
update-seq,0,2-stackless,0,3,False,723328,0.021022749999999993,29.063923973632974
update-seq,0,2-stackless,0,4,False,723328,0.021237541999999998,29.36087362856132
update-seq,0,1x,0,0,True,723328,0.0306979,42.43980600778623
update-seq,0,1x,0,1,True,723328,0.0306835,42.4198980268979
update-seq,0,1x,0,2,False,723328,0.0310443,42.9187035480446
update-seq,0,1x,0,3,False,723328,0.0310759,42.962390506105116
update-seq,0,1x,0,4,False,723328,0.0309444,42.78059193063174
update-seq,0,2-stackless,1,0,True,723328,0.0208685,28.85067355335339
update-seq,0,2-stackless,1,1,True,723328,0.021322709000000002,29.478616893027787
update-seq,0,2-stackless,1,2,False,723328,0.021420791999999994,29.61421651035214
update-seq,0,2-stackless,1,3,False,723328,0.021651084,29.932594894708902
update-seq,0,2-stackless,1,4,False,723328,0.02251816699999999,31.131335991417437
update-seq,0,1x,1,0,True,723328,0.0309001,42.719347239426654
update-seq,0,1x,1,1,True,723328,0.0309702,42.81626039639002
update-seq,0,1x,1,2,False,723328,0.0311932,43.1245576004247
update-seq,0,1x,1,3,False,723328,0.0307572,42.52178817908335
update-seq,0,1x,1,4,False,723328,0.0310418,42.91524730136259
update-seq,0,2-stackless,2,0,True,723328,0.021207041000000003,29.31870603654221
update-seq,0,2-stackless,2,1,True,723328,0.021307958,29.45822365510529
update-seq,0,2-stackless,2,2,False,723328,0.021146125,29.234489747389844
update-seq,0,2-stackless,2,3,False,723328,0.02117174999999999,29.26991627588036
update-seq,0,2-stackless,2,4,False,723328,0.02116370899999999,29.258799604052363
update-seq,0,1x,2,0,True,723328,0.0311132,43.0139577066006
update-seq,0,1x,2,1,True,723328,0.0308364,42.63128207396921
update-seq,0,1x,2,2,False,723328,0.0312363,43.18414329322244
update-seq,0,1x,2,3,False,723328,0.0309488,42.786674924792074
update-seq,0,1x,2,4,False,723328,0.030844,42.6417890638825
const-int,64,2-stackless,0,0,True,353514,0.021243958,60.09368228698156
const-int,64,2-stackless,0,1,True,353514,0.021180749999999998,59.91488314465622
const-int,64,2-stackless,0,2,False,353514,0.021216083000000004,60.01483109579819
const-int,64,2-stackless,0,3,False,353514,0.021212291999999994,60.00410733379723
const-int,64,2-stackless,0,4,False,353514,0.021151000000000003,59.83072806168922
const-int,64,1x,0,0,True,353514,0.0207305,58.64124193101264
const-int,64,1x,0,1,True,353514,0.0202362,57.24299461973217
const-int,64,1x,0,2,False,353514,0.0205051,58.00364342006257
const-int,64,1x,0,3,False,353514,0.0207384,58.66358899506102
const-int,64,1x,0,4,False,353514,0.0204383,57.81468343545093
const-int,64,1x,1,0,True,353514,0.0207537,58.70686875201548
const-int,64,1x,1,1,True,353514,0.0198964,56.28178799142325
const-int,64,1x,1,2,False,353514,0.0205182,58.0406999439909
const-int,64,1x,1,3,False,353514,0.0208722,59.04207471274122
const-int,64,1x,1,4,False,353514,0.0207482,58.69131066945015
const-int,64,2-stackless,1,0,True,353514,0.021146166,59.81705392148543
const-int,64,2-stackless,1,1,True,353514,0.020767583000000003,58.74614018115267
const-int,64,2-stackless,1,2,False,353514,0.021103374999999994,59.69600921038486
const-int,64,2-stackless,1,3,False,353514,0.021123166999999998,59.75199567768179
const-int,64,2-stackless,1,4,False,353514,0.02123683400000001,60.07353032694606
const-int,64,2-stackless,2,0,True,353514,0.021404292000000002,60.547225852441485
const-int,64,2-stackless,2,1,True,353514,0.020972584,59.32603517823905
const-int,64,2-stackless,2,2,False,353514,0.021211416999999996,60.00163218429821
const-int,64,2-stackless,2,3,False,353514,0.021206083,59.98654367295213
const-int,64,2-stackless,2,4,False,353514,0.021228083999999994,60.048778831955715
const-int,64,1x,2,0,True,353514,0.0204884,57.95640342390966
const-int,64,1x,2,1,True,353514,0.0199246,56.361558523849126
const-int,64,1x,2,2,False,353514,0.0202471,57.273827910634374
const-int,64,1x,2,3,False,353514,0.0203061,57.440723705426095
const-int,64,1x,2,4,False,353514,0.020336,57.525303099735794
update-int,8,2-stackless,0,0,True,1526718,0.049078458,32.14638066754961
update-int,8,2-stackless,0,1,True,1526718,0.049095415999999996,32.15748815432843
update-int,8,2-stackless,0,2,False,1526718,0.049455,32.39301560602547
update-int,8,2-stackless,0,3,False,1526718,0.04903433300000001,32.11747880093116
update-int,8,2-stackless,0,4,False,1526718,0.048738959,31.924008887037424
update-int,8,1x,0,0,True,1526718,0.0207638,13.600285055917334
update-int,8,1x,0,1,True,1526718,0.0204797,13.414199609882113
update-int,8,1x,0,2,False,1526718,0.0207482,13.590067058880553
update-int,8,1x,0,3,False,1526718,0.020797,13.622031049610996
update-int,8,1x,0,4,False,1526718,0.0207775,13.60925855331502
update-int,8,1x,1,0,True,1526718,0.0207354,13.581683061311912
update-int,8,1x,1,1,True,1526718,0.0203285,13.315163638602545
update-int,8,1x,1,2,False,1526718,0.0207726,13.606049054245775
update-int,8,1x,1,3,False,1526718,0.0208088,13.629760047369587
update-int,8,1x,1,4,False,1526718,0.0207815,13.61187855255522
update-int,8,2-stackless,1,0,True,1526718,0.048607667,31.83801265197633
update-int,8,2-stackless,1,1,True,1526718,0.048390167,31.695550193290444
update-int,8,2-stackless,1,2,False,1526718,0.048405792,31.705784565322475
update-int,8,2-stackless,1,3,False,1526718,0.048651709000000015,31.866860153610567
update-int,8,2-stackless,1,4,False,1526718,0.048339332999999984,31.66225393294635
update-int,8,1x,2,0,True,1526718,0.0207702,13.604477054701654
update-int,8,1x,2,1,True,1526718,0.0204385,13.387213617708051
update-int,8,1x,2,2,False,1526718,0.0207776,13.609324053296024
update-int,8,1x,2,3,False,1526718,0.0207794,13.610503052954115
update-int,8,1x,2,4,False,1526718,0.0207798,13.610765052878135
update-int,8,2-stackless,2,0,True,1526718,0.048293584,31.63228834663638
update-int,8,2-stackless,2,1,True,1526718,0.048468332999999995,31.74674890844281
update-int,8,2-stackless,2,2,False,1526718,0.04844883400000001,31.733977067146654
update-int,8,2-stackless,2,3,False,1526718,0.048738958,31.92400823203761
update-int,8,2-stackless,2,4,False,1526718,0.04883595900000001,31.98754386861229
get-table,8,1x,0,0,True,648299,0.0449698,69.36583274075697
get-table,8,1x,0,1,True,648299,0.0455095,70.19831898552982
get-table,8,1x,0,2,False,648299,0.0452325,69.77104700146074
get-table,8,1x,0,3,False,648299,0.0455295,70.2291689482785
get-table,8,1x,0,4,False,648299,0.0459114,70.81824898696435
get-table,8,2-stackless,0,0,True,648299,0.019957792,30.78485698728519
get-table,8,2-stackless,0,1,True,648299,0.019956833999999996,30.78337927406952
get-table,8,2-stackless,0,2,False,648299,0.019962709000000002,30.792441450626953
get-table,8,2-stackless,0,3,False,648299,0.020242583,31.22414657434301
get-table,8,2-stackless,0,4,False,648299,0.019911625000000002,30.713644475774302
get-table,8,2-stackless,1,0,True,648299,0.019744375,30.45566166228854
get-table,8,2-stackless,1,1,True,648299,0.020102625,31.008261620024093
get-table,8,2-stackless,1,2,False,648299,0.020016125000000003,30.874835531136103
get-table,8,2-stackless,1,3,False,648299,0.019936957999999998,30.752720581089893
get-table,8,2-stackless,1,4,False,648299,0.019953042000000004,30.777530121132383
get-table,8,1x,1,0,True,648299,0.047925,73.92422323650044
get-table,8,1x,1,1,True,648299,0.0453909,70.01537870643021
get-table,8,1x,1,2,False,648299,0.045992,70.94257433684149
get-table,8,1x,1,3,False,648299,0.0469618,72.4384890305245
get-table,8,1x,1,4,False,648299,0.0483579,74.5919706801954
get-table,8,1x,2,0,True,648299,0.0478781,73.85188007385482
get-table,8,1x,2,1,True,648299,0.0498359,76.87178292732212
get-table,8,1x,2,2,False,648299,0.0476455,73.49309500708777
get-table,8,1x,2,3,False,648299,0.0476552,73.50805723902089
get-table,8,1x,2,4,False,648299,0.048047,74.11240800926733
get-table,8,2-stackless,2,0,True,648299,0.019835084,30.595580125837
get-table,8,2-stackless,2,1,True,648299,0.020078334000000003,30.970792797767704
get-table,8,2-stackless,2,2,False,648299,0.020088458000000003,30.986409048911078
get-table,8,2-stackless,2,3,False,648299,0.020336624999999997,31.369206184183525
get-table,8,2-stackless,2,4,False,648299,0.020335584000000004,31.36760044362247
const-seq,256,1x,0,0,True,129426,0.0319459,246.82753078979493
const-seq,256,1x,0,1,True,129426,0.031402,242.62512941758226
const-seq,256,1x,0,2,False,129426,0.0318706,246.24573115139154
const-seq,256,1x,0,3,False,129426,0.0320138,247.35215489932474
const-seq,256,1x,0,4,False,129426,0.0313902,242.53395762829726
const-seq,256,2-stackless,0,0,True,129426,0.020079584,155.14335604901643
const-seq,256,2-stackless,0,1,True,129426,0.020192291,156.0141779858761
const-seq,256,2-stackless,0,2,False,129426,0.020160584000000002,155.7691962974982
const-seq,256,2-stackless,0,3,False,129426,0.020163416000000003,155.7910775269266
const-seq,256,2-stackless,0,4,False,129426,0.019651666999999998,151.8370883748242
const-seq,256,1x,1,0,True,129426,0.0322182,248.93143572388857
const-seq,256,1x,1,1,True,129426,0.0319112,246.55942391791447
const-seq,256,1x,1,2,False,129426,0.0325873,251.78325838703196
const-seq,256,1x,1,3,False,129426,0.0329847,254.85373881600296
const-seq,256,1x,1,4,False,129426,0.0325647,251.60864123128277
const-seq,256,2-stackless,1,0,True,129426,0.020055334,154.95599029561293
const-seq,256,2-stackless,1,1,True,129426,0.020143249999999998,155.63526648432307
const-seq,256,2-stackless,1,2,False,129426,0.020145208000000005,155.65039482020617
const-seq,256,2-stackless,1,3,False,129426,0.020193249999999996,156.02158762536118
const-seq,256,2-stackless,1,4,False,129426,0.020189917,155.9958354580996
const-seq,256,1x,2,0,True,129426,0.031425,242.8028371424598
const-seq,256,1x,2,1,True,129426,0.0318508,246.09274797954043
const-seq,256,1x,2,2,False,129426,0.0322335,249.04964999304622
const-seq,256,1x,2,3,False,129426,0.0320425,247.5739032342806
const-seq,256,1x,2,4,False,129426,0.0318415,246.02089224730733
const-seq,256,2-stackless,2,0,True,129426,0.020179334,155.91406672538747
const-seq,256,2-stackless,2,1,True,129426,0.020205416,156.11558728539862
const-seq,256,2-stackless,2,2,False,129426,0.020327916999999994,157.06208180736476
const-seq,256,2-stackless,2,3,False,129426,0.019954375000000003,154.1759383740516
const-seq,256,2-stackless,2,4,False,129426,0.019917292000000003,153.88941943658926
get-seq,0,2-stackless,0,0,True,688272,0.020275083000000003,29.45795121696074
get-seq,0,2-stackless,0,1,True,688272,0.020288832999999996,29.477928783969123
get-seq,0,2-stackless,0,2,False,688272,0.020324542,29.529810888718412
get-seq,0,2-stackless,0,3,False,688272,0.02027862500000001,29.46309743822211
get-seq,0,2-stackless,0,4,False,688272,0.020289916000000005,29.479502289792414
get-seq,0,1x,0,0,True,688272,0.029278,42.538415045214684
get-seq,0,1x,0,1,True,688272,0.0298122,43.31456168491527
get-seq,0,1x,0,2,False,688272,0.0295162,42.88449915149825
get-seq,0,1x,0,3,False,688272,0.029205,42.432352325824674
get-seq,0,1x,0,4,False,688272,0.0295753,42.97036636678522
get-seq,0,2-stackless,1,0,True,688272,0.020123042,29.237048724922705
get-seq,0,2-stackless,1,1,True,688272,0.020364083,29.58726055977869
get-seq,0,2-stackless,1,2,False,688272,0.020339041000000002,29.55087668828603
get-seq,0,2-stackless,1,3,False,688272,0.020413584,29.659181253922867
get-seq,0,2-stackless,1,4,False,688272,0.020436042,29.69181079573192
get-seq,0,1x,1,0,True,688272,0.0294857,42.84018527558872
get-seq,0,1x,1,1,True,688272,0.029089,42.263814305972055
get-seq,0,1x,1,2,False,688272,0.0296922,43.14021200920566
get-seq,0,1x,1,3,False,688272,0.0291274,42.31960620219913
get-seq,0,1x,1,4,False,688272,0.0294907,42.847449845409955
get-seq,0,2-stackless,2,0,True,688272,0.020122,29.23553478857196
get-seq,0,2-stackless,2,1,True,688272,0.020454791,29.719051479647582
get-seq,0,2-stackless,2,2,False,688272,0.020304749999999996,29.501054815538037
get-seq,0,2-stackless,2,3,False,688272,0.020278917,29.463521689099657
get-seq,0,2-stackless,2,4,False,688272,0.020285125,29.472541378989703
get-seq,0,1x,2,0,True,688272,0.0294283,42.75678801404096
get-seq,0,1x,2,1,True,688272,0.0292212,42.45588953204547
get-seq,0,1x,2,2,False,688272,0.0295618,42.95075202826789
get-seq,0,1x,2,3,False,688272,0.0299302,43.486005532696375
get-seq,0,1x,2,4,False,688272,0.029301,42.57183206639235
const-seq,64,1x,0,0,True,337910,0.0322147,95.33514841229913
const-seq,64,1x,0,1,True,337910,0.0322022,95.29815631381138
const-seq,64,1x,0,2,False,337910,0.0322895,95.55650912964991
const-seq,64,1x,0,3,False,337910,0.0325374,96.29013642685922
const-seq,64,1x,0,4,False,337910,0.0319388,94.51865881447723
const-seq,64,2-stackless,0,0,True,337910,0.020408125000000003,60.395149596046295
const-seq,64,2-stackless,0,1,True,337910,0.020432375,60.46691426711254
const-seq,64,2-stackless,0,2,False,337910,0.020451792000000003,60.524376313219506
const-seq,64,2-stackless,0,3,False,337910,0.020692875,61.237829599597525
const-seq,64,2-stackless,0,4,False,337910,0.020647208,61.10268414666627
const-seq,64,1x,1,0,True,337910,0.0327267,96.85034476635789
const-seq,64,1x,1,1,True,337910,0.0322362,95.39877482169808
const-seq,64,1x,1,2,False,337910,0.0327235,96.84087478914505
const-seq,64,1x,1,3,False,337910,0.0327593,96.94682015921398
const-seq,64,1x,1,4,False,337910,0.0321248,95.06910123997515
const-seq,64,2-stackless,1,0,True,337910,0.02005075,59.33754550028114
const-seq,64,2-stackless,1,1,True,337910,0.020452457999999996,60.52634725222691
const-seq,64,2-stackless,1,2,False,337910,0.020379750000000002,60.31117753247907
const-seq,64,2-stackless,1,3,False,337910,0.020453916999999995,60.5306649699624
const-seq,64,2-stackless,1,4,False,337910,0.020452749999999992,60.527211387647576
const-seq,64,2-stackless,2,0,True,337910,0.020391667,60.34644431949336
const-seq,64,2-stackless,2,1,True,337910,0.020412334000000004,60.4076055754491
const-seq,64,2-stackless,2,2,False,337910,0.020547333,60.80711727974904
const-seq,64,2-stackless,2,3,False,337910,0.020264333000000002,59.969616169986104
const-seq,64,2-stackless,2,4,False,337910,0.020410167000000007,60.40119262525527
const-seq,64,1x,2,0,True,337910,0.0322944,95.5710100322571
const-seq,64,1x,2,1,True,337910,0.0322588,95.46565653576396
const-seq,64,1x,2,2,False,337910,0.0324866,96.13980053860494
const-seq,64,1x,2,3,False,337910,0.0325608,96.35938563522832
const-seq,64,1x,2,4,False,337910,0.0325237,96.24959308691665
assign-int,256,2-stackless,0,0,True,38047,0.019896084,522.9343706468316
assign-int,256,2-stackless,0,1,True,38047,0.019977334000000003,525.0698872447238
assign-int,256,2-stackless,0,2,False,38047,0.019998000000000002,525.6130575341026
assign-int,256,2-stackless,0,3,False,38047,0.019947167000000002,524.2769995006176
assign-int,256,2-stackless,0,4,False,38047,0.01998108400000001,525.168449549242
assign-int,256,1x,0,0,True,38047,0.0232507,611.1046863090388
assign-int,256,1x,0,1,True,38047,0.02297,603.7269692748442
assign-int,256,1x,0,2,False,38047,0.0229919,604.30257313323
assign-int,256,1x,0,3,False,38047,0.0230083,604.7336189449891
assign-int,256,1x,0,4,False,38047,0.0227679,598.415118143349
assign-int,256,2-stackless,1,0,True,38047,0.019968125,524.8278445081083
assign-int,256,2-stackless,1,1,True,38047,0.019991375,525.4389307961206
assign-int,256,2-stackless,1,2,False,38047,0.019964083,524.7216074854784
assign-int,256,2-stackless,1,3,False,38047,0.020263833000000002,532.6000210266251
assign-int,256,2-stackless,1,4,False,38047,0.019928791,523.7940179251977
assign-int,256,1x,1,0,True,38047,0.0234279,615.7620837385339
assign-int,256,1x,1,1,True,38047,0.0227817,598.7778274239756
assign-int,256,1x,1,2,False,38047,0.0232021,609.8273188424843
assign-int,256,1x,1,3,False,38047,0.0232755,611.7565116829185
assign-int,256,1x,1,4,False,38047,0.0232984,612.358398822509
assign-int,256,2-stackless,2,0,True,38047,0.020137959,529.2916392882487
assign-int,256,2-stackless,2,1,True,38047,0.019964125,524.722711383289
assign-int,256,2-stackless,2,2,False,38047,0.020020041999999995,526.1923936184193
assign-int,256,2-stackless,2,3,False,38047,0.019975292,525.0162167845034
assign-int,256,2-stackless,2,4,False,38047,0.020022790999999998,526.2646463584513
assign-int,256,1x,2,0,True,38047,0.0230286,605.267169553447
assign-int,256,1x,2,1,True,38047,0.0225396,592.4146450442873
assign-int,256,1x,2,2,False,38047,0.0229435,603.0304623229164
assign-int,256,1x,2,3,False,38047,0.0229413,602.9726391042658
assign-int,256,1x,2,4,False,38047,0.0229936,604.3472547112782
get-int,8,1x,0,0,True,1856856,0.0214701,11.562609055306389
get-int,8,1x,0,1,True,1856856,0.0212476,11.442782854459367
get-int,8,1x,0,2,False,1856856,0.021642,11.655184893174269
get-int,8,1x,0,3,False,1856856,0.0216452,11.656908236287574
get-int,8,1x,0,4,False,1856856,0.0216803,11.675811156061643
get-int,8,2-stackless,0,0,True,1856856,0.055744417000000004,30.02086160693129
get-int,8,2-stackless,0,1,True,1856856,0.055576042000000006,29.93018413921166
get-int,8,2-stackless,0,2,False,1856856,0.05582866600000001,30.066233461291567
get-int,8,2-stackless,0,3,False,1856856,0.05585954200000001,30.082861568156073
get-int,8,2-stackless,0,4,False,1856856,0.055716374999999985,30.00575973581149
get-int,8,2-stackless,1,0,True,1856856,0.0561605,30.244940910873
get-int,8,2-stackless,1,1,True,1856856,0.055889666,30.099084689388945
get-int,8,2-stackless,1,2,False,1856856,0.055955749999999985,30.134673878857587
get-int,8,2-stackless,1,3,False,1856856,0.05581766699999999,30.060310007884286
get-int,8,2-stackless,1,4,False,1856856,0.05581679200000003,30.059838781251766
get-int,8,1x,1,0,True,1856856,0.0213377,11.491305733993373
get-int,8,1x,1,1,True,1856856,0.0208972,11.254076783552414
get-int,8,1x,1,2,False,1856856,0.0215512,11.606285032334226
get-int,8,1x,1,3,False,1856856,0.0215933,11.62895776516865
get-int,8,1x,1,4,False,1856856,0.0217333,11.704354026375766
get-int,8,1x,2,0,True,1856856,0.0216825,11.67699595445204
get-int,8,1x,2,1,True,1856856,0.0215279,11.59373694029047
get-int,8,1x,2,2,False,1856856,0.02113,11.37944999504539
get-int,8,1x,2,3,False,1856856,0.0215634,11.612855277953702
get-int,8,1x,2,4,False,1856856,0.0216268,11.646999013386068
get-int,8,2-stackless,2,0,True,1856856,0.056539417,30.449004661643123
get-int,8,2-stackless,2,1,True,1856856,0.055507875000000005,29.893473161085193
get-int,8,2-stackless,2,2,False,1856856,0.055551875,29.91716912889314
get-int,8,2-stackless,2,3,False,1856856,0.05546108400000002,29.868274114955614
get-int,8,2-stackless,2,4,False,1856856,0.055595584,29.940708380186724
make-seq,0,2-stackless,0,0,True,2372705,0.06989875,29.459519830741705
make-seq,0,2-stackless,0,1,True,2372705,0.06962529199999999,29.34426825079392
make-seq,0,2-stackless,0,2,False,2372705,0.07020316599999998,29.587818966116725
make-seq,0,2-stackless,0,3,False,2372705,0.07007608300000001,29.534258578289343
make-seq,0,2-stackless,0,4,False,2372705,0.07029654199999996,29.627173205265702
make-seq,0,1x,0,0,True,2372705,0.021104,8.894489622603738
make-seq,0,1x,0,1,True,2372705,0.0209624,8.834810901481642
make-seq,0,1x,0,2,False,2372705,0.0211468,8.912528106106743
make-seq,0,1x,0,3,False,2372705,0.021179,8.92609911472349
make-seq,0,1x,0,4,False,2372705,0.0211268,8.904098908208143
make-seq,0,2-stackless,1,0,True,2372705,0.069756709,29.399655245805945
make-seq,0,2-stackless,1,1,True,2372705,0.069642792,29.3516437989552
make-seq,0,2-stackless,1,2,False,2372705,0.06979933400000002,29.417619973827346
make-seq,0,2-stackless,1,3,False,2372705,0.07009662500000002,29.542916207451
make-seq,0,2-stackless,1,4,False,2372705,0.06960829099999999,29.337103011120213
make-seq,0,1x,1,0,True,2372705,0.0223318,9.41195808159885
make-seq,0,1x,1,1,True,2372705,0.0223463,9.418069250075336
make-seq,0,1x,1,2,False,2372705,0.0228785,9.642370206157107
make-seq,0,1x,1,3,False,2372705,0.0223946,9.438425763000458
make-seq,0,1x,1,4,False,2372705,0.0217055,9.14799774940416
make-seq,0,2-stackless,2,0,True,2372705,0.06920916699999999,29.168888252016153
make-seq,0,2-stackless,2,1,True,2372705,0.06950933399999999,29.295396604297622
make-seq,0,2-stackless,2,2,False,2372705,0.06992441700000002,29.47033744186488
make-seq,0,2-stackless,2,3,False,2372705,0.06973083300000002,29.388749549564743
make-seq,0,2-stackless,2,4,False,2372705,0.06993766699999998,29.475921785472693
make-seq,0,1x,2,0,True,2372705,0.0210395,8.867305459380749
make-seq,0,1x,2,1,True,2372705,0.020998,8.849814873741153
make-seq,0,1x,2,2,False,2372705,0.0210335,8.864776700011168
make-seq,0,1x,2,3,False,2372705,0.0208597,8.791526970272326
make-seq,0,1x,2,4,False,2372705,0.0210423,8.868485547086554
add-int,8,1x,0,0,True,1789710,0.0209367,11.698375714501232
add-int,8,1x,0,1,True,1789710,0.021816,12.189684362270983
add-int,8,1x,0,2,False,1789710,0.021781,12.170128121315743
add-int,8,1x,0,3,False,1789710,0.0207655,11.602717758743037
add-int,8,1x,0,4,False,1789710,0.0208143,11.629984746132054
add-int,8,2-stackless,0,0,True,1789710,0.056019583,31.30092752457102
add-int,8,2-stackless,0,1,True,1789710,0.056097375000000005,31.34439378446788
add-int,8,2-stackless,0,2,False,1789710,0.056265708,31.438449804716964
add-int,8,2-stackless,0,3,False,1789710,0.056188916000000005,31.395542294561693
add-int,8,2-stackless,0,4,False,1789710,0.05607187499999999,31.330145666057625
add-int,8,1x,1,0,True,1789710,0.0209581,11.710332958971007
add-int,8,1x,1,1,True,1789710,0.02077,11.605232132580138
add-int,8,1x,1,2,False,1789710,0.0208431,11.646076738689509
add-int,8,1x,1,3,False,1789710,0.0210267,11.748663191243274
add-int,8,1x,1,4,False,1789710,0.0209275,11.693235216878712
add-int,8,2-stackless,1,0,True,1789710,0.055970708,31.273618630951383
add-int,8,2-stackless,1,1,True,1789710,0.056833542,31.755726905476305
add-int,8,2-stackless,1,2,False,1789710,0.05626350000000001,31.437216085287563
add-int,8,2-stackless,1,3,False,1789710,0.056229583,31.418264970302452
add-int,8,2-stackless,1,4,False,1789710,0.05611966600000004,31.356848874957418
add-int,8,2-stackless,2,0,True,1789710,0.057001417,31.849527018343753
add-int,8,2-stackless,2,1,True,1789710,0.05689304199999999,31.78897251510021
add-int,8,2-stackless,2,2,False,1789710,0.056700583999999984,31.68143665733554
add-int,8,2-stackless,2,3,False,1789710,0.056768708,31.719500924730823
add-int,8,2-stackless,2,4,False,1789710,0.05629083300000001,31.45248839197413
add-int,8,1x,2,0,True,1789710,0.0215573,12.04513580412469
add-int,8,1x,2,1,True,1789710,0.0208257,11.636354493186047
add-int,8,1x,2,2,False,1789710,0.0208654,11.658536857926704
add-int,8,1x,2,3,False,1789710,0.0208348,11.641439115834409
add-int,8,1x,2,4,False,1789710,0.0207206,11.577629895346174
get-table,0,2-stackless,0,0,True,680657,0.019919708,29.265412682158562
get-table,0,2-stackless,0,1,True,680657,0.020110917,29.54633097139969
get-table,0,2-stackless,0,2,False,680657,0.020178875,29.646172741924346
get-table,0,2-stackless,0,3,False,680657,0.020163582999999992,29.62370621326159
get-table,0,2-stackless,0,4,False,680657,0.020184375000000004,29.654253170098894
get-table,0,1x,0,0,True,680657,0.0478943,70.36480929454923
get-table,0,1x,0,1,True,680657,0.0449293,66.00872392409099
get-table,0,1x,0,2,False,680657,0.0456915,67.12852435220677
get-table,0,1x,0,3,False,680657,0.0460334,67.63083315091154
get-table,0,1x,0,4,False,680657,0.0459454,67.50154630011886
get-table,0,2-stackless,1,0,True,680657,0.020051792,29.459466368523355
get-table,0,2-stackless,1,1,True,680657,0.020052583000000002,29.460628481011735
get-table,0,2-stackless,1,2,False,680657,0.020457125,30.05496894911828
get-table,0,2-stackless,1,3,False,680657,0.020156124999999997,29.612749152656914
get-table,0,2-stackless,1,4,False,680657,0.020186875000000007,29.65792609199642
get-table,0,1x,1,0,True,680657,0.045383,66.67528579005284
get-table,0,1x,1,1,True,680657,0.0437807,64.32123668749458
get-table,0,1x,1,2,False,680657,0.0480269,70.55962107199367
get-table,0,1x,1,3,False,680657,0.0483503,71.0347502486568
get-table,0,1x,1,4,False,680657,0.0460879,67.71090284827747
get-table,0,1x,2,0,True,680657,0.0431955,63.461479129723195
get-table,0,1x,2,1,True,680657,0.0435478,63.97906728352166
get-table,0,1x,2,2,False,680657,0.0434835,63.884599732317454
get-table,0,1x,2,3,False,680657,0.046092,67.71692644018941
get-table,0,1x,2,4,False,680657,0.0464241,68.20483738505591
get-table,0,2-stackless,2,0,True,680657,0.020065708,29.479911320973706
get-table,0,2-stackless,2,1,True,680657,0.020034,29.433326917963086
get-table,0,2-stackless,2,2,False,680657,0.020108666000000004,29.54302387252317
get-table,0,2-stackless,2,3,False,680657,0.019661125,28.885510616948036
get-table,0,2-stackless,2,4,False,680657,0.019962542,29.328343056781904
update-table,64,2-stackless,0,0,True,245839,0.0198,80.5405163541993
update-table,64,2-stackless,0,1,True,245839,0.019724457999999997,80.23323394579377
update-table,64,2-stackless,0,2,False,245839,0.019548166,79.51613047563649
update-table,64,2-stackless,0,3,False,245839,0.019704666999999995,80.1527300387652
update-table,64,2-stackless,0,4,False,245839,0.019700707999999997,80.1366260031972
update-table,64,1x,0,0,True,245839,0.0648902,263.95405122864963
update-table,64,1x,0,1,True,245839,0.0638253,259.6223544677614
update-table,64,1x,0,2,False,245839,0.063987,260.28010201798736
update-table,64,1x,0,3,False,245839,0.0633068,257.5132505420214
update-table,64,1x,0,4,False,245839,0.0635248,258.4000097624869
update-table,64,2-stackless,1,0,True,245839,0.019573958,79.62104466744495
update-table,64,2-stackless,1,1,True,245839,0.019653792,79.94578565646623
update-table,64,2-stackless,1,2,False,245839,0.019714541999999995,80.19289860437114
update-table,64,2-stackless,1,3,False,245839,0.019608875000000005,79.76307664772474
update-table,64,2-stackless,1,4,False,245839,0.019702916,80.14560749108156
update-table,64,1x,1,0,True,245839,0.0657686,267.5271214087268
update-table,64,1x,1,1,True,245839,0.0667133,271.3698802875052
update-table,64,1x,1,2,False,245839,0.0652523,265.4269664292484
update-table,64,1x,1,3,False,245839,0.0640636,260.59168805600416
update-table,64,1x,1,4,False,245839,0.0651935,265.18778550189353
update-table,64,2-stackless,2,0,True,245839,0.019671709,80.01866668836108
update-table,64,2-stackless,2,1,True,245839,0.019811334,80.5866196982578
update-table,64,2-stackless,2,2,False,245839,0.019726541,80.24170697082236
update-table,64,2-stackless,2,3,False,245839,0.020011083,81.39913927407775
update-table,64,2-stackless,2,4,False,245839,0.019780459,80.46102937288225
update-table,64,1x,2,0,True,245839,0.063888,259.87739943621636
update-table,64,1x,2,1,True,245839,0.0647375,263.33291300403926
update-table,64,1x,2,2,False,245839,0.0647452,263.3642343159548
update-table,64,1x,2,3,False,245839,0.0653357,265.7662128466191
update-table,64,1x,2,4,False,245839,0.0659453,268.2458845016454
do-int,8,2-stackless,0,0,True,284850,0.134677084,472.8000140424785
do-int,8,2-stackless,0,1,True,284850,0.134354083,471.6660803931894
do-int,8,2-stackless,0,2,False,284850,0.13424675000000003,471.2892750570477
do-int,8,2-stackless,0,3,False,284850,0.134548167,472.3474354923644
do-int,8,2-stackless,0,4,False,284850,0.13450191700000003,472.1850693347377
do-int,8,1x,0,0,True,284850,0.0205012,71.9719150430051
do-int,8,1x,0,1,True,284850,0.020523,72.04844655081622
do-int,8,1x,0,2,False,284850,0.0205506,72.14533965244865
do-int,8,1x,0,3,False,284850,0.0205012,71.9719150430051
do-int,8,1x,0,4,False,284850,0.0204786,71.89257503949447
do-int,8,1x,1,0,True,284850,0.0206178,72.3812532912059
do-int,8,1x,1,1,True,284850,0.0206274,72.41495523959979
do-int,8,1x,1,2,False,284850,0.0205782,72.2422327540811
do-int,8,1x,1,3,False,284850,0.0206162,72.37563629980691
do-int,8,1x,1,4,False,284850,0.0207403,72.81130419519044
do-int,8,2-stackless,1,0,True,284850,0.134932666,473.69726522731264
do-int,8,2-stackless,1,1,True,284850,0.13466787500000002,472.7676847463578
do-int,8,2-stackless,1,2,False,284850,0.13466724999999996,472.7654906090924
do-int,8,2-stackless,1,3,False,284850,0.13423620799999997,471.2522661049674
do-int,8,2-stackless,1,4,False,284850,0.13394354200000003,470.2248271019836
do-int,8,1x,2,0,True,284850,0.0211503,74.25065824117956
do-int,8,1x,2,1,True,284850,0.02121,74.46024223275408
do-int,8,1x,2,2,False,284850,0.0212078,74.45251886958049
do-int,8,1x,2,3,False,284850,0.0212415,74.57082675092154
do-int,8,1x,2,4,False,284850,0.0210602,73.9343514130244
do-int,8,2-stackless,2,0,True,284850,0.134982458,473.87206599964895
do-int,8,2-stackless,2,1,True,284850,0.13486879200000002,473.4730279094261
do-int,8,2-stackless,2,2,False,284850,0.13479950000000002,473.2297700544147
do-int,8,2-stackless,2,3,False,284850,0.13485437499999997,473.42241530630145
do-int,8,2-stackless,2,4,False,284850,0.133875792,469.98698262243283
assign-table,0,2-stackless,0,0,True,681527,0.020127542,29.533007496401463
assign-table,0,2-stackless,0,1,True,681527,0.020073041999999996,29.453040011620956
assign-table,0,2-stackless,0,2,False,681527,0.020204082999999998,29.645315592779152
assign-table,0,2-stackless,0,3,False,681527,0.020086542,29.472848471153746
assign-table,0,2-stackless,0,4,False,681527,0.020178125000000005,29.607227593330865
assign-table,0,1x,0,0,True,681527,0.0472675,69.35528599747332
assign-table,0,1x,0,1,True,681527,0.0433097,63.548032579780404
assign-table,0,1x,0,2,False,681527,0.043695,64.11338068777906
assign-table,0,1x,0,3,False,681527,0.0453308,66.51357906583304
assign-table,0,1x,0,4,False,681527,0.0500586,73.45064832354404
assign-table,0,2-stackless,1,0,True,681527,0.020019625000000003,29.374661605482988
assign-table,0,2-stackless,1,1,True,681527,0.020319334,29.814422612750484
assign-table,0,2-stackless,1,2,False,681527,0.020164875,29.587785957122755
assign-table,0,2-stackless,1,3,False,681527,0.020309124999999997,29.799443015463797
assign-table,0,2-stackless,1,4,False,681527,0.020218874999999997,29.66701979525389
assign-table,0,1x,1,0,True,681527,0.0478973,70.27938731701019
assign-table,0,1x,1,1,True,681527,0.0450652,66.12386596569175
assign-table,0,1x,1,2,False,681527,0.046549,68.30103576233957
assign-table,0,1x,1,3,False,681527,0.0449763,65.99342359143512
assign-table,0,1x,1,4,False,681527,0.0429463,63.01481819502382
assign-table,0,1x,2,0,True,681527,0.0466699,68.47843152215539
assign-table,0,1x,2,1,True,681527,0.0452469,66.39047315807004
assign-table,0,1x,2,2,False,681527,0.0460642,67.5896919711178
assign-table,0,1x,2,3,False,681527,0.0440608,64.65011657645259
assign-table,0,1x,2,4,False,681527,0.0437812,64.23986137012913
assign-table,0,2-stackless,2,0,True,681527,0.019924625,29.23526874210413
assign-table,0,2-stackless,2,1,True,681527,0.019952459,29.276109383780835
assign-table,0,2-stackless,2,2,False,681527,0.01994875,29.270667192935864
assign-table,0,2-stackless,2,3,False,681527,0.019958124999999993,29.284423067611396
assign-table,0,2-stackless,2,4,False,681527,0.020041000000000003,29.40602499974323
update-string,0,2-stackless,0,0,True,2079716,0.060312792,29.000494298259955
update-string,0,2-stackless,0,1,True,2079716,0.060850916,29.259243088960222
update-string,0,2-stackless,0,2,False,2079716,0.06122620799999999,29.439696573955285
update-string,0,2-stackless,0,3,False,2079716,0.061272750000000015,29.46207559109033
update-string,0,2-stackless,0,4,False,2079716,0.06133266699999998,29.49088577478847
update-string,0,1x,0,0,True,2079716,0.0207317,9.968524548544128
update-string,0,1x,0,1,True,2079716,0.0207755,9.989585116429359
update-string,0,1x,0,2,False,2079716,0.0207764,9.99001786782426
update-string,0,1x,0,3,False,2079716,0.0208403,10.020743216862302
update-string,0,1x,0,4,False,2079716,0.0208609,10.030648415456726
update-string,0,2-stackless,1,0,True,2079716,0.061351,29.499700920702633
update-string,0,2-stackless,1,1,True,2079716,0.061414458,29.530213740722292
update-string,0,2-stackless,1,2,False,2079716,0.06129312499999999,29.471872601836015
update-string,0,2-stackless,1,3,False,2079716,0.060967333999999984,29.31522092439544
update-string,0,2-stackless,1,4,False,2079716,0.061444125000000016,29.544478669202917
update-string,0,1x,1,0,True,2079716,0.0207383,9.97169805877341
update-string,0,1x,1,1,True,2079716,0.0207195,9.96265836296879
update-string,0,1x,1,2,False,2079716,0.020586,9.898466906058328
update-string,0,1x,1,3,False,2079716,0.021001,10.09801338259647
update-string,0,1x,1,4,False,2079716,0.0208157,10.008914678734982
update-string,0,1x,2,0,True,2079716,0.0206616,9.934818023230095
update-string,0,1x,2,1,True,2079716,0.0204786,9.846825239600022
update-string,0,1x,2,2,False,2079716,0.0207142,9.960109938087701
update-string,0,1x,2,3,False,2079716,0.0206863,9.946694644845739
update-string,0,1x,2,4,False,2079716,0.0206188,9.91423829022809
update-string,0,2-stackless,2,0,True,2079716,0.061212042,29.432885066999532
update-string,0,2-stackless,2,1,True,2079716,0.061341417,29.495093080016694
update-string,0,2-stackless,2,2,False,2079716,0.061498250000000004,29.570503857257435
update-string,0,2-stackless,2,3,False,2079716,0.060994459,29.32826357060291
update-string,0,2-stackless,2,4,False,2079716,0.060969416000000026,29.316222022622334
make-table,0,1x,0,0,True,1047351,0.0225316,21.512940742883714
make-table,0,1x,0,1,True,1047351,0.0204668,19.54149086600385
make-table,0,1x,0,2,False,1047351,0.0206151,19.68308618600641
make-table,0,1x,0,3,False,1047351,0.0213521,20.386766232141852
make-table,0,1x,0,4,False,1047351,0.0214076,20.439757063295875
make-table,0,2-stackless,0,0,True,1047351,0.030898708,29.501769702802594
make-table,0,2-stackless,0,1,True,1047351,0.031239125000000003,29.826796365306382
make-table,0,2-stackless,0,2,False,1047351,0.030952916999999996,29.55352790038869
make-table,0,2-stackless,0,3,False,1047351,0.031257084000000004,29.843943434436024
make-table,0,2-stackless,0,4,False,1047351,0.031083709,29.678406761439096
make-table,0,2-stackless,1,0,True,1047351,0.031205625,29.79481090866386
make-table,0,2-stackless,1,1,True,1047351,0.03158016699999999,30.15241977140423
make-table,0,2-stackless,1,2,False,1047351,0.031445084,30.023443907534343
make-table,0,2-stackless,1,3,False,1047351,0.03145404199999999,30.031996914119517
make-table,0,2-stackless,1,4,False,1047351,0.031260542,29.847245097393333
make-table,0,1x,1,0,True,1047351,0.0215168,20.544020104052986
make-table,0,1x,1,1,True,1047351,0.0205647,19.634964782580052
make-table,0,1x,1,2,False,1047351,0.0214308,20.461908185508012
make-table,0,1x,1,3,False,1047351,0.0212955,20.33272513226225
make-table,0,1x,1,4,False,1047351,0.0213281,20.3638512781293
make-table,0,1x,2,0,True,1047351,0.021393,20.425817132938242
make-table,0,1x,2,1,True,1047351,0.021196,20.237723552085214
make-table,0,1x,2,2,False,1047351,0.0216872,20.706716277542103
make-table,0,1x,2,3,False,1047351,0.0214694,20.498763069878198
make-table,0,1x,2,4,False,1047351,0.021481,20.509838630984262
make-table,0,2-stackless,2,0,True,1047351,0.0310525,29.648608728115025
make-table,0,2-stackless,2,1,True,1047351,0.031352084,29.93464846073571
make-table,0,2-stackless,2,2,False,1047351,0.031318083,29.90218465442817
make-table,0,2-stackless,2,3,False,1047351,0.03148037499999999,30.05713939262004
make-table,0,2-stackless,2,4,False,1047351,0.031386625,29.967627853508517
const-int,8,1x,0,0,True,1866247,0.0218136,11.688484964744752
const-int,8,1x,0,1,True,1866247,0.0217227,11.639777585710787
const-int,8,1x,0,2,False,1866247,0.021817,11.69030680290444
const-int,8,1x,0,3,False,1866247,0.0218137,11.688538548220038
const-int,8,1x,0,4,False,1866247,0.0219307,11.751231214303358
const-int,8,2-stackless,0,0,True,1866247,0.055813125,29.90661204009973
const-int,8,2-stackless,0,1,True,1866247,0.05583691700000001,29.919360620539514
const-int,8,2-stackless,0,2,False,1866247,0.055821334,29.911010707585866
const-int,8,2-stackless,0,3,False,1866247,0.055743374999999984,29.86923756608851
const-int,8,2-stackless,0,4,False,1866247,0.055949,29.979418587143073
const-int,8,1x,1,0,True,1866247,0.0215513,11.547935509072486
const-int,8,1x,1,1,True,1866247,0.0210424,11.27524920334768
const-int,8,1x,1,2,False,1866247,0.021552,11.54831059339948
const-int,8,1x,1,3,False,1866247,0.0216484,11.599965063574114
const-int,8,1x,1,4,False,1866247,0.0216775,11.615557854882017
const-int,8,2-stackless,1,0,True,1866247,0.055987959,30.000294173279315
const-int,8,2-stackless,1,1,True,1866247,0.055360791,29.664235763004577
const-int,8,2-stackless,1,2,False,1866247,0.05604558400000001,30.031171650912235
const-int,8,2-stackless,1,3,False,1866247,0.05639074999999999,30.21612358921407
const-int,8,2-stackless,1,4,False,1866247,0.05601804199999999,30.016413690149264
const-int,8,1x,2,0,True,1866247,0.0217584,11.658906886387493
const-int,8,1x,2,1,True,1866247,0.0427982,22.93276291937777
const-int,8,1x,2,2,False,1866247,0.040115,21.4950111105336
const-int,8,1x,2,3,False,1866247,0.0220987,11.841251452781973
const-int,8,1x,2,4,False,1866247,0.0219016,11.735638422995455
const-int,8,2-stackless,2,0,True,1866247,0.055865958,29.934921797596996
const-int,8,2-stackless,2,1,True,1866247,0.056016458000000005,30.01556492790076
const-int,8,2-stackless,2,2,False,1866247,0.05587637499999999,29.940503588217418
const-int,8,2-stackless,2,3,False,1866247,0.05590408400000002,29.955351033384126
const-int,8,2-stackless,2,4,False,1866247,0.05581787499999999,29.909157255175757
do-int,0,1x,0,0,True,4102565,0.021138,5.152386372915481
do-int,0,1x,0,1,True,4102565,0.0209412,5.104416383408916
do-int,0,1x,0,2,False,4102565,0.0211572,5.157066371891731
do-int,0,1x,0,3,False,4102565,0.0211554,5.156627621987708
do-int,0,1x,0,4,False,4102565,0.0211541,5.156310747057024
do-int,0,2-stackless,0,0,True,4102565,0.118442042,28.87024142213469
do-int,0,2-stackless,0,1,True,4102565,0.11818616600000001,28.807871660778076
do-int,0,2-stackless,0,2,False,4102565,0.11889220800000003,28.97996936063171
do-int,0,2-stackless,0,3,False,4102565,0.11882658300000004,28.96397327038086
do-int,0,2-stackless,0,4,False,4102565,0.118811375,28.960266321191742
do-int,0,1x,1,0,True,4102565,0.0208293,5.077140764375458
do-int,0,1x,1,1,True,4102565,0.0208246,5.075995139626063
do-int,0,1x,1,2,False,4102565,0.0217053,5.290665717666874
do-int,0,1x,1,3,False,4102565,0.0210919,5.141149500373547
do-int,0,1x,1,4,False,4102565,0.0208381,5.079285763906239
do-int,0,2-stackless,1,0,True,4102565,0.11821975,28.816057758987366
do-int,0,2-stackless,1,1,True,4102565,0.11882025,28.962429601968523
do-int,0,2-stackless,1,2,False,4102565,0.11879733299999998,28.95684358444046
do-int,0,2-stackless,1,3,False,4102565,0.11855770799999998,28.898435003467338
do-int,0,2-stackless,1,4,False,4102565,0.11844895800000005,28.871927196765938
do-int,0,2-stackless,2,0,True,4102565,0.117664042,28.680603963617884
do-int,0,2-stackless,2,1,True,4102565,0.11779625,28.712829656568513
do-int,0,2-stackless,2,2,False,4102565,0.11769754100000002,28.68876934308171
do-int,0,2-stackless,2,3,False,4102565,0.11763870799999998,28.674428802468697
do-int,0,2-stackless,2,4,False,4102565,0.11727491699999998,28.58575476561614
do-int,0,1x,2,0,True,4102565,0.0209686,5.11109513194794
do-int,0,1x,2,1,True,4102565,0.0209525,5.107170757806396
do-int,0,1x,2,2,False,4102565,0.0207659,5.061687017755965
do-int,0,1x,2,3,False,4102565,0.0209742,5.112460131649346
do-int,0,1x,2,4,False,4102565,0.0210117,5.121600754649835
const-string,256,2-stackless,0,0,True,129454,0.020133875,155.5291841117308
const-string,256,2-stackless,0,1,True,129454,0.020178333,155.87261112055248
const-string,256,2-stackless,0,2,False,129454,0.020136999999999995,155.55332396063463
const-string,256,2-stackless,0,3,False,129454,0.020017916000000004,154.63342963523726
const-string,256,2-stackless,0,4,False,129454,0.019858083,153.39875940488514
const-string,256,1x,0,0,True,129454,0.02764,213.51213558484093
const-string,256,1x,0,1,True,129454,0.0277814,214.6044154680427
const-string,256,1x,0,2,False,129454,0.0277825,214.61291269485687
const-string,256,1x,0,3,False,129454,0.0268153,207.14153289971728
const-string,256,1x,0,4,False,129454,0.0267828,206.89047847111715
const-string,256,2-stackless,1,0,True,129454,0.020180542000000003,155.88967509694567
const-string,256,2-stackless,1,1,True,129454,0.020331042,157.05225022015543
const-string,256,2-stackless,1,2,False,129454,0.020392666000000004,157.52828031578787
const-string,256,2-stackless,1,3,False,129454,0.020426665999999996,157.7909218718618
const-string,256,2-stackless,1,4,False,129454,0.020392458000000002,157.52667356744485
const-string,256,1x,1,0,True,129454,0.0267236,206.43317317348246
const-string,256,1x,1,1,True,129454,0.0276613,213.67667279496965
const-string,256,1x,1,2,False,129454,0.0276394,213.5075007338514
const-string,256,1x,1,3,False,129454,0.027617,213.33446629690854
const-string,256,1x,1,4,False,129454,0.0276195,213.35377817603165
const-string,256,1x,2,0,True,129454,0.0266979,206.23464705609715
const-string,256,1x,2,1,True,129454,0.0270215,208.73437668978943
const-string,256,1x,2,2,False,129454,0.0269323,208.04532884267772
const-string,256,1x,2,3,False,129454,0.0268895,207.71470947209048
const-string,256,1x,2,4,False,129454,0.0264963,204.67733712361147
const-string,256,2-stackless,2,0,True,129454,0.019764583,152.6764951256817
const-string,256,2-stackless,2,1,True,129454,0.020020666999999995,154.65468042702423
const-string,256,2-stackless,2,2,False,129454,0.020162958,155.75384306394548
const-string,256,2-stackless,2,3,False,129454,0.020129875000000005,155.4982851051339
const-string,256,2-stackless,2,4,False,129454,0.020136084,155.54624808812397
make-seq,256,1x,0,0,True,15556,0.0190165,1222.4543584469016
make-seq,256,1x,0,1,True,15556,0.0187297,1204.0177423502187
make-seq,256,1x,0,2,False,15556,0.018806,1208.9226022113653
make-seq,256,1x,0,3,False,15556,0.0187233,1203.6063255335562
make-seq,256,1x,0,4,False,15556,0.018639,1198.1871946515814
make-seq,256,2-stackless,0,0,True,15556,0.033186084,2133.3301619953713
make-seq,256,2-stackless,0,1,True,15556,0.0327865,2107.643353047056
make-seq,256,2-stackless,0,2,False,15556,0.03302458400000001,2122.9483157624077
make-seq,256,2-stackless,0,3,False,15556,0.036185333999999986,2326.133581897659
make-seq,256,2-stackless,0,4,False,15556,0.033906083000000004,2179.614489586012
make-seq,256,1x,1,0,True,15556,0.019318,1241.8359475443558
make-seq,256,1x,1,1,True,15556,0.019017,1222.4865003857033
make-seq,256,1x,1,2,False,15556,0.0193075,1241.160966829519
make-seq,256,1x,1,3,False,15556,0.0193385,1243.1537670352275
make-seq,256,1x,1,4,False,15556,0.0193425,1243.4109025456416
make-seq,256,2-stackless,1,0,True,15556,0.033115916,2128.8194908716896
make-seq,256,2-stackless,1,1,True,15556,0.032842209000000004,2111.2245435844693
make-seq,256,2-stackless,1,2,False,15556,0.032595334000000004,2095.354461301106
make-seq,256,2-stackless,1,3,False,15556,0.032726542,2103.789020313705
make-seq,256,2-stackless,1,4,False,15556,0.033004457999999987,2121.6545384417577
make-seq,256,2-stackless,2,0,True,15556,0.033194916,2133.8979172023655
make-seq,256,2-stackless,2,1,True,15556,0.033046125,2124.333054769864
make-seq,256,2-stackless,2,2,False,15556,0.033035417,2123.644703008485
make-seq,256,2-stackless,2,3,False,15556,0.03254887499999999,2092.367896631524
make-seq,256,2-stackless,2,4,False,15556,0.033346791999999986,2143.6610953972736
make-seq,256,1x,2,0,True,15556,0.0192818,1239.5088711751093
make-seq,256,1x,2,1,True,15556,0.018986,1220.493700179995
make-seq,256,1x,2,2,False,15556,0.0190857,1226.9028027770635
make-seq,256,1x,2,3,False,15556,0.0190893,1227.1342247364362
make-seq,256,1x,2,4,False,15556,0.0191169,1228.9084597582926
add-float4,256,2-stackless,0,0,True,101170,0.029526459,291.8499456360581
add-float4,256,2-stackless,0,1,True,101170,0.029548875,292.07151329445486
add-float4,256,2-stackless,0,2,False,101170,0.029486582999999997,291.455797173075
add-float4,256,2-stackless,0,3,False,101170,0.029795749999999996,294.51171295838685
add-float4,256,2-stackless,0,4,False,101170,0.02950729199999999,291.66049224078273
add-float4,256,1x,0,0,True,101170,0.0694336,686.3062172580804
add-float4,256,1x,0,1,True,101170,0.069991,691.8157556587921
add-float4,256,1x,0,2,False,101170,0.070952,701.3146189581892
add-float4,256,1x,0,3,False,101170,0.0701034,692.926756943758
add-float4,256,1x,0,4,False,101170,0.0703878,695.7378669566077
add-float4,256,2-stackless,1,0,True,101170,0.029425125,290.8483246021548
add-float4,256,2-stackless,1,1,True,101170,0.029541458,291.9982010477414
add-float4,256,2-stackless,1,2,False,101170,0.029497166,291.5604032816052
add-float4,256,2-stackless,1,3,False,101170,0.029512459000000005,291.71156469309085
add-float4,256,2-stackless,1,4,False,101170,0.02968112499999999,293.37871898784215
add-float4,256,1x,1,0,True,101170,0.0496168,490.4299693585055
add-float4,256,1x,1,1,True,101170,0.0453746,448.498566768805
add-float4,256,1x,1,2,False,101170,0.0704563,696.4149451418405
add-float4,256,1x,1,3,False,101170,0.0716216,707.933181773253
add-float4,256,1x,1,4,False,101170,0.0335552,331.6714441039834
add-float4,256,1x,2,0,True,101170,0.0214833,212.34852228921616
add-float4,256,1x,2,1,True,101170,0.0214719,212.23584066422853
add-float4,256,1x,2,2,False,101170,0.021484,212.35544133636452
add-float4,256,1x,2,3,False,101170,0.0216117,213.61767322328754
add-float4,256,1x,2,4,False,101170,0.0215555,213.0621725808046
add-float4,256,2-stackless,2,0,True,101170,0.029358334,290.1881387763171
add-float4,256,2-stackless,2,1,True,101170,0.02948575,291.4475635069685
add-float4,256,2-stackless,2,2,False,101170,0.029477542000000002,291.3664327369774
add-float4,256,2-stackless,2,3,False,101170,0.029535999999999993,291.94425224869025
add-float4,256,2-stackless,2,4,False,101170,0.02953279199999999,291.91254324404457
add-int,0,1x,0,0,True,4036979,0.0207822,5.1479584114755115
add-int,0,1x,0,1,True,4036979,0.020503,5.078797784184659
add-int,0,1x,0,2,False,4036979,0.0207546,5.141121615941029
add-int,0,1x,0,3,False,4036979,0.0207603,5.14253356284489
add-int,0,1x,0,4,False,4036979,0.0209402,5.1870965888105935
add-int,0,2-stackless,0,0,True,4036979,0.11611795899999999,28.763577665377998
add-int,0,2-stackless,0,1,True,4036979,0.11618133400000001,28.77927628555908
add-int,0,2-stackless,0,2,False,4036979,0.11573566599999999,28.668879872795966
add-int,0,2-stackless,0,3,False,4036979,0.11674741699999996,28.919500695941192
add-int,0,2-stackless,0,4,False,4036979,0.11661037499999999,28.885554024432622
add-int,0,2-stackless,1,0,True,4036979,0.11646812499999999,28.850317279331893
add-int,0,2-stackless,1,1,True,4036979,0.117118416,29.011400851973715
add-int,0,2-stackless,1,2,False,4036979,0.11675979199999997,28.922566106982465
add-int,0,2-stackless,1,3,False,4036979,0.11717254199999999,29.024808402520794
add-int,0,2-stackless,1,4,False,4036979,0.11687541599999995,28.951207326072282
add-int,0,1x,1,0,True,4036979,0.0207563,5.141542722912356
add-int,0,1x,1,1,True,4036979,0.0205853,5.09918431579654
add-int,0,1x,1,2,False,4036979,0.0210262,5.208399647360068
add-int,0,1x,1,3,False,4036979,0.0208039,5.153333718109507
add-int,0,1x,1,4,False,4036979,0.0207523,5.140551882979822
add-int,0,2-stackless,2,0,True,4036979,0.116597833,28.882447245824167
add-int,0,2-stackless,2,1,True,4036979,0.11710445800000001,29.00794331602914
add-int,0,2-stackless,2,2,False,4036979,0.11791487500000003,29.20869169743019
add-int,0,2-stackless,2,3,False,4036979,0.11722791600000004,29.038525095126836
add-int,0,2-stackless,2,4,False,4036979,0.11669495899999993,28.906506325645967
add-int,0,1x,2,0,True,4036979,0.020674,5.121156191300475
add-int,0,1x,2,1,True,4036979,0.0206506,5.1153597776951525
add-int,0,1x,2,2,False,4036979,0.0204111,5.056033236734697
add-int,0,1x,2,3,False,4036979,0.0206291,5.110034013057784
add-int,0,1x,2,4,False,4036979,0.0206318,5.110702830012245
assign-seq,0,2-stackless,0,0,True,734172,0.021262,28.96051606435549
assign-seq,0,2-stackless,0,1,True,734172,0.021458499999999995,29.228164517306567
assign-seq,0,2-stackless,0,2,False,734172,0.021522792000000006,29.31573527729198
assign-seq,0,2-stackless,0,3,False,734172,0.02146125,29.231910233569245
assign-seq,0,2-stackless,0,4,False,734172,0.021588375000000007,29.405064480802874
assign-seq,0,1x,0,0,True,734172,0.0314358,42.81803174188065
assign-seq,0,1x,0,1,True,734172,0.0314522,42.8403698315926
assign-seq,0,1x,0,2,False,734172,0.0313336,42.67882730477327
assign-seq,0,1x,0,3,False,734172,0.0314723,42.86774761227614
assign-seq,0,1x,0,4,False,734172,0.0314722,42.867611404412045
assign-seq,0,1x,1,0,True,734172,0.0314193,42.7955574443046
assign-seq,0,1x,1,1,True,734172,0.0313549,42.70783957982598
assign-seq,0,1x,1,2,False,734172,0.0315184,42.93053943762497
assign-seq,0,1x,1,3,False,734172,0.031371,42.729769045945645
assign-seq,0,1x,1,4,False,734172,0.0313988,42.76763483216467
assign-seq,0,2-stackless,1,0,True,734172,0.021549167,29.351660101447617
assign-seq,0,2-stackless,1,1,True,734172,0.021746583,29.620556218433826
assign-seq,0,2-stackless,1,2,False,734172,0.021722334000000003,29.587527173468892
assign-seq,0,2-stackless,1,3,False,734172,0.021503750000000002,29.28979857581058
assign-seq,0,2-stackless,1,4,False,734172,0.021653792000000005,29.49416757925936
assign-seq,0,1x,2,0,True,734172,0.0313775,42.73862255711196
assign-seq,0,1x,2,1,True,734172,0.0320401,43.64113586462028
assign-seq,0,1x,2,2,False,734172,0.0318845,43.42919642808498
assign-seq,0,1x,2,3,False,734172,0.0319052,43.4573914559531
assign-seq,0,1x,2,4,False,734172,0.0316451,43.10311480143618
assign-seq,0,2-stackless,2,0,True,734172,0.02148125,29.259151806388694
assign-seq,0,2-stackless,2,1,True,734172,0.021533,29.329639376059017
assign-seq,0,2-stackless,2,2,False,734172,0.021523874999999998,29.317210408460138
assign-seq,0,2-stackless,2,3,False,734172,0.021429084,29.188097612003727
assign-seq,0,2-stackless,2,4,False,734172,0.021374417000000007,29.1136368589377
take-seq,8,1x,0,0,True,757815,0.0197198,26.021918278207743
take-seq,8,1x,0,1,True,757815,0.0197149,26.015452320157294
take-seq,8,1x,0,2,False,757815,0.0197161,26.017035820088015
take-seq,8,1x,0,3,False,757815,0.0197054,26.00291627903908
take-seq,8,1x,0,4,False,757815,0.019707,26.005027612280042
take-seq,8,2-stackless,0,0,True,757815,0.031094417000000003,41.03167263778099
take-seq,8,2-stackless,0,1,True,757815,0.030962875000000004,40.85809201454181
take-seq,8,2-stackless,0,2,False,757815,0.030782124999999994,40.61957733747681
take-seq,8,2-stackless,0,3,False,757815,0.030751334000000005,40.57894604883778
take-seq,8,2-stackless,0,4,False,757815,0.030750500000000014,40.57784551638594
take-seq,8,1x,1,0,True,757815,0.0199085,26.270923642313758
take-seq,8,1x,1,1,True,757815,0.0195258,25.76591912274104
take-seq,8,1x,1,2,False,757815,0.0201958,26.650039917394086
take-seq,8,1x,1,3,False,757815,0.0197115,26.01096573702025
take-seq,8,1x,1,4,False,757815,0.0198774,26.22988460244255
take-seq,8,2-stackless,1,0,True,757815,0.030871958,40.73811946187394
take-seq,8,2-stackless,1,1,True,757815,0.030954792,40.84742582292512
take-seq,8,2-stackless,1,2,False,757815,0.031048582999999998,40.97119085792706
take-seq,8,2-stackless,1,3,False,757815,0.031110666999999995,41.053115866009506
take-seq,8,2-stackless,1,4,False,757815,0.031201083000000004,41.17242730745631
take-seq,8,2-stackless,2,0,True,757815,0.031290708,41.29069495853209
take-seq,8,2-stackless,2,1,True,757815,0.03110325,41.04332851685438
take-seq,8,2-stackless,2,2,False,757815,0.030978125000000002,40.878215659494735
take-seq,8,2-stackless,2,3,False,757815,0.03105458300000001,40.97910835758069
take-seq,8,2-stackless,2,4,False,757815,0.031042082999999998,40.96261356663565
take-seq,8,1x,2,0,True,757815,0.0196579,25.940236073448006
take-seq,8,1x,2,1,True,757815,0.0194576,25.67592354334501
take-seq,8,1x,2,2,False,757815,0.0197556,26.069159359474277
take-seq,8,1x,2,3,False,757815,0.0196711,25.957654572685946
take-seq,8,1x,2,4,False,757815,0.0197328,26.03907286079056
take-table,8,2-stackless,0,0,True,752234,0.031636625,42.05689320078593
take-table,8,2-stackless,0,1,True,752234,0.032406959,43.080954862449715
take-table,8,2-stackless,0,2,False,752234,0.031711332999999994,42.15620804164661
take-table,8,2-stackless,0,3,False,752234,0.031387042000000004,41.72510415641942
take-table,8,2-stackless,0,4,False,752234,0.03147683300000001,41.84446993887542
take-table,8,1x,0,0,True,752234,0.0198995,26.453869407657724
take-table,8,1x,0,1,True,752234,0.0199525,26.524326207004734
take-table,8,1x,0,2,False,752234,0.0205069,27.261330915645928
take-table,8,1x,0,3,False,752234,0.0207962,27.645918690194808
take-table,8,1x,0,4,False,752234,0.0207852,27.63129558089637
take-table,8,2-stackless,1,0,True,752234,0.032819959,43.629986147927376
take-table,8,2-stackless,1,1,True,752234,0.03209391600000001,42.66480377116696
take-table,8,2-stackless,1,2,False,752234,0.031897958000000004,42.40430238463032
take-table,8,2-stackless,1,3,False,752234,0.031814833,42.29379820640918
take-table,8,2-stackless,1,4,False,752234,0.03160350000000001,42.01285770119405
take-table,8,1x,1,0,True,752234,0.020115,26.74034941254982
take-table,8,1x,1,1,True,752234,0.0202771,26.955840868665867
take-table,8,1x,1,2,False,752234,0.0207865,27.63302376654073
take-table,8,1x,1,3,False,752234,0.0199486,26.519141650071653
take-table,8,1x,1,4,False,752234,0.0202076,26.863449405371203
take-table,8,2-stackless,2,0,True,752234,0.031412542,41.75900318252033
take-table,8,2-stackless,2,1,True,752234,0.031563917,41.9602371070704
take-table,8,2-stackless,2,2,False,752234,0.03156325,41.95935041489749
take-table,8,2-stackless,2,3,False,752234,0.03134058300000002,41.6633427896107
take-table,8,2-stackless,2,4,False,752234,0.031171000000000004,41.43790363105098
take-table,8,1x,2,0,True,752234,0.020045,26.64729326246886
take-table,8,1x,2,1,True,752234,0.0201593,26.79924066181534
take-table,8,1x,2,2,False,752234,0.0202375,26.903197675191496
take-table,8,1x,2,3,False,752234,0.0205217,27.28100564452019
take-table,8,1x,2,4,False,752234,0.0205304,27.29257119460168
const-table,256,2-stackless,0,0,True,129899,0.020345125,156.62264528595293
const-table,256,2-stackless,0,1,True,129899,0.020490416,157.74113734516817
const-table,256,2-stackless,0,2,False,129899,0.021060249999999996,162.12788397139312
const-table,256,2-stackless,0,3,False,129899,0.020883041999999997,160.76368563268383
const-table,256,2-stackless,0,4,False,129899,0.020520458000000005,157.9724093334052
const-table,256,1x,0,0,True,129899,0.0351683,270.73572544823287
const-table,256,1x,0,1,True,129899,0.0352778,271.5786880576448
const-table,256,1x,0,2,False,129899,0.0354548,272.9412851523106
const-table,256,1x,0,3,False,129899,0.0347933,267.84886719682214
const-table,256,1x,0,4,False,129899,0.0347354,267.4031362828043
const-table,256,2-stackless,1,0,True,129899,0.020079291000000003,154.57617841553827
const-table,256,2-stackless,1,1,True,129899,0.020392042000000003,156.98382589550346
const-table,256,2-stackless,1,2,False,129899,0.020334459,156.54053533899415
const-table,256,2-stackless,1,3,False,129899,0.020321459000000007,156.44045758627863
const-table,256,2-stackless,1,4,False,129899,0.020325541000000003,156.4718820006313
const-table,256,1x,1,0,True,129899,0.034619,266.50705548156645
const-table,256,1x,1,1,True,129899,0.0352393,271.2823039438333
const-table,256,1x,1,2,False,129899,0.0356288,274.2807873809652
const-table,256,1x,1,3,False,129899,0.0356211,274.2215105582029
const-table,256,1x,1,4,False,129899,0.0348316,268.1437116528996
const-table,256,2-stackless,2,0,True,129899,0.020449417,157.42551520796926
const-table,256,2-stackless,2,1,True,129899,0.020373791000000002,156.84332442897946
const-table,256,2-stackless,2,2,False,129899,0.020345250000000002,156.62360757203678
const-table,256,2-stackless,2,3,False,129899,0.020348042000000004,156.6451011940046
const-table,256,2-stackless,2,4,False,129899,0.02036545899999999,156.77918228777733
const-table,256,1x,2,0,True,129899,0.0340375,262.03050061971226
const-table,256,1x,2,1,True,129899,0.0341847,263.1636887119993
const-table,256,1x,2,2,False,129899,0.0342519,263.6810137106521
const-table,256,1x,2,3,False,129899,0.0339402,261.28145713207954
const-table,256,1x,2,4,False,129899,0.0348178,268.03747526924764
assign-table,64,2-stackless,0,0,True,60270,0.015861125,263.1678281068525
assign-table,64,2-stackless,0,1,True,60270,0.015736,261.0917537746806
assign-table,64,2-stackless,0,2,False,60270,0.015712208,260.6969968475195
assign-table,64,2-stackless,0,3,False,60270,0.015606583000000007,258.9444665671148
assign-table,64,2-stackless,0,4,False,60270,0.015672084000000003,260.0312593330015
assign-table,64,1x,0,0,True,60270,0.24858,4124.440019910403
assign-table,64,1x,0,1,True,60270,0.252881,4195.802223328356
assign-table,64,1x,0,2,False,60270,0.256079,4248.863447818152
assign-table,64,1x,0,3,False,60270,0.258525,4289.4474863115975
assign-table,64,1x,0,4,False,60270,0.260865,4328.272772523644
assign-table,64,1x,1,0,True,60270,0.26724,4434.046789447486
assign-table,64,1x,1,1,True,60270,0.24352,4040.4844864775177
assign-table,64,1x,1,2,False,60270,0.253544,4206.802721088436
assign-table,64,1x,1,3,False,60270,0.252333,4186.709805873568
assign-table,64,1x,1,4,False,60270,0.250823,4161.655881864942
assign-table,64,2-stackless,1,0,True,60270,0.01570475,260.5732536917206
assign-table,64,2-stackless,1,1,True,60270,0.015649750000000004,259.660693545711
assign-table,64,2-stackless,1,2,False,60270,0.015678874999999995,260.1439356230296
assign-table,64,2-stackless,1,3,False,60270,0.015618250000000007,259.1380454620874
assign-table,64,2-stackless,1,4,False,60270,0.015727540999999998,260.9514020242243
assign-table,64,1x,2,0,True,60270,0.261094,4332.072341131575
assign-table,64,1x,2,1,True,60270,0.262838,4361.008793761407
assign-table,64,1x,2,2,False,60270,0.254764,4227.044964327194
assign-table,64,1x,2,3,False,60270,0.253639,4208.378961340633
assign-table,64,1x,2,4,False,60270,0.255894,4245.7939273270285
assign-table,64,2-stackless,2,0,True,60270,0.015567875,258.30222332835575
assign-table,64,2-stackless,2,1,True,60270,0.015621834000000001,259.1975111996018
assign-table,64,2-stackless,2,2,False,60270,0.015686958000000004,260.2780487804879
assign-table,64,2-stackless,2,3,False,60270,0.015914208000000006,264.0485813837731
assign-table,64,2-stackless,2,4,False,60270,0.015556417000000003,258.112112161938
add-float4,0,1x,0,0,True,4155845,0.0215512,5.1857564466432216
add-float4,0,1x,0,1,True,4155845,0.0217136,5.224833938705606
add-float4,0,1x,0,2,False,4155845,0.0215967,5.196704881919321
add-float4,0,1x,0,3,False,4155845,0.0216389,5.206859254856714
add-float4,0,1x,0,4,False,4155845,0.0216484,5.209145191892383
add-float4,0,2-stackless,0,0,True,4155845,0.120674458,29.03728555805137
add-float4,0,2-stackless,0,1,True,4155845,0.12130916700000001,29.19001238015374
add-float4,0,2-stackless,0,2,False,4155845,0.121638416,29.26923790468605
add-float4,0,2-stackless,0,3,False,4155845,0.12124445900000003,29.17444202081647
add-float4,0,2-stackless,0,4,False,4155845,0.12164895800000003,29.271774572920798
add-float4,0,2-stackless,1,0,True,4155845,0.123360125,29.683524048659176
add-float4,0,2-stackless,1,1,True,4155845,0.12321858299999999,29.64946551182732
add-float4,0,2-stackless,1,2,False,4155845,0.123395375,29.692006078186264
add-float4,0,2-stackless,1,3,False,4155845,0.12349525,29.71603849517968
add-float4,0,2-stackless,1,4,False,4155845,0.12378062500000003,29.78470684060643
add-float4,0,1x,1,0,True,4155845,0.0223883,5.3871835932283325
add-float4,0,1x,1,1,True,4155845,0.0220377,5.302820485364589
add-float4,0,1x,1,2,False,4155845,0.0223932,5.3883626554888355
add-float4,0,1x,1,3,False,4155845,0.0218152,5.249281433739709
add-float4,0,1x,1,4,False,4155845,0.0218233,5.251230495843806
add-float4,0,1x,2,0,True,4155845,0.0220551,5.30700735951413
add-float4,0,1x,2,1,True,4155845,0.0219643,5.285158613952157
add-float4,0,1x,2,2,False,4155845,0.0220325,5.301569235618749
add-float4,0,1x,2,3,False,4155845,0.0219992,5.293556424746352
add-float4,0,1x,2,4,False,4155845,0.0221917,5.33987672783754
add-float4,0,2-stackless,2,0,True,4155845,0.12142170799999999,29.217092552778073
add-float4,0,2-stackless,2,1,True,4155845,0.12106874999999999,29.13216205127958
add-float4,0,2-stackless,2,2,False,4155845,0.12081824999999999,29.071885501023253
add-float4,0,2-stackless,2,3,False,4155845,0.12121624999999997,29.16765423157023
add-float4,0,2-stackless,2,4,False,4155845,0.12133558299999997,29.196368728862595
assign-int,8,1x,0,0,True,1084746,0.0215115,19.8309097244885
assign-int,8,1x,0,1,True,1084746,0.0214846,19.806111292413156
assign-int,8,1x,0,2,False,1084746,0.0217085,20.012519059761456
assign-int,8,1x,0,3,False,1084746,0.0215342,19.85183628241081
assign-int,8,1x,0,4,False,1084746,0.0210183,19.376241073947266
assign-int,8,2-stackless,0,0,True,1084746,0.045840875,42.25954739634901
assign-int,8,2-stackless,0,1,True,1084746,0.045567166000000006,42.0072219671702
assign-int,8,2-stackless,0,2,False,1084746,0.045499042,41.94442016840809
assign-int,8,2-stackless,0,3,False,1084746,0.045570792,42.010564685188974
assign-int,8,2-stackless,0,4,False,1084746,0.045818374999999995,42.23880521338635
assign-int,8,1x,1,0,True,1084746,0.0212552,19.594633213673983
assign-int,8,1x,1,1,True,1084746,0.0215329,19.850637845172972
assign-int,8,1x,1,2,False,1084746,0.0212935,19.629941018450403
assign-int,8,1x,1,3,False,1084746,0.0216717,19.97859406718255
assign-int,8,1x,1,4,False,1084746,0.0215817,19.895625335331957
assign-int,8,2-stackless,1,0,True,1084746,0.045699875,42.12956304978308
assign-int,8,2-stackless,1,1,True,1084746,0.0454445,41.89413927315704
assign-int,8,2-stackless,1,2,False,1084746,0.04537037499999999,41.825805303730085
assign-int,8,2-stackless,1,3,False,1084746,0.045546,41.98770956518853
assign-int,8,2-stackless,1,4,False,1084746,0.04545775000000002,41.90635411423506
assign-int,8,2-stackless,2,0,True,1084746,0.045976875,42.384922368923235
assign-int,8,2-stackless,2,1,True,1084746,0.045381791000000005,41.836329426427945
assign-int,8,2-stackless,2,2,False,1084746,0.046013291,42.41849336157958
assign-int,8,2-stackless,2,3,False,1084746,0.045540582999999996,41.98271576940592
assign-int,8,2-stackless,2,4,False,1084746,0.045490749999999996,41.93677598258025
assign-int,8,1x,2,0,True,1084746,0.0214438,19.768498800640888
assign-int,8,1x,2,1,True,1084746,0.0213791,19.708853501188297
assign-int,8,1x,2,2,False,1084746,0.0215445,19.861331592833714
assign-int,8,1x,2,3,False,1084746,0.02128,19.617495708672813
assign-int,8,1x,2,4,False,1084746,0.0212897,19.62643789421671
get-seq,8,1x,0,0,True,633247,0.031788,50.19842178486435
get-seq,8,1x,0,1,True,633247,0.0315439,49.81294818609484
get-seq,8,1x,0,2,False,633247,0.0322029,50.85361636138821
get-seq,8,1x,0,3,False,633247,0.032171,50.80324107338843
get-seq,8,1x,0,4,False,633247,0.0316401,49.9648636314108
get-seq,8,2-stackless,0,0,True,633247,0.019584167,30.926584729181503
get-seq,8,2-stackless,0,1,True,633247,0.019846166,31.340323759923063
get-seq,8,2-stackless,0,2,False,633247,0.01963375,31.004884350024557
get-seq,8,2-stackless,0,3,False,633247,0.019593124999999996,30.9407308680499
get-seq,8,2-stackless,0,4,False,633247,0.019636874999999998,31.00981923325337
get-seq,8,2-stackless,1,0,True,633247,0.019461833,30.73339944760891
get-seq,8,2-stackless,1,1,True,633247,0.019659375,31.045350392500872
get-seq,8,2-stackless,1,2,False,633247,0.019570625,30.90519970880241
get-seq,8,2-stackless,1,3,False,633247,0.019610957999999998,30.968892075288153
get-seq,8,2-stackless,1,4,False,633247,0.019368167000000006,30.585485600405534
get-seq,8,1x,1,0,True,633247,0.0314477,49.66103274077888
get-seq,8,1x,1,1,True,633247,0.0315336,49.79668281097266
get-seq,8,1x,1,2,False,633247,0.0319359,50.431979938317916
get-seq,8,1x,1,3,False,633247,0.0324975,51.31883767313544
get-seq,8,1x,1,4,False,633247,0.0321087,50.70485924133868
get-seq,8,1x,2,0,True,633247,0.0317849,50.193526380701364
get-seq,8,1x,2,1,True,633247,0.0318942,50.36612885651254
get-seq,8,1x,2,2,False,633247,0.0321853,50.825823099043504
get-seq,8,1x,2,3,False,633247,0.0320471,50.60758282313221
get-seq,8,1x,2,4,False,633247,0.0320639,50.63411275537034
get-seq,8,2-stackless,2,0,True,633247,0.019320167,30.509685794010867
get-seq,8,2-stackless,2,1,True,633247,0.019383959000000003,30.61042373670938
get-seq,8,2-stackless,2,2,False,633247,0.019411375,30.65371805946179
get-seq,8,2-stackless,2,3,False,633247,0.019334957999999992,30.533043188518842
get-seq,8,2-stackless,2,4,False,633247,0.01941058300000001,30.65246736265629
update-int,64,2-stackless,0,0,True,266593,0.020990958,78.73784382935786
update-int,64,2-stackless,0,1,True,266593,0.021028041999999997,78.87694725667964
update-int,64,2-stackless,0,2,False,266593,0.021136749999999996,79.2847149024918
update-int,64,2-stackless,0,3,False,266593,0.021206584,79.54666476614165
update-int,64,2-stackless,0,4,False,266593,0.020908207999999998,78.42744558184197
update-int,64,1x,0,0,True,266593,0.0205653,77.14118525242598
update-int,64,1x,0,1,True,266593,0.020838,78.16409283064446
update-int,64,1x,0,2,False,266593,0.0211563,79.35804766066626
update-int,64,1x,0,3,False,266593,0.0208758,78.30588199990247
update-int,64,1x,0,4,False,266593,0.0208893,78.3565209889232
update-int,64,1x,1,0,True,266593,0.0208958,78.3809027243776
update-int,64,1x,1,1,True,266593,0.0208414,78.17684635380523
update-int,64,1x,1,2,False,266593,0.0208396,78.17009448860247
update-int,64,1x,1,3,False,266593,0.0206231,77.35799514615913
update-int,64,1x,1,4,False,266593,0.0209471,78.57333088265634
update-int,64,2-stackless,1,0,True,266593,0.020889625000000002,78.35774007569593
update-int,64,2-stackless,1,1,True,266593,0.021041958000000003,78.92914667676948
update-int,64,2-stackless,1,2,False,266593,0.021040208999999997,78.92258611441409
update-int,64,2-stackless,1,3,False,266593,0.020962207999999996,78.63000153792484
update-int,64,2-stackless,1,4,False,266593,0.021004208999999996,78.78754881035884
update-int,64,2-stackless,2,0,True,266593,0.021000834,78.77488906310369
update-int,64,2-stackless,2,1,True,266593,0.021019167,78.84365681019382
update-int,64,2-stackless,2,2,False,266593,0.021044999999999994,78.9405573289621
update-int,64,2-stackless,2,3,False,266593,0.02099358300000001,78.74769029944527
update-int,64,2-stackless,2,4,False,266593,0.020958124999999994,78.61468605702322
update-int,64,1x,2,0,True,266593,0.0211681,79.40230988810659
update-int,64,1x,2,1,True,266593,0.0210013,78.77663704598395
update-int,64,1x,2,2,False,266593,0.0209427,78.5568263232718
update-int,64,1x,2,3,False,266593,0.0212492,79.70651892585327
update-int,64,1x,2,4,False,266593,0.0209493,78.5815831623486
get-int,256,2-stackless,0,0,True,121600,0.019808375,162.89782072368422
get-int,256,2-stackless,0,1,True,121600,0.019866334,163.37445723684212
get-int,256,2-stackless,0,2,False,121600,0.019853708999999997,163.27063322368417
get-int,256,2-stackless,0,3,False,121600,0.019865541,163.36793585526317
get-int,256,2-stackless,0,4,False,121600,0.02009754200000001,165.27583881578957
get-int,256,1x,0,0,True,121600,0.0267932,220.33881578947367
get-int,256,1x,0,1,True,121600,0.026359,216.76809210526315
get-int,256,1x,0,2,False,121600,0.0261975,215.43996710526315
get-int,256,1x,0,3,False,121600,0.0261786,215.28453947368422
get-int,256,1x,0,4,False,121600,0.0265491,218.33141447368422
get-int,256,1x,1,0,True,121600,0.027003,222.0641447368421
get-int,256,1x,1,1,True,121600,0.0258213,212.34621710526315
get-int,256,1x,1,2,False,121600,0.0258885,212.89884868421052
get-int,256,1x,1,3,False,121600,0.0260688,214.3815789473684
get-int,256,1x,1,4,False,121600,0.026144,215.0
get-int,256,2-stackless,1,0,True,121600,0.020659958,169.90097039473685
get-int,256,2-stackless,1,1,True,121600,0.0207435,170.58799342105263
get-int,256,2-stackless,1,2,False,121600,0.020513834,168.6992927631579
get-int,256,2-stackless,1,3,False,121600,0.020485874999999994,168.46936677631572
get-int,256,2-stackless,1,4,False,121600,0.020807124999999996,171.11122532894734
get-int,256,1x,2,0,True,121600,0.0270216,222.2171052631579
get-int,256,1x,2,1,True,121600,0.0261182,214.7878289473684
get-int,256,1x,2,2,False,121600,0.0256665,211.07319078947367
get-int,256,1x,2,3,False,121600,0.0256526,210.95888157894737
get-int,256,1x,2,4,False,121600,0.0258798,212.82730263157896
get-int,256,2-stackless,2,0,True,121600,0.020182459,165.97416940789475
get-int,256,2-stackless,2,1,True,121600,0.020381292000000002,167.60930921052633
get-int,256,2-stackless,2,2,False,121600,0.020292708,166.88082236842106
get-int,256,2-stackless,2,3,False,121600,0.020375750000000005,167.56373355263162
get-int,256,2-stackless,2,4,False,121600,0.021307166999999988,175.2234128289473
assign-seq,8,1x,0,0,True,400134,0.155591,388.8472361758811
assign-seq,8,1x,0,1,True,400134,0.155138,387.7151154363288
assign-seq,8,1x,0,2,False,400134,0.156492,391.09898184108323
assign-seq,8,1x,0,3,False,400134,0.154315,385.6583044680032
assign-seq,8,1x,0,4,False,400134,0.153513,383.65397591806743
assign-seq,8,2-stackless,0,0,True,400134,0.020534292,51.31853828967296
assign-seq,8,2-stackless,0,1,True,400134,0.02060825,51.503371370590855
assign-seq,8,2-stackless,0,2,False,400134,0.020196333000000004,50.4739237355486
assign-seq,8,2-stackless,0,3,False,400134,0.02018375,50.44247677028196
assign-seq,8,2-stackless,0,4,False,400134,0.020233332999999992,50.566392758425906
assign-seq,8,2-stackless,1,0,True,400134,0.020171584,50.412071955894774
assign-seq,8,2-stackless,1,1,True,400134,0.020496874999999998,51.225027115916156
assign-seq,8,2-stackless,1,2,False,400134,0.020267542,50.651886617982974
assign-seq,8,2-stackless,1,3,False,400134,0.020282083000000006,50.68822694397379
assign-seq,8,2-stackless,1,4,False,400134,0.02019758299999999,50.47704768902416
assign-seq,8,1x,1,0,True,400134,0.154447,385.98819395502505
assign-seq,8,1x,1,1,True,400134,0.154651,386.49802316224066
assign-seq,8,1x,1,2,False,400134,0.154919,387.16779878740624
assign-seq,8,1x,1,3,False,400134,0.155162,387.77509534306006
assign-seq,8,1x,1,4,False,400134,0.154564,386.28059600033987
assign-seq,8,2-stackless,2,0,True,400134,0.020113875,50.26784777099672
assign-seq,8,2-stackless,2,1,True,400134,0.020336000000000003,50.8229743036083
assign-seq,8,2-stackless,2,2,False,400134,0.020403708,50.992187617148254
assign-seq,8,2-stackless,2,3,False,400134,0.020212167000000003,50.51349547901454
assign-seq,8,2-stackless,2,4,False,400134,0.020204208,50.49360464244478
assign-seq,8,1x,2,0,True,400134,0.155227,387.93754092379055
assign-seq,8,1x,2,1,True,400134,0.154681,386.5729980456547
assign-seq,8,1x,2,2,False,400134,0.155441,388.4723617588108
assign-seq,8,1x,2,3,False,400134,0.155535,388.70728306017486
assign-seq,8,1x,2,4,False,400134,0.155758,389.26459636021934
take-table,256,1x,0,0,True,30381,0.0235092,773.8125802310655
take-table,256,1x,0,1,True,30381,0.0234999,773.5064678582008
take-table,256,1x,0,2,False,30381,0.0234988,773.4702610183997
take-table,256,1x,0,3,False,30381,0.024682,812.4156545209177
take-table,256,1x,0,4,False,30381,0.0255543,841.1276784832626
take-table,256,2-stackless,0,0,True,30381,0.019852,653.4347124847767
take-table,256,2-stackless,0,1,True,30381,0.020218708000000002,665.5050195846089
take-table,256,2-stackless,0,2,False,30381,0.020202583999999996,664.9742931437411
take-table,256,2-stackless,0,3,False,30381,0.020584624999999995,677.5492906750928
take-table,256,2-stackless,0,4,False,30381,0.020273082999999997,667.2947895065994
take-table,256,1x,1,0,True,30381,0.0240168,790.5203910338698
take-table,256,1x,1,1,True,30381,0.0236484,778.3943912313617
take-table,256,1x,1,2,False,30381,0.0234457,771.7224581152694
take-table,256,1x,1,3,False,30381,0.0239115,787.0544090056285
take-table,256,1x,1,4,False,30381,0.023676,779.3028537572825
take-table,256,2-stackless,1,0,True,30381,0.020081125,660.9764326388204
take-table,256,2-stackless,1,1,True,30381,0.0201225,662.3383035449788
take-table,256,2-stackless,1,2,False,30381,0.020126374999999995,662.4658503670056
take-table,256,2-stackless,1,3,False,30381,0.020149916000000004,663.2407096540602
take-table,256,2-stackless,1,4,False,30381,0.020496791,674.6582074322768
take-table,256,2-stackless,2,0,True,30381,0.019962583,657.0745860899905
take-table,256,2-stackless,2,1,True,30381,0.020135083,662.7524768769955
take-table,256,2-stackless,2,2,False,30381,0.0201625,663.6549159013857
take-table,256,2-stackless,2,3,False,30381,0.020399209,671.4462657582042
take-table,256,2-stackless,2,4,False,30381,0.020609500000000003,678.3680589842337
take-table,256,1x,2,0,True,30381,0.023804,783.5160132977848
take-table,256,1x,2,1,True,30381,0.0230387,758.3259273888285
take-table,256,1x,2,2,False,30381,0.0233831,769.6619597774925
take-table,256,1x,2,3,False,30381,0.023035,758.2041407458609
take-table,256,1x,2,4,False,30381,0.0236171,777.3641420624732
assign-string,64,1x,0,0,True,78583,0.042306,538.3607141493708
assign-string,64,1x,0,1,True,78583,0.0421956,536.9558301413791
assign-string,64,1x,0,2,False,78583,0.0415081,528.2071185879897
assign-string,64,1x,0,3,False,78583,0.0412775,525.2726416655001
assign-string,64,1x,0,4,False,78583,0.0410989,522.9998854714124
assign-string,64,2-stackless,0,0,True,78583,0.020206917,257.1410737691358
assign-string,64,2-stackless,0,1,True,78583,0.020043959,255.06736826031076
assign-string,64,2-stackless,0,2,False,78583,0.019998625,254.4904750391306
assign-string,64,2-stackless,0,3,False,78583,0.01990879200000001,253.34731430462068
assign-string,64,2-stackless,0,4,False,78583,0.019673082999999994,250.34782332056542
assign-string,64,1x,1,0,True,78583,0.0417455,531.2281282211165
assign-string,64,1x,1,1,True,78583,0.0419353,533.6434088797831
assign-string,64,1x,1,2,False,78583,0.041476,527.7986332921879
assign-string,64,1x,1,3,False,78583,0.0417061,530.7267475153659
assign-string,64,1x,1,4,False,78583,0.041241,524.8081646157566
assign-string,64,2-stackless,1,0,True,78583,0.019708083,250.79321227237443
assign-string,64,2-stackless,1,1,True,78583,0.019823333999999998,252.25982718908665
assign-string,64,2-stackless,1,2,False,78583,0.019949625,253.86693050659812
assign-string,64,2-stackless,1,3,False,78583,0.020504,260.92157336828575
assign-string,64,2-stackless,1,4,False,78583,0.019701875000000008,250.71421299772226
assign-string,64,1x,2,0,True,78583,0.0420324,534.8790450860873
assign-string,64,1x,2,1,True,78583,0.0431576,549.1976636168127
assign-string,64,1x,2,2,False,78583,0.0426884,543.2269065828488
assign-string,64,1x,2,3,False,78583,0.041339,526.0552536808216
assign-string,64,1x,2,4,False,78583,0.0403585,513.5780003308604
assign-string,64,2-stackless,2,0,True,78583,0.020134333,256.21741343547586
assign-string,64,2-stackless,2,1,True,78583,0.020340667,258.843095834977
assign-string,64,2-stackless,2,2,False,78583,0.019726124999999997,251.02280391433257
assign-string,64,2-stackless,2,3,False,78583,0.019827374999999994,252.3112505249226
assign-string,64,2-stackless,2,4,False,78583,0.020326042000000002,258.65698688011406
const-int,256,2-stackless,0,0,True,128387,0.020050084,156.16911369531184
const-int,256,2-stackless,0,1,True,128387,0.019917332999999995,155.13512271491658
const-int,256,2-stackless,0,2,False,128387,0.020022582999999997,155.95490976500733
const-int,256,2-stackless,0,3,False,128387,0.020053083,156.1924727581453
const-int,256,2-stackless,0,4,False,128387,0.020233249999999994,157.5957846199381
const-int,256,1x,0,0,True,128387,0.026996,210.27051025415346
const-int,256,1x,0,1,True,128387,0.0256839,200.05062817886545
const-int,256,1x,0,2,False,128387,0.0262305,204.30806857392105
const-int,256,1x,0,3,False,128387,0.0264698,206.17196445122948
const-int,256,1x,0,4,False,128387,0.0263971,205.60570774299578
const-int,256,2-stackless,1,0,True,128387,0.019890416,154.92546753175944
const-int,256,2-stackless,1,1,True,128387,0.019694,153.39559301175353
const-int,256,2-stackless,1,2,False,128387,0.020219333,157.4873857945119
const-int,256,2-stackless,1,3,False,128387,0.020085542000000005,156.44529430549824
const-int,256,2-stackless,1,4,False,128387,0.020110291000000002,156.63806304376615
const-int,256,1x,1,0,True,128387,0.0269804,210.14900262487635
const-int,256,1x,1,1,True,128387,0.027012,210.39513346366843
const-int,256,1x,1,2,False,128387,0.0266123,207.2818899109723
const-int,256,1x,1,3,False,128387,0.0265207,206.56842203649902
const-int,256,1x,1,4,False,128387,0.0269283,209.7431982988932
const-int,256,1x,2,0,True,128387,0.0271973,211.83842600886382
const-int,256,1x,2,1,True,128387,0.0266868,207.86216673027644
const-int,256,1x,2,2,False,128387,0.0266902,207.88864916229835
const-int,256,1x,2,3,False,128387,0.0267493,208.34897614244431
const-int,256,1x,2,4,False,128387,0.0267862,208.63638841938825
const-int,256,2-stackless,2,0,True,128387,0.020097125,156.53551372023648
const-int,256,2-stackless,2,1,True,128387,0.019669291999999998,153.20314362046
const-int,256,2-stackless,2,2,False,128387,0.020100583999999998,156.56245570034346
const-int,256,2-stackless,2,3,False,128387,0.020101458999999995,156.56927103211382
const-int,256,2-stackless,2,4,False,128387,0.020638584,160.75291112028475
update-seq,8,1x,0,0,True,538177,0.0564344,104.86215501591484
update-seq,8,1x,0,1,True,538177,0.056256,104.53066556170182
update-seq,8,1x,0,2,False,538177,0.0556364,103.37937147072432
update-seq,8,1x,0,3,False,538177,0.0575519,106.93860941660458
update-seq,8,1x,0,4,False,538177,0.055979,104.01596500779483
update-seq,8,2-stackless,0,0,True,538177,0.017527875000000002,32.56897823578488
update-seq,8,2-stackless,0,1,True,538177,0.017521583000000004,32.55728691489975
update-seq,8,2-stackless,0,2,False,538177,0.017560875000000004,32.63029635231533
update-seq,8,2-stackless,0,3,False,538177,0.017552750000000006,32.61519908877564
update-seq,8,2-stackless,0,4,False,538177,0.01778695899999999,33.05038862679006
update-seq,8,1x,1,0,True,538177,0.0565555,105.0871739223341
update-seq,8,1x,1,1,True,538177,0.059915,111.32954399760673
update-seq,8,1x,1,2,False,538177,0.0553663,102.87749197754643
update-seq,8,1x,1,3,False,538177,0.0601442,111.75542618878175
update-seq,8,1x,1,4,False,538177,0.055771,103.62947506117875
update-seq,8,2-stackless,1,0,True,538177,0.0221935,41.23829149146099
update-seq,8,2-stackless,1,1,True,538177,0.022528542,41.860841321721296
update-seq,8,2-stackless,1,2,False,538177,0.022873583000000003,42.501970541290326
update-seq,8,2-stackless,1,3,False,538177,0.022641707999999997,42.07111786642684
update-seq,8,2-stackless,1,4,False,538177,0.022425749999999994,41.669840963103205
update-seq,8,1x,2,0,True,538177,0.0567662,105.47868080575721
update-seq,8,1x,2,1,True,538177,0.0565998,105.16948884846435
update-seq,8,1x,2,2,False,538177,0.0554139,102.96593871532971
update-seq,8,1x,2,3,False,538177,0.055627,103.36190509813686
update-seq,8,1x,2,4,False,538177,0.0557922,103.6688673057377
update-seq,8,2-stackless,2,0,True,538177,0.017919375,33.29643407280504
update-seq,8,2-stackless,2,1,True,538177,0.0174945,32.50696332247569
update-seq,8,2-stackless,2,2,False,538177,0.017628125,32.75525524130537
update-seq,8,2-stackless,2,3,False,538177,0.017439625,32.40499872718455
update-seq,8,2-stackless,2,4,False,538177,0.017434415999999994,32.39531975539644
make-table,8,2-stackless,0,0,True,491301,0.068434,139.2913916316067
make-table,8,2-stackless,0,1,True,491301,0.06706279100000001,136.50041624177442
make-table,8,2-stackless,0,2,False,491301,0.066154666,134.65200762872456
make-table,8,2-stackless,0,3,False,491301,0.066977917,136.32766267522354
make-table,8,2-stackless,0,4,False,491301,0.06687387499999997,136.11589432954537
make-table,8,1x,0,0,True,491301,0.0209515,42.64493660709015
make-table,8,1x,0,1,True,491301,0.0212146,43.180453530524055
make-table,8,1x,0,2,False,491301,0.0209335,42.60829918929536
make-table,8,1x,0,3,False,491301,0.0213001,43.35448126504933
make-table,8,1x,0,4,False,491301,0.0208205,42.37829762202804
make-table,8,1x,1,0,True,491301,0.0203878,41.49757480648319
make-table,8,1x,1,1,True,491301,0.0206232,41.97671081475511
make-table,8,1x,1,2,False,491301,0.020192,41.099041117359825
make-table,8,1x,1,3,False,491301,0.0207323,42.19877427483355
make-table,8,1x,1,4,False,491301,0.0203173,41.35407825345359
make-table,8,2-stackless,1,0,True,491301,0.068334459,139.08878467578938
make-table,8,2-stackless,1,1,True,491301,0.066247625,134.84121750210159
make-table,8,2-stackless,1,2,False,491301,0.06606899999999999,134.4776420157907
make-table,8,2-stackless,1,3,False,491301,0.06612575000000001,134.59315165244934
make-table,8,2-stackless,1,4,False,491301,0.066258292,134.8629292429692
make-table,8,2-stackless,2,0,True,491301,0.067062833,136.50050172908257
make-table,8,2-stackless,2,1,True,491301,0.06676858299999999,135.90158171874268
make-table,8,2-stackless,2,2,False,491301,0.066144542,134.63140111662707
make-table,8,2-stackless,2,3,False,491301,0.06654879200000002,135.4542164579352
make-table,8,2-stackless,2,4,False,491301,0.06645516600000001,135.26364896468766
make-table,8,1x,2,0,True,491301,0.0205719,41.87229417403994
make-table,8,1x,2,1,True,491301,0.0197274,40.153388655834206
make-table,8,1x,2,2,False,491301,0.019727,40.15257449099432
make-table,8,1x,2,3,False,491301,0.0197283,40.155220526723944
make-table,8,1x,2,4,False,491301,0.0201379,40.988925322765475
add-int,64,2-stackless,0,0,True,341491,0.033350125,97.66033365447406
add-int,64,2-stackless,0,1,True,341491,0.024639457999999996,72.15258381626455
add-int,64,2-stackless,0,2,False,341491,0.024572417,71.95626531885173
add-int,64,2-stackless,0,3,False,341491,0.02457412499999999,71.96126691479421
add-int,64,2-stackless,0,4,False,341491,0.024963959000000008,73.10283140697707
add-int,64,1x,0,0,True,341491,0.0212505,62.22857996257588
add-int,64,1x,0,1,True,341491,0.0208357,61.01390666225464
add-int,64,1x,0,2,False,341491,0.0210887,61.75477538207449
add-int,64,1x,0,3,False,341491,0.0208271,60.98872298245049
add-int,64,1x,0,4,False,341491,0.0207825,60.858119247652205
add-int,64,1x,1,0,True,341491,0.0206665,60.518432403782235
add-int,64,1x,1,1,True,341491,0.020664,60.511111566629864
add-int,64,1x,1,2,False,341491,0.0203863,59.6979129757446
add-int,64,1x,1,3,False,341491,0.0204423,59.86189972795769
add-int,64,1x,1,4,False,341491,0.0205074,60.05253432740541
add-int,64,2-stackless,1,0,True,341491,0.024462417,71.63414848414746
add-int,64,2-stackless,1,1,True,341491,0.024539291,71.85926129824797
add-int,64,2-stackless,1,2,False,341491,0.024272041,71.07666380665962
add-int,64,2-stackless,1,3,False,341491,0.024568792000000006,71.94565010498083
add-int,64,2-stackless,1,4,False,341491,0.024958916999999997,73.08806674260813
add-int,64,2-stackless,2,0,True,341491,0.044775083,131.11643645074102
add-int,64,2-stackless,2,1,True,341491,0.024860958000000002,72.80120998796455
add-int,64,2-stackless,2,2,False,341491,0.024721041,72.39148615922528
add-int,64,2-stackless,2,3,False,341491,0.0245215,71.80716329273685
add-int,64,2-stackless,2,4,False,341491,0.025065209000000005,73.39932531164804
add-int,64,1x,2,0,True,341491,0.0212324,62.17557710159272
add-int,64,1x,2,1,True,341491,0.0205295,60.11725052783236
add-int,64,1x,2,2,False,341491,0.0204394,59.853407556860944
add-int,64,1x,2,3,False,341491,0.0205388,60.144484042039174
add-int,64,1x,2,4,False,341491,0.0205371,60.139505872775565
assign-table,256,2-stackless,0,0,True,14974,0.014876209000000001,993.4692800854816
assign-table,256,2-stackless,0,1,True,14974,0.014523208,969.8950180312542
assign-table,256,2-stackless,0,2,False,14974,0.014478458999999996,966.9065713904098
assign-table,256,2-stackless,0,3,False,14974,0.014551374999999998,971.7760785361291
assign-table,256,2-stackless,0,4,False,14974,0.01445604200000001,965.4095098170168
assign-table,256,1x,0,0,True,14974,0.250402,16722.45225056765
assign-table,256,1x,0,1,True,14974,0.253939,16958.66168024576
assign-table,256,1x,0,2,False,14974,0.253897,16955.856818485372
assign-table,256,1x,0,3,False,14974,0.254183,16974.956591425136
assign-table,256,1x,0,4,False,14974,0.252454,16859.4897822893
assign-table,256,2-stackless,1,0,True,14974,0.014877583,993.5610391344998
assign-table,256,2-stackless,1,1,True,14974,0.0145985,974.9232002137038
assign-table,256,2-stackless,1,2,False,14974,0.014425417,963.3642981167357
assign-table,256,2-stackless,1,3,False,14974,0.014389917000000002,960.993522104982
assign-table,256,2-stackless,1,4,False,14974,0.014425750000000001,963.3865366635503
assign-table,256,1x,1,0,True,14974,0.259313,17317.550420729265
assign-table,256,1x,1,1,True,14974,0.247074,16500.200347268597
assign-table,256,1x,1,2,False,14974,0.250644,16738.613596901294
assign-table,256,1x,1,3,False,14974,0.25018,16707.62655269133
assign-table,256,1x,1,4,False,14974,0.254882,17021.637505008683
assign-table,256,2-stackless,2,0,True,14974,0.01438725,960.8154133831976
assign-table,256,2-stackless,2,1,True,14974,0.014701415999999998,981.7961800454119
assign-table,256,2-stackless,2,2,False,14974,0.014705582999999998,982.0744624014958
assign-table,256,2-stackless,2,3,False,14974,0.014502333,968.5009349539201
assign-table,256,2-stackless,2,4,False,14974,0.014769249999999998,986.3262989181246
assign-table,256,1x,2,0,True,14974,0.253581,16934.753572859623
assign-table,256,1x,2,1,True,14974,0.249324,16650.460798717777
assign-table,256,1x,2,2,False,14974,0.251819,16817.0829437692
assign-table,256,1x,2,3,False,14974,0.261549,17466.875918258313
assign-table,256,1x,2,4,False,14974,0.254977,17027.98183518098
update-table,0,2-stackless,0,0,True,664086,0.019734,29.71603075505281
update-table,0,2-stackless,0,1,True,664086,0.019738875,29.72337167174131
update-table,0,2-stackless,0,2,False,664086,0.019914166000000004,29.987329954252917
update-table,0,2-stackless,0,3,False,664086,0.019683833999999997,29.64048933421273
update-table,0,2-stackless,0,4,False,664086,0.019620333000000004,29.544867682800124
update-table,0,1x,0,0,True,664086,0.0460811,69.39025969528043
update-table,0,1x,0,1,True,664086,0.0425717,64.10570317699816
update-table,0,1x,0,2,False,664086,0.0425988,64.14651114464091
update-table,0,1x,0,3,False,664086,0.0430979,64.89807043063699
update-table,0,1x,0,4,False,664086,0.0433052,65.21022879566803
update-table,0,2-stackless,1,0,True,664086,0.020394459,30.710569113036563
update-table,0,2-stackless,1,1,True,664086,0.020034042000000002,30.167842719165897
update-table,0,2-stackless,1,2,False,664086,0.019976708000000003,30.081507515592865
update-table,0,2-stackless,1,3,False,664086,0.020100209,30.267478910863954
update-table,0,2-stackless,1,4,False,664086,0.019883417,29.94102721635451
update-table,0,1x,1,0,True,664086,0.0458654,69.06545236610921
update-table,0,1x,1,1,True,664086,0.0461088,69.43197116036175
update-table,0,1x,1,2,False,664086,0.046044,69.3343934369946
update-table,0,1x,1,3,False,664086,0.045123,67.94752486876699
update-table,0,1x,1,4,False,664086,0.0450906,67.89873600708341
update-table,0,2-stackless,2,0,True,664086,0.019574458,29.47578777447499
update-table,0,2-stackless,2,1,True,664086,0.019725292000000002,29.70291799556082
update-table,0,2-stackless,2,2,False,664086,0.019617750000000003,29.54097812632702
update-table,0,2-stackless,2,3,False,664086,0.01952575,29.402441852410682
update-table,0,2-stackless,2,4,False,664086,0.019585667,29.49266661245682
update-table,0,1x,2,0,True,664086,0.0461292,69.46269007327365
update-table,0,1x,2,1,True,664086,0.0444852,66.9871070915514
update-table,0,1x,2,2,False,664086,0.0437701,65.91028872766479
update-table,0,1x,2,3,False,664086,0.0438235,65.99069999969883
update-table,0,1x,2,4,False,664086,0.0446576,67.24671202223809
const-int,0,1x,0,0,True,4074648,0.020698,5.079702590260557
const-int,0,1x,0,1,True,4074648,0.0206424,5.06605723979102
const-int,0,1x,0,2,False,4074648,0.0207791,5.099606150028174
const-int,0,1x,0,3,False,4074648,0.0206884,5.07734655852481
const-int,0,1x,0,4,False,4074648,0.020761,5.0951640485264
const-int,0,2-stackless,0,0,True,4074648,0.118781083,29.151250120255785
const-int,0,2-stackless,0,1,True,4074648,0.118746917,29.14286510147625
const-int,0,2-stackless,0,2,False,4074648,0.11829187500000002,29.031188706361878
const-int,0,2-stackless,0,3,False,4074648,0.11752950000000001,28.844086654847246
const-int,0,2-stackless,0,4,False,4074648,0.11724466600000005,28.774182702407682
const-int,0,2-stackless,1,0,True,4074648,0.118110542,28.9866859664933
const-int,0,2-stackless,1,1,True,4074648,0.11885970800000001,29.170546265591536
const-int,0,2-stackless,1,2,False,4074648,0.11985262500000002,29.414227928400198
const-int,0,2-stackless,1,3,False,4074648,0.11875745800000004,29.145452073406105
const-int,0,2-stackless,1,4,False,4074648,0.11893029100000002,29.187868743508645
const-int,0,1x,1,0,True,4074648,0.0208404,5.114650394340812
const-int,0,1x,1,1,True,4074648,0.0207488,5.092169924862222
const-int,0,1x,1,2,False,4074648,0.0205868,5.052411889321482
const-int,0,1x,1,3,False,4074648,0.0207813,5.1001460739676165
const-int,0,1x,1,4,False,4074648,0.0212541,5.21618063695318
const-int,0,1x,2,0,True,4074648,0.0208945,5.127927614851639
const-int,0,1x,2,1,True,4074648,0.0209865,5.150506252319219
const-int,0,1x,2,2,False,4074648,0.0208869,5.126062423060839
const-int,0,1x,2,3,False,4074648,0.0208517,5.117423640029765
const-int,0,1x,2,4,False,4074648,0.020873,5.122651085443454
const-int,0,2-stackless,2,0,True,4074648,0.11856725,29.09877123128182
const-int,0,2-stackless,2,1,True,4074648,0.11941795799999999,29.307551965224967
const-int,0,2-stackless,2,2,False,4074648,0.11909550000000002,29.228414331741053
const-int,0,2-stackless,2,3,False,4074648,0.11873829199999997,29.140748354213656
const-int,0,2-stackless,2,4,False,4074648,0.11955699999999997,29.34167564903765
make-table,64,1x,0,0,True,92431,0.0201787,218.31095628090142
make-table,64,1x,0,1,True,92431,0.0199589,215.93296621263428
make-table,64,1x,0,2,False,92431,0.0201541,218.04481180556306
make-table,64,1x,0,3,False,92431,0.0202177,218.73289264424272
make-table,64,1x,0,4,False,92431,0.0202511,219.09424327336066
make-table,64,2-stackless,0,0,True,92431,0.053669459,580.6434962296199
make-table,64,2-stackless,0,1,True,92431,0.05253595899999999,568.3802944899438
make-table,64,2-stackless,0,2,False,92431,0.052503541999999986,568.0295788209581
make-table,64,2-stackless,0,3,False,92431,0.053020416000000015,573.6215771764886
make-table,64,2-stackless,0,4,False,92431,0.05355462500000002,579.4011208360834
make-table,64,2-stackless,1,0,True,92431,0.055461834,600.034988261514
make-table,64,2-stackless,1,1,True,92431,0.054197290999999995,586.3540478843677
make-table,64,2-stackless,1,2,False,92431,0.05388291699999999,582.9528729538789
make-table,64,2-stackless,1,3,False,92431,0.054167416999999995,586.0308446300483
make-table,64,2-stackless,1,4,False,92431,0.052358875,566.4644437472276
make-table,64,1x,1,0,True,92431,0.020937,226.51491382761193
make-table,64,1x,1,1,True,92431,0.0210789,228.0501130573076
make-table,64,1x,1,2,False,92431,0.0212134,229.50525256677955
make-table,64,1x,1,3,False,92431,0.0213835,231.34554424381432
make-table,64,1x,1,4,False,92431,0.0209737,226.91196676439722
make-table,64,2-stackless,2,0,True,92431,0.055592083,601.4441367073817
make-table,64,2-stackless,2,1,True,92431,0.05535262500000001,598.8534690742284
make-table,64,2-stackless,2,2,False,92431,0.055971375000000004,605.5476517618549
make-table,64,2-stackless,2,3,False,92431,0.05588062499999999,604.5658383010028
make-table,64,2-stackless,2,4,False,92431,0.05596087499999999,605.4340535101859
make-table,64,1x,2,0,True,92431,0.0209188,226.318010191386
make-table,64,1x,2,1,True,92431,0.0206402,223.30386991377353
make-table,64,1x,2,2,False,92431,0.020756,224.55669634646384
make-table,64,1x,2,3,False,92431,0.020652,223.43153271088704
make-table,64,1x,2,4,False,92431,0.0205265,222.07376313141694
push-shared-seq,0,2-stackless,0,0,True,674253,0.021423833,31.774175272486737
push-shared-seq,0,2-stackless,0,1,True,674253,0.021019292,31.17419129021302
push-shared-seq,0,2-stackless,0,2,False,674253,0.021089499999999997,31.27831837603985
push-shared-seq,0,2-stackless,0,3,False,674253,0.021291375,31.57772379210771
push-shared-seq,0,2-stackless,0,4,False,674253,0.021255125,31.523960590460852
push-shared-seq,0,1x,0,0,True,674253,0.0676572,100.3439361782595
push-shared-seq,0,1x,0,1,True,674253,0.0672752,99.7773832671119
push-shared-seq,0,1x,0,2,False,674253,0.0629474,93.35872439573869
push-shared-seq,0,1x,0,3,False,674253,0.0619518,91.88212733202522
push-shared-seq,0,1x,0,4,False,674253,0.0624698,92.6503849445238
push-shared-seq,0,1x,1,0,True,674253,0.0622105,92.2658112014333
push-shared-seq,0,1x,1,1,True,674253,0.0631874,93.71467386871102
push-shared-seq,0,1x,1,2,False,674253,0.0623822,92.52046338688889
push-shared-seq,0,1x,1,3,False,674253,0.0624277,92.58794547447323
push-shared-seq,0,1x,1,4,False,674253,0.0664915,98.61505992557689
push-shared-seq,0,2-stackless,1,0,True,674253,0.020892083,30.98552472143246
push-shared-seq,0,2-stackless,1,1,True,674253,0.020480875000000003,30.37565275942414
push-shared-seq,0,2-stackless,1,2,False,674253,0.020478833000000002,30.37262422265826
push-shared-seq,0,2-stackless,1,3,False,674253,0.020479749999999998,30.37398424626957
push-shared-seq,0,2-stackless,1,4,False,674253,0.020479374999999994,30.373428075218044
push-shared-seq,0,1x,2,0,True,674253,0.0669452,99.28795274177497
push-shared-seq,0,1x,2,1,True,674253,0.064075,95.03109366958692
push-shared-seq,0,1x,2,2,False,674253,0.0615372,91.26722461746554
push-shared-seq,0,1x,2,3,False,674253,0.068335,101.34919681484547
push-shared-seq,0,1x,2,4,False,674253,0.065033,96.45192531586807
push-shared-seq,0,2-stackless,2,0,True,674253,0.020609958,30.567098700339486
push-shared-seq,0,2-stackless,2,1,True,674253,0.020548290999999996,30.47563896638205
push-shared-seq,0,2-stackless,2,2,False,674253,0.020569208,30.506661446074396
push-shared-seq,0,2-stackless,2,3,False,674253,0.020816332999999992,30.87317816902556
push-shared-seq,0,2-stackless,2,4,False,674253,0.020800541000000006,30.849756693704006
get-string,8,1x,0,0,True,1276594,0.0207223,16.23249051773704
get-string,8,1x,0,1,True,1276594,0.0211415,16.560864299847875
get-string,8,1x,0,2,False,1276594,0.0203443,15.936390113066487
get-string,8,1x,0,3,False,1276594,0.0202809,15.88672671185984
get-string,8,1x,0,4,False,1276594,0.0202808,15.88664837841945
get-string,8,2-stackless,0,0,True,1276594,0.039566750000000005,30.99399652512859
get-string,8,2-stackless,0,1,True,1276594,0.039824000000000005,31.195509300529384
get-string,8,2-stackless,0,2,False,1276594,0.039741750000000006,31.1310800458094
get-string,8,2-stackless,0,3,False,1276594,0.040023833999999994,31.352046147796397
get-string,8,2-stackless,0,4,False,1276594,0.03977424999999998,31.15653841393582
get-string,8,1x,1,0,True,1276594,0.0210402,16.481512524733784
get-string,8,1x,1,1,True,1276594,0.0202735,15.880930037271051
get-string,8,1x,1,2,False,1276594,0.0203295,15.92479676388891
get-string,8,1x,1,3,False,1276594,0.0205848,16.124782037202117
get-string,8,1x,1,4,False,1276594,0.0205218,16.075431969757027
get-string,8,2-stackless,1,0,True,1276594,0.039389958,30.855509269196002
get-string,8,2-stackless,1,1,True,1276594,0.039798958999999995,31.17589382372155
get-string,8,2-stackless,1,2,False,1276594,0.03974495900000001,31.133593765911485
get-string,8,2-stackless,1,3,False,1276594,0.039369167,30.839222963604715
get-string,8,2-stackless,1,4,False,1276594,0.03957654099999999,31.001666152277068
get-string,8,1x,2,0,True,1276594,0.0215588,16.88774974659132
get-string,8,1x,2,1,True,1276594,0.0212472,16.643662746339086
get-string,8,1x,2,2,False,1276594,0.0205158,16.07073196333368
get-string,8,1x,2,3,False,1276594,0.0202838,15.888998381631122
get-string,8,1x,2,4,False,1276594,0.0202587,15.869336688093474
get-string,8,2-stackless,2,0,True,1276594,0.039384916,30.851559697131584
get-string,8,2-stackless,2,1,True,1276594,0.039702917,31.100660820903123
get-string,8,2-stackless,2,2,False,1276594,0.03947845900000001,30.924835147274706
get-string,8,2-stackless,2,3,False,1276594,0.03997420800000001,31.313172394668946
get-string,8,2-stackless,2,4,False,1276594,0.039360333,30.832302987480748
assign-seq,256,1x,0,0,True,21446,0.226492,10561.037023221113
assign-seq,256,1x,0,1,True,21446,0.226915,10580.76098106873
assign-seq,256,1x,0,2,False,21446,0.226797,10575.258789517859
assign-seq,256,1x,0,3,False,21446,0.226369,10555.301687960458
assign-seq,256,1x,0,4,False,21446,0.225928,10534.738412757624
assign-seq,256,2-stackless,0,0,True,21446,0.020026208,933.7968852000373
assign-seq,256,2-stackless,0,1,True,21446,0.020020292,933.5210295626224
assign-seq,256,2-stackless,0,2,False,21446,0.020362583999999996,949.4816749044109
assign-seq,256,2-stackless,0,3,False,21446,0.020035665999999994,934.237899841462
assign-seq,256,2-stackless,0,4,False,21446,0.020255250000000002,944.4768255152478
assign-seq,256,2-stackless,1,0,True,21446,0.019969458000000002,931.1507040940037
assign-seq,256,2-stackless,1,1,True,21446,0.020071667000000005,935.9165811806399
assign-seq,256,2-stackless,1,2,False,21446,0.020461416999999996,954.0901333582018
assign-seq,256,2-stackless,1,3,False,21446,0.020075625000000007,936.1011377413041
assign-seq,256,2-stackless,1,4,False,21446,0.020272416,945.2772544996736
assign-seq,256,1x,1,0,True,21446,0.225594,10519.16441294414
assign-seq,256,1x,1,1,True,21446,0.225518,10515.620628555442
assign-seq,256,1x,1,2,False,21446,0.226117,10543.55124498741
assign-seq,256,1x,1,3,False,21446,0.226172,10546.11582579502
assign-seq,256,1x,1,4,False,21446,0.22611,10543.224843793714
assign-seq,256,1x,2,0,True,21446,0.226538,10563.181945351114
assign-seq,256,1x,2,1,True,21446,0.226496,10561.22353818894
assign-seq,256,1x,2,2,False,21446,0.227575,10611.535950760048
assign-seq,256,1x,2,3,False,21446,0.226739,10572.554322484379
assign-seq,256,1x,2,4,False,21446,0.226661,10568.91728061177
assign-seq,256,2-stackless,2,0,True,21446,0.019993708,932.2814510864497
assign-seq,256,2-stackless,2,1,True,21446,0.020023250000000003,933.65895738133
assign-seq,256,2-stackless,2,2,False,21446,0.020050958,934.9509465634617
assign-seq,256,2-stackless,2,3,False,21446,0.020374625,950.0431315863098
assign-seq,256,2-stackless,2,4,False,21446,0.02005054199999999,934.9315490068072
