case,width,engine,round,batch,warmup,iterations,seconds,ns_per_iteration
make-seq,8,2-stackless,0,0,True,527609,0.114274322,216.58903089219478
make-seq,8,2-stackless,0,1,True,527609,0.11335851300000001,214.853258757906
make-seq,8,2-stackless,0,2,False,527609,0.11345577600000004,215.03760549952716
make-seq,8,2-stackless,0,3,False,527609,0.11343207799999999,214.9926896622309
make-seq,8,2-stackless,0,4,False,527609,0.11328353400000002,214.7111478386457
make-seq,8,2-stackful,0,0,True,527609,0.11496414299999999,217.89647826325933
make-seq,8,2-stackful,0,1,True,527609,0.11494684999999999,217.863702097576
make-seq,8,2-stackful,0,2,False,527609,0.11509584,218.1460892441183
make-seq,8,2-stackful,0,3,False,527609,0.11478389099999997,217.55483890532568
make-seq,8,2-stackful,0,4,False,527609,0.11490251200000007,217.7796663817336
make-seq,8,1x,0,0,True,527609,0.0181674,34.433453561254645
make-seq,8,1x,0,1,True,527609,0.0185038,35.07104693058685
make-seq,8,1x,0,2,False,527609,0.0186086,35.2696788720435
make-seq,8,1x,0,3,False,527609,0.0183119,34.707330617938666
make-seq,8,1x,0,4,False,527609,0.0183055,34.695200423040546
make-seq,8,1x,1,0,True,527609,0.0180962,34.2985051430131
make-seq,8,1x,1,1,True,527609,0.0185378,35.135488590983094
make-seq,8,1x,1,2,False,527609,0.0183019,34.68837718841036
make-seq,8,1x,1,3,False,527609,0.0184326,34.93609851234532
make-seq,8,1x,1,4,False,527609,0.0182301,34.55229156439712
make-seq,8,2-stackless,1,0,True,527609,0.113029383,214.2294445318408
make-seq,8,2-stackless,1,1,True,527609,0.11308505,214.33495258799604
make-seq,8,2-stackless,1,2,False,527609,0.113304129,214.7501824267592
make-seq,8,2-stackless,1,3,False,527609,0.11366718000000003,215.43828858112738
make-seq,8,2-stackless,1,4,False,527609,0.11315968099999996,214.47640392790865
make-seq,8,2-stackful,1,0,True,527609,0.11508692699999999,218.12919605237968
make-seq,8,2-stackful,1,1,True,527609,0.11503576499999998,218.03222651622696
make-seq,8,2-stackful,1,2,False,527609,0.11511413100000001,218.18075696206853
make-seq,8,2-stackful,1,3,False,527609,0.115164037,218.27534594747246
make-seq,8,2-stackful,1,4,False,527609,0.11496704800000002,217.90198423453734
make-seq,8,2-stackless,2,0,True,527609,0.113273708,214.69252419879115
make-seq,8,2-stackless,2,1,True,527609,0.11328903499999998,214.72157412022915
make-seq,8,2-stackless,2,2,False,527609,0.113782951,215.65771433011946
make-seq,8,2-stackless,2,3,False,527609,0.113735382,215.56755476119628
make-seq,8,2-stackless,2,4,False,527609,0.11311523400000006,214.39216161968437
make-seq,8,1x,2,0,True,527609,0.0182564,34.60213908405657
make-seq,8,1x,2,1,True,527609,0.0192193,36.42716481333715
make-seq,8,1x,2,2,False,527609,0.0183262,34.73443402216414
make-seq,8,1x,2,3,False,527609,0.0182648,34.61805996486034
make-seq,8,1x,2,4,False,527609,0.0182846,34.65558775532639
make-seq,8,2-stackful,2,0,True,527609,0.115091734,218.13830696595394
make-seq,8,2-stackful,2,1,True,527609,0.11502854399999998,218.01854024476455
make-seq,8,2-stackful,2,2,False,527609,0.11492863,217.82916894897548
make-seq,8,2-stackful,2,3,False,527609,0.11500601200000005,217.9758343773515
make-seq,8,2-stackful,2,4,False,527609,0.11521393099999999,218.36991218876096
get-string,64,2-stackful,0,0,True,417006,0.025777938,61.81670767327089
get-string,64,2-stackful,0,1,True,417006,0.025821661,61.92155748358537
get-string,64,2-stackful,0,2,False,417006,0.025774448000000005,61.80833848913446
get-string,64,2-stackful,0,3,False,417006,0.025733398000000005,61.7098986585325
get-string,64,2-stackful,0,4,False,417006,0.025622563000000015,61.44411111590724
get-string,64,2-stackless,0,0,True,417006,0.024325358000000002,58.33335251770958
get-string,64,2-stackless,0,1,True,417006,0.024370520999999996,58.44165551574797
get-string,64,2-stackless,0,2,False,417006,0.024323956999999993,58.32999285381983
get-string,64,2-stackless,0,3,False,417006,0.024253365,58.16070991784291
get-string,64,2-stackless,0,4,False,417006,0.024617148000000005,59.0330786607387
get-string,64,1x,0,0,True,417006,0.020317,48.72112151863522
get-string,64,1x,0,1,True,417006,0.0205517,49.28394315669319
get-string,64,1x,0,2,False,417006,0.0205189,49.20528721409284
get-string,64,1x,0,3,False,417006,0.0204585,49.060445173450745
get-string,64,1x,0,4,False,417006,0.0205771,49.344853551267846
get-string,64,2-stackless,1,0,True,417006,0.024277445999999998,58.21845728838433
get-string,64,2-stackless,1,1,True,417006,0.024331575,58.348261176098184
get-string,64,2-stackless,1,2,False,417006,0.024599215,58.99007448334077
get-string,64,2-stackless,1,3,False,417006,0.024556877000000005,58.888545968163534
get-string,64,2-stackless,1,4,False,417006,0.024649142,59.10980177743246
get-string,64,2-stackful,1,0,True,417006,0.025536899,61.23868481508659
get-string,64,2-stackful,1,1,True,417006,0.025765114999999998,61.785957516198806
get-string,64,2-stackful,1,2,False,417006,0.025583630000000003,61.35074795086882
get-string,64,2-stackful,1,3,False,417006,0.025586378000000007,61.35733778410864
get-string,64,2-stackful,1,4,False,417006,0.025386729999999982,60.87857249056364
get-string,64,1x,1,0,True,417006,0.0203325,48.75829124760795
get-string,64,1x,1,1,True,417006,0.0202131,48.471964432166445
get-string,64,1x,1,2,False,417006,0.0203833,48.88011203675727
get-string,64,1x,1,3,False,417006,0.0203789,48.86956062982307
get-string,64,1x,1,4,False,417006,0.0205708,49.329745854975705
get-string,64,1x,2,0,True,417006,0.020434,49.00169302120353
get-string,64,1x,2,1,True,417006,0.0203283,48.74821945007986
get-string,64,1x,2,2,False,417006,0.0203198,48.72783605032062
get-string,64,1x,2,3,False,417006,0.0202222,48.49378666014398
get-string,64,1x,2,4,False,417006,0.0205308,49.233823973755776
get-string,64,2-stackless,2,0,True,417006,0.024322382,58.326215929746816
get-string,64,2-stackless,2,1,True,417006,0.024152076,57.91781413217076
get-string,64,2-stackless,2,2,False,417006,0.02405465300000001,57.684189196318535
get-string,64,2-stackless,2,3,False,417006,0.024189941000000006,58.008616182980596
get-string,64,2-stackless,2,4,False,417006,0.024200551,58.03405946197417
get-string,64,2-stackful,2,0,True,417006,0.025493146,61.1337630633612
get-string,64,2-stackful,2,1,True,417006,0.025701654999999997,61.633777451643375
get-string,64,2-stackful,2,2,False,417006,0.025744651,61.73688388176669
get-string,64,2-stackful,2,3,False,417006,0.025574069000000005,61.327820223210225
get-string,64,2-stackful,2,4,False,417006,0.025544325000000007,61.256492712335096
push-shared-seq,8,2-stackless,0,0,True,111778,0.020256435,181.22023117250265
push-shared-seq,8,2-stackless,0,1,True,111778,0.020404014,182.54051781209182
push-shared-seq,8,2-stackless,0,2,False,111778,0.020211394,180.81728068135052
push-shared-seq,8,2-stackless,0,3,False,111778,0.020264280999999995,181.29042387589683
push-shared-seq,8,2-stackless,0,4,False,111778,0.020221869000000003,180.91099321870138
push-shared-seq,8,1x,0,0,True,111778,0.0189026,169.10841131528565
push-shared-seq,8,1x,0,1,True,111778,0.0188422,168.5680545366709
push-shared-seq,8,1x,0,2,False,111778,0.0189039,169.12004151085188
push-shared-seq,8,1x,0,3,False,111778,0.0187831,168.03932795362235
push-shared-seq,8,1x,0,4,False,111778,0.0188272,168.4338599724454
push-shared-seq,8,2-stackful,0,0,True,111778,0.020751008,185.64483172001647
push-shared-seq,8,2-stackful,0,1,True,111778,0.020779560000000002,185.90026659986762
push-shared-seq,8,2-stackful,0,2,False,111778,0.020819346000000002,186.2562042620194
push-shared-seq,8,2-stackful,0,3,False,111778,0.020701703999999994,185.20374313371138
push-shared-seq,8,2-stackful,0,4,False,111778,0.02073207399999999,185.47544239474664
push-shared-seq,8,2-stackful,1,0,True,111778,0.020668108,184.90318309506344
push-shared-seq,8,2-stackful,1,1,True,111778,0.020737227000000004,185.52154270071037
push-shared-seq,8,2-stackful,1,2,False,111778,0.02069307,185.12650074254324
push-shared-seq,8,2-stackful,1,3,False,111778,0.020760825000000004,185.73265758914997
push-shared-seq,8,2-stackful,1,4,False,111778,0.020834724,186.39378052926335
push-shared-seq,8,2-stackless,1,0,True,111778,0.019976422,178.71514967167064
push-shared-seq,8,2-stackless,1,1,True,111778,0.019960971999999997,178.57692927051832
push-shared-seq,8,2-stackless,1,2,False,111778,0.019987504999999996,178.8143015620247
push-shared-seq,8,2-stackless,1,3,False,111778,0.020065885999999998,179.51552183792873
push-shared-seq,8,2-stackless,1,4,False,111778,0.02015570800000001,180.31909678111978
push-shared-seq,8,1x,1,0,True,111778,0.01856,166.04340746837482
push-shared-seq,8,1x,1,1,True,111778,0.0184493,165.0530515843905
push-shared-seq,8,1x,1,2,False,111778,0.0184318,164.8964912594607
push-shared-seq,8,1x,1,3,False,111778,0.0186469,166.82084131045465
push-shared-seq,8,1x,1,4,False,111778,0.018361,164.26309291631628
push-shared-seq,8,2-stackless,2,0,True,111778,0.020311199,181.71016658018573
push-shared-seq,8,2-stackless,2,1,True,111778,0.020240955,181.0817423822219
push-shared-seq,8,2-stackless,2,2,False,111778,0.020421501,182.69696183506593
push-shared-seq,8,2-stackless,2,3,False,111778,0.020438853,182.85219810696202
push-shared-seq,8,2-stackless,2,4,False,111778,0.020382806000000003,182.35078459088552
push-shared-seq,8,1x,2,0,True,111778,0.0234215,209.53586573386534
push-shared-seq,8,1x,2,1,True,111778,0.0232813,208.28159387357084
push-shared-seq,8,1x,2,2,False,111778,0.0231447,207.05952870869044
push-shared-seq,8,1x,2,3,False,111778,0.0233937,209.28715847483406
push-shared-seq,8,1x,2,4,False,111778,0.0231676,207.2643990767414
push-shared-seq,8,2-stackful,2,0,True,111778,0.02074904,185.62722539319006
push-shared-seq,8,2-stackful,2,1,True,111778,0.020764517,185.76568734455796
push-shared-seq,8,2-stackful,2,2,False,111778,0.02083058,186.35670704432
push-shared-seq,8,2-stackful,2,3,False,111778,0.020769390999999998,185.80929163162696
push-shared-seq,8,2-stackful,2,4,False,111778,0.020776783999999993,185.87543165918152
assign-seq,64,2-stackful,0,0,True,37320,0.019907209999999998,533.4193461950696
assign-seq,64,2-stackful,0,1,True,37320,0.019978769,535.3367899249732
assign-seq,64,2-stackful,0,2,False,37320,0.020180777000000004,540.7496516613077
assign-seq,64,2-stackful,0,3,False,37320,0.020032044000000006,536.7643086816722
assign-seq,64,2-stackful,0,4,False,37320,0.019947653999999995,534.5030546623793
assign-seq,64,1x,0,0,True,37320,0.164073,4396.382636655949
assign-seq,64,1x,0,1,True,37320,0.163744,4387.566988210075
assign-seq,64,1x,0,2,False,37320,0.163334,4376.580921757771
assign-seq,64,1x,0,3,False,37320,0.163591,4383.467309753483
assign-seq,64,1x,0,4,False,37320,0.163482,4380.546623794212
assign-seq,64,2-stackless,0,0,True,37320,0.019946409,534.4696945337621
assign-seq,64,2-stackless,0,1,True,37320,0.019854567000000004,532.0087620578779
assign-seq,64,2-stackless,0,2,False,37320,0.019815357,530.9581189710611
assign-seq,64,2-stackless,0,3,False,37320,0.019900484000000003,533.2391211146839
assign-seq,64,2-stackless,0,4,False,37320,0.02003590799999999,536.8678456591638
assign-seq,64,1x,1,0,True,37320,0.165634,4438.2100750267955
assign-seq,64,1x,1,1,True,37320,0.165249,4427.893890675241
assign-seq,64,1x,1,2,False,37320,0.166176,4452.733118971061
assign-seq,64,1x,1,3,False,37320,0.165673,4439.255091103966
assign-seq,64,1x,1,4,False,37320,0.16479,4415.594855305466
assign-seq,64,2-stackful,1,0,True,37320,0.01991782,533.7036441586281
assign-seq,64,2-stackful,1,1,True,37320,0.020088311,538.2719989281886
assign-seq,64,2-stackful,1,2,False,37320,0.020016374000000003,536.3444265809219
assign-seq,64,2-stackful,1,3,False,37320,0.019935760000000004,534.1843515541266
assign-seq,64,2-stackful,1,4,False,37320,0.019950411,534.5769292604501
assign-seq,64,2-stackless,1,0,True,37320,0.019920614,533.7785101822079
assign-seq,64,2-stackless,1,1,True,37320,0.019833392,531.4413719185424
assign-seq,64,2-stackless,1,2,False,37320,0.019925222,533.9019828510183
assign-seq,64,2-stackless,1,3,False,37320,0.01990973,533.4868703108253
assign-seq,64,2-stackless,1,4,False,37320,0.01985166399999999,531.9309753483385
assign-seq,64,2-stackless,2,0,True,37320,0.019916014,533.6552518756699
assign-seq,64,2-stackless,2,1,True,37320,0.020029446000000003,536.6946945337621
assign-seq,64,2-stackless,2,2,False,37320,0.019913012,533.5748124330117
assign-seq,64,2-stackless,2,3,False,37320,0.019688543999999995,527.5601286173633
assign-seq,64,2-stackless,2,4,False,37320,0.019729198000000003,528.6494640943195
assign-seq,64,1x,2,0,True,37320,0.165301,4429.287245444802
assign-seq,64,1x,2,1,True,37320,0.164334,4403.376205787781
assign-seq,64,1x,2,2,False,37320,0.166137,4451.688102893891
assign-seq,64,1x,2,3,False,37320,0.16613,4451.50053590568
assign-seq,64,1x,2,4,False,37320,0.167544,4489.3890675241155
assign-seq,64,2-stackful,2,0,True,37320,0.020022712999999998,536.514281886388
assign-seq,64,2-stackful,2,1,True,37320,0.019894543,533.0799303322615
assign-seq,64,2-stackful,2,2,False,37320,0.019930865,534.0531886387996
assign-seq,64,2-stackful,2,3,False,37320,0.019846153000000005,531.7833065380494
assign-seq,64,2-stackful,2,4,False,37320,0.019896782000000002,533.1399249732048
const-table,0,1x,0,0,True,776552,0.0658674,84.82033398922417
const-table,0,1x,0,1,True,776552,0.0663602,85.45493411902872
const-table,0,1x,0,2,False,776552,0.0670036,86.28346846057958
const-table,0,1x,0,3,False,776552,0.0669877,86.26299333463825
const-table,0,1x,0,4,False,776552,0.0671403,86.45950303392432
const-table,0,2-stackless,0,0,True,776552,0.018983468,24.44584264801327
const-table,0,2-stackless,0,1,True,776552,0.018933577999999996,24.38159711133317
const-table,0,2-stackless,0,2,False,776552,0.018901568999999993,24.340377721002575
const-table,0,2-stackless,0,3,False,776552,0.018921421000000008,24.365942010322563
const-table,0,2-stackless,0,4,False,776552,0.018955119000000006,24.409336399880505
const-table,0,2-stackful,0,0,True,776552,0.021279681,27.40277663311665
const-table,0,2-stackful,0,1,True,776552,0.021274017000000003,27.395482852403966
const-table,0,2-stackful,0,2,False,776552,0.021277591999999998,27.400086536381334
const-table,0,2-stackful,0,3,False,776552,0.021263002000000003,27.381298354778565
const-table,0,2-stackful,0,4,False,776552,0.021266321000000005,27.385572376350847
const-table,0,1x,1,0,True,776552,0.0661048,85.1260443601974
const-table,0,1x,1,1,True,776552,0.0664363,85.5529314199178
const-table,0,1x,1,2,False,776552,0.0655854,84.45719024611358
const-table,0,1x,1,3,False,776552,0.0660884,85.1049253623711
const-table,0,1x,1,4,False,776552,0.0656629,84.5569903882805
const-table,0,2-stackless,1,0,True,776552,0.018921968,24.366646406164687
const-table,0,2-stackless,1,1,True,776552,0.01895643,24.41102463196283
const-table,0,2-stackless,1,2,False,776552,0.018916509000000005,24.35961661292483
const-table,0,2-stackless,1,3,False,776552,0.018891553999999998,24.327480967147075
const-table,0,2-stackless,1,4,False,776552,0.018896238999999995,24.333514046709038
const-table,0,2-stackful,1,0,True,776552,0.021283614,27.40784132936365
const-table,0,2-stackful,1,1,True,776552,0.021267271,27.386795732932246
const-table,0,2-stackful,1,2,False,776552,0.021259603000000002,27.37692131370469
const-table,0,2-stackful,1,3,False,776552,0.021271631,27.39241029576899
const-table,0,2-stackful,1,4,False,776552,0.021260217000000012,27.377711988379414
const-table,0,2-stackless,2,0,True,776552,0.0189659,24.423219565463743
const-table,0,2-stackless,2,1,True,776552,0.018918002,24.36153921437328
const-table,0,2-stackless,2,2,False,776552,0.018909475999999995,24.350559910991144
const-table,0,2-stackless,2,3,False,776552,0.018910429,24.35178713080386
const-table,0,2-stackless,2,4,False,776552,0.018956814999999988,24.411520413314225
const-table,0,1x,2,0,True,776552,0.0657266,84.63901966642284
const-table,0,1x,2,1,True,776552,0.065888,84.84686151088401
const-table,0,1x,2,2,False,776552,0.0662771,85.34792261175042
const-table,0,1x,2,3,False,776552,0.0666764,85.86211869906974
const-table,0,1x,2,4,False,776552,0.0667314,85.932944606414
const-table,0,2-stackful,2,0,True,776552,0.021350892,27.494478154714688
const-table,0,2-stackful,2,1,True,776552,0.021352806999999998,27.49694418403403
const-table,0,2-stackful,2,2,False,776552,0.021303658999999996,27.433654153231203
const-table,0,2-stackful,2,3,False,776552,0.021294325000000003,27.421634352883007
const-table,0,2-stackful,2,4,False,776552,0.021281461,27.405068817027065
take-table,64,2-stackless,0,0,True,100087,0.082613383,825.4157183250572
take-table,64,2-stackless,0,1,True,100087,0.082927304,828.5521995863598
take-table,64,2-stackless,0,2,False,100087,0.082873691,828.0165356140158
take-table,64,2-stackless,0,3,False,100087,0.08256752600000003,824.9575469341676
take-table,64,2-stackless,0,4,False,100087,0.08161062000000002,815.3968047798419
take-table,64,2-stackful,0,0,True,100087,0.079558645,794.8948914444434
take-table,64,2-stackful,0,1,True,100087,0.07989851699999999,798.2906571282982
take-table,64,2-stackful,0,2,False,100087,0.08075241300000002,806.8221946906194
take-table,64,2-stackful,0,3,False,100087,0.08009248000000002,800.2286011170283
take-table,64,2-stackful,0,4,False,100087,0.07870655299999996,786.3813782009647
take-table,64,1x,0,0,True,100087,0.0193994,193.825371926424
take-table,64,1x,0,1,True,100087,0.0193388,193.2198986881413
take-table,64,1x,0,2,False,100087,0.0193491,193.32280915603425
take-table,64,1x,0,3,False,100087,0.0194202,194.03319112372236
take-table,64,1x,0,4,False,100087,0.0198296,198.1236324397774
take-table,64,2-stackless,1,0,True,100087,0.08316305900000001,830.9077003007385
take-table,64,2-stackless,1,1,True,100087,0.083044063,829.7187746660405
take-table,64,2-stackless,1,2,False,100087,0.083096946,830.247144983864
take-table,64,2-stackless,1,3,False,100087,0.08238446700000002,823.1285481630982
take-table,64,2-stackless,1,4,False,100087,0.082070225,819.9888596920679
take-table,64,2-stackful,1,0,True,100087,0.080653642,805.8353432513713
take-table,64,2-stackful,1,1,True,100087,0.08006583099999999,799.9623427617971
take-table,64,2-stackful,1,2,False,100087,0.08015594200000001,800.8626694775547
take-table,64,2-stackful,1,3,False,100087,0.08058289099999999,805.1284482500223
take-table,64,2-stackful,1,4,False,100087,0.08043862200000002,803.6870122992998
take-table,64,1x,1,0,True,100087,0.0195614,195.44396375153616
take-table,64,1x,1,1,True,100087,0.0195143,194.97337316534615
take-table,64,1x,1,2,False,100087,0.0194724,194.55473737848072
take-table,64,1x,1,3,False,100087,0.0196358,196.18731703418027
take-table,64,1x,1,4,False,100087,0.0196002,195.8316264849581
take-table,64,1x,2,0,True,100087,0.0197805,197.63305923846255
take-table,64,1x,2,1,True,100087,0.0198631,198.4583412431185
take-table,64,1x,2,2,False,100087,0.0197406,197.23440606672196
take-table,64,1x,2,3,False,100087,0.019685,196.67888936625135
take-table,64,1x,2,4,False,100087,0.0197323,197.15147821395385
take-table,64,2-stackful,2,0,True,100087,0.080687537,806.1739986211995
take-table,64,2-stackful,2,1,True,100087,0.08140732800000001,813.365651882862
take-table,64,2-stackful,2,2,False,100087,0.08063954899999998,805.6945357538938
take-table,64,2-stackful,2,3,False,100087,0.08018970600000003,801.2000159860924
take-table,64,2-stackful,2,4,False,100087,0.080837889,807.6762116958246
take-table,64,2-stackless,2,0,True,100087,0.083823901,837.5103759729036
take-table,64,2-stackless,2,1,True,100087,0.08253238000000002,824.6063924385786
take-table,64,2-stackless,2,2,False,100087,0.08245481399999999,823.8314066761916
take-table,64,2-stackless,2,3,False,100087,0.08312740399999999,830.5514602296001
take-table,64,2-stackless,2,4,False,100087,0.08245753700000003,823.8586130066844
get-table,256,1x,0,0,True,133164,0.0276198,207.41191312967467
get-table,256,1x,0,1,True,133164,0.0283047,212.55519509777417
get-table,256,1x,0,2,False,133164,0.0283434,212.8458141840137
get-table,256,1x,0,3,False,133164,0.0283461,212.86608993421646
get-table,256,1x,0,4,False,133164,0.0281812,211.6277672644258
get-table,256,2-stackless,0,0,True,133164,0.019596059000000002,147.15733231203632
get-table,256,2-stackless,0,1,True,133164,0.019902899999999998,149.46156618906008
get-table,256,2-stackless,0,2,False,133164,0.019711248,148.0223483824457
get-table,256,2-stackless,0,3,False,133164,0.019864600000000003,149.17395091766545
get-table,256,2-stackless,0,4,False,133164,0.019822325000000002,148.85648523625005
get-table,256,2-stackful,0,0,True,133164,0.02015941,151.3878375536932
get-table,256,2-stackful,0,1,True,133164,0.020361525000000002,152.90562764711183
get-table,256,2-stackful,0,2,False,133164,0.020225069999999998,151.88091376047578
get-table,256,2-stackful,0,3,False,133164,0.020178834,151.53370280255925
get-table,256,2-stackful,0,4,False,133164,0.020305168,152.4824126640834
get-table,256,2-stackless,1,0,True,133164,0.019751696,148.32609413955723
get-table,256,2-stackless,1,1,True,133164,0.019920805,149.59602445105284
get-table,256,2-stackless,1,2,False,133164,0.019784268,148.5706947823736
get-table,256,2-stackless,1,3,False,133164,0.019651951999999993,147.57706286984464
get-table,256,2-stackless,1,4,False,133164,0.019920319000000006,149.5923748160164
get-table,256,2-stackful,1,0,True,133164,0.020191480999999997,151.62867591841635
get-table,256,2-stackful,1,1,True,133164,0.020242031,152.00828301943469
get-table,256,2-stackful,1,2,False,133164,0.020206544,151.74179207593644
get-table,256,2-stackful,1,3,False,133164,0.020103449999999995,150.96760385689822
get-table,256,2-stackful,1,4,False,133164,0.020219981999999997,151.84270523564925
get-table,256,1x,1,0,True,133164,0.0278757,209.33360367666938
get-table,256,1x,1,1,True,133164,0.0283899,213.19500765972785
get-table,256,1x,1,2,False,133164,0.0283902,213.1972605208615
get-table,256,1x,1,3,False,133164,0.0285,214.02180769577365
get-table,256,1x,1,4,False,133164,0.0286118,214.86137394491004
get-table,256,2-stackless,2,0,True,133164,0.01975794,148.3729836892854
get-table,256,2-stackless,2,1,True,133164,0.019886930000000004,149.34163888137937
get-table,256,2-stackless,2,2,False,133164,0.019847691999999993,149.04697966417345
get-table,256,2-stackless,2,3,False,133164,0.019979245000000007,150.0348817998859
get-table,256,2-stackless,2,4,False,133164,0.020006042999999987,150.2361223754167
get-table,256,2-stackful,2,0,True,133164,0.020270809,152.22439247844764
get-table,256,2-stackful,2,1,True,133164,0.020374133,153.0003078910216
get-table,256,2-stackful,2,2,False,133164,0.020372992,152.99173950917665
get-table,256,2-stackful,2,3,False,133164,0.020496259000000003,153.9174176203779
get-table,256,2-stackful,2,4,False,133164,0.020417274,153.3242768315761
get-table,256,1x,2,0,True,133164,0.0277409,208.32131807395393
get-table,256,1x,2,1,True,133164,0.0279967,210.2422576672374
get-table,256,1x,2,2,False,133164,0.0282826,212.38923432759606
get-table,256,1x,2,3,False,133164,0.0281167,211.14340212069328
get-table,256,1x,2,4,False,133164,0.0280897,210.94064461866571
add-float,64,1x,0,0,True,270215,0.0202415,74.90886886368263
add-float,64,1x,0,1,True,270215,0.0201715,74.64981588734896
add-float,64,1x,0,2,False,270215,0.0203543,75.3263142312603
add-float,64,1x,0,3,False,270215,0.0202216,74.83522380326777
add-float,64,1x,0,4,False,270215,0.020294,75.10315859593287
add-float,64,2-stackful,0,0,True,270215,0.025321366,93.70821753048499
add-float,64,2-stackful,0,1,True,270215,0.025258899999999997,93.47704605591842
add-float,64,2-stackful,0,2,False,270215,0.025154815000000004,93.09185278389432
add-float,64,2-stackful,0,3,False,270215,0.025220941999999996,93.33657272912309
add-float,64,2-stackful,0,4,False,270215,0.025292276000000002,93.60056251503434
add-float,64,2-stackless,0,0,True,270215,0.024539016,90.81293044427585
add-float,64,2-stackless,0,1,True,270215,0.024838711000000003,91.92202875488039
add-float,64,2-stackless,0,2,False,270215,0.024707782999999997,91.43749606794589
add-float,64,2-stackless,0,3,False,270215,0.024652012,91.23110116018727
add-float,64,2-stackless,0,4,False,270215,0.024602242999999996,91.04691819477081
add-float,64,2-stackful,1,0,True,270215,0.025167468,93.13867845974502
add-float,64,2-stackful,1,1,True,270215,0.025499897,94.36891734359676
add-float,64,2-stackful,1,2,False,270215,0.025218911999999996,93.32906019280942
add-float,64,2-stackful,1,3,False,270215,0.025037358999999995,92.65717669263363
add-float,64,2-stackful,1,4,False,270215,0.025263933999999988,93.49567566567359
add-float,64,2-stackless,1,0,True,270215,0.024709829000000003,91.44506781636846
add-float,64,2-stackless,1,1,True,270215,0.024845389,91.9467424088226
add-float,64,2-stackless,1,2,False,270215,0.024670836,91.30076420628018
add-float,64,2-stackless,1,3,False,270215,0.024584914,90.98278778010103
add-float,64,2-stackless,1,4,False,270215,0.024655629,91.2444867975501
add-float,64,1x,1,0,True,270215,0.0201354,74.51621856669689
add-float,64,1x,1,1,True,270215,0.0201301,74.49660455563162
add-float,64,1x,1,2,False,270215,0.0201622,74.61539884906463
add-float,64,1x,1,3,False,270215,0.0202427,74.91330977184835
add-float,64,1x,1,4,False,270215,0.0203074,75.15274873711674
add-float,64,2-stackful,2,0,True,270215,0.025350921000000002,93.81759339784988
add-float,64,2-stackful,2,1,True,270215,0.025334827,93.75803341783394
add-float,64,2-stackful,2,2,False,270215,0.025276645,93.54271598541902
add-float,64,2-stackful,2,3,False,270215,0.02533112500000001,93.74433321614275
add-float,64,2-stackful,2,4,False,270215,0.02513670200000001,93.02482097588961
add-float,64,1x,2,0,True,270215,0.020336,75.25859038173306
add-float,64,1x,2,1,True,270215,0.0203774,75.4118017134504
add-float,64,1x,2,2,False,270215,0.0202309,74.8696408415521
add-float,64,1x,2,3,False,270215,0.0203933,75.47064374664619
add-float,64,1x,2,4,False,270215,0.020355,75.32890476102362
add-float,64,2-stackless,2,0,True,270215,0.024730434,91.52132191033066
add-float,64,2-stackless,2,1,True,270215,0.024914933999999996,92.20411154081008
add-float,64,2-stackless,2,2,False,270215,0.024721358000000006,91.48773384157063
add-float,64,2-stackless,2,3,False,270215,0.02474705599999999,91.58283588993945
add-float,64,2-stackless,2,4,False,270215,0.024752496000000013,91.60296800695747
add-float4,8,2-stackful,0,0,True,1306379,0.038707372,29.629511803236273
add-float4,8,2-stackful,0,1,True,1306379,0.038558405000000004,29.515481341938294
add-float4,8,2-stackful,0,2,False,1306379,0.039033992,29.879531131471037
add-float4,8,2-stackful,0,3,False,1306379,0.03881446200000001,29.711486482866004
add-float4,8,2-stackful,0,4,False,1306379,0.038780328,29.6853577713665
add-float4,8,2-stackless,0,0,True,1306379,0.034891928,26.70888616550021
add-float4,8,2-stackless,0,1,True,1306379,0.034523144000000006,26.426591364374357
add-float4,8,2-stackless,0,2,False,1306379,0.034768661000000006,26.614528402553937
add-float4,8,2-stackless,0,3,False,1306379,0.034757364999999985,26.605881600974897
add-float4,8,2-stackless,0,4,False,1306379,0.034569970000000005,26.462435480055948
add-float4,8,1x,0,0,True,1306379,0.0202009,15.463276736689735
add-float4,8,1x,0,1,True,1306379,0.0202258,15.48233705532621
add-float4,8,1x,0,2,False,1306379,0.0198723,15.211741768659785
add-float4,8,1x,0,3,False,1306379,0.019927,15.253613231688506
add-float4,8,1x,0,4,False,1306379,0.0199682,15.285150787022756
add-float4,8,2-stackful,1,0,True,1306379,0.039025183,29.87278806533173
add-float4,8,2-stackful,1,1,True,1306379,0.038989758,29.845671126066783
add-float4,8,2-stackful,1,2,False,1306379,0.038708147,29.6301050460854
add-float4,8,2-stackful,1,3,False,1306379,0.038473255,29.450301175998696
add-float4,8,2-stackful,1,4,False,1306379,0.038632376999999996,29.57210503230685
add-float4,8,2-stackless,1,0,True,1306379,0.034345916000000004,26.290927824161294
add-float4,8,2-stackless,1,1,True,1306379,0.034318819,26.270185757731866
add-float4,8,2-stackless,1,2,False,1306379,0.03475190299999999,26.601700578469178
add-float4,8,2-stackless,1,3,False,1306379,0.03512705399999999,26.888869156653616
add-float4,8,2-stackless,1,4,False,1306379,0.03447576299999999,26.390322410265316
add-float4,8,1x,1,0,True,1306379,0.0198106,15.164511983122814
add-float4,8,1x,1,1,True,1306379,0.0198942,15.228505663364153
add-float4,8,1x,1,2,False,1306379,0.0198125,15.165966384946481
add-float4,8,1x,1,3,False,1306379,0.0196961,15.076865136380789
add-float4,8,1x,1,4,False,1306379,0.0196662,15.053977444524138
add-float4,8,2-stackful,2,0,True,1306379,0.03855323,29.511520010655406
add-float4,8,2-stackful,2,1,True,1306379,0.038465871,29.44464891122714
add-float4,8,2-stackful,2,2,False,1306379,0.038520809,29.486702557221143
add-float4,8,2-stackful,2,3,False,1306379,0.03856219500000001,29.518382490839187
add-float4,8,2-stackful,2,4,False,1306379,0.03853358399999998,29.49648149579868
add-float4,8,2-stackless,2,0,True,1306379,0.034318973,26.27030364082705
add-float4,8,2-stackless,2,1,True,1306379,0.034403195000000004,26.334773446296985
add-float4,8,2-stackless,2,2,False,1306379,0.03461934700000001,26.50023232155447
add-float4,8,2-stackless,2,3,False,1306379,0.03458246699999999,26.47200161668244
add-float4,8,2-stackless,2,4,False,1306379,0.034494203,26.40443776270133
add-float4,8,1x,2,0,True,1306379,0.0198283,15.178060884322237
add-float4,8,1x,2,1,True,1306379,0.0198595,15.201943693216133
add-float4,8,1x,2,2,False,1306379,0.0200541,15.350905058945376
add-float4,8,1x,2,3,False,1306379,0.0199104,15.240906352597523
add-float4,8,1x,2,4,False,1306379,0.0198365,15.184337776403325
const-table,64,1x,0,0,True,411994,0.0515511,125.12585134734972
const-table,64,1x,0,1,True,411994,0.0511836,124.23384806574853
const-table,64,1x,0,2,False,411994,0.0512123,124.3035092744069
const-table,64,1x,0,3,False,411994,0.0513173,124.55836735486439
const-table,64,1x,0,4,False,411994,0.0506586,122.95955766346111
const-table,64,2-stackful,0,0,True,411994,0.021365098,51.85778919110472
const-table,64,2-stackful,0,1,True,411994,0.021353779,51.83031549003141
const-table,64,2-stackful,0,2,False,411994,0.021256733000000007,51.594763515973554
const-table,64,2-stackful,0,3,False,411994,0.021288078000000002,51.670844721039636
const-table,64,2-stackful,0,4,False,411994,0.02125625099999999,51.59359359602322
const-table,64,2-stackless,0,0,True,411994,0.020038822999999997,48.638628232449975
const-table,64,2-stackless,0,1,True,411994,0.020152911,48.915544886576015
const-table,64,2-stackless,0,2,False,411994,0.020346889,49.38637213163298
const-table,64,2-stackless,0,3,False,411994,0.020180782999999994,48.983196357228486
const-table,64,2-stackless,0,4,False,411994,0.020099014999999998,48.78472744748709
const-table,64,2-stackful,1,0,True,411994,0.021330046000000002,51.77271028218858
const-table,64,2-stackful,1,1,True,411994,0.021332768000000002,51.77931717452197
const-table,64,2-stackful,1,2,False,411994,0.021377549000000003,51.888010505007365
const-table,64,2-stackful,1,3,False,411994,0.021268871999999994,51.62422753729422
const-table,64,2-stackful,1,4,False,411994,0.02143133700000001,52.01856580435639
const-table,64,2-stackless,1,0,True,411994,0.020031481,48.620807584576475
const-table,64,2-stackless,1,1,True,411994,0.020082800999999997,48.745372505424825
const-table,64,2-stackless,1,2,False,411994,0.020078809999999996,48.735685471147626
const-table,64,2-stackless,1,3,False,411994,0.020085139000000002,48.75104734534969
const-table,64,2-stackless,1,4,False,411994,0.020077058999999994,48.731435409253514
const-table,64,1x,1,0,True,411994,0.0508071,123.31999980582242
const-table,64,1x,1,1,True,411994,0.0508536,123.43286552716788
const-table,64,1x,1,2,False,411994,0.0513012,124.51928911586091
const-table,64,1x,1,3,False,411994,0.0512008,124.27559624654728
const-table,64,1x,1,4,False,411994,0.0510889,124.00399034937402
const-table,64,2-stackless,2,0,True,411994,0.019977565,48.489941601091274
const-table,64,2-stackless,2,1,True,411994,0.019969488,48.47033694665456
const-table,64,2-stackless,2,2,False,411994,0.020115748000000003,48.825342116632775
const-table,64,2-stackless,2,3,False,411994,0.020154992999999996,48.92059835822851
const-table,64,2-stackless,2,4,False,411994,0.02012450099999999,48.84658757166364
const-table,64,2-stackful,2,0,True,411994,0.021447128,52.05689403243736
const-table,64,2-stackful,2,1,True,411994,0.021292990000000005,51.68276722476542
const-table,64,2-stackful,2,2,False,411994,0.021245900000000005,51.568469443729775
const-table,64,2-stackful,2,3,False,411994,0.021238145,51.54964635407312
const-table,64,2-stackful,2,4,False,411994,0.021180243,51.40910547240979
const-table,64,1x,2,0,True,411994,0.0506268,122.88237207337971
const-table,64,1x,2,1,True,411994,0.0507296,123.13189027024666
const-table,64,1x,2,2,False,411994,0.0512633,124.42729748491483
const-table,64,1x,2,3,False,411994,0.0512554,124.40812244838517
const-table,64,1x,2,4,False,411994,0.0518022,125.73532624261519
take-table,0,2-stackless,0,0,True,2949635,0.053233507,18.047489604646
take-table,0,2-stackless,0,1,True,2949635,0.053376111999999996,18.095836264486962
take-table,0,2-stackless,0,2,False,2949635,0.05326605799999999,18.058525207356162
take-table,0,2-stackless,0,3,False,2949635,0.053159279000000004,18.022324457093845
take-table,0,2-stackless,0,4,False,2949635,0.05328076200000001,18.06351023092688
take-table,0,1x,0,0,True,2949635,0.0199913,6.777550442681891
take-table,0,1x,0,1,True,2949635,0.0200021,6.78121191266038
take-table,0,1x,0,2,False,2949635,0.0203035,6.88339404706006
take-table,0,1x,0,3,False,2949635,0.0200769,6.806570982511396
take-table,0,1x,0,4,False,2949635,0.0201421,6.828675412381532
take-table,0,2-stackful,0,0,True,2949635,0.062405395,21.15698891557769
take-table,0,2-stackful,0,1,True,2949635,0.062095445,21.05190811744504
take-table,0,2-stackful,0,2,False,2949635,0.062039821999999994,21.033050529980827
take-table,0,2-stackful,0,3,False,2949635,0.062169103,21.07688002074833
take-table,0,2-stackful,0,4,False,2949635,0.06227464199999999,21.112660380013118
take-table,0,1x,1,0,True,2949635,0.0201567,6.833625177352452
take-table,0,1x,1,1,True,2949635,0.0202482,6.864645964670205
take-table,0,1x,1,2,False,2949635,0.0202598,6.8685786546471
take-table,0,1x,1,3,False,2949635,0.0199951,6.778838737674322
take-table,0,1x,1,4,False,2949635,0.0201878,6.844168854790508
take-table,0,2-stackful,1,0,True,2949635,0.061923497,20.993613447087522
take-table,0,2-stackful,1,1,True,2949635,0.062006939,21.021902370971322
take-table,0,2-stackful,1,2,False,2949635,0.06217226499999999,21.07795201779203
take-table,0,2-stackful,1,3,False,2949635,0.061883618,20.98009346919195
take-table,0,2-stackful,1,4,False,2949635,0.06179047700000001,20.948516341852468
take-table,0,2-stackless,1,0,True,2949635,0.05319886,18.035743405540007
take-table,0,2-stackless,1,1,True,2949635,0.053564338,18.159649583762057
take-table,0,2-stackless,1,2,False,2949635,0.05328226199999998,18.064018768423885
take-table,0,2-stackless,1,3,False,2949635,0.05332980000000001,18.080135338779208
take-table,0,2-stackless,1,4,False,2949635,0.05328966700000001,18.066529248534145
take-table,0,2-stackful,2,0,True,2949635,0.061839633,20.96518145465456
take-table,0,2-stackful,2,1,True,2949635,0.061784177,20.946380484365015
take-table,0,2-stackful,2,2,False,2949635,0.061916524000000014,20.991249425776413
take-table,0,2-stackful,2,3,False,2949635,0.06211154599999999,21.057366758937967
take-table,0,2-stackful,2,4,False,2949635,0.062299259999999995,21.121006497414083
take-table,0,1x,2,0,True,2949635,0.019855,6.7313413354533695
take-table,0,1x,2,1,True,2949635,0.0198971,6.7456142878695164
take-table,0,1x,2,2,False,2949635,0.0202393,6.861628642187932
take-table,0,1x,2,3,False,2949635,0.0200825,6.808469522500242
take-table,0,1x,2,4,False,2949635,0.0203952,6.914482639377415
take-table,0,2-stackless,2,0,True,2949635,0.053483202,18.132142451523663
take-table,0,2-stackless,2,1,True,2949635,0.05339968,18.10382640564002
take-table,0,2-stackless,2,2,False,2949635,0.05329927600000001,18.069786939740005
take-table,0,2-stackless,2,3,False,2949635,0.05337572500000001,18.095705061812737
take-table,0,2-stackless,2,4,False,2949635,0.05335207499999997,18.08768712060983
const-seq,8,2-stackless,0,0,True,747927,0.020115134,26.894515106420815
const-seq,8,2-stackless,0,1,True,747927,0.020086285000000002,26.855943160228207
const-seq,8,2-stackless,0,2,False,747927,0.020143936,26.933024212256008
const-seq,8,2-stackless,0,3,False,747927,0.020228211000000003,27.045702321215845
const-seq,8,2-stackless,0,4,False,747927,0.020151310000000006,26.942883463225698
const-seq,8,2-stackful,0,0,True,747927,0.022439511,30.002274286126855
const-seq,8,2-stackful,0,1,True,747927,0.022503606,30.08797115226486
const-seq,8,2-stackful,0,2,False,747927,0.022493639000000003,30.074644985406334
const-seq,8,2-stackful,0,3,False,747927,0.022452008999999995,30.0189844730836
const-seq,8,2-stackful,0,4,False,747927,0.022411551000000002,29.964890958609598
const-seq,8,1x,0,0,True,747927,0.0622172,83.18619330496158
const-seq,8,1x,0,1,True,747927,0.0621586,83.10784341252555
const-seq,8,1x,0,2,False,747927,0.0615966,82.35643318131315
const-seq,8,1x,0,3,False,747927,0.0618768,82.73106867381442
const-seq,8,1x,0,4,False,747927,0.0627862,83.94696273834211
const-seq,8,2-stackful,1,0,True,747927,0.022391542,29.93813834772645
const-seq,8,2-stackful,1,1,True,747927,0.022432098,29.992362891030808
const-seq,8,2-stackful,1,2,False,747927,0.022326889999999995,29.85169675650163
const-seq,8,2-stackful,1,3,False,747927,0.022372821,29.913107830042236
const-seq,8,2-stackful,1,4,False,747927,0.022417376000000003,29.972679151842364
const-seq,8,2-stackless,1,0,True,747927,0.020240198,27.061729286414316
const-seq,8,2-stackless,1,1,True,747927,0.020156045,26.949214294977985
const-seq,8,2-stackless,1,2,False,747927,0.020069575,26.833601407624005
const-seq,8,2-stackless,1,3,False,747927,0.020121945000000002,26.903621610130404
const-seq,8,2-stackless,1,4,False,747927,0.020079984999999995,26.847519878276884
const-seq,8,1x,1,0,True,747927,0.0623937,83.42217890248648
const-seq,8,1x,1,1,True,747927,0.062199,83.16185937932445
const-seq,8,1x,1,2,False,747927,0.0615599,82.30736422137454
const-seq,8,1x,1,3,False,747927,0.0615763,82.32929149502559
const-seq,8,1x,1,4,False,747927,0.0623343,83.34275938694552
const-seq,8,1x,2,0,True,747927,0.0619483,82.82666623881742
const-seq,8,1x,2,1,True,747927,0.0623585,83.37511548586961
const-seq,8,1x,2,2,False,747927,0.0616473,82.424220545588
const-seq,8,1x,2,3,False,747927,0.061925,82.79551346588637
const-seq,8,1x,2,4,False,747927,0.0617334,82.53933873225596
const-seq,8,2-stackless,2,0,True,747927,0.020105385,26.881480411858377
const-seq,8,2-stackless,2,1,True,747927,0.020091016,26.862268643864976
const-seq,8,2-stackless,2,2,False,747927,0.020084214000000003,26.853174173415326
const-seq,8,2-stackless,2,3,False,747927,0.020080017,26.84756266320109
const-seq,8,2-stackless,2,4,False,747927,0.020122139999999997,26.903882330762222
const-seq,8,2-stackful,2,0,True,747927,0.022392725,29.939720052892863
const-seq,8,2-stackful,2,1,True,747927,0.022386797000000003,29.931794145685345
const-seq,8,2-stackful,2,2,False,747927,0.02236224,29.898960727450675
const-seq,8,2-stackful,2,3,False,747927,0.022371615999999997,29.91149671024043
const-seq,8,2-stackful,2,4,False,747927,0.022342412000000006,29.872450118795026
make-table,256,2-stackless,0,0,True,13029,0.062025056,4760.538491058408
make-table,256,2-stackless,0,1,True,13029,0.06197963,4757.051961010055
make-table,256,2-stackless,0,2,False,13029,0.06196861499999999,4756.206539258576
make-table,256,2-stackless,0,3,False,13029,0.062000851999999995,4758.680789009133
make-table,256,2-stackless,0,4,False,13029,0.061982916,4757.304167626065
make-table,256,2-stackful,0,0,True,13029,0.062132044000000004,4768.750019187966
make-table,256,2-stackful,0,1,True,13029,0.062160108000000006,4770.903983421598
make-table,256,2-stackful,0,2,False,13029,0.062270567,4779.381917261494
make-table,256,2-stackful,0,3,False,13029,0.06228667299999999,4780.618082738505
make-table,256,2-stackful,0,4,False,13029,0.062463504,4794.190191112134
make-table,256,1x,0,0,True,13029,0.0202577,1554.816179292348
make-table,256,1x,0,1,True,13029,0.020259,1554.9159567119502
make-table,256,1x,0,2,False,13029,0.0203451,1561.52429196408
make-table,256,1x,0,3,False,13029,0.0203948,1565.338859467342
make-table,256,1x,0,4,False,13029,0.0203682,1563.297259958554
make-table,256,1x,1,0,True,13029,0.0201022,1542.881264870673
make-table,256,1x,1,1,True,13029,0.0199355,1530.086729603193
make-table,256,1x,1,2,False,13029,0.0200425,1538.2991787550848
make-table,256,1x,1,3,False,13029,0.0201841,1549.167242305626
make-table,256,1x,1,4,False,13029,0.0199899,1534.2620308542482
make-table,256,2-stackless,1,0,True,13029,0.062953053,4831.763988026709
make-table,256,2-stackless,1,1,True,13029,0.06221794,4775.342697060404
make-table,256,2-stackless,1,2,False,13029,0.06224574500000002,4777.476782561979
make-table,256,2-stackless,1,3,False,13029,0.062142636,4769.562974902141
make-table,256,2-stackless,1,4,False,13029,0.06211240699999998,4767.242842888938
make-table,256,2-stackful,1,0,True,13029,0.062208272,4774.600660066007
make-table,256,2-stackful,1,1,True,13029,0.062233042,4776.501803668739
make-table,256,2-stackful,1,2,False,13029,0.062095865999999986,4765.97329035229
make-table,256,2-stackful,1,3,False,13029,0.062073088,4764.225036457134
make-table,256,2-stackful,1,4,False,13029,0.06210310800000002,4766.529127331339
make-table,256,2-stackless,2,0,True,13029,0.062073931,4764.289738276153
make-table,256,2-stackless,2,1,True,13029,0.061995519000000006,4758.271471333181
make-table,256,2-stackless,2,2,False,13029,0.06207795199999999,4764.598357510169
make-table,256,2-stackless,2,3,False,13029,0.062049361,4762.403945045668
make-table,256,2-stackless,2,4,False,13029,0.06225810300000001,4778.425282063091
make-table,256,1x,2,0,True,13029,0.020068,1540.256351216517
make-table,256,1x,2,1,True,13029,0.0201578,1547.1486683552075
make-table,256,1x,2,2,False,13029,0.0200686,1540.3024023332566
make-table,256,1x,2,3,False,13029,0.0201203,1544.270473558984
make-table,256,1x,2,4,False,13029,0.02029,1557.295264410162
make-table,256,2-stackful,2,0,True,13029,0.062428234,4791.48315296646
make-table,256,2-stackful,2,1,True,13029,0.06254842699999999,4800.708189423593
make-table,256,2-stackful,2,2,False,13029,0.06238152999999999,4787.89853403945
make-table,256,2-stackful,2,3,False,13029,0.062101886999999995,4766.435413308772
make-table,256,2-stackful,2,4,False,13029,0.06213075900000001,4768.651393046282
update-string,256,1x,0,0,True,82204,0.0393575,478.77840494379836
update-string,256,1x,0,1,True,82204,0.0398739,485.06033769646245
update-string,256,1x,0,2,False,82204,0.0395955,481.6736411853438
update-string,256,1x,0,3,False,82204,0.0399413,485.88024913629505
update-string,256,1x,0,4,False,82204,0.0394418,479.803902486497
update-string,256,2-stackful,0,0,True,82204,0.020228235,246.07360955671257
update-string,256,2-stackful,0,1,True,82204,0.020207390000000002,245.82003308841422
update-string,256,2-stackful,0,2,False,82204,0.020255518,246.40550338183056
update-string,256,2-stackful,0,3,False,82204,0.020280813,246.71321346893095
update-string,256,2-stackful,0,4,False,82204,0.020292074999999993,246.8502141015035
update-string,256,2-stackless,0,0,True,82204,0.019827017000000002,241.19284949637492
update-string,256,2-stackless,0,1,True,82204,0.02001108,243.4319497834655
update-string,256,2-stackless,0,2,False,82204,0.01994704,242.65291226704298
update-string,256,2-stackless,0,3,False,82204,0.019897464000000004,242.0498272590142
update-string,256,2-stackless,0,4,False,82204,0.020061283,244.04266215755925
update-string,256,2-stackful,1,0,True,82204,0.020171358,245.381708919274
update-string,256,2-stackful,1,1,True,82204,0.020145909000000004,245.07212544401736
update-string,256,2-stackful,1,2,False,82204,0.020243624,246.26081455890224
update-string,256,2-stackful,1,3,False,82204,0.020064488999999998,244.08166269281296
update-string,256,2-stackful,1,4,False,82204,0.020047861,243.87938543136588
update-string,256,2-stackless,1,0,True,82204,0.019887885,241.93330008272105
update-string,256,2-stackless,1,1,True,82204,0.019969108,242.92136635686828
update-string,256,2-stackless,1,2,False,82204,0.019950445999999997,242.69434577392823
update-string,256,2-stackless,1,3,False,82204,0.019848243999999994,241.4510729404894
update-string,256,2-stackless,1,4,False,82204,0.019908880000000004,242.18870127974313
update-string,256,1x,1,0,True,82204,0.0393025,478.1093377451219
update-string,256,1x,1,1,True,82204,0.0399455,485.93134154055764
update-string,256,1x,1,2,False,82204,0.039385,479.1129385431366
update-string,256,1x,1,3,False,82204,0.0397506,483.56041068561143
update-string,256,1x,1,4,False,82204,0.0392093,476.9755729648192
update-string,256,1x,2,0,True,82204,0.0393355,478.5107780643278
update-string,256,1x,2,1,True,82204,0.0392381,477.3259208797625
update-string,256,1x,2,2,False,82204,0.0389155,473.40153763807115
update-string,256,1x,2,3,False,82204,0.0389081,473.31151768770377
update-string,256,1x,2,4,False,82204,0.0392235,477.1483139506593
update-string,256,2-stackful,2,0,True,82204,0.020033156,243.7005011921561
update-string,256,2-stackful,2,1,True,82204,0.020104242,244.5652522991582
update-string,256,2-stackful,2,2,False,82204,0.020080984000000003,244.2823220281252
update-string,256,2-stackful,2,3,False,82204,0.020121086999999996,244.7701693348255
update-string,256,2-stackful,2,4,False,82204,0.020237920000000006,246.1914262079705
update-string,256,2-stackless,2,0,True,82204,0.020053206,243.94440659821908
update-string,256,2-stackless,2,1,True,82204,0.020256617,246.41887256094594
update-string,256,2-stackless,2,2,False,82204,0.020145866999999998,245.07161451997464
update-string,256,2-stackless,2,3,False,82204,0.019966544000000003,242.89017566055185
update-string,256,2-stackless,2,4,False,82204,0.019790555999999987,240.74930660308482
get-int,64,1x,0,0,True,454860,0.020158,44.316932682583655
get-int,64,1x,0,1,True,454860,0.0204,44.848964516554545
get-int,64,1x,0,2,False,454860,0.0203415,44.720353515367364
get-int,64,1x,0,3,False,454860,0.0202331,44.48203842940685
get-int,64,1x,0,4,False,454860,0.0201102,44.21184540298114
get-int,64,2-stackful,0,0,True,454860,0.025415995,55.87652244646704
get-int,64,2-stackful,0,1,True,454860,0.025320695,55.66700743085784
get-int,64,2-stackful,0,2,False,454860,0.025212182,55.42844391680957
get-int,64,2-stackful,0,3,False,454860,0.025136019999999995,55.26100338565712
get-int,64,2-stackful,0,4,False,454860,0.025399859999999982,55.841049993404525
get-int,64,2-stackless,0,0,True,454860,0.023732155,52.17463615178296
get-int,64,2-stackless,0,1,True,454860,0.023818891000000002,52.365323396209824
get-int,64,2-stackless,0,2,False,454860,0.023846956000000002,52.427023699599886
get-int,64,2-stackless,0,3,False,454860,0.023816161999999988,52.359323747966386
get-int,64,2-stackless,0,4,False,454860,0.023884289000000003,52.50909950314383
get-int,64,2-stackless,1,0,True,454860,0.023865548,52.46789781471222
get-int,64,2-stackless,1,1,True,454860,0.023962585,52.68123158774128
get-int,64,2-stackless,1,2,False,454860,0.023881545999999997,52.50306907619926
get-int,64,2-stackless,1,3,False,454860,0.023938055,52.62730290638878
get-int,64,2-stackless,1,4,False,454860,0.023960899999999993,52.67752715121134
get-int,64,1x,1,0,True,454860,0.0204156,44.88326078353779
get-int,64,1x,1,1,True,454860,0.0205299,45.13454689354966
get-int,64,1x,1,2,False,454860,0.0203786,44.80191707338522
get-int,64,1x,1,3,False,454860,0.0203381,44.71287868794794
get-int,64,1x,1,4,False,454860,0.0204584,44.977355669876445
get-int,64,2-stackful,1,0,True,454860,0.025481834,56.02126808248692
get-int,64,2-stackful,1,1,True,454860,0.025453086,55.958066218177024
get-int,64,2-stackful,1,2,False,454860,0.025597067,56.274605373081826
get-int,64,2-stackful,1,3,False,454860,0.025743004,56.59544475223146
get-int,64,2-stackful,1,4,False,454860,0.02568274899999999,56.46297542100864
get-int,64,1x,2,0,True,454860,0.020469,45.00065954359583
get-int,64,1x,2,1,True,454860,0.0204859,45.03781383282768
get-int,64,1x,2,2,False,454860,0.020486,45.03803368069296
get-int,64,1x,2,3,False,454860,0.0204544,44.968561755265355
get-int,64,1x,2,4,False,454860,0.0204487,44.95603042694455
get-int,64,2-stackful,2,0,True,454860,0.025515008,56.094200413313985
get-int,64,2-stackful,2,1,True,454860,0.025294412,55.60922481642703
get-int,64,2-stackful,2,2,False,454860,0.025295816999999998,55.61231367893418
get-int,64,2-stackful,2,3,False,454860,0.025393186999999998,55.826379545354605
get-int,64,2-stackful,2,4,False,454860,0.02527686500000001,55.57064811150686
get-int,64,2-stackless,2,0,True,454860,0.024018432,52.80401002506266
get-int,64,2-stackless,2,1,True,454860,0.023906259000000003,52.55740007914524
get-int,64,2-stackless,2,2,False,454860,0.023989412,52.7402101745592
get-int,64,2-stackless,2,3,False,454860,0.023901075000000008,52.546003165809275
get-int,64,2-stackless,2,4,False,454860,0.023749674000000012,52.21315129930091
do-int,256,2-stackful,0,0,True,4100,0.030284901,7386.561219512195
do-int,256,2-stackful,0,1,True,4100,0.030300649,7390.402195121951
do-int,256,2-stackful,0,2,False,4100,0.030283247999999992,7386.158048780486
do-int,256,2-stackful,0,3,False,4100,0.030289039000000004,7387.570487804879
do-int,256,2-stackful,0,4,False,4100,0.030380300999999985,7409.829512195119
do-int,256,2-stackless,0,0,True,4100,0.02883252,7032.321951219512
do-int,256,2-stackless,0,1,True,4100,0.028789460000000003,7021.819512195123
do-int,256,2-stackless,0,2,False,4100,0.028843087999999996,7034.899512195121
do-int,256,2-stackless,0,3,False,4100,0.028771793000000004,7017.510487804879
do-int,256,2-stackless,0,4,False,4100,0.028772455000000016,7017.671951219516
do-int,256,1x,0,0,True,4100,0.0199834,4874.0
do-int,256,1x,0,1,True,4100,0.0199321,4861.487804878048
do-int,256,1x,0,2,False,4100,0.0198726,4846.975609756098
do-int,256,1x,0,3,False,4100,0.0198974,4853.024390243902
do-int,256,1x,0,4,False,4100,0.0198647,4845.048780487805
do-int,256,2-stackful,1,0,True,4100,0.030456181,7428.336829268293
do-int,256,2-stackful,1,1,True,4100,0.030995011,7559.758780487805
do-int,256,2-stackful,1,2,False,4100,0.030563503000000006,7454.51292682927
do-int,256,2-stackful,1,3,False,4100,0.03039365599999999,7413.086829268291
do-int,256,2-stackful,1,4,False,4100,0.030385331,7411.056341463414
do-int,256,2-stackless,1,0,True,4100,0.028685456,6996.452682926829
do-int,256,2-stackless,1,1,True,4100,0.028824657,7030.404146341463
do-int,256,2-stackless,1,2,False,4100,0.028738274,7009.33512195122
do-int,256,2-stackless,1,3,False,4100,0.028736965000000003,7009.015853658538
do-int,256,2-stackless,1,4,False,4100,0.028740865000000018,7009.9670731707365
do-int,256,1x,1,0,True,4100,0.0199654,4869.609756097561
do-int,256,1x,1,1,True,4100,0.0200109,4880.707317073171
do-int,256,1x,1,2,False,4100,0.0200183,4882.512195121952
do-int,256,1x,1,3,False,4100,0.0200444,4888.878048780488
do-int,256,1x,1,4,False,4100,0.0200106,4880.634146341464
do-int,256,2-stackless,2,0,True,4100,0.029067522,7089.639512195122
do-int,256,2-stackless,2,1,True,4100,0.029000048,7073.18243902439
do-int,256,2-stackless,2,2,False,4100,0.02885042,7036.687804878049
do-int,256,2-stackless,2,3,False,4100,0.02854987199999999,6963.383414634143
do-int,256,2-stackless,2,4,False,4100,0.02869206399999999,6998.0643902439
do-int,256,1x,2,0,True,4100,0.0199509,4866.073170731707
do-int,256,1x,2,1,True,4100,0.0199114,4856.4390243902435
do-int,256,1x,2,2,False,4100,0.0199673,4870.073170731707
do-int,256,1x,2,3,False,4100,0.0199234,4859.365853658536
do-int,256,1x,2,4,False,4100,0.01996,4868.292682926829
do-int,256,2-stackful,2,0,True,4100,0.030315702,7394.073658536586
do-int,256,2-stackful,2,1,True,4100,0.030678196,7482.486829268292
do-int,256,2-stackful,2,2,False,4100,0.031060704999999994,7575.781707317072
do-int,256,2-stackful,2,3,False,4100,0.030609682,7465.776097560975
do-int,256,2-stackful,2,4,False,4100,0.030377281000000006,7409.09292682927
assign-string,8,1x,0,0,True,317920,0.0193084,60.733517866129844
assign-string,8,1x,0,1,True,317920,0.0192508,60.55234021137393
assign-string,8,1x,0,2,False,317920,0.01892,59.511826874685454
assign-string,8,1x,0,3,False,317920,0.0195345,61.444703069954706
assign-string,8,1x,0,4,False,317920,0.0197116,62.00176144942124
assign-string,8,2-stackful,0,0,True,317920,0.035051504000000004,110.25259184700556
assign-string,8,2-stackful,0,1,True,317920,0.034552084000000004,108.68169350780073
assign-string,8,2-stackful,0,2,False,317920,0.034576168000000004,108.75744841469555
assign-string,8,2-stackful,0,3,False,317920,0.034502906,108.52700679416205
assign-string,8,2-stackful,0,4,False,317920,0.034493264999999995,108.49668155510818
assign-string,8,2-stackless,0,0,True,317920,0.033584242,105.63739934574735
assign-string,8,2-stackless,0,1,True,317920,0.033586568000000004,105.6447156517363
assign-string,8,2-stackless,0,2,False,317920,0.033568536999999996,105.58800012581779
assign-string,8,2-stackless,0,3,False,317920,0.03356211200000002,105.56779063915458
assign-string,8,2-stackless,0,4,False,317920,0.03353642500000001,105.48699358329142
assign-string,8,2-stackful,1,0,True,317920,0.034542299,108.65091532460997
assign-string,8,2-stackful,1,1,True,317920,0.034504538999999994,108.53214330649217
assign-string,8,2-stackful,1,2,False,317920,0.03450813900000001,108.54346690991447
assign-string,8,2-stackful,1,3,False,317920,0.034497519000000004,108.51006227981884
assign-string,8,2-stackful,1,4,False,317920,0.034494197000000004,108.49961311021643
assign-string,8,1x,1,0,True,317920,0.0189369,59.564984901862104
assign-string,8,1x,1,1,True,317920,0.0190578,59.94526925012582
assign-string,8,1x,1,2,False,317920,0.0189786,59.69614997483644
assign-string,8,1x,1,3,False,317920,0.0192123,60.43124056366381
assign-string,8,1x,1,4,False,317920,0.019338,60.82662304982386
assign-string,8,2-stackless,1,0,True,317920,0.033607203999999995,105.70962506290888
assign-string,8,2-stackless,1,1,True,317920,0.033596812,105.67693759436337
assign-string,8,2-stackless,1,2,False,317920,0.03356158299999999,105.56612669854049
assign-string,8,2-stackless,1,3,False,317920,0.033581684,105.62935329642677
assign-string,8,2-stackless,1,4,False,317920,0.03358761099999999,105.64799635128333
assign-string,8,2-stackful,2,0,True,317920,0.034545941999999996,108.66237418218418
assign-string,8,2-stackful,2,1,True,317920,0.034511454999999996,108.5538972068445
assign-string,8,2-stackful,2,2,False,317920,0.034535411,108.62924949672873
assign-string,8,2-stackful,2,3,False,317920,0.03451475300000001,108.56427088575745
assign-string,8,2-stackful,2,4,False,317920,0.03448826999999999,108.48097005535979
assign-string,8,1x,2,0,True,317920,0.019164,60.279315551082036
assign-string,8,1x,2,1,True,317920,0.0193241,60.78290135883241
assign-string,8,1x,2,2,False,317920,0.0193931,60.9999370910921
assign-string,8,1x,2,3,False,317920,0.0193143,60.752075993960744
assign-string,8,1x,2,4,False,317920,0.0194079,61.046489682939104
assign-string,8,2-stackless,2,0,True,317920,0.033966238,106.83894690488174
assign-string,8,2-stackless,2,1,True,317920,0.03369095500000001,105.97305926019126
assign-string,8,2-stackless,2,2,False,317920,0.033616698,105.73948792148968
assign-string,8,2-stackless,2,3,False,317920,0.033629323,105.77919916960242
assign-string,8,2-stackless,2,4,False,317920,0.03358734699999999,105.64716595369902
update-seq,256,2-stackful,0,0,True,83533,0.020268935000000002,242.64584056600384
update-seq,256,2-stackful,0,1,True,83533,0.020279240000000004,242.76920498485632
update-seq,256,2-stackful,0,2,False,83533,0.020420968999999997,244.46588773299172
update-seq,256,2-stackful,0,3,False,83533,0.020267815,242.6324326912717
update-seq,256,2-stackful,0,4,False,83533,0.020370186999999998,243.85796032705633
update-seq,256,1x,0,0,True,83533,0.0481581,576.5158679803192
update-seq,256,1x,0,1,True,83533,0.0482828,578.0086911759424
update-seq,256,1x,0,2,False,83533,0.0491049,587.850310655669
update-seq,256,1x,0,3,False,83533,0.0482964,578.1715010834041
update-seq,256,1x,0,4,False,83533,0.0480869,575.6635102294902
update-seq,256,2-stackless,0,0,True,83533,0.019902477999999998,238.2588677528641
update-seq,256,2-stackless,0,1,True,83533,0.019942852,238.7421976943244
update-seq,256,2-stackless,0,2,False,83533,0.019975134,239.12865574084495
update-seq,256,2-stackless,0,3,False,83533,0.020083381000000004,240.42451486238977
update-seq,256,2-stackless,0,4,False,83533,0.019876023999999992,237.94217854021755
update-seq,256,1x,1,0,True,83533,0.0484895,580.4831623430262
update-seq,256,1x,1,1,True,83533,0.0484713,580.2652843786288
update-seq,256,1x,1,2,False,83533,0.0483167,578.4145188129243
update-seq,256,1x,1,3,False,83533,0.0484427,579.9229047202901
update-seq,256,1x,1,4,False,83533,0.0484163,579.6068619587469
update-seq,256,2-stackful,1,0,True,83533,0.020444050999999998,244.74220966564107
update-seq,256,2-stackful,1,1,True,83533,0.020456278,244.88858295523926
update-seq,256,2-stackful,1,2,False,83533,0.020463951,244.98043886847114
update-seq,256,2-stackful,1,3,False,83533,0.020521706,245.67184226593082
update-seq,256,2-stackful,1,4,False,83533,0.020450808,244.8230998527528
update-seq,256,2-stackless,1,0,True,83533,0.019999352999999997,239.41858906061074
update-seq,256,2-stackless,1,1,True,83533,0.020149726,241.21875187051825
update-seq,256,2-stackless,1,2,False,83533,0.019883735,238.03448936348508
update-seq,256,2-stackless,1,3,False,83533,0.019904171999999998,238.27914716339646
update-seq,256,2-stackless,1,4,False,83533,0.019985198999999995,239.24914704368328
update-seq,256,2-stackful,2,0,True,83533,0.020296991,242.981707828044
update-seq,256,2-stackful,2,1,True,83533,0.020377127999999998,243.94105323644544
update-seq,256,2-stackful,2,2,False,83533,0.020233914999999998,242.22660505428993
update-seq,256,2-stackful,2,3,False,83533,0.02028499799999999,242.83813582655947
update-seq,256,2-stackful,2,4,False,83533,0.020290831999999995,242.9079764883339
update-seq,256,2-stackless,2,0,True,83533,0.019912789,238.3823039996169
update-seq,256,2-stackless,2,1,True,83533,0.020125273,240.9260172626387
update-seq,256,2-stackless,2,2,False,83533,0.019968888999999997,239.05389486789647
update-seq,256,2-stackless,2,3,False,83533,0.020212508999999997,241.9703470484718
update-seq,256,2-stackless,2,4,False,83533,0.020088599,240.48698119306144
update-seq,256,1x,2,0,True,83533,0.0487237,583.2868447200508
update-seq,256,1x,2,1,True,83533,0.0480381,575.0793099733039
update-seq,256,1x,2,2,False,83533,0.0492232,589.2665174242514
update-seq,256,1x,2,3,False,83533,0.0479932,574.5417978523458
update-seq,256,1x,2,4,False,83533,0.0476437,570.357822656914
get-int,0,2-stackless,0,0,True,3109743,0.056278894,18.09760292088446
get-int,0,2-stackless,0,1,True,3109743,0.056602452,18.20164946106479
get-int,0,2-stackless,0,2,False,3109743,0.05635158700000001,18.12097880757349
get-int,0,2-stackless,0,3,False,3109743,0.056139564,18.052798575316352
get-int,0,2-stackless,0,4,False,3109743,0.056129745000000036,18.049641079664795
get-int,0,2-stackful,0,0,True,3109743,0.065757259,21.145560581694372
get-int,0,2-stackful,0,1,True,3109743,0.06522931500000001,20.97578963920813
get-int,0,2-stackful,0,2,False,3109743,0.06524575899999999,20.981077535989304
get-int,0,2-stackful,0,3,False,3109743,0.06519597600000002,20.965068817583965
get-int,0,2-stackful,0,4,False,3109743,0.06536240500000001,21.01858738808963
get-int,0,1x,0,0,True,3109743,0.0203016,6.528385143080955
get-int,0,1x,0,1,True,3109743,0.0201579,6.48217553669226
get-int,0,1x,0,2,False,3109743,0.0201952,6.494170097014448
get-int,0,1x,0,3,False,3109743,0.0199896,6.4280553087505945
get-int,0,1x,0,4,False,3109743,0.0199652,6.42020900119399
get-int,0,2-stackful,1,0,True,3109743,0.06555227799999999,21.079644845249266
get-int,0,2-stackful,1,1,True,3109743,0.06539085900000001,21.027737340352566
get-int,0,2-stackful,1,2,False,3109743,0.065132987,20.94481344599859
get-int,0,2-stackful,1,3,False,3109743,0.06521618000000001,20.97156581749682
get-int,0,2-stackful,1,4,False,3109743,0.06518077099999997,20.960179346010257
get-int,0,2-stackless,1,0,True,3109743,0.056247721,18.087578619840933
get-int,0,2-stackless,1,1,True,3109743,0.056076733999999996,18.03259433335809
get-int,0,2-stackless,1,2,False,3109743,0.055984644,18.002980953731548
get-int,0,2-stackless,1,3,False,3109743,0.056108923000000005,18.04294534950316
get-int,0,2-stackless,1,4,False,3109743,0.05603770800000002,18.02004474324728
get-int,0,1x,1,0,True,3109743,0.0198485,6.382681784314652
get-int,0,1x,1,1,True,3109743,0.0200279,6.44037143905461
get-int,0,1x,1,2,False,3109743,0.0199415,6.412587792624664
get-int,0,1x,1,3,False,3109743,0.0201459,6.478316696910324
get-int,0,1x,1,4,False,3109743,0.0202744,6.519638439575232
get-int,0,2-stackful,2,0,True,3109743,0.065318954,21.004614850809215
get-int,0,2-stackful,2,1,True,3109743,0.065262845,20.986571880698822
get-int,0,2-stackful,2,2,False,3109743,0.06519665499999999,20.96528716360162
get-int,0,2-stackful,2,3,False,3109743,0.06525943000000001,20.985473719210884
get-int,0,2-stackful,2,4,False,3109743,0.06532709999999997,21.007234359881178
get-int,0,2-stackless,2,0,True,3109743,0.056263864999999996,18.092770045627564
get-int,0,2-stackless,2,1,True,3109743,0.056299739999999994,18.104306368725645
get-int,0,2-stackless,2,2,False,3109743,0.05599695099999999,18.006938515497904
get-int,0,2-stackless,2,3,False,3109743,0.05646220100000002,18.156548949543424
get-int,0,2-stackless,2,4,False,3109743,0.05635085599999998,18.120743739916765
get-int,0,1x,2,0,True,3109743,0.0202821,6.522114528435308
get-int,0,1x,2,1,True,3109743,0.0204717,6.583084196989912
get-int,0,1x,2,2,False,3109743,0.0202947,6.526166310206341
get-int,0,1x,2,3,False,3109743,0.0205484,6.607748614596126
get-int,0,1x,2,4,False,3109743,0.0204386,6.572440230591402
get-seq,64,2-stackful,0,0,True,360476,0.021267052999999998,58.997139892808384
get-seq,64,2-stackful,0,1,True,360476,0.021348196,59.222239483349796
get-seq,64,2-stackful,0,2,False,360476,0.021343056,59.2079805590386
get-seq,64,2-stackful,0,3,False,360476,0.021211695000000003,58.84357072315495
get-seq,64,2-stackful,0,4,False,360476,0.021209372000000004,58.837126466117034
get-seq,64,2-stackless,0,0,True,360476,0.020042156,55.599141135609585
get-seq,64,2-stackless,0,1,True,360476,0.020093681999999998,55.742079916554765
get-seq,64,2-stackless,0,2,False,360476,0.020113702999999997,55.7976203686237
get-seq,64,2-stackless,0,3,False,360476,0.020068525000000004,55.67229163661382
get-seq,64,2-stackless,0,4,False,360476,0.01997623300000001,55.41626349604415
get-seq,64,1x,0,0,True,360476,0.0419458,116.36225435257826
get-seq,64,1x,0,1,True,360476,0.0415214,115.18492215847934
get-seq,64,1x,0,2,False,360476,0.0410652,113.91937327311666
get-seq,64,1x,0,3,False,360476,0.0412519,114.4372995705678
get-seq,64,1x,0,4,False,360476,0.0412013,114.29692961528646
get-seq,64,2-stackful,1,0,True,360476,0.021259443,58.976028917320434
get-seq,64,2-stackful,1,1,True,360476,0.021235856000000004,58.9105959897469
get-seq,64,2-stackful,1,2,False,360476,0.021199384999999994,58.80942143166256
get-seq,64,2-stackful,1,3,False,360476,0.021322092,59.14982412143943
get-seq,64,2-stackful,1,4,False,360476,0.021460681999999995,59.53428799698176
get-seq,64,1x,1,0,True,360476,0.0504249,139.88420865744183
get-seq,64,1x,1,1,True,360476,0.05067,140.56414296652204
get-seq,64,1x,1,2,False,360476,0.0500806,138.92908265737526
get-seq,64,1x,1,3,False,360476,0.0506847,140.60492238040814
get-seq,64,1x,1,4,False,360476,0.0500516,138.84863347351836
get-seq,64,2-stackless,1,0,True,360476,0.020213278,56.07385235078063
get-seq,64,2-stackless,1,1,True,360476,0.020150465000000003,55.89960219265639
get-seq,64,2-stackless,1,2,False,360476,0.020510527,56.89845371120408
get-seq,64,2-stackless,1,3,False,360476,0.020178230999999998,55.976628125034665
get-seq,64,2-stackless,1,4,False,360476,0.020282625000000012,56.26622854226082
get-seq,64,1x,2,0,True,360476,0.0422804,117.29047148769959
get-seq,64,1x,2,1,True,360476,0.0415614,115.2958865500061
get-seq,64,1x,2,2,False,360476,0.0415268,115.19990235133545
get-seq,64,1x,2,3,False,360476,0.0413188,114.62288751539631
get-seq,64,1x,2,4,False,360476,0.0415413,115.2401269432639
get-seq,64,2-stackful,2,0,True,360476,0.021354693999999997,59.24026564875331
get-seq,64,2-stackful,2,1,True,360476,0.021407939,59.38797312442437
get-seq,64,2-stackful,2,2,False,360476,0.021295642999999996,59.07645169165214
get-seq,64,2-stackful,2,3,False,360476,0.021295605999999995,59.07634904958998
get-seq,64,2-stackful,2,4,False,360476,0.02132805800000001,59.16637446043568
get-seq,64,2-stackless,2,0,True,360476,0.020332771,56.40533905169831
get-seq,64,2-stackless,2,1,True,360476,0.020535731,56.96837237430508
get-seq,64,2-stackless,2,2,False,360476,0.020291261999999997,56.2901885285012
get-seq,64,2-stackless,2,3,False,360476,0.020245387999999996,56.16292901607873
get-seq,64,2-stackless,2,4,False,360476,0.02025067600000001,56.177598508638596
update-string,64,1x,0,0,True,227281,0.0312152,137.3418807555405
update-string,64,1x,0,1,True,227281,0.0310738,136.7197434013402
update-string,64,1x,0,2,False,227281,0.0309874,136.3395972386605
update-string,64,1x,0,3,False,227281,0.0310753,136.72634316110893
update-string,64,1x,0,4,False,227281,0.0309751,136.2854792085568
update-string,64,2-stackless,0,0,True,227281,0.020083155999999998,88.36266999881202
update-string,64,2-stackless,0,1,True,227281,0.020371422999999996,89.63099863164979
update-string,64,2-stackless,0,2,False,227281,0.020215711000000004,88.94589076957601
update-string,64,2-stackless,0,3,False,227281,0.020189693,88.83141573646719
update-string,64,2-stackless,0,4,False,227281,0.020329818,89.44794329486406
update-string,64,2-stackful,0,0,True,227281,0.020719515,91.16254768326434
update-string,64,2-stackful,0,1,True,227281,0.020796728000000004,91.50227251728039
update-string,64,2-stackful,0,2,False,227281,0.020763629,91.35664221822326
update-string,64,2-stackful,0,3,False,227281,0.020714595000000002,91.14090047122286
update-string,64,2-stackful,0,4,False,227281,0.020810099999999998,91.5611071756988
update-string,64,2-stackless,1,0,True,227281,0.020164276,88.71958500710574
update-string,64,2-stackless,1,1,True,227281,0.020411019,89.80521469018528
update-string,64,2-stackless,1,2,False,227281,0.020214495,88.94054056432346
update-string,64,2-stackless,1,3,False,227281,0.020196493000000003,88.86133464741884
update-string,64,2-stackless,1,4,False,227281,0.02023639499999999,89.03689705694708
update-string,64,1x,1,0,True,227281,0.0307268,135.1929989748373
update-string,64,1x,1,1,True,227281,0.0308901,135.91149282166128
update-string,64,1x,1,2,False,227281,0.0308388,135.68578103757022
update-string,64,1x,1,3,False,227281,0.0308337,135.6633418543565
update-string,64,1x,1,4,False,227281,0.030854,135.75265860322685
update-string,64,2-stackful,1,0,True,227281,0.020877107,91.8559272442483
update-string,64,2-stackful,1,1,True,227281,0.021004632000000002,92.41701682058775
update-string,64,2-stackful,1,2,False,227281,0.021092171,92.80217440085181
update-string,64,2-stackful,1,3,False,227281,0.020990207999999996,92.35355353065147
update-string,64,2-stackful,1,4,False,227281,0.020891408,91.91884935388352
update-string,64,1x,2,0,True,227281,0.0307984,135.50802750779872
update-string,64,1x,2,1,True,227281,0.0307322,135.2167581100048
update-string,64,1x,2,2,False,227281,0.03075,135.29507525926056
update-string,64,1x,2,3,False,227281,0.0308831,135.8806939427405
update-string,64,1x,2,4,False,227281,0.0310102,136.43991358714544
update-string,64,2-stackless,2,0,True,227281,0.020163653,88.71684390688179
update-string,64,2-stackless,2,1,True,227281,0.020167948,88.73574121901963
update-string,64,2-stackless,2,2,False,227281,0.020334810000000002,89.46990729537445
update-string,64,2-stackless,2,3,False,227281,0.020318747000000005,89.3992326679309
update-string,64,2-stackless,2,4,False,227281,0.020227574999999998,88.99809046950689
update-string,64,2-stackful,2,0,True,227281,0.020795174,91.49543516615995
update-string,64,2-stackful,2,1,True,227281,0.020686958000000002,91.01930209740365
update-string,64,2-stackful,2,2,False,227281,0.020824202,91.62315371720469
update-string,64,2-stackful,2,3,False,227281,0.020742336,91.262956428386
update-string,64,2-stackful,2,4,False,227281,0.020634709,90.78941486529891
const-table,8,2-stackful,0,0,True,745557,0.022346586,29.973008099984305
const-table,8,2-stackful,0,1,True,745557,0.022416244999999998,30.066440258759553
const-table,8,2-stackful,0,2,False,745557,0.022427620000000002,30.08169730818704
const-table,8,2-stackful,0,3,False,745557,0.022355206999999988,29.98457126685148
const-table,8,2-stackful,0,4,False,745557,0.02233510300000001,29.957606192417224
const-table,8,2-stackless,0,0,True,745557,0.020221717,27.12296578262963
const-table,8,2-stackless,0,1,True,745557,0.020297349,27.22440940129326
const-table,8,2-stackless,0,2,False,745557,0.02024004,27.14754203903927
const-table,8,2-stackless,0,3,False,745557,0.020050012,26.892661459821316
const-table,8,2-stackless,0,4,False,745557,0.020055734000000006,26.900336258662996
const-table,8,1x,0,0,True,745557,0.0770954,103.40644645546887
const-table,8,1x,0,1,True,745557,0.0767528,102.94692424589937
const-table,8,1x,0,2,False,745557,0.0774588,103.89386726970574
const-table,8,1x,0,3,False,745557,0.076399,102.47237971073976
const-table,8,1x,0,4,False,745557,0.0777656,104.30537168854964
const-table,8,1x,1,0,True,745557,0.0775565,104.0249102348982
const-table,8,1x,1,1,True,745557,0.0776335,104.12818872333034
const-table,8,1x,1,2,False,745557,0.0769411,103.19948709488342
const-table,8,1x,1,3,False,745557,0.077347,103.74391226961855
const-table,8,1x,1,4,False,745557,0.0773351,103.72795104867905
const-table,8,2-stackless,1,0,True,745557,0.020217177,27.116876375649348
const-table,8,2-stackless,1,1,True,745557,0.020225515000000003,27.128059960539574
const-table,8,2-stackless,1,2,False,745557,0.020160351,27.04065685118643
const-table,8,2-stackless,1,3,False,745557,0.020089033,26.94499951043314
const-table,8,2-stackless,1,4,False,745557,0.020077523,26.92956138833114
const-table,8,2-stackful,1,0,True,745557,0.022486706000000002,30.160948123349392
const-table,8,2-stackful,1,1,True,745557,0.022396847,30.040422127349082
const-table,8,2-stackful,1,2,False,745557,0.022310836,29.925057373212244
const-table,8,2-stackful,1,3,False,745557,0.022312386000000003,29.927136355771594
const-table,8,2-stackful,1,4,False,745557,0.022309943999999998,29.923860952281313
const-table,8,1x,2,0,True,745557,0.0748413,100.3830693025483
const-table,8,1x,2,1,True,745557,0.0744801,99.89859930226663
const-table,8,1x,2,2,False,745557,0.0745642,100.01140087209966
const-table,8,1x,2,3,False,745557,0.0739181,99.14480046461907
const-table,8,1x,2,4,False,745557,0.0739974,99.25116389491346
const-table,8,2-stackful,2,0,True,745557,0.02261275,30.330008302517445
const-table,8,2-stackful,2,1,True,745557,0.022449230000000004,30.110682348901566
const-table,8,2-stackful,2,2,False,745557,0.022347203000000003,29.97383566917084
const-table,8,2-stackful,2,3,False,745557,0.022377694000000004,30.014732609310897
const-table,8,2-stackful,2,4,False,745557,0.022403641000000002,30.049534777354385
const-table,8,2-stackless,2,0,True,745557,0.020170467,27.054225230264084
const-table,8,2-stackless,2,1,True,745557,0.020093255000000004,26.950662390668995
const-table,8,2-stackless,2,2,False,745557,0.020056209,26.900973366221496
const-table,8,2-stackless,2,3,False,745557,0.020111458999999998,26.975079034869232
const-table,8,2-stackless,2,4,False,745557,0.020216777000000005,27.116339864021132
add-float4,64,2-stackful,0,0,True,270010,0.028638102,106.06311618088219
add-float4,64,2-stackful,0,1,True,270010,0.028381413999999997,105.11245509425575
add-float4,64,2-stackful,0,2,False,270010,0.028497896,105.54385393133587
add-float4,64,2-stackful,0,3,False,270010,0.028275048999999997,104.71852523980591
add-float4,64,2-stackful,0,4,False,270010,0.028191937,104.41071441798452
add-float4,64,2-stackless,0,0,True,270010,0.027029675,100.10619977037888
add-float4,64,2-stackless,0,1,True,270010,0.027298153999999998,101.10052961001443
add-float4,64,2-stackless,0,2,False,270010,0.027478049999999997,101.76678641531794
add-float4,64,2-stackless,0,3,False,270010,0.027387152999999997,101.43014332802487
add-float4,64,2-stackless,0,4,False,270010,0.02751695400000001,101.910869967779
add-float4,64,1x,0,0,True,270010,0.0204258,75.64830932187697
add-float4,64,1x,0,1,True,270010,0.0203986,75.5475723121366
add-float4,64,1x,0,2,False,270010,0.0203426,75.34017258620051
add-float4,64,1x,0,3,False,270010,0.0204121,75.59757046035332
add-float4,64,1x,0,4,False,270010,0.02035,75.36757897855635
add-float4,64,1x,1,0,True,270010,0.0204607,75.77756379393355
add-float4,64,1x,1,1,True,270010,0.0203995,75.5509055220177
add-float4,64,1x,1,2,False,270010,0.0203039,75.19684456131255
add-float4,64,1x,1,3,False,270010,0.0203672,75.431280322951
add-float4,64,1x,1,4,False,270010,0.0205833,76.23162105107218
add-float4,64,2-stackful,1,0,True,270010,0.028664436,106.16064590200362
add-float4,64,2-stackful,1,1,True,270010,0.028840644000000002,106.81324395392764
add-float4,64,2-stackful,1,2,False,270010,0.028816994999999998,106.72565830895151
add-float4,64,2-stackful,1,3,False,270010,0.028629225999999994,106.03024332432129
add-float4,64,2-stackful,1,4,False,270010,0.028409115,105.21504759082997
add-float4,64,2-stackless,1,0,True,270010,0.027329687000000002,101.21731417354913
add-float4,64,2-stackless,1,1,True,270010,0.027349171000000002,101.28947446390876
add-float4,64,2-stackless,1,2,False,270010,0.027757087,102.80021851042554
add-float4,64,2-stackless,1,3,False,270010,0.027462557999999998,101.70941076256433
add-float4,64,2-stackless,1,4,False,270010,0.027619472000000006,102.29055220177034
add-float4,64,2-stackful,2,0,True,270010,0.028868304,106.91568460427392
add-float4,64,2-stackful,2,1,True,270010,0.028658888,106.14009851486982
add-float4,64,2-stackful,2,2,False,270010,0.028424487,105.27197881559943
add-float4,64,2-stackful,2,3,False,270010,0.028548643999999998,105.73180252583236
add-float4,64,2-stackful,2,4,False,270010,0.028537022999999995,105.68876337913409
add-float4,64,1x,2,0,True,270010,0.0201486,74.62168067849339
add-float4,64,1x,2,1,True,270010,0.0201192,74.51279582237694
add-float4,64,1x,2,2,False,270010,0.0203201,75.25684233917262
add-float4,64,1x,2,3,False,270010,0.0202025,74.82130291470686
add-float4,64,1x,2,4,False,270010,0.0201451,74.60871819562239
add-float4,64,2-stackless,2,0,True,270010,0.02718957,100.6983815414244
add-float4,64,2-stackless,2,1,True,270010,0.027121193000000002,100.4451427724899
add-float4,64,2-stackless,2,2,False,270010,0.027295338000000002,101.0901003666531
add-float4,64,2-stackless,2,3,False,270010,0.02723265400000001,100.85794600199995
add-float4,64,2-stackless,2,4,False,270010,0.027378328999999993,101.39746305692378
assign-string,256,2-stackful,0,0,True,15809,0.04043898,2557.9720412423303
assign-string,256,2-stackful,0,1,True,15809,0.04044388499999999,2558.282307546334
assign-string,256,2-stackful,0,2,False,15809,0.040474248000000004,2560.202922385983
assign-string,256,2-stackful,0,3,False,15809,0.04056063600000001,2565.6674046429252
assign-string,256,2-stackful,0,4,False,15809,0.040451333000000006,2558.7534315896014
assign-string,256,1x,0,0,True,15809,0.022122,1399.3294958567903
assign-string,256,1x,0,1,True,15809,0.0224042,1417.180087292049
assign-string,256,1x,0,2,False,15809,0.0213624,1351.2809159339618
assign-string,256,1x,0,3,False,15809,0.0206423,1305.7309127712062
assign-string,256,1x,0,4,False,15809,0.0209467,1324.9857676007337
assign-string,256,2-stackless,0,0,True,15809,0.04041892,2556.70314377886
assign-string,256,2-stackless,0,1,True,15809,0.040415416999999995,2556.4815611360614
assign-string,256,2-stackless,0,2,False,15809,0.040433404000000006,2557.619330760959
assign-string,256,2-stackless,0,3,False,15809,0.040515891,2562.8370548421785
assign-string,256,2-stackless,0,4,False,15809,0.04048247700000002,2560.723448668481
assign-string,256,1x,1,0,True,15809,0.0203565,1287.6526029476881
assign-string,256,1x,1,1,True,15809,0.0204674,1294.6675944082485
assign-string,256,1x,1,2,False,15809,0.0200894,1270.757163640964
assign-string,256,1x,1,3,False,15809,0.0200473,1268.0941236004808
assign-string,256,1x,1,4,False,15809,0.0203675,1288.3484091340376
assign-string,256,2-stackful,1,0,True,15809,0.040460358,2559.3243089379466
assign-string,256,2-stackful,1,1,True,15809,0.040463532999999996,2559.52514390537
assign-string,256,2-stackful,1,2,False,15809,0.04041502400000001,2556.456701878677
assign-string,256,2-stackful,1,3,False,15809,0.040434312999999986,2557.6768296539935
assign-string,256,2-stackful,1,4,False,15809,0.040423069000000006,2556.96558922133
assign-string,256,2-stackless,1,0,True,15809,0.040480365000000004,2560.5898538807014
assign-string,256,2-stackless,1,1,True,15809,0.040400896,2555.5630337149723
assign-string,256,2-stackless,1,2,False,15809,0.04045453099999999,2558.955721424504
assign-string,256,2-stackless,1,3,False,15809,0.040488759,2561.1208172559936
assign-string,256,2-stackless,1,4,False,15809,0.04052810600000001,2563.6097159845663
assign-string,256,1x,2,0,True,15809,0.0217861,1378.0821051299893
assign-string,256,1x,2,1,True,15809,0.0211959,1340.7489404769435
assign-string,256,1x,2,2,False,15809,0.0205756,1301.5117970776141
assign-string,256,1x,2,3,False,15809,0.0207932,1315.276108545765
assign-string,256,1x,2,4,False,15809,0.021091,1334.1134796634828
assign-string,256,2-stackless,2,0,True,15809,0.040410939,2556.1983047631097
assign-string,256,2-stackless,2,1,True,15809,0.040470613,2559.972990068948
assign-string,256,2-stackless,2,2,False,15809,0.04043365,2557.63489151749
assign-string,256,2-stackless,2,3,False,15809,0.040483731999999994,2560.8028338288314
assign-string,256,2-stackless,2,4,False,15809,0.040412634,2556.305522170915
assign-string,256,2-stackful,2,0,True,15809,0.040475725000000004,2560.2963501802774
assign-string,256,2-stackful,2,1,True,15809,0.04050473200000001,2562.131191093681
assign-string,256,2-stackful,2,2,False,15809,0.04052278699999999,2563.2732620659112
assign-string,256,2-stackful,2,3,False,15809,0.040481364000000006,2560.6530457334434
assign-string,256,2-stackful,2,4,False,15809,0.040448764,2558.5909292175343
push-shared-seq,64,2-stackless,0,0,True,75760,0.05474498,722.6106124604013
push-shared-seq,64,2-stackless,0,1,True,75760,0.054824597,723.6615232312566
push-shared-seq,64,2-stackless,0,2,False,75760,0.05482519699999999,723.6694429778246
push-shared-seq,64,2-stackless,0,3,False,75760,0.05476468600000001,722.8707233368533
push-shared-seq,64,2-stackless,0,4,False,75760,0.05477607599999998,723.0210665258709
push-shared-seq,64,2-stackful,0,0,True,75760,0.054804412999999996,723.3951029567053
push-shared-seq,64,2-stackful,0,1,True,75760,0.05489259700000001,724.5590945089758
push-shared-seq,64,2-stackful,0,2,False,75760,0.05490507,724.7237328405491
push-shared-seq,64,2-stackful,0,3,False,75760,0.05487676799999999,724.3501583949312
push-shared-seq,64,2-stackful,0,4,False,75760,0.05482138600000003,723.61913938754
push-shared-seq,64,1x,0,0,True,75760,0.0195432,257.96198521647307
push-shared-seq,64,1x,0,1,True,75760,0.0195215,257.67555438225975
push-shared-seq,64,1x,0,2,False,75760,0.0195068,257.48152059134105
push-shared-seq,64,1x,0,3,False,75760,0.0198756,262.34952481520594
push-shared-seq,64,1x,0,4,False,75760,0.0197031,260.07259767687435
push-shared-seq,64,1x,1,0,True,75760,0.0223967,295.62697993664204
push-shared-seq,64,1x,1,1,True,75760,0.022364,295.19535374868
push-shared-seq,64,1x,1,2,False,75760,0.0223011,294.36510031678984
push-shared-seq,64,1x,1,3,False,75760,0.0223732,295.3167898627244
push-shared-seq,64,1x,1,4,False,75760,0.0221535,292.4168426610348
push-shared-seq,64,2-stackful,1,0,True,75760,0.054715506,722.2215681098205
push-shared-seq,64,2-stackful,1,1,True,75760,0.054633123000000006,721.1341473072863
push-shared-seq,64,2-stackful,1,2,False,75760,0.05476879200000001,722.9249208025344
push-shared-seq,64,2-stackful,1,3,False,75760,0.05479709599999999,723.2985216473072
push-shared-seq,64,2-stackful,1,4,False,75760,0.054560423999999996,720.174551214361
push-shared-seq,64,2-stackless,1,0,True,75760,0.053840743,710.675065997888
push-shared-seq,64,2-stackless,1,1,True,75760,0.05389079100000001,711.3356784582894
push-shared-seq,64,2-stackless,1,2,False,75760,0.05381693,710.3607444561774
push-shared-seq,64,2-stackless,1,3,False,75760,0.053756147000000004,709.5584345300952
push-shared-seq,64,2-stackless,1,4,False,75760,0.053770717999999995,709.7507655755015
push-shared-seq,64,1x,2,0,True,75760,0.0198846,262.4683210137276
push-shared-seq,64,1x,2,1,True,75760,0.0198647,262.20564941921856
push-shared-seq,64,1x,2,2,False,75760,0.0198979,262.6438753959873
push-shared-seq,64,1x,2,3,False,75760,0.0197754,261.0269271383316
push-shared-seq,64,1x,2,4,False,75760,0.0197583,260.80121436114047
push-shared-seq,64,2-stackful,2,0,True,75760,0.054900282,724.6605332629356
push-shared-seq,64,2-stackful,2,1,True,75760,0.054853521,724.0433078141499
push-shared-seq,64,2-stackful,2,2,False,75760,0.054894526,724.5845564941922
push-shared-seq,64,2-stackful,2,3,False,75760,0.054924535999999996,724.9806758183737
push-shared-seq,64,2-stackful,2,4,False,75760,0.054628333,721.0709213305174
push-shared-seq,64,2-stackless,2,0,True,75760,0.053783588,709.9206441393875
push-shared-seq,64,2-stackless,2,1,True,75760,0.053977493999999994,712.4801214361139
push-shared-seq,64,2-stackless,2,2,False,75760,0.054117725000000005,714.3311114044352
push-shared-seq,64,2-stackless,2,3,False,75760,0.053828288,710.5106652587117
push-shared-seq,64,2-stackless,2,4,False,75760,0.05388112200000003,711.2080517423447
assign-int,64,2-stackless,0,0,True,201197,0.031130451,154.726218581788
assign-int,64,2-stackless,0,1,True,201197,0.0309981,154.06840062227568
assign-int,64,2-stackless,0,2,False,201197,0.030891538999999996,153.538765488551
assign-int,64,2-stackless,0,3,False,201197,0.031276834,155.45377913189563
assign-int,64,2-stackless,0,4,False,201197,0.03099995500000001,154.07762044165673
assign-int,64,1x,0,0,True,201197,0.0200031,99.42046849605113
assign-int,64,1x,0,1,True,201197,0.0197624,98.22412859038654
assign-int,64,1x,0,2,False,201197,0.0198427,98.62323990914378
assign-int,64,1x,0,3,False,201197,0.0199066,98.94083907811746
assign-int,64,1x,0,4,False,201197,0.0198362,98.59093326441248
assign-int,64,2-stackful,0,0,True,201197,0.032013852,159.11694508367424
assign-int,64,2-stackful,0,1,True,201197,0.032325826,160.6675348041969
assign-int,64,2-stackful,0,2,False,201197,0.03219580899999999,160.02131741526958
assign-int,64,2-stackful,0,3,False,201197,0.03233596799999999,160.71794311048373
assign-int,64,2-stackful,0,4,False,201197,0.032327363,160.67517408311255
assign-int,64,1x,1,0,True,201197,0.0201857,100.32803670034842
assign-int,64,1x,1,1,True,201197,0.0199235,99.02483635441881
assign-int,64,1x,1,2,False,201197,0.0201385,100.09344075706895
assign-int,64,1x,1,3,False,201197,0.0198712,98.76489212065786
assign-int,64,1x,1,4,False,201197,0.0201648,100.22415841190475
assign-int,64,2-stackless,1,0,True,201197,0.031079658,154.47376451935168
assign-int,64,2-stackless,1,1,True,201197,0.031044909,154.30105319661823
assign-int,64,2-stackless,1,2,False,201197,0.031136779999999996,154.7576753132502
assign-int,64,2-stackless,1,3,False,201197,0.03134977600000001,155.8163193288171
assign-int,64,2-stackless,1,4,False,201197,0.031502983,156.57779688563946
assign-int,64,2-stackful,1,0,True,201197,0.031616274,157.14088182229358
assign-int,64,2-stackful,1,1,True,201197,0.031652270999999996,157.3197960208154
assign-int,64,2-stackful,1,2,False,201197,0.031833267,158.21939193924362
assign-int,64,2-stackful,1,3,False,201197,0.031724049000000004,157.67655084320344
assign-int,64,2-stackful,1,4,False,201197,0.031566382000000004,156.89290595784234
assign-int,64,2-stackful,2,0,True,201197,0.031435058999999994,156.24019741845055
assign-int,64,2-stackful,2,1,True,201197,0.031505729999999996,156.59145017072817
assign-int,64,2-stackful,2,2,False,201197,0.03147132999999999,156.42047346630414
assign-int,64,2-stackful,2,3,False,201197,0.03131819300000001,155.65934382719428
assign-int,64,2-stackful,2,4,False,201197,0.031602538999999985,157.07261539684978
assign-int,64,2-stackless,2,0,True,201197,0.031161957,154.88281137392704
assign-int,64,2-stackless,2,1,True,201197,0.031302069,155.5792034672485
assign-int,64,2-stackless,2,2,False,201197,0.031248327,155.31209212861026
assign-int,64,2-stackless,2,3,False,201197,0.03154623300000001,156.7927603294284
assign-int,64,2-stackless,2,4,False,201197,0.031542299999999995,156.7732123242394
assign-int,64,1x,2,0,True,201197,0.0201345,100.07355974492661
assign-int,64,1x,2,1,True,201197,0.0202846,100.81959472556748
assign-int,64,1x,2,2,False,201197,0.0200534,99.67047222374092
assign-int,64,1x,2,3,False,201197,0.0201236,100.01938398683878
assign-int,64,1x,2,4,False,201197,0.0201257,100.0298215182135
get-string,256,1x,0,0,True,151567,0.02032,134.06612257285556
get-string,256,1x,0,1,True,151567,0.0204228,134.74437047642297
get-string,256,1x,0,2,False,151567,0.0201662,133.0513898144055
get-string,256,1x,0,3,False,151567,0.0202139,133.3661021198546
get-string,256,1x,0,4,False,151567,0.0202393,133.53368477307066
get-string,256,2-stackless,0,0,True,151567,0.022720527,149.90418098926548
get-string,256,2-stackless,0,1,True,151567,0.022819811,150.55923123107272
get-string,256,2-stackless,0,2,False,151567,0.022653186,149.45988242823307
get-string,256,2-stackless,0,3,False,151567,0.022568037,148.89809127316633
get-string,256,2-stackless,0,4,False,151567,0.022486093999999998,148.35745247976143
get-string,256,2-stackful,0,0,True,151567,0.02313707,152.65242434039072
get-string,256,2-stackful,0,1,True,151567,0.023025395,151.9156214743315
get-string,256,2-stackful,0,2,False,151567,0.022886290000000004,150.99784253828344
get-string,256,2-stackful,0,3,False,151567,0.023019586999999994,151.87730178732832
get-string,256,2-stackful,0,4,False,151567,0.02309839999999999,152.39728964748258
get-string,256,1x,1,0,True,151567,0.0205725,135.73205249163738
get-string,256,1x,1,1,True,151567,0.0203594,134.32607361760805
get-string,256,1x,1,2,False,151567,0.0203501,134.26471461465886
get-string,256,1x,1,3,False,151567,0.0203139,134.0258763451147
get-string,256,1x,1,4,False,151567,0.0202733,133.7580080096591
get-string,256,2-stackful,1,0,True,151567,0.023067456,152.19312911121813
get-string,256,2-stackful,1,1,True,151567,0.023112973,152.49343854532978
get-string,256,2-stackful,1,2,False,151567,0.023301064999999996,153.73442108110603
get-string,256,2-stackful,1,3,False,151567,0.023393143000000005,154.34192799224107
get-string,256,2-stackful,1,4,False,151567,0.023164511,152.83347298554435
get-string,256,2-stackless,1,0,True,151567,0.022839977,150.69228130133868
get-string,256,2-stackless,1,1,True,151567,0.022989816000000003,151.68088040272622
get-string,256,2-stackless,1,2,False,151567,0.02295278800000001,151.43657920259693
get-string,256,2-stackless,1,3,False,151567,0.02300423,151.77598025955518
get-string,256,2-stackless,1,4,False,151567,0.022770439000000003,150.23348750057733
get-string,256,2-stackless,2,0,True,151567,0.023150576,152.74153344725434
get-string,256,2-stackless,2,1,True,151567,0.023185752,152.97361562873184
get-string,256,2-stackless,2,2,False,151567,0.022956429,151.4606015821386
get-string,256,2-stackless,2,3,False,151567,0.022994263,151.71022056252352
get-string,256,2-stackless,2,4,False,151567,0.022859029000000003,150.81798148673528
get-string,256,1x,2,0,True,151567,0.0202228,133.42482202590273
get-string,256,1x,2,1,True,151567,0.020425,134.7588855093787
get-string,256,1x,2,2,False,151567,0.0204764,135.09800946116238
get-string,256,1x,2,3,False,151567,0.0205842,135.8092460759928
get-string,256,1x,2,4,False,151567,0.0204814,135.1309981724254
get-string,256,2-stackful,2,0,True,151567,0.023076365,152.25190839694656
get-string,256,2-stackful,2,1,True,151567,0.023150091,152.73833354226184
get-string,256,2-stackful,2,2,False,151567,0.023124666999999995,152.57059254323167
get-string,256,2-stackful,2,3,False,151567,0.02322334699999999,153.22165774871834
get-string,256,2-stackful,2,4,False,151567,0.022984356999999997,151.6448633277692
update-int,0,2-stackful,0,0,True,3053809,0.06412243,20.99752473059055
update-int,0,2-stackful,0,1,True,3053809,0.06418976200000001,21.019573260803153
update-int,0,2-stackful,0,2,False,3053809,0.064022521,20.964808539106407
update-int,0,2-stackful,0,3,False,3053809,0.06438084399999996,21.082144954055725
update-int,0,2-stackful,0,4,False,3053809,0.06404553000000002,20.972343064022674
update-int,0,1x,0,0,True,3053809,0.0201475,6.597498402814321
update-int,0,1x,0,1,True,3053809,0.020102,6.582598977211738
update-int,0,1x,0,2,False,3053809,0.0199384,6.529026537023108
update-int,0,1x,0,3,False,3053809,0.0199426,6.530401868617193
update-int,0,1x,0,4,False,3053809,0.0199001,6.516484822724669
update-int,0,2-stackless,0,0,True,3053809,0.055263398,18.096546968065127
update-int,0,2-stackless,0,1,True,3053809,0.055199887,18.075749662143245
update-int,0,2-stackless,0,2,False,3053809,0.055211935000000004,18.079694899058847
update-int,0,2-stackless,0,3,False,3053809,0.055159525000000015,18.062532725524097
update-int,0,2-stackless,0,4,False,3053809,0.054995234999999976,18.00873433800214
update-int,0,1x,1,0,True,3053809,0.0195866,6.4138261430233525
update-int,0,1x,1,1,True,3053809,0.0197439,6.465335585820855
update-int,0,1x,1,2,False,3053809,0.0197328,6.461700780893631
update-int,0,1x,1,3,False,3053809,0.0198605,6.503517410551871
update-int,0,1x,1,4,False,3053809,0.0196653,6.439597237417272
update-int,0,2-stackful,1,0,True,3053809,0.06407866899999999,20.983194757759897
update-int,0,2-stackful,1,1,True,3053809,0.063989885,20.954121557700564
update-int,0,2-stackful,1,2,False,3053809,0.06397621,20.949643543522207
update-int,0,2-stackful,1,3,False,3053809,0.06391398100000004,20.92926604119643
update-int,0,2-stackful,1,4,False,3053809,0.06397877699999999,20.950484133094108
update-int,0,2-stackless,1,0,True,3053809,0.054986545,18.005888711442005
update-int,0,2-stackless,1,1,True,3053809,0.054977278000000004,18.00285414051763
update-int,0,2-stackless,1,2,False,3053809,0.05502513699999999,18.018526044032217
update-int,0,2-stackless,1,3,False,3053809,0.05502170299999998,18.0174015467241
update-int,0,2-stackless,1,4,False,3053809,0.05500870500000002,18.013145222900327
update-int,0,1x,2,0,True,3053809,0.0195809,6.411959621574237
update-int,0,1x,2,1,True,3053809,0.0200166,6.55463390146535
update-int,0,1x,2,2,False,3053809,0.019534,6.3966017521069585
update-int,0,1x,2,3,False,3053809,0.0195234,6.393130677131412
update-int,0,1x,2,4,False,3053809,0.0195153,6.3904782519142485
update-int,0,2-stackful,2,0,True,3053809,0.064148966,21.006214206585938
update-int,0,2-stackful,2,1,True,3053809,0.06416897399999999,21.012766024332233
update-int,0,2-stackful,2,2,False,3053809,0.064007073,20.959749938519405
update-int,0,2-stackful,2,3,False,3053809,0.06397242699999997,20.94840476270781
update-int,0,2-stackful,2,4,False,3053809,0.06395256999999999,20.941902391406924
update-int,0,2-stackless,2,0,True,3053809,0.054989715,18.006926759335638
update-int,0,2-stackless,2,1,True,3053809,0.055061775,18.03052351997129
update-int,0,2-stackless,2,2,False,3053809,0.055071782000000014,18.033800411224153
update-int,0,2-stackless,2,3,False,3053809,0.055244338999999976,18.090305909767107
update-int,0,2-stackless,2,4,False,3053809,0.055070587000000004,18.03340909663964
get-seq,256,2-stackful,0,0,True,136669,0.020623096,150.89812612955387
get-seq,256,2-stackful,0,1,True,136669,0.020603435,150.7542676100652
get-seq,256,2-stackful,0,2,False,136669,0.020368878,149.03802618004082
get-seq,256,2-stackful,0,3,False,136669,0.020464943,149.7409288134105
get-seq,256,2-stackful,0,4,False,136669,0.020445357999999997,149.59762638198856
get-seq,256,2-stackless,0,0,True,136669,0.02017467,147.61701629484375
get-seq,256,2-stackless,0,1,True,136669,0.020171637,147.5948239908099
get-seq,256,2-stackless,0,2,False,136669,0.020089181999999997,146.99150502308495
get-seq,256,2-stackless,0,3,False,136669,0.020070462999999997,146.85453906884513
get-seq,256,2-stackless,0,4,False,136669,0.020246670999999994,148.14384388559213
get-seq,256,1x,0,0,True,136669,0.0275927,201.89435790120658
get-seq,256,1x,0,1,True,136669,0.0273098,199.8243932420666
get-seq,256,1x,0,2,False,136669,0.0274128,200.57803891153077
get-seq,256,1x,0,3,False,136669,0.0275823,201.81826163943543
get-seq,256,1x,0,4,False,136669,0.0276073,202.00118534561605
get-seq,256,1x,1,0,True,136669,0.0278611,203.85822681076178
get-seq,256,1x,1,1,True,136669,0.027974,204.68431026787349
get-seq,256,1x,1,2,False,136669,0.0280142,204.9784515874119
get-seq,256,1x,1,3,False,136669,0.0279594,204.57748282346398
get-seq,256,1x,1,4,False,136669,0.0280523,205.25722731563118
get-seq,256,2-stackful,1,0,True,136669,0.020648912,151.08702046550425
get-seq,256,2-stackful,1,1,True,136669,0.02066002,151.16829712663443
get-seq,256,2-stackful,1,2,False,136669,0.020590516000000003,150.65973995565932
get-seq,256,2-stackful,1,3,False,136669,0.020692841999999996,151.40845400200482
get-seq,256,2-stackful,1,4,False,136669,0.02065129099999999,151.10442748538432
get-seq,256,2-stackless,1,0,True,136669,0.020508167999999997,150.05720390139678
get-seq,256,2-stackless,1,1,True,136669,0.02046915,149.77171121468658
get-seq,256,2-stackless,1,2,False,136669,0.020402605999999997,149.2848122105232
get-seq,256,2-stackless,1,3,False,136669,0.020209449000000004,147.87149243793402
get-seq,256,2-stackless,1,4,False,136669,0.020438228000000003,149.54545654098592
get-seq,256,2-stackless,2,0,True,136669,0.020336521,148.80127168560537
get-seq,256,2-stackless,2,1,True,136669,0.020173241,147.60656037579847
get-seq,256,2-stackless,2,2,False,136669,0.020061642000000005,146.78999626835642
get-seq,256,2-stackless,2,3,False,136669,0.020025243000000005,146.52366666910567
get-seq,256,2-stackless,2,4,False,136669,0.020124180000000005,147.24758357784137
get-seq,256,2-stackful,2,0,True,136669,0.020669158,151.23515939971756
get-seq,256,2-stackful,2,1,True,136669,0.020521328999999998,150.15350225727852
get-seq,256,2-stackful,2,2,False,136669,0.020639276999999998,151.0165216691422
get-seq,256,2-stackful,2,3,False,136669,0.020626023,150.91954283707352
get-seq,256,2-stackful,2,4,False,136669,0.020703898,151.48935018182615
get-seq,256,1x,2,0,True,136669,0.0274852,201.10778596462987
get-seq,256,1x,2,1,True,136669,0.027526,201.40631745311666
get-seq,256,1x,2,2,False,136669,0.0273878,200.39511520535015
get-seq,256,1x,2,3,False,136669,0.0271947,198.982212498811
get-seq,256,1x,2,4,False,136669,0.0275523,201.59875319201868
update-string,8,2-stackless,0,0,True,678588,0.02722676,40.1226664780397
update-string,8,2-stackless,0,1,True,678588,0.027187211,40.06438516448861
update-string,8,2-stackless,0,2,False,678588,0.027182194,40.0569918713564
update-string,8,2-stackless,0,3,False,678588,0.027162989999999998,40.02869193089179
update-string,8,2-stackless,0,4,False,678588,0.027266257000000002,40.18087116188321
update-string,8,2-stackful,0,0,True,678588,0.029274871,43.14086161264272
update-string,8,2-stackful,0,1,True,678588,0.029341561,43.23913921260028
update-string,8,2-stackful,0,2,False,678588,0.029281419000000003,43.15051106120357
update-string,8,2-stackful,0,3,False,678588,0.029266102999999988,43.12794066502796
update-string,8,2-stackful,0,4,False,678588,0.029309018000000006,43.191182278495944
update-string,8,1x,0,0,True,678588,0.0202408,29.827818941684793
update-string,8,1x,0,1,True,678588,0.0203233,29.949394920039847
update-string,8,1x,0,2,False,678588,0.0202771,29.881312372161016
update-string,8,1x,0,3,False,678588,0.0205014,30.21185166846452
update-string,8,1x,0,4,False,678588,0.0203987,30.060507996015254
update-string,8,2-stackful,1,0,True,678588,0.029336012999999998,43.23096341226193
update-string,8,2-stackful,1,1,True,678588,0.029342127,43.23997329749421
update-string,8,2-stackful,1,2,False,678588,0.02943999,43.38418893349131
update-string,8,2-stackful,1,3,False,678588,0.029419811000000004,43.35445218600978
update-string,8,2-stackful,1,4,False,678588,0.02927390499999999,43.13943806845978
update-string,8,1x,1,0,True,678588,0.0202548,29.84845001679959
update-string,8,1x,1,1,True,678588,0.0203156,29.93804782872671
update-string,8,1x,1,2,False,678588,0.0198809,29.297452946412257
update-string,8,1x,1,3,False,678588,0.0201411,29.680896213902987
update-string,8,1x,1,4,False,678588,0.0200386,29.529847271098223
update-string,8,2-stackless,1,0,True,678588,0.027289063,40.21447918324521
update-string,8,2-stackless,1,1,True,678588,0.027311264,40.24719564743261
update-string,8,2-stackless,1,2,False,678588,0.027295180000000002,40.22349348942216
update-string,8,2-stackless,1,3,False,678588,0.027392108000000012,40.366331264331244
update-string,8,2-stackless,1,4,False,678588,0.027323577999999987,40.26534215164428
update-string,8,1x,2,0,True,678588,0.0202324,29.815440296615915
update-string,8,1x,2,1,True,678588,0.0202717,29.873354671759596
update-string,8,1x,2,2,False,678588,0.0202702,29.871144199425867
update-string,8,1x,2,3,False,678588,0.0204682,30.162926547477998
update-string,8,1x,2,4,False,678588,0.0199915,29.460438439819153
update-string,8,2-stackless,2,0,True,678588,0.027300884,40.23189917888321
update-string,8,2-stackless,2,1,True,678588,0.027210132000000005,40.09816265539621
update-string,8,2-stackless,2,2,False,678588,0.02717584399999999,40.0476342051436
update-string,8,2-stackless,2,3,False,678588,0.027177457000000002,40.0500111997265
update-string,8,2-stackless,2,4,False,678588,0.027178301000000016,40.05125495882629
update-string,8,2-stackful,2,0,True,678588,0.029214944,43.052550295613834
update-string,8,2-stackful,2,1,True,678588,0.029200267000000002,43.030921560652416
update-string,8,2-stackful,2,2,False,678588,0.029189049,43.01439017489257
update-string,8,2-stackful,2,3,False,678588,0.029197684,43.02711512729373
update-string,8,2-stackful,2,4,False,678588,0.029166839000000014,42.98166044787119
assign-int,0,1x,0,0,True,3194429,0.0203709,6.377008222752798
assign-int,0,1x,0,1,True,3194429,0.0204665,6.406935323965566
assign-int,0,1x,0,2,False,3194429,0.0204192,6.392128295855065
assign-int,0,1x,0,3,False,3194429,0.0203294,6.364016855594537
assign-int,0,1x,0,4,False,3194429,0.0203146,6.35938378971641
assign-int,0,2-stackful,0,0,True,3194429,0.066883453,20.937529993623272
assign-int,0,2-stackful,0,1,True,3194429,0.066934354,20.95346429674912
assign-int,0,2-stackful,0,2,False,3194429,0.06689040299999999,20.93970565631604
assign-int,0,2-stackful,0,3,False,3194429,0.06688002999999998,20.936458440616455
assign-int,0,2-stackful,0,4,False,3194429,0.06689518900000002,20.941203889646637
assign-int,0,2-stackless,0,0,True,3194429,0.05755581,18.017558067498136
assign-int,0,2-stackless,0,1,True,3194429,0.05752694900000001,18.008523275990797
assign-int,0,2-stackless,0,2,False,3194429,0.057438461999999996,17.980822863804452
assign-int,0,2-stackless,0,3,False,3194429,0.057460205000000014,17.987629401060413
assign-int,0,2-stackless,0,4,False,3194429,0.057519551999999974,18.006207682186698
assign-int,0,2-stackless,1,0,True,3194429,0.05768355,18.05754643474624
assign-int,0,2-stackless,1,1,True,3194429,0.057594692,18.029729882867954
assign-int,0,2-stackless,1,2,False,3194429,0.05770728,18.06497499240083
assign-int,0,2-stackless,1,3,False,3194429,0.05790525300000002,18.1269494485556
assign-int,0,2-stackless,1,4,False,3194429,0.058172239999999986,18.210528391772048
assign-int,0,1x,1,0,True,3194429,0.0208285,6.520257610984624
assign-int,0,1x,1,1,True,3194429,0.0206262,6.456928609150493
assign-int,0,1x,1,2,False,3194429,0.0207626,6.499627946027287
assign-int,0,1x,1,3,False,3194429,0.0208785,6.535909860572891
assign-int,0,1x,1,4,False,3194429,0.0208115,6.5149358461246125
assign-int,0,2-stackful,1,0,True,3194429,0.067330982,21.07762670574303
assign-int,0,2-stackful,1,1,True,3194429,0.06706140000000001,20.993235410772943
assign-int,0,2-stackful,1,2,False,3194429,0.06692436799999998,20.950338229461348
assign-int,0,2-stackful,1,3,False,3194429,0.06692842500000001,20.95160825299295
assign-int,0,2-stackful,1,4,False,3194429,0.06696594,20.963352135859022
assign-int,0,1x,2,0,True,3194429,0.0208254,6.519287171510151
assign-int,0,1x,2,1,True,3194429,0.0206912,6.477276533615241
assign-int,0,1x,2,2,False,3194429,0.020659,6.467196484880397
assign-int,0,1x,2,3,False,3194429,0.0207046,6.481471336504897
assign-int,0,1x,2,4,False,3194429,0.0209686,6.56411521433095
assign-int,0,2-stackful,2,0,True,3194429,0.067057535,20.99202549187977
assign-int,0,2-stackful,2,1,True,3194429,0.066995336,20.972554406436956
assign-int,0,2-stackful,2,2,False,3194429,0.06706515399999999,20.994410581672025
assign-int,0,2-stackful,2,3,False,3194429,0.06715479300000002,21.02247162168889
assign-int,0,2-stackful,2,4,False,3194429,0.06714225899999998,21.018547915762092
assign-int,0,2-stackless,2,0,True,3194429,0.057895744000000006,18.1239727037289
assign-int,0,2-stackless,2,1,True,3194429,0.058039745999999996,18.16905180863309
assign-int,0,2-stackless,2,2,False,3194429,0.05802023100000002,18.1629427356188
assign-int,0,2-stackless,2,3,False,3194429,0.057961821000000024,18.144657777649783
assign-int,0,2-stackless,2,4,False,3194429,0.05791559700000001,18.13018758595042
get-string,0,2-stackless,0,0,True,1976227,0.052477412,26.554344212481663
get-string,0,2-stackless,0,1,True,1976227,0.052348242999999996,26.488982793980647
get-string,0,2-stackless,0,2,False,1976227,0.052534092000000004,26.58302512818619
get-string,0,2-stackless,0,3,False,1976227,0.052419355,26.524966514474297
get-string,0,2-stackless,0,4,False,1976227,0.05246973499999999,26.550459537289992
get-string,0,1x,0,0,True,1976227,0.0203333,10.288949599413428
get-string,0,1x,0,1,True,1976227,0.0206033,10.425573580362984
get-string,0,1x,0,2,False,1976227,0.0202123,10.227721815358256
get-string,0,1x,0,3,False,1976227,0.0206499,10.44915386744539
get-string,0,1x,0,4,False,1976227,0.0203856,10.315414170538102
get-string,0,2-stackful,0,0,True,1976227,0.058494395,29.5990263264291
get-string,0,2-stackful,0,1,True,1976227,0.058548585,29.62644726542042
get-string,0,2-stackful,0,2,False,1976227,0.058475015000000005,29.589219760685392
get-string,0,2-stackful,0,3,False,1976227,0.05853847400000001,29.621330950341235
get-string,0,2-stackful,0,4,False,1976227,0.05838088400000002,29.541588086793684
get-string,0,2-stackless,1,0,True,1976227,0.054150633000000004,27.40101870888314
get-string,0,2-stackless,1,1,True,1976227,0.054141312999999996,27.39630265146666
get-string,0,2-stackless,1,2,False,1976227,0.054080420000000004,27.365489895644583
get-string,0,2-stackless,1,3,False,1976227,0.05403907799999999,27.344570234087477
get-string,0,2-stackless,1,4,False,1976227,0.05404057299999998,27.345326726130136
get-string,0,2-stackful,1,0,True,1976227,0.058296884,29.499082848276032
get-string,0,2-stackful,1,1,True,1976227,0.05829874499999999,29.500024541715092
get-string,0,2-stackful,1,2,False,1976227,0.058320644000000005,29.511105758599598
get-string,0,2-stackful,1,3,False,1976227,0.05833042499999999,29.516055088813175
get-string,0,2-stackful,1,4,False,1976227,0.05831254600000002,29.507008051200607
get-string,0,1x,1,0,True,1976227,0.0200984,10.170086735987313
get-string,0,1x,1,1,True,1976227,0.0200319,10.13643675549418
get-string,0,1x,1,2,False,1976227,0.0199567,10.098384446726008
get-string,0,1x,1,3,False,1976227,0.0202844,10.26420547841923
get-string,0,1x,1,4,False,1976227,0.0202098,10.226456778497612
get-string,0,2-stackful,2,0,True,1976227,0.05838987700000001,29.546138677388786
get-string,0,2-stackful,2,1,True,1976227,0.058451625,29.5773840758172
get-string,0,2-stackful,2,2,False,1976227,0.05845788099999999,29.580549704057272
get-string,0,2-stackful,2,3,False,1976227,0.058416573,29.559647247001482
get-string,0,2-stackful,2,4,False,1976227,0.058258477,29.479648339993332
get-string,0,2-stackless,2,0,True,1976227,0.052630875,26.63199875317967
get-string,0,2-stackless,2,1,True,1976227,0.052561291999999996,26.59678872922999
get-string,0,2-stackless,2,2,False,1976227,0.052515046999999995,26.573388077381797
get-string,0,2-stackless,2,3,False,1976227,0.05246700300000001,26.549077105008692
get-string,0,2-stackless,2,4,False,1976227,0.052512222,26.57195858572927
get-string,0,1x,2,0,True,1976227,0.0201898,10.21633648361246
get-string,0,1x,2,1,True,1976227,0.0205025,10.374567294141817
get-string,0,1x,2,2,False,1976227,0.02024,10.241738423774192
get-string,0,1x,2,3,False,1976227,0.020242,10.242750453262707
get-string,0,1x,2,4,False,1976227,0.0203517,10.298260270707768
add-float,256,2-stackless,0,0,True,55075,0.020016083,363.4331911030413
add-float,256,2-stackless,0,1,True,55075,0.019965510000000002,362.5149341806628
add-float,256,2-stackless,0,2,False,55075,0.019945261,362.1472719019519
add-float,256,2-stackless,0,3,False,55075,0.019945410999999996,362.1499954607353
add-float,256,2-stackless,0,4,False,55075,0.02005404100000001,364.1223967317296
add-float,256,2-stackful,0,0,True,55075,0.020198744999999997,366.74979573309116
add-float,256,2-stackful,0,1,True,55075,0.020181651999999998,366.43943713118466
add-float,256,2-stackful,0,2,False,55075,0.020129393000000002,365.49056740808
add-float,256,2-stackful,0,3,False,55075,0.020105759999999993,365.06146164321365
add-float,256,2-stackful,0,4,False,55075,0.020186293000000008,366.52370403994564
add-float,256,1x,0,0,True,55075,0.0203719,369.8937812074444
add-float,256,1x,0,1,True,55075,0.0203396,369.307308216069
add-float,256,1x,0,2,False,55075,0.0204438,371.1992737176577
add-float,256,1x,0,3,False,55075,0.0203734,369.9210167952792
add-float,256,1x,0,4,False,55075,0.0206402,374.76532001815707
add-float,256,1x,1,0,True,55075,0.0206537,375.01044030867
add-float,256,1x,1,1,True,55075,0.0204759,371.7821152973218
add-float,256,1x,1,2,False,55075,0.0205504,373.13481615978213
add-float,256,1x,1,3,False,55075,0.0207163,376.14707217430777
add-float,256,1x,1,4,False,55075,0.0205612,373.3309123921925
add-float,256,2-stackless,1,0,True,55075,0.020097884,364.9184566500227
add-float,256,2-stackless,1,1,True,55075,0.020201293,366.7960599182932
add-float,256,2-stackless,1,2,False,55075,0.020056466999999994,364.1664457557875
add-float,256,2-stackless,1,3,False,55075,0.02007072,364.42523831139357
add-float,256,2-stackless,1,4,False,55075,0.019938128,362.01775760326825
add-float,256,2-stackful,1,0,True,55075,0.020095016,364.8663822060826
add-float,256,2-stackful,1,1,True,55075,0.020126575000000004,365.4394008170677
add-float,256,2-stackful,1,2,False,55075,0.020149227,365.8506945074898
add-float,256,2-stackful,1,3,False,55075,0.02017738,366.36187017703134
add-float,256,2-stackful,1,4,False,55075,0.020180919000000005,366.4261280072629
add-float,256,1x,2,0,True,55075,0.0205992,374.02088061733997
add-float,256,1x,2,1,True,55075,0.0205156,372.50295052201545
add-float,256,1x,2,2,False,55075,0.0205501,373.12936904221516
add-float,256,1x,2,3,False,55075,0.0205704,373.4979573309124
add-float,256,1x,2,4,False,55075,0.0204337,371.01588742623693
add-float,256,2-stackless,2,0,True,55075,0.019888111,361.10959600544714
add-float,256,2-stackless,2,1,True,55075,0.019906788999999998,361.4487335451656
add-float,256,2-stackless,2,2,False,55075,0.019966700999999996,362.5365592374035
add-float,256,2-stackless,2,3,False,55075,0.019921669000000003,361.7189105764867
add-float,256,2-stackless,2,4,False,55075,0.019912245999999995,361.5478166137085
add-float,256,2-stackful,2,0,True,55075,0.020139164,365.6679800272356
add-float,256,2-stackful,2,1,True,55075,0.020106930000000002,365.082705401725
add-float,256,2-stackful,2,2,False,55075,0.020159538999999997,366.0379300953245
add-float,256,2-stackful,2,3,False,55075,0.020119764999999998,365.3157512482977
add-float,256,2-stackful,2,4,False,55075,0.020131381000000004,365.5266636404903
const-string,64,1x,0,0,True,405255,0.0203327,50.17260737066785
const-string,64,1x,0,1,True,405255,0.0201915,49.824184772550616
const-string,64,1x,0,2,False,405255,0.0199836,49.31117444571936
const-string,64,1x,0,3,False,405255,0.0201256,49.66157110954831
const-string,64,1x,0,4,False,405255,0.0201959,49.83504213396503
const-string,64,2-stackless,0,0,True,405255,0.020676234999999998,51.02030820100923
const-string,64,2-stackless,0,1,True,405255,0.020862911,51.48094656450876
const-string,64,2-stackless,0,2,False,405255,0.020609327000000004,50.855207215210186
const-string,64,2-stackless,0,3,False,405255,0.020612097000000003,50.86204241773699
const-string,64,2-stackless,0,4,False,405255,0.020478983000000006,50.533572688800895
const-string,64,2-stackful,0,0,True,405255,0.02191856,54.08584718263809
const-string,64,2-stackful,0,1,True,405255,0.021832139,53.87259626654822
const-string,64,2-stackful,0,2,False,405255,0.021878593999999994,53.987227794845204
const-string,64,2-stackful,0,3,False,405255,0.021800831999999992,53.79534367250248
const-string,64,2-stackful,0,4,False,405255,0.021972217000000002,54.21825023750479
const-string,64,2-stackful,1,0,True,405255,0.021881681,53.99484522091029
const-string,64,2-stackful,1,1,True,405255,0.02199204,54.26716511825887
const-string,64,2-stackful,1,2,False,405255,0.021906551000000003,54.05621398872316
const-string,64,2-stackful,1,3,False,405255,0.022007601,54.30556316393382
const-string,64,2-stackful,1,4,False,405255,0.021936860000000002,54.13100393579352
const-string,64,2-stackless,1,0,True,405255,0.020821288,51.37823839311051
const-string,64,2-stackless,1,1,True,405255,0.020634814,50.918098481203195
const-string,64,2-stackless,1,2,False,405255,0.020676587000000003,51.02117678992241
const-string,64,2-stackless,1,3,False,405255,0.020695726999999997,51.068406312075105
const-string,64,2-stackless,1,4,False,405255,0.020656999999999995,50.972844258553245
const-string,64,1x,1,0,True,405255,0.0201716,49.77507988797177
const-string,64,1x,1,1,True,405255,0.0202245,49.90561498315875
const-string,64,1x,1,2,False,405255,0.0201372,49.69019506236814
const-string,64,1x,1,3,False,405255,0.0203119,50.12128166216333
const-string,64,1x,1,4,False,405255,0.0202593,49.99148684161824
const-string,64,1x,2,0,True,405255,0.0202537,49.977668381636256
const-string,64,1x,2,1,True,405255,0.0201884,49.81653526791773
const-string,64,1x,2,2,False,405255,0.0200654,49.51302266474195
const-string,64,1x,2,3,False,405255,0.0202222,49.899939544237576
const-string,64,1x,2,4,False,405255,0.0201102,49.623570344597844
const-string,64,2-stackful,2,0,True,405255,0.021929907999999998,54.11384930475872
const-string,64,2-stackful,2,1,True,405255,0.021956728999999998,54.18003232532602
const-string,64,2-stackful,2,2,False,405255,0.02193318400000001,54.121933103848214
const-string,64,2-stackful,2,3,False,405255,0.021908731,54.06159331778757
const-string,64,2-stackful,2,4,False,405255,0.02197995500000001,54.23734438810135
const-string,64,2-stackless,2,0,True,405255,0.020881183,51.52603422536428
const-string,64,2-stackless,2,1,True,405255,0.020912683,51.60376306276295
const-string,64,2-stackless,2,2,False,405255,0.020569687000000003,50.75739225919484
const-string,64,2-stackless,2,3,False,405255,0.020584390999999994,50.793675586976086
const-string,64,2-stackless,2,4,False,405255,0.020605043000000003,50.84463609332396
const-seq,0,1x,0,0,True,816981,0.0597977,73.19350144005797
const-seq,0,1x,0,1,True,816981,0.0583947,71.47620324095665
const-seq,0,1x,0,2,False,816981,0.0591683,72.42310408687595
const-seq,0,1x,0,3,False,816981,0.0591393,72.38760754534071
const-seq,0,1x,0,4,False,816981,0.0591226,72.36716643349111
const-seq,0,2-stackless,0,0,True,816981,0.019947177,24.4157171341806
const-seq,0,2-stackless,0,1,True,816981,0.020071660000000005,24.56808665072995
const-seq,0,2-stackless,0,2,False,816981,0.020081944999999997,24.58067568278821
const-seq,0,2-stackless,0,3,False,816981,0.019926787,24.390759393425306
const-seq,0,2-stackless,0,4,False,816981,0.020028809999999994,24.515637450564938
const-seq,0,2-stackful,0,0,True,816981,0.022528328,27.575094157636467
const-seq,0,2-stackful,0,1,True,816981,0.02248815,27.525915535367407
const-seq,0,2-stackful,0,2,False,816981,0.022452929000000003,27.48280437366353
const-seq,0,2-stackful,0,3,False,816981,0.022453104,27.48301857693141
const-seq,0,2-stackful,0,4,False,816981,0.022436921,27.463210282736075
const-seq,0,2-stackless,1,0,True,816981,0.019984486000000003,24.461384046875025
const-seq,0,2-stackless,1,1,True,816981,0.019933857,24.399413205447864
const-seq,0,2-stackless,1,2,False,816981,0.019878308000000004,24.331420192146457
const-seq,0,2-stackless,1,3,False,816981,0.019902145000000003,24.36059712526975
const-seq,0,2-stackless,1,4,False,816981,0.01989832100000001,24.3559164778618
const-seq,0,2-stackful,1,0,True,816981,0.022509663000000003,27.55224784909319
const-seq,0,2-stackful,1,1,True,816981,0.022456515,27.487193704627156
const-seq,0,2-stackful,1,2,False,816981,0.022460981000000005,27.492660172023587
const-seq,0,2-stackful,1,3,False,816981,0.022441700999999994,27.469061091996014
const-seq,0,2-stackful,1,4,False,816981,0.022455136,27.485505782876224
const-seq,0,1x,1,0,True,816981,0.0597468,73.13119888957026
const-seq,0,1x,1,1,True,816981,0.0585796,71.70252429371062
const-seq,0,1x,1,2,False,816981,0.0585124,71.62027023884276
const-seq,0,1x,1,3,False,816981,0.0579657,70.95109922996986
const-seq,0,1x,1,4,False,816981,0.0579622,70.94681516461215
const-seq,0,2-stackful,2,0,True,816981,0.022533295,27.581173858388382
const-seq,0,2-stackful,2,1,True,816981,0.022463184999999997,27.495357909180257
const-seq,0,2-stackful,2,2,False,816981,0.022476273999999997,27.511379089599387
const-seq,0,2-stackful,2,3,False,816981,0.022529190000000004,27.576149261733143
const-seq,0,2-stackful,2,4,False,816981,0.02246817799999999,27.501469434417682
const-seq,0,2-stackless,2,0,True,816981,0.019932097,24.397258932582275
const-seq,0,2-stackless,2,1,True,816981,0.019988599,24.466418435679653
const-seq,0,2-stackless,2,2,False,816981,0.019958013000000004,24.428980600528046
const-seq,0,2-stackless,2,3,False,816981,0.019961169,24.432843603462015
const-seq,0,2-stackless,2,4,False,816981,0.019938610999999995,24.40523219022229
const-seq,0,1x,2,0,True,816981,0.0601787,73.65985255471057
const-seq,0,1x,2,1,True,816981,0.05833,71.39700923277286
const-seq,0,1x,2,2,False,816981,0.0582802,71.33605310282614
const-seq,0,1x,2,3,False,816981,0.058924,72.12407632490842
const-seq,0,1x,2,4,False,816981,0.0595778,72.92433973372698
take-seq,64,2-stackful,0,0,True,113401,0.020127535,177.48992513293533
take-seq,64,2-stackful,0,1,True,113401,0.020371263,179.63918307598698
take-seq,64,2-stackful,0,2,False,113401,0.020411742000000004,179.99613760019756
take-seq,64,2-stackful,0,3,False,113401,0.020435350000000005,180.20431918589787
take-seq,64,2-stackful,0,4,False,113401,0.020250489999999996,178.57417483090975
take-seq,64,1x,0,0,True,113401,0.0417002,367.7233886826395
take-seq,64,1x,0,1,True,113401,0.0415775,366.6413876420843
take-seq,64,1x,0,2,False,113401,0.0415589,366.4773679244451
take-seq,64,1x,0,3,False,113401,0.0415052,366.0038271267449
take-seq,64,1x,0,4,False,113401,0.0414526,365.53998641987283
take-seq,64,2-stackless,0,0,True,113401,0.020230739,178.40000529095863
take-seq,64,2-stackless,0,1,True,113401,0.020429821999999997,180.15557182035428
take-seq,64,2-stackless,0,2,False,113401,0.020179931999999998,177.95197573213636
take-seq,64,2-stackless,0,3,False,113401,0.02039093000000001,179.8126118817295
take-seq,64,2-stackless,0,4,False,113401,0.020434492,180.1967531150519
take-seq,64,2-stackless,1,0,True,113401,0.020467222,180.4853749085105
take-seq,64,2-stackless,1,1,True,113401,0.020384603,179.75681872293896
take-seq,64,2-stackless,1,2,False,113401,0.020135390000000003,177.55919259971256
take-seq,64,2-stackless,1,3,False,113401,0.020073900999999998,177.01696634068483
take-seq,64,2-stackless,1,4,False,113401,0.020121132,177.43346178605128
take-seq,64,1x,1,0,True,113401,0.0411917,363.2393012407298
take-seq,64,1x,1,1,True,113401,0.0411812,363.14670946464315
take-seq,64,1x,1,2,False,113401,0.0411906,363.22960114990167
take-seq,64,1x,1,3,False,113401,0.0410724,362.1872822990979
take-seq,64,1x,1,4,False,113401,0.0412372,363.64053227043854
take-seq,64,2-stackful,1,0,True,113401,0.020241890999999998,178.49834657542698
take-seq,64,2-stackful,1,1,True,113401,0.020260428,178.66181074240967
take-seq,64,2-stackful,1,2,False,113401,0.020177761000000002,177.93283128014747
take-seq,64,2-stackful,1,3,False,113401,0.020331612,179.2895300746907
take-seq,64,2-stackful,1,4,False,113401,0.02040909199999999,179.97276919956605
take-seq,64,2-stackless,2,0,True,113401,0.02037768,179.6957698785725
take-seq,64,2-stackless,2,1,True,113401,0.020366259,179.5950564809834
take-seq,64,2-stackless,2,2,False,113401,0.020361239000000003,179.55078879374966
take-seq,64,2-stackless,2,3,False,113401,0.020356584999999996,179.50974859128223
take-seq,64,2-stackless,2,4,False,113401,0.020434311999999996,180.1951658274618
take-seq,64,2-stackful,2,0,True,113401,0.020220823000000002,178.31256338127534
take-seq,64,2-stackful,2,1,True,113401,0.020286986,178.89600620805814
take-seq,64,2-stackful,2,2,False,113401,0.020227639,178.3726686713521
take-seq,64,2-stackful,2,3,False,113401,0.020387101999999997,179.77885556564755
take-seq,64,2-stackful,2,4,False,113401,0.020569399000000002,181.38639870900613
take-seq,64,1x,2,0,True,113401,0.0418614,369.144892902179
take-seq,64,1x,2,1,True,113401,0.0416066,366.8979991358101
take-seq,64,1x,2,2,False,113401,0.0415493,366.3927125863088
take-seq,64,1x,2,3,False,113401,0.0414547,365.55850477509017
take-seq,64,1x,2,4,False,113401,0.041496,365.92269909436425
update-table,8,2-stackful,0,0,True,557588,0.021757957,39.021566102570354
update-table,8,2-stackful,0,1,True,557588,0.021839849999999997,39.168436193031404
update-table,8,2-stackful,0,2,False,557588,0.021764086999999994,39.0325598829243
update-table,8,2-stackful,0,3,False,557588,0.021716493000000003,38.94720295271778
update-table,8,2-stackful,0,4,False,557588,0.021807335999999997,39.11012432118338
update-table,8,1x,0,0,True,557588,0.108985,195.45793668443366
update-table,8,1x,0,1,True,557588,0.11009,197.43968665035834
update-table,8,1x,0,2,False,557588,0.109426,196.24884323192035
update-table,8,1x,0,3,False,557588,0.108718,194.979088502622
update-table,8,1x,0,4,False,557588,0.107335,192.4987625271706
update-table,8,2-stackless,0,0,True,557588,0.020023969,35.91176460038595
update-table,8,2-stackless,0,1,True,557588,0.020021927000000002,35.90810239818647
update-table,8,2-stackless,0,2,False,557588,0.019979944,35.83280845355352
update-table,8,2-stackless,0,3,False,557588,0.020052215000000005,35.96242207508053
update-table,8,2-stackless,0,4,False,557588,0.020036402999999994,35.934064219459515
update-table,8,2-stackful,1,0,True,557588,0.021720509,38.954405403272666
update-table,8,2-stackful,1,1,True,557588,0.021685189999999997,38.89106293535728
update-table,8,2-stackful,1,2,False,557588,0.021689345000000006,38.89851467391696
update-table,8,2-stackful,1,3,False,557588,0.021702046999999988,38.9212949346112
update-table,8,2-stackful,1,4,False,557588,0.021773026,39.048591433101144
update-table,8,1x,1,0,True,557588,0.108533,194.64730230923192
update-table,8,1x,1,1,True,557588,0.109215,195.8704276275673
update-table,8,1x,1,2,False,557588,0.109397,196.19683350430785
update-table,8,1x,1,3,False,557588,0.109149,195.75206066127677
update-table,8,1x,1,4,False,557588,0.108531,194.64371543146552
update-table,8,2-stackless,1,0,True,557588,0.020118766,36.08177722619568
update-table,8,2-stackless,1,1,True,557588,0.020127135,36.0967865162091
update-table,8,2-stackless,1,2,False,557588,0.020074707999999997,36.002761895880106
update-table,8,2-stackless,1,3,False,557588,0.020032028,35.92621792434557
update-table,8,2-stackless,1,4,False,557588,0.020021898999999996,35.90805218189774
update-table,8,2-stackless,2,0,True,557588,0.020009067999999998,35.88504056758753
update-table,8,2-stackless,2,1,True,557588,0.020036207,35.933712705438424
update-table,8,2-stackless,2,2,False,557588,0.020023638000000003,35.91117097211562
update-table,8,2-stackless,2,3,False,557588,0.020021440999999994,35.90723078688923
update-table,8,2-stackless,2,4,False,557588,0.020060275000000002,35.976877192479044
update-table,8,2-stackful,2,0,True,557588,0.021673748,38.87054240765583
update-table,8,2-stackful,2,1,True,557588,0.021699480999999996,38.91669297043695
update-table,8,2-stackful,2,2,False,557588,0.021683588999999996,38.8881916397053
update-table,8,2-stackful,2,3,False,557588,0.021686085000000008,38.89266806315776
update-table,8,2-stackful,2,4,False,557588,0.021716175000000004,38.94663263915293
update-table,8,1x,2,0,True,557588,0.10925,195.93319798847895
update-table,8,1x,2,1,True,557588,0.108104,193.87791702834352
update-table,8,1x,2,2,False,557588,0.108483,194.5576303650724
update-table,8,1x,2,3,False,557588,0.108513,194.6114335315681
update-table,8,1x,2,4,False,557588,0.108659,194.8732756085138
update-int,256,1x,0,0,True,87852,0.0287201,326.91458361790285
update-int,256,1x,0,1,True,87852,0.0288356,328.2292947229431
update-int,256,1x,0,2,False,87852,0.0286105,325.66703091563085
update-int,256,1x,0,3,False,87852,0.0286711,326.35682739152213
update-int,256,1x,0,4,False,87852,0.0286673,326.31357282702726
update-int,256,2-stackless,0,0,True,87852,0.020425507,232.4990552292492
update-int,256,2-stackless,0,1,True,87852,0.020545296,233.862587078268
update-int,256,2-stackless,0,2,False,87852,0.020581877,234.27898055821154
update-int,256,2-stackless,0,3,False,87852,0.020439672000000006,232.66029230979382
update-int,256,2-stackless,0,4,False,87852,0.020160618000000005,229.48388198333566
update-int,256,2-stackful,0,0,True,87852,0.020618276999999997,234.69331375495148
update-int,256,2-stackful,0,1,True,87852,0.020635571,234.89016755452352
update-int,256,2-stackful,0,2,False,87852,0.020711373999999998,235.75301643673447
update-int,256,2-stackful,0,3,False,87852,0.020714274000000005,235.78602649911218
update-int,256,2-stackful,0,4,False,87852,0.020704852999999995,235.6787893275053
update-int,256,2-stackful,1,0,True,87852,0.020573881999999998,234.18797523107042
update-int,256,2-stackful,1,1,True,87852,0.020592077,234.39508491553977
update-int,256,2-stackful,1,2,False,87852,0.020656616000000003,235.12971816236401
update-int,256,2-stackful,1,3,False,87852,0.020653781000000003,235.09744798069485
update-int,256,2-stackful,1,4,False,87852,0.020518848000000006,233.56153530938406
update-int,256,1x,1,0,True,87852,0.0288415,328.2964531257114
update-int,256,1x,1,1,True,87852,0.0285888,325.4200245868051
update-int,256,1x,1,2,False,87852,0.028907,329.0420252242408
update-int,256,1x,1,3,False,87852,0.0290417,330.5752857077813
update-int,256,1x,1,4,False,87852,0.0286001,325.54865000227653
update-int,256,2-stackless,1,0,True,87852,0.020425299,232.4966876109821
update-int,256,2-stackless,1,1,True,87852,0.02055174,233.93593771342714
update-int,256,2-stackless,1,2,False,87852,0.020400675,232.21639803305558
update-int,256,2-stackless,1,3,False,87852,0.020377012,231.9470473068342
update-int,256,2-stackless,1,4,False,87852,0.020421400000000006,232.45230615125448
update-int,256,2-stackless,2,0,True,87852,0.020442382000000002,232.69113964394668
update-int,256,2-stackless,2,1,True,87852,0.020349497,231.63385011155125
update-int,256,2-stackless,2,2,False,87852,0.020497812999999997,233.32209852934477
update-int,256,2-stackless,2,3,False,87852,0.020454039,232.8238287119246
update-int,256,2-stackless,2,4,False,87852,0.020430785000000007,232.55913354277658
update-int,256,2-stackful,2,0,True,87852,0.020602603,234.51490005919047
update-int,256,2-stackful,2,1,True,87852,0.020518502999999997,233.55760825023899
update-int,256,2-stackful,2,2,False,87852,0.020612425000000004,234.62670172562952
update-int,256,2-stackful,2,3,False,87852,0.020757647999999997,236.2797432044802
update-int,256,2-stackful,2,4,False,87852,0.021007259,239.12101033556436
update-int,256,1x,2,0,True,87852,0.0287811,327.6089332058462
update-int,256,1x,2,1,True,87852,0.0284507,323.8480626508218
update-int,256,1x,2,2,False,87852,0.0284729,324.1007603697127
update-int,256,1x,2,3,False,87852,0.0284006,323.27778536629785
update-int,256,1x,2,4,False,87852,0.0286398,326.00054637344624
update-seq,64,2-stackful,0,0,True,238277,0.020880507,87.6312317177067
update-seq,64,2-stackful,0,1,True,238277,0.020847156999999998,87.49126856557702
update-seq,64,2-stackful,0,2,False,238277,0.020859363000000006,87.54249465957692
update-seq,64,2-stackful,0,3,False,238277,0.020707420000000004,86.90482085975567
update-seq,64,2-stackful,0,4,False,238277,0.02072449700000001,86.97648954787918
update-seq,64,1x,0,0,True,238277,0.0621359,260.7717068789686
update-seq,64,1x,0,1,True,238277,0.0618993,259.7787449061386
update-seq,64,1x,0,2,False,238277,0.061434,257.82597565018864
update-seq,64,1x,0,3,False,238277,0.0620128,260.25508127095776
update-seq,64,1x,0,4,False,238277,0.0627332,263.2784532288051
update-seq,64,2-stackless,0,0,True,238277,0.020102532,84.36622922061298
update-seq,64,2-stackless,0,1,True,238277,0.020175240999999997,84.67137407303264
update-seq,64,2-stackless,0,2,False,238277,0.020124840999999997,84.45985554627596
update-seq,64,2-stackless,0,3,False,238277,0.020101934999999994,84.36372373330197
update-seq,64,2-stackless,0,4,False,238277,0.020015045999999995,83.99906831125118
update-seq,64,2-stackless,1,0,True,238277,0.019967640999999998,83.8001191890111
update-seq,64,2-stackless,1,1,True,238277,0.020076864,84.25850585662904
update-seq,64,2-stackless,1,2,False,238277,0.020084215000000002,84.28935650524392
update-seq,64,2-stackless,1,3,False,238277,0.020141251,84.52872497135687
update-seq,64,2-stackless,1,4,False,238277,0.019922662999999993,83.61135569106541
update-seq,64,2-stackful,1,0,True,238277,0.020690556,86.83404608921549
update-seq,64,2-stackful,1,1,True,238277,0.0207131,86.92865866197745
update-seq,64,2-stackful,1,2,False,238277,0.020795762000000002,87.2755742266354
update-seq,64,2-stackful,1,3,False,238277,0.020783891,87.22575405935109
update-seq,64,2-stackful,1,4,False,238277,0.020847823,87.49406363182347
update-seq,64,1x,1,0,True,238277,0.062138,260.7805201509168
update-seq,64,1x,1,1,True,238277,0.0617332,259.0816570629981
update-seq,64,1x,1,2,False,238277,0.0619036,259.79679112965164
update-seq,64,1x,1,3,False,238277,0.0619872,260.1476432891131
update-seq,64,1x,1,4,False,238277,0.0614018,257.69083881364963
update-seq,64,2-stackful,2,0,True,238277,0.020732362,87.00949734972322
update-seq,64,2-stackful,2,1,True,238277,0.020823535999999997,87.3921360433445
update-seq,64,2-stackful,2,2,False,238277,0.020638735,86.6165639151072
update-seq,64,2-stackful,2,3,False,238277,0.020743855999999998,87.05773532485298
update-seq,64,2-stackful,2,4,False,238277,0.021045768000000006,88.32479844886417
update-seq,64,2-stackless,2,0,True,238277,0.020110882,84.40127246859747
update-seq,64,2-stackless,2,1,True,238277,0.020150038999999998,84.56560641606197
update-seq,64,2-stackless,2,2,False,238277,0.020233217999999997,84.91469172433763
update-seq,64,2-stackless,2,3,False,238277,0.020081353999999996,84.2773494714135
update-seq,64,2-stackless,2,4,False,238277,0.020096592999999996,84.34130444818425
update-seq,64,1x,2,0,True,238277,0.0613079,257.2967596536804
update-seq,64,1x,2,1,True,238277,0.0617854,259.3007298228532
update-seq,64,1x,2,2,False,238277,0.0610684,256.2916269719696
update-seq,64,1x,2,3,False,238277,0.0617338,259.0841751406976
update-seq,64,1x,2,4,False,238277,0.0615187,258.1814442854325
assign-table,8,1x,0,0,True,229435,0.169709,739.6822629502909
assign-table,8,1x,0,1,True,229435,0.170265,742.1056072525988
assign-table,8,1x,0,2,False,229435,0.16876,735.5460152112798
assign-table,8,1x,0,3,False,229435,0.169612,739.2594852572624
assign-table,8,1x,0,4,False,229435,0.168505,734.4345893172358
assign-table,8,2-stackless,0,0,True,229435,0.020087582,87.55238738640574
assign-table,8,2-stackless,0,1,True,229435,0.020008675999999996,87.20847298799222
assign-table,8,2-stackless,0,2,False,229435,0.020054252,87.4071174842548
assign-table,8,2-stackless,0,3,False,229435,0.020044633,87.36519275611829
assign-table,8,2-stackless,0,4,False,229435,0.020024515000000007,87.27750779087762
assign-table,8,2-stackful,0,0,True,229435,0.020737946,90.38702028897073
assign-table,8,2-stackful,0,1,True,229435,0.020689423,90.17553119619936
assign-table,8,2-stackful,0,2,False,229435,0.020671323999999998,90.09664610891973
assign-table,8,2-stackful,0,3,False,229435,0.020727347,90.34082419857477
assign-table,8,2-stackful,0,4,False,229435,0.020684977999999993,90.15615751737961
assign-table,8,2-stackless,1,0,True,229435,0.020133458,87.75233944254364
assign-table,8,2-stackless,1,1,True,229435,0.020048862000000004,87.38362499182777
assign-table,8,2-stackless,1,2,False,229435,0.020012697000000003,87.22599864885481
assign-table,8,2-stackless,1,3,False,229435,0.020035237999999997,87.32424433935536
assign-table,8,2-stackless,1,4,False,229435,0.020011181000000003,87.2193911129514
assign-table,8,2-stackful,1,0,True,229435,0.020720749,90.31206659838298
assign-table,8,2-stackful,1,1,True,229435,0.020721689,90.31616361932574
assign-table,8,2-stackful,1,2,False,229435,0.020639614,89.95843703009567
assign-table,8,2-stackful,1,3,False,229435,0.02068747299999999,90.16703205700958
assign-table,8,2-stackful,1,4,False,229435,0.020769540000000003,90.52472377797635
assign-table,8,1x,1,0,True,229435,0.168639,735.0186327282237
assign-table,8,1x,1,1,True,229435,0.168537,734.574062370606
assign-table,8,1x,1,2,False,229435,0.168487,734.356135724715
assign-table,8,1x,1,3,False,229435,0.168669,735.1493887157583
assign-table,8,1x,1,4,False,229435,0.169017,736.6661581711596
assign-table,8,1x,2,0,True,229435,0.168257,733.3536731536165
assign-table,8,1x,2,1,True,229435,0.168329,733.6674875236995
assign-table,8,1x,2,2,False,229435,0.16973,739.7737921415652
assign-table,8,1x,2,3,False,229435,0.171145,745.9411162202803
assign-table,8,1x,2,4,False,229435,0.171111,745.7929261010744
assign-table,8,2-stackless,2,0,True,229435,0.020373790000000003,88.79983437574914
assign-table,8,2-stackless,2,1,True,229435,0.02004893,87.38392137206617
assign-table,8,2-stackless,2,2,False,229435,0.02008533,87.5425719702748
assign-table,8,2-stackless,2,3,False,229435,0.020084418,87.53859698825376
assign-table,8,2-stackless,2,4,False,229435,0.020050353999999992,87.3901279229411
assign-table,8,2-stackful,2,0,True,229435,0.020714176,90.28341796151416
assign-table,8,2-stackful,2,1,True,229435,0.020714775999999997,90.28603308126483
assign-table,8,2-stackful,2,2,False,229435,0.020666254000000002,90.07454834702641
assign-table,8,2-stackful,2,3,False,229435,0.020673382999999997,90.10562032819752
assign-table,8,2-stackful,2,4,False,229435,0.020791471000000006,90.62031076339707
make-seq,64,2-stackless,0,0,True,64115,0.07573018899999999,1181.1618030102159
make-seq,64,2-stackless,0,1,True,64115,0.075857085,1183.1409966466506
make-seq,64,2-stackless,0,2,False,64115,0.07579248799999999,1182.1334789050923
make-seq,64,2-stackless,0,3,False,64115,0.07568757900000003,1180.4972159401082
make-seq,64,2-stackless,0,4,False,64115,0.07576143400000002,1181.6491304686892
make-seq,64,2-stackful,0,0,True,64115,0.075961981,1184.777056850971
make-seq,64,2-stackful,0,1,True,64115,0.075974662,1184.9748420806363
make-seq,64,2-stackful,0,2,False,64115,0.07591118999999999,1183.9848709350383
make-seq,64,2-stackful,0,3,False,64115,0.07596237400000003,1184.783186461827
make-seq,64,2-stackful,0,4,False,64115,0.07599612699999997,1185.30963113156
make-seq,64,1x,0,0,True,64115,0.0185393,289.15698354519225
make-seq,64,1x,0,1,True,64115,0.0185211,288.8731186149887
make-seq,64,1x,0,2,False,64115,0.018334,285.95492474459957
make-seq,64,1x,0,3,False,64115,0.0183089,285.56344069250565
make-seq,64,1x,0,4,False,64115,0.0184754,288.16033689464246
make-seq,64,1x,1,0,True,64115,0.0209066,326.0797005380956
make-seq,64,1x,1,1,True,64115,0.0209168,326.2387896748031
make-seq,64,1x,1,2,False,64115,0.0210694,328.6188879357405
make-seq,64,1x,1,3,False,64115,0.0210852,328.8653201278952
make-seq,64,1x,1,4,False,64115,0.0207928,324.3047648756141
make-seq,64,2-stackful,1,0,True,64115,0.075951093,1184.6072369960227
make-seq,64,2-stackful,1,1,True,64115,0.07596576099999999,1184.8360134133977
make-seq,64,2-stackful,1,2,False,64115,0.076167083,1187.9760274506746
make-seq,64,2-stackful,1,3,False,64115,0.07603558699999999,1185.9250877329796
make-seq,64,2-stackful,1,4,False,64115,0.07607947300000001,1186.609576542151
make-seq,64,2-stackless,1,0,True,64115,0.075834429,1182.7876315994697
make-seq,64,2-stackless,1,1,True,64115,0.075748818,1181.4523590423457
make-seq,64,2-stackless,1,2,False,64115,0.075717761,1180.9679638150199
make-seq,64,2-stackless,1,3,False,64115,0.075756082,1181.5656554628401
make-seq,64,2-stackless,1,4,False,64115,0.07577985200000004,1181.936395539266
make-seq,64,2-stackful,2,0,True,64115,0.075977587,1185.0204632301334
make-seq,64,2-stackful,2,1,True,64115,0.07602994900000001,1185.8371519925138
make-seq,64,2-stackful,2,2,False,64115,0.075999964,1185.369476721516
make-seq,64,2-stackful,2,3,False,64115,0.07624473999999998,1189.1872416751146
make-seq,64,2-stackful,2,4,False,64115,0.07609270400000001,1186.8159401076193
make-seq,64,2-stackless,2,0,True,64115,0.075947414,1184.5498557279889
make-seq,64,2-stackless,2,1,True,64115,0.07587656699999999,1183.4448568977616
make-seq,64,2-stackless,2,2,False,64115,0.07594563800000001,1184.522155501833
make-seq,64,2-stackless,2,3,False,64115,0.07577121199999998,1181.801637682289
make-seq,64,2-stackless,2,4,False,64115,0.07573397400000004,1181.2208375575144
make-seq,64,1x,2,0,True,64115,0.0210415,328.1837323559229
make-seq,64,1x,2,1,True,64115,0.0208601,325.3544412383998
make-seq,64,1x,2,2,False,64115,0.0205305,320.213678546362
make-seq,64,1x,2,3,False,64115,0.0207813,324.1253996724635
make-seq,64,1x,2,4,False,64115,0.0208529,325.24214302425327
add-float,0,1x,0,0,True,3108632,0.0203732,6.553750974705272
add-float,0,1x,0,1,True,3108632,0.0203131,6.534417711713705
add-float,0,1x,0,2,False,3108632,0.0200951,6.464290401694379
add-float,0,1x,0,3,False,3108632,0.0201412,6.479120075969108
add-float,0,1x,0,4,False,3108632,0.0202285,6.507203168467673
add-float,0,2-stackful,0,0,True,3108632,0.06565937699999999,21.121630672269987
add-float,0,2-stackful,0,1,True,3108632,0.06540876500000001,21.0410125740197
add-float,0,2-stackful,0,2,False,3108632,0.06516456099999998,20.96245583266208
add-float,0,2-stackful,0,3,False,3108632,0.06508953200000003,20.938320135673838
add-float,0,2-stackful,0,4,False,3108632,0.06514936999999998,20.957569117219403
add-float,0,2-stackless,0,0,True,3108632,0.056167309,18.068175647680395
add-float,0,2-stackless,0,1,True,3108632,0.056261342000000006,18.098424644666853
add-float,0,2-stackless,0,2,False,3108632,0.056334832,18.122065268581164
add-float,0,2-stackless,0,3,False,3108632,0.05622716999999999,18.087432027978863
add-float,0,2-stackless,0,4,False,3108632,0.056144168999999994,18.060731858901278
add-float,0,1x,1,0,True,3108632,0.0202073,6.500383448410748
add-float,0,1x,1,1,True,3108632,0.0201545,6.483398485250103
add-float,0,1x,1,2,False,3108632,0.0202053,6.499740078594057
add-float,0,1x,1,3,False,3108632,0.0203049,6.531779895465272
add-float,0,1x,1,4,False,3108632,0.0204093,6.565363799896546
add-float,0,2-stackful,1,0,True,3108632,0.065252421,20.990719068709325
add-float,0,2-stackful,1,1,True,3108632,0.06525253300000002,20.99075509741906
add-float,0,2-stackful,1,2,False,3108632,0.065142279,20.955288049534328
add-float,0,2-stackful,1,3,False,3108632,0.06541242500000002,21.04218994078425
add-float,0,2-stackful,1,4,False,3108632,0.06559262100000002,21.10015627452848
add-float,0,2-stackless,1,0,True,3108632,0.05643123,18.153075050375858
add-float,0,2-stackless,1,1,True,3108632,0.056100741,18.04676172670165
add-float,0,2-stackless,1,2,False,3108632,0.05627032300000001,18.101313696828704
add-float,0,2-stackless,1,3,False,3108632,0.05617461900000001,18.070527164360403
add-float,0,2-stackless,1,4,False,3108632,0.056063588,18.034810167301888
add-float,0,1x,2,0,True,3108632,0.0202106,6.501445008608288
add-float,0,1x,2,1,True,3108632,0.0203824,6.556710475862051
add-float,0,1x,2,2,False,3108632,0.020181,6.49192313532126
add-float,0,1x,2,3,False,3108632,0.0202848,6.525314028807527
add-float,0,1x,2,4,False,3108632,0.0202929,6.5279196765651255
add-float,0,2-stackless,2,0,True,3108632,0.056445992,18.157823762992855
add-float,0,2-stackless,2,1,True,3108632,0.056501756,18.175762200221833
add-float,0,2-stackless,2,2,False,3108632,0.05642688,18.151675721024553
add-float,0,2-stackless,2,3,False,3108632,0.0562859,18.106324582646
add-float,0,2-stackless,2,4,False,3108632,0.05636866099999999,18.13294754734558
add-float,0,2-stackful,2,0,True,3108632,0.06578363699999999,21.161603238981
add-float,0,2-stackful,2,1,True,3108632,0.065477851,21.063236497597657
add-float,0,2-stackful,2,2,False,3108632,0.065464263,21.058865443063056
add-float,0,2-stackful,2,3,False,3108632,0.06557332099999999,21.0939477557974
add-float,0,2-stackful,2,4,False,3108632,0.065475966,21.062630121545425
assign-string,0,2-stackless,0,0,True,1975231,0.052450418000000006,26.554067853329563
assign-string,0,2-stackless,0,1,True,1975231,0.052291686999999996,26.473707125900717
assign-string,0,2-stackless,0,2,False,1975231,0.052245253000000005,26.45019898938403
assign-string,0,2-stackless,0,3,False,1975231,0.05237148,26.514103919997204
assign-string,0,2-stackless,0,4,False,1975231,0.05237784700000003,26.51732734044779
assign-string,0,1x,0,0,True,1975231,0.0205875,10.422831557422905
assign-string,0,1x,0,1,True,1975231,0.0206566,10.457814807483278
assign-string,0,1x,0,2,False,1975231,0.0209399,10.60124107003181
assign-string,0,1x,0,3,False,1975231,0.0206204,10.439487837118797
assign-string,0,1x,0,4,False,1975231,0.0204594,10.357978383287827
assign-string,0,2-stackful,0,0,True,1975231,0.058421239,29.57691480135741
assign-string,0,2-stackful,0,1,True,1975231,0.058330839,29.531148002436172
assign-string,0,2-stackful,0,2,False,1975231,0.058414488000000014,29.573496973265414
assign-string,0,2-stackful,0,3,False,1975231,0.058552135000000005,29.64318350613169
assign-string,0,2-stackful,0,4,False,1975231,0.058643683,29.689531502897637
assign-string,0,2-stackless,1,0,True,1975231,0.052385208999999995,26.521054499448415
assign-string,0,2-stackless,1,1,True,1975231,0.052355589,26.506058785023118
assign-string,0,2-stackless,1,2,False,1975231,0.05225299500000001,26.45411853094651
assign-string,0,2-stackless,1,3,False,1975231,0.05221610700000001,26.43544324689113
assign-string,0,2-stackless,1,4,False,1975231,0.05229409099999999,26.47492419873928
assign-string,0,2-stackful,1,0,True,1975231,0.058381188,29.556638185609682
assign-string,0,2-stackful,1,1,True,1975231,0.058390552000000005,29.56137889694927
assign-string,0,2-stackful,1,2,False,1975231,0.05837712499999999,29.55458121100772
assign-string,0,2-stackful,1,3,False,1975231,0.05839375999999999,29.56300301078709
assign-string,0,2-stackful,1,4,False,1975231,0.05826920800000002,29.499946082255704
assign-string,0,1x,1,0,True,1975231,0.0202767,10.265482872636163
assign-string,0,1x,1,1,True,1975231,0.0204533,10.354890136900444
assign-string,0,1x,1,2,False,1975231,0.0203325,10.293732733032238
assign-string,0,1x,1,3,False,1975231,0.0205258,10.391594704619358
assign-string,0,1x,1,4,False,1975231,0.0203987,10.327247800383853
assign-string,0,1x,2,0,True,1975231,0.0203495,10.302339321324949
assign-string,0,1x,2,1,True,1975231,0.0204651,10.360864121715384
assign-string,0,1x,2,2,False,1975231,0.0204556,10.356054557669458
assign-string,0,1x,2,3,False,1975231,0.0205856,10.421869644613718
assign-string,0,1x,2,4,False,1975231,0.0202814,10.267862341164147
assign-string,0,2-stackless,2,0,True,1975231,0.052516169,26.587355605496267
assign-string,0,2-stackless,2,1,True,1975231,0.052391571000000005,26.524275388549494
assign-string,0,2-stackless,2,2,False,1975231,0.05252653199999999,26.592602080465518
assign-string,0,2-stackless,2,3,False,1975231,0.052329490000000006,26.492845646914212
assign-string,0,2-stackless,2,4,False,1975231,0.05244282499999997,26.5502237459821
assign-string,0,2-stackful,2,0,True,1975231,0.058406298999999995,29.569351129057814
assign-string,0,2-stackful,2,1,True,1975231,0.058609051999999995,29.67199887000558
assign-string,0,2-stackful,2,2,False,1975231,0.058344654999999995,29.538142627368643
assign-string,0,2-stackful,2,3,False,1975231,0.05834540499999999,29.53852232979332
assign-string,0,2-stackful,2,4,False,1975231,0.058476445000000016,29.604863937433148
push-shared-seq,256,1x,0,0,True,24390,0.0181554,744.3788437884378
push-shared-seq,256,1x,0,1,True,24390,0.0184046,754.5961459614596
push-shared-seq,256,1x,0,2,False,24390,0.0184776,757.5891758917589
push-shared-seq,256,1x,0,3,False,24390,0.0183723,753.2718327183272
push-shared-seq,256,1x,0,4,False,24390,0.0184842,757.859778597786
push-shared-seq,256,2-stackful,0,0,True,24390,0.062656643,2568.948052480525
push-shared-seq,256,2-stackful,0,1,True,24390,0.062131572999999995,2547.4199671996716
push-shared-seq,256,2-stackful,0,2,False,24390,0.061791593000000006,2533.4806478064784
push-shared-seq,256,2-stackful,0,3,False,24390,0.06172771099999999,2530.861459614596
push-shared-seq,256,2-stackful,0,4,False,24390,0.061750161,2531.7819188191884
push-shared-seq,256,2-stackless,0,0,True,24390,0.06162703,2526.7334973349734
push-shared-seq,256,2-stackless,0,1,True,24390,0.061695978000000005,2529.5603936039365
push-shared-seq,256,2-stackless,0,2,False,24390,0.06173414000000001,2531.125051250513
push-shared-seq,256,2-stackless,0,3,False,24390,0.061595388,2525.4361623616237
push-shared-seq,256,2-stackless,0,4,False,24390,0.06173451499999999,2531.140426404264
push-shared-seq,256,2-stackless,1,0,True,24390,0.062659754,2569.0756047560476
push-shared-seq,256,2-stackless,1,1,True,24390,0.062738037,2572.2852398523987
push-shared-seq,256,2-stackless,1,2,False,24390,0.06261720700000001,2567.3311603116035
push-shared-seq,256,2-stackless,1,3,False,24390,0.062553362,2564.7134891348915
push-shared-seq,256,2-stackless,1,4,False,24390,0.06265464000000004,2568.8659286592883
push-shared-seq,256,2-stackful,1,0,True,24390,0.061797728,2533.732185321853
push-shared-seq,256,2-stackful,1,1,True,24390,0.061750676000000004,2531.8030340303408
push-shared-seq,256,2-stackful,1,2,False,24390,0.061855971999999995,2536.1202132021317
push-shared-seq,256,2-stackful,1,3,False,24390,0.061887262,2537.40311603116
push-shared-seq,256,2-stackful,1,4,False,24390,0.06193127099999998,2539.20750307503
push-shared-seq,256,1x,1,0,True,24390,0.0197247,808.720787207872
push-shared-seq,256,1x,1,1,True,24390,0.0196612,806.1172611726117
push-shared-seq,256,1x,1,2,False,24390,0.0195893,803.169331693317
push-shared-seq,256,1x,1,3,False,24390,0.0199485,817.8966789667896
push-shared-seq,256,1x,1,4,False,24390,0.0197357,809.1717917179171
push-shared-seq,256,2-stackless,2,0,True,24390,0.062073531,2545.0402214022142
push-shared-seq,256,2-stackless,2,1,True,24390,0.061893398999999995,2537.6547355473554
push-shared-seq,256,2-stackless,2,2,False,24390,0.061911983000000004,2538.416687166872
push-shared-seq,256,2-stackless,2,3,False,24390,0.06187630499999999,2536.953874538745
push-shared-seq,256,2-stackless,2,4,False,24390,0.061874558999999996,2536.882287822878
push-shared-seq,256,1x,2,0,True,24390,0.0172995,709.2865928659287
push-shared-seq,256,1x,2,1,True,24390,0.0173142,709.8892988929889
push-shared-seq,256,1x,2,2,False,24390,0.0173332,710.6683066830668
push-shared-seq,256,1x,2,3,False,24390,0.0174315,714.6986469864698
push-shared-seq,256,1x,2,4,False,24390,0.0173116,709.7826978269783
push-shared-seq,256,2-stackful,2,0,True,24390,0.061757391999999994,2532.0783927839275
push-shared-seq,256,2-stackful,2,1,True,24390,0.061676535,2528.763222632226
push-shared-seq,256,2-stackful,2,2,False,24390,0.061780184000000016,2533.0128741287417
push-shared-seq,256,2-stackful,2,3,False,24390,0.061643540999999996,2527.4104551045507
push-shared-seq,256,2-stackful,2,4,False,24390,0.06168210499999999,2528.9915949159486
update-table,256,1x,0,0,True,83483,0.050184,601.1283734412995
update-table,256,1x,0,1,True,83483,0.0499397,598.2020291556365
update-table,256,1x,0,2,False,83483,0.0500457,599.4717487392643
update-table,256,1x,0,3,False,83483,0.0502314,601.6961537079405
update-table,256,1x,0,4,False,83483,0.0503136,602.6807853095839
update-table,256,2-stackful,0,0,True,83483,0.020214873,242.14358611932968
update-table,256,2-stackful,0,1,True,83483,0.020139811000000004,241.24445695530832
update-table,256,2-stackful,0,2,False,83483,0.020325801999999997,243.47234766359614
update-table,256,2-stackful,0,3,False,83483,0.020348388000000002,243.74289376280205
update-table,256,2-stackful,0,4,False,83483,0.020346646999999995,243.7220392175652
update-table,256,2-stackless,0,0,True,83483,0.019842339,237.68119257812967
update-table,256,2-stackless,0,1,True,83483,0.019964331000000002,239.14247212007234
update-table,256,2-stackless,0,2,False,83483,0.020160290000000004,241.48976438316788
update-table,256,2-stackless,0,3,False,83483,0.020336109999999998,243.5958219038606
update-table,256,2-stackless,0,4,False,83483,0.020028698999999997,239.91350334798696
update-table,256,2-stackless,1,0,True,83483,0.01985718,237.85896529832422
update-table,256,2-stackless,1,1,True,83483,0.020123522999999997,241.0493513649485
update-table,256,2-stackless,1,2,False,83483,0.020109411,240.88031096151312
update-table,256,2-stackless,1,3,False,83483,0.020169886000000005,241.6047099409461
update-table,256,2-stackless,1,4,False,83483,0.020175370999999998,241.67041194015545
update-table,256,2-stackful,1,0,True,83483,0.020260776999999997,242.69344656996032
update-table,256,2-stackful,1,1,True,83483,0.020280193,242.92602086652371
update-table,256,2-stackful,1,2,False,83483,0.020365279,243.94522238060443
update-table,256,2-stackful,1,3,False,83483,0.020146368000000005,241.32299989219368
update-table,256,2-stackful,1,4,False,83483,0.020097838000000007,240.74168393565165
update-table,256,1x,1,0,True,83483,0.0493539,591.1850316830971
update-table,256,1x,1,1,True,83483,0.0496332,594.53062300109
update-table,256,1x,1,2,False,83483,0.0497753,596.2327659523496
update-table,256,1x,1,3,False,83483,0.0501042,600.1724902075872
update-table,256,1x,1,4,False,83483,0.0497546,595.984811278943
update-table,256,2-stackful,2,0,True,83483,0.02013456,241.18155792197214
update-table,256,2-stackful,2,1,True,83483,0.020180021,241.72611190302217
update-table,256,2-stackful,2,2,False,83483,0.020223618,242.24833798497897
update-table,256,2-stackful,2,3,False,83483,0.020516829,245.76056203059306
update-table,256,2-stackful,2,4,False,83483,0.020459162000000003,245.06979864163966
update-table,256,2-stackless,2,0,True,83483,0.020060598000000002,240.29560509325256
update-table,256,2-stackless,2,1,True,83483,0.019851694,237.79325132062814
update-table,256,2-stackless,2,2,False,83483,0.019738253999999997,236.4344117964136
update-table,256,2-stackless,2,3,False,83483,0.01997595,239.28165015631924
update-table,256,2-stackless,2,4,False,83483,0.020196674999999997,241.92560161949135
update-table,256,1x,2,0,True,83483,0.0493733,591.4174143238744
update-table,256,1x,2,1,True,83483,0.0504267,604.0355521483416
update-table,256,1x,2,2,False,83483,0.0495458,593.483703268929
update-table,256,1x,2,3,False,83483,0.0505138,605.0788783345113
update-table,256,1x,2,4,False,83483,0.0496862,595.165482792904
const-string,8,1x,0,0,True,1125024,0.0208887,18.567337230139092
const-string,8,1x,0,1,True,1125024,0.0208031,18.491249964445203
const-string,8,1x,0,2,False,1125024,0.0206601,18.364141564979946
const-string,8,1x,0,3,False,1125024,0.0205894,18.301298461188384
const-string,8,1x,0,4,False,1125024,0.0206298,18.337208806212136
const-string,8,2-stackful,0,0,True,1125024,0.036276153,32.244781444662515
const-string,8,2-stackful,0,1,True,1125024,0.03604443399999999,32.03881339420314
const-string,8,2-stackful,0,2,False,1125024,0.03588456200000001,31.89670798134085
const-string,8,2-stackful,0,3,False,1125024,0.03608815300000001,32.0776738985124
const-string,8,2-stackful,0,4,False,1125024,0.036027897999999975,32.024115041101325
const-string,8,2-stackless,0,0,True,1125024,0.033854412,30.092168700401057
const-string,8,2-stackless,0,1,True,1125024,0.03386215099999999,30.099047664760924
const-string,8,2-stackless,0,2,False,1125024,0.033588143,29.855490193986974
const-string,8,2-stackless,0,3,False,1125024,0.033882551999999996,30.117181500127998
const-string,8,2-stackless,0,4,False,1125024,0.033686508000000004,29.942923884290476
const-string,8,1x,1,0,True,1125024,0.020478,18.20227835139517
const-string,8,1x,1,1,True,1125024,0.0204476,18.175256705634723
const-string,8,1x,1,2,False,1125024,0.0205047,18.226011178428195
const-string,8,1x,1,3,False,1125024,0.0205804,18.29329863185141
const-string,8,1x,1,4,False,1125024,0.0205583,18.273654606479507
const-string,8,2-stackless,1,0,True,1125024,0.032662100000000006,29.03235842079814
const-string,8,2-stackless,1,1,True,1125024,0.03259193900000001,28.96999441789687
const-string,8,2-stackless,1,2,False,1125024,0.03261642699999999,28.991761064652835
const-string,8,2-stackless,1,3,False,1125024,0.032621259,28.99605608413687
const-string,8,2-stackless,1,4,False,1125024,0.032611474,28.987358491907727
const-string,8,2-stackful,1,0,True,1125024,0.035978515,31.98021997752937
const-string,8,2-stackful,1,1,True,1125024,0.035998345999999994,31.99784715703842
const-string,8,2-stackful,1,2,False,1125024,0.03600302899999999,32.002009734903424
const-string,8,2-stackful,1,3,False,1125024,0.03589999200000002,31.91042324430414
const-string,8,2-stackful,1,4,False,1125024,0.03587548099999999,31.88863615353982
const-string,8,2-stackless,2,0,True,1125024,0.032664906,29.03485258981142
const-string,8,2-stackless,2,1,True,1125024,0.032683009,29.050943802087776
const-string,8,2-stackless,2,2,False,1125024,0.032743711999999994,29.10490087322581
const-string,8,2-stackless,2,3,False,1125024,0.032731329,29.09389399692807
const-string,8,2-stackless,2,4,False,1125024,0.03272619299999999,29.08932876098642
const-string,8,2-stackful,2,0,True,1125024,0.035995962,31.995728091134055
const-string,8,2-stackful,2,1,True,1125024,0.036048367000000005,32.04230931962341
const-string,8,2-stackful,2,2,False,1125024,0.035960004000000004,31.96376610632307
const-string,8,2-stackful,2,3,False,1125024,0.03583304699999999,31.85091784708592
const-string,8,2-stackful,2,4,False,1125024,0.03593280500000001,31.939589733196815
const-string,8,1x,2,0,True,1125024,0.020449,18.176501123531587
const-string,8,1x,2,1,True,1125024,0.0205341,18.25214395426231
const-string,8,1x,2,2,False,1125024,0.0204898,18.21276701652587
const-string,8,1x,2,3,False,1125024,0.0204647,18.190456381374975
const-string,8,1x,2,4,False,1125024,0.0203765,18.11205805387263
add-float,8,2-stackless,0,0,True,1343130,0.029487814,21.954549447931324
add-float,8,2-stackless,0,1,True,1343130,0.029380146000000003,21.874387438297116
add-float,8,2-stackless,0,2,False,1343130,0.029460568,21.93426399529457
add-float,8,2-stackless,0,3,False,1343130,0.029462755000000007,21.935892281461964
add-float,8,2-stackless,0,4,False,1343130,0.029568666999999993,22.014746897173016
add-float,8,2-stackful,0,0,True,1343130,0.033312979,24.80249789670397
add-float,8,2-stackful,0,1,True,1343130,0.03337211599999999,24.846527141825433
add-float,8,2-stackful,0,2,False,1343130,0.03334176400000001,24.823929180347406
add-float,8,2-stackful,0,3,False,1343130,0.03329381800000002,24.788231965632527
add-float,8,2-stackful,0,4,False,1343130,0.03326910499999999,24.769832406394013
add-float,8,1x,0,0,True,1343130,0.01931,14.376865977232287
add-float,8,1x,0,1,True,1343130,0.019486,14.507903181374848
add-float,8,1x,0,2,False,1343130,0.0194829,14.505595139710973
add-float,8,1x,0,3,False,1343130,0.0194818,14.504776157185082
add-float,8,1x,0,4,False,1343130,0.0194679,14.494427196176096
add-float,8,2-stackless,1,0,True,1343130,0.029667838000000002,22.088582639059513
add-float,8,2-stackless,1,1,True,1343130,0.029308856999999997,21.82131066985325
add-float,8,2-stackless,1,2,False,1343130,0.029464723999999998,21.937358260183302
add-float,8,2-stackless,1,3,False,1343130,0.029593861,22.033504575134202
add-float,8,2-stackless,1,4,False,1343130,0.029615742,22.049795626633312
add-float,8,2-stackful,1,0,True,1343130,0.03323284,24.74283204157453
add-float,8,2-stackful,1,1,True,1343130,0.033232285,24.74241882766374
add-float,8,2-stackful,1,2,False,1343130,0.033325865999999996,24.81209264925956
add-float,8,2-stackful,1,3,False,1343130,0.03354489099999999,24.975163238107996
add-float,8,2-stackful,1,4,False,1343130,0.033199915999999996,24.71831915004504
add-float,8,1x,1,0,True,1343130,0.0194157,14.455562752674723
add-float,8,1x,1,1,True,1343130,0.0193493,14.406125989293665
add-float,8,1x,1,2,False,1343130,0.0197397,14.696790333028076
add-float,8,1x,1,3,False,1343130,0.0195841,14.580941532092947
add-float,8,1x,1,4,False,1343130,0.0193963,14.441118879036281
add-float,8,2-stackless,2,0,True,1343130,0.029484052,21.95174852769278
add-float,8,2-stackless,2,1,True,1343130,0.029493379000000004,21.958692754982767
add-float,8,2-stackless,2,2,False,1343130,0.029549773,22.00067975549649
add-float,8,2-stackless,2,3,False,1343130,0.029547496000000006,21.998984461667902
add-float,8,2-stackless,2,4,False,1343130,0.029807726999999992,22.192734135936202
add-float,8,2-stackful,2,0,True,1343130,0.033584254,25.00447015553223
add-float,8,2-stackful,2,1,True,1343130,0.033474156000000005,24.92249893904537
add-float,8,2-stackful,2,2,False,1343130,0.033613111,25.025955045304624
add-float,8,2-stackful,2,3,False,1343130,0.033654691,25.056912584783305
add-float,8,2-stackful,2,4,False,1343130,0.033501433,24.942807472098753
add-float,8,1x,2,0,True,1343130,0.019628,14.613626380171688
add-float,8,1x,2,1,True,1343130,0.0195773,14.575878731023803
add-float,8,1x,2,2,False,1343130,0.0195387,14.547139889660718
add-float,8,1x,2,3,False,1343130,0.0193993,14.443352467743257
add-float,8,1x,2,4,False,1343130,0.0194005,14.444245903226047
add-int,256,1x,0,0,True,113983,0.0343434,301.3028258599967
add-int,256,1x,0,1,True,113983,0.0337897,296.44508391602255
add-int,256,1x,0,2,False,113983,0.0338487,296.96270496477547
add-int,256,1x,0,3,False,113983,0.0343479,301.3423054315117
add-int,256,1x,0,4,False,113983,0.0337122,295.7651579621523
add-int,256,2-stackless,0,0,True,113983,0.020094717999999998,176.29574585683827
add-int,256,2-stackless,0,1,True,113983,0.020451290999999996,179.42404569102408
add-int,256,2-stackless,0,2,False,113983,0.020298504000000002,178.0836089592308
add-int,256,2-stackless,0,3,False,113983,0.020303751999999994,178.12965091285537
add-int,256,2-stackless,0,4,False,113983,0.020485748999999998,179.726353929972
add-int,256,2-stackful,0,0,True,113983,0.020180097,177.0447961538124
add-int,256,2-stackful,0,1,True,113983,0.020552792,180.31453813287948
add-int,256,2-stackful,0,2,False,113983,0.020338975999999995,178.43867945219898
add-int,256,2-stackful,0,3,False,113983,0.020232157999999993,177.501539703289
add-int,256,2-stackful,0,4,False,113983,0.020362032000000002,178.64095523016593
add-int,256,1x,1,0,True,113983,0.0339286,297.66368669012047
add-int,256,1x,1,1,True,113983,0.0338613,297.0732477650176
add-int,256,1x,1,2,False,113983,0.0335943,294.73079318845794
add-int,256,1x,1,3,False,113983,0.0338834,297.2671363273471
add-int,256,1x,1,4,False,113983,0.0338195,296.70652641183335
add-int,256,2-stackless,1,0,True,113983,0.020399361,178.9684514357404
add-int,256,2-stackless,1,1,True,113983,0.020414932999999996,179.10506829965868
add-int,256,2-stackless,1,2,False,113983,0.020705347,181.65293947343025
add-int,256,2-stackless,1,3,False,113983,0.020432984999999994,179.2634427941008
add-int,256,2-stackless,1,4,False,113983,0.020223288000000006,177.42372108121393
add-int,256,2-stackful,1,0,True,113983,0.020410748000000003,179.06835229814976
add-int,256,2-stackful,1,1,True,113983,0.020112558000000003,176.45226042480022
add-int,256,2-stackful,1,2,False,113983,0.020894907000000004,183.3159944904065
add-int,256,2-stackful,1,3,False,113983,0.02027760399999999,177.9002482826386
add-int,256,2-stackful,1,4,False,113983,0.02039290599999999,178.9118201837115
add-int,256,1x,2,0,True,113983,0.0348596,305.8315713746787
add-int,256,1x,2,1,True,113983,0.0348635,305.86578700332507
add-int,256,1x,2,2,False,113983,0.0351266,308.1740259512383
add-int,256,1x,2,3,False,113983,0.0350339,307.36074677802833
add-int,256,1x,2,4,False,113983,0.0349765,306.8571629102585
add-int,256,2-stackless,2,0,True,113983,0.020613824,180.84998640148092
add-int,256,2-stackless,2,1,True,113983,0.020699406999999996,181.60082643903036
add-int,256,2-stackless,2,2,False,113983,0.020460108999999997,179.50140810471734
add-int,256,2-stackless,2,3,False,113983,0.020438024000000006,179.30765114095968
add-int,256,2-stackless,2,4,False,113983,0.020125166,176.56287341094725
add-int,256,2-stackful,2,0,True,113983,0.020482388,179.69686707666932
add-int,256,2-stackful,2,1,True,113983,0.020368698999999997,178.69944640867496
add-int,256,2-stackful,2,2,False,113983,0.020356160999999998,178.5894475491959
add-int,256,2-stackful,2,3,False,113983,0.020315773999999995,178.23512278146737
add-int,256,2-stackful,2,4,False,113983,0.020474483,179.62751462937456
do-int,64,2-stackless,0,0,True,16703,0.029529434,1767.91199185775
do-int,64,2-stackless,0,1,True,16703,0.029529123,1767.8933724480632
do-int,64,2-stackless,0,2,False,16703,0.029342308999999997,1756.7089145662453
do-int,64,2-stackless,0,3,False,16703,0.029546002000000002,1768.9039094773393
do-int,64,2-stackless,0,4,False,16703,0.02955434,1769.4031012392984
do-int,64,1x,0,0,True,16703,0.0198434,1188.0141291983475
do-int,64,1x,0,1,True,16703,0.0198443,1188.0680117344189
do-int,64,1x,0,2,False,16703,0.01988,1190.2053523319164
do-int,64,1x,0,3,False,16703,0.0198281,1187.0981260851345
do-int,64,1x,0,4,False,16703,0.0197125,1180.1772136741902
do-int,64,2-stackful,0,0,True,16703,0.031193881,1867.5615757648327
do-int,64,2-stackful,0,1,True,16703,0.031165421000000002,1865.8576902352872
do-int,64,2-stackful,0,2,False,16703,0.031403754000000006,1880.1265640902836
do-int,64,2-stackful,0,3,False,16703,0.031178085000000008,1866.6158773872962
do-int,64,2-stackful,0,4,False,16703,0.031141469000000005,1864.4236963419746
do-int,64,1x,1,0,True,16703,0.0198999,1191.3967550739387
do-int,64,1x,1,1,True,16703,0.0198004,1185.439741363827
do-int,64,1x,1,2,False,16703,0.0197972,1185.248159013351
do-int,64,1x,1,3,False,16703,0.0198351,1187.5172124768005
do-int,64,1x,1,4,False,16703,0.019961,1195.0547805783392
do-int,64,2-stackful,1,0,True,16703,0.031367971,1877.9842543255702
do-int,64,2-stackful,1,1,True,16703,0.031138366,1864.2379213314973
do-int,64,2-stackful,1,2,False,16703,0.031131962,1863.8545171526073
do-int,64,2-stackful,1,3,False,16703,0.031229147,1869.6729330060468
do-int,64,2-stackful,1,4,False,16703,0.031310890999999993,1874.5669041489548
do-int,64,2-stackless,1,0,True,16703,0.0293408,1756.6185715140994
do-int,64,2-stackless,1,1,True,16703,0.029543137,1768.7323834041788
do-int,64,2-stackless,1,2,False,16703,0.029211228,1748.8611626653894
do-int,64,2-stackless,1,3,False,16703,0.029278558999999996,1752.892234927857
do-int,64,2-stackless,1,4,False,16703,0.029426130999999994,1761.7272944979939
do-int,64,2-stackful,2,0,True,16703,0.031233010999999998,1869.9042686942464
do-int,64,2-stackful,2,1,True,16703,0.031222968000000004,1869.3029994611747
do-int,64,2-stackful,2,2,False,16703,0.031079463999999994,1860.7114889540796
do-int,64,2-stackful,2,3,False,16703,0.031129982,1863.7359755732502
do-int,64,2-stackful,2,4,False,16703,0.031080713999999995,1860.7863258097345
do-int,64,1x,2,0,True,16703,0.0199218,1192.7078967850086
do-int,64,1x,2,1,True,16703,0.0197498,1182.4103454469257
do-int,64,1x,2,2,False,16703,0.0197399,1181.8176375501407
do-int,64,1x,2,3,False,16703,0.0197481,1182.3085673232354
do-int,64,1x,2,4,False,16703,0.0197504,1182.44626713764
do-int,64,2-stackless,2,0,True,16703,0.029697202,1777.9561755373286
do-int,64,2-stackless,2,1,True,16703,0.029605087000000002,1772.4412979704248
do-int,64,2-stackless,2,2,False,16703,0.029406598000000006,1760.5578638567927
do-int,64,2-stackless,2,3,False,16703,0.029295955,1753.9337244806322
do-int,64,2-stackless,2,4,False,16703,0.029263515000000004,1751.9915584026824
take-seq,0,2-stackful,0,0,True,3132489,0.06561563899999999,20.946805878647936
take-seq,0,2-stackful,0,1,True,3132489,0.065692062,20.971202771981
take-seq,0,2-stackful,0,2,False,3132489,0.06577507699999999,20.99770406216909
take-seq,0,2-stackful,0,3,False,3132489,0.06574876199999996,20.98930339420185
take-seq,0,2-stackful,0,4,False,3132489,0.06564831099999996,20.957235923254625
take-seq,0,1x,0,0,True,3132489,0.0213108,6.803152381381068
take-seq,0,1x,0,1,True,3132489,0.02135,6.815666391805366
take-seq,0,1x,0,2,False,3132489,0.0211781,6.76078990221514
take-seq,0,1x,0,3,False,3132489,0.0211719,6.758810645464358
take-seq,0,1x,0,4,False,3132489,0.0214565,6.849664915024443
take-seq,0,2-stackless,0,0,True,3132489,0.057047292,18.21148996852024
take-seq,0,2-stackless,0,1,True,3132489,0.056539957999999994,18.049531219423272
take-seq,0,2-stackless,0,2,False,3132489,0.05655639300000001,18.05477784598765
take-seq,0,2-stackless,0,3,False,3132489,0.056373023999999994,17.996240050643433
take-seq,0,2-stackless,0,4,False,3132489,0.05658030200000003,18.0624104346416
take-seq,0,1x,1,0,True,3132489,0.02121,6.770973497432872
take-seq,0,1x,1,1,True,3132489,0.0215049,6.865115887078933
take-seq,0,1x,1,2,False,3132489,0.0212913,6.796927299664899
take-seq,0,1x,1,3,False,3132489,0.0211996,6.767653453850915
take-seq,0,1x,1,4,False,3132489,0.0215952,6.893942803949192
take-seq,0,2-stackless,1,0,True,3132489,0.057078435999999996,18.221432222108362
take-seq,0,2-stackless,1,1,True,3132489,0.057060057,18.21556500278213
take-seq,0,2-stackless,1,2,False,3132489,0.05702052400000002,18.202944687116226
take-seq,0,2-stackless,1,3,False,3132489,0.057219746000000016,18.266543314278202
take-seq,0,2-stackless,1,4,False,3132489,0.056913675000000025,18.16883475089618
take-seq,0,2-stackful,1,0,True,3132489,0.066013485,21.073812230465933
take-seq,0,2-stackful,1,1,True,3132489,0.065830675,21.015452887464253
take-seq,0,2-stackful,1,2,False,3132489,0.06613919900000001,21.113944534202677
take-seq,0,2-stackful,1,3,False,3132489,0.06611190799999997,21.105232292914668
take-seq,0,2-stackful,1,4,False,3132489,0.06593816000000002,21.04976585711874
take-seq,0,2-stackless,2,0,True,3132489,0.056748122000000005,18.11598444559582
take-seq,0,2-stackless,2,1,True,3132489,0.056476099,18.02914519412518
take-seq,0,2-stackless,2,2,False,3132489,0.05650108200000001,18.037120641125956
take-seq,0,2-stackless,2,3,False,3132489,0.05644951499999998,18.02065865195376
take-seq,0,2-stackless,2,4,False,3132489,0.05647005799999999,18.027216695733006
take-seq,0,1x,2,0,True,3132489,0.0211856,6.763184164413666
take-seq,0,1x,2,1,True,3132489,0.0215956,6.8940704979331136
take-seq,0,1x,2,2,False,3132489,0.0213151,6.804525091708223
take-seq,0,1x,2,3,False,3132489,0.0209746,6.695825587895121
take-seq,0,1x,2,4,False,3132489,0.0211365,6.747509727887312
take-seq,0,2-stackful,2,0,True,3132489,0.06569523000000001,20.972214108333663
take-seq,0,2-stackful,2,1,True,3132489,0.065571796,20.93280966030527
take-seq,0,2-stackful,2,2,False,3132489,0.065727055,20.98237376092941
take-seq,0,2-stackful,2,3,False,3132489,0.065755279,20.991383848434904
take-seq,0,2-stackful,2,4,False,3132489,0.06580729099999999,21.007987897164202
get-table,64,2-stackful,0,0,True,361588,0.021382714,59.13557418940894
get-table,64,2-stackful,0,1,True,361588,0.021450231999999996,59.322300518822516
get-table,64,2-stackful,0,2,False,361588,0.02134100199999999,59.02021637886211
get-table,64,2-stackful,0,3,False,361588,0.02127678899999999,58.84263028640328
get-table,64,2-stackful,0,4,False,361588,0.021198467999999998,58.62602741241412
get-table,64,1x,0,0,True,361588,0.0416181,115.09812272531168
get-table,64,1x,0,1,True,361588,0.0416161,115.09259156830426
get-table,64,1x,0,2,False,361588,0.0419212,115.9363695697866
get-table,64,1x,0,3,False,361588,0.0425708,117.73288936579753
get-table,64,1x,0,4,False,361588,0.0414779,114.71038861909135
get-table,64,2-stackless,0,0,True,361588,0.020618929,57.02326681195172
get-table,64,2-stackless,0,1,True,361588,0.020540681999999998,56.806868590771806
get-table,64,2-stackless,0,2,False,361588,0.020451995,56.56159773001316
get-table,64,2-stackless,0,3,False,361588,0.020290874000000007,56.1160049559167
get-table,64,2-stackless,0,4,False,361588,0.020445468999999994,56.543549564697926
get-table,64,2-stackful,1,0,True,361588,0.021616595,59.78239045543547
get-table,64,2-stackful,1,1,True,361588,0.021444770000000002,59.30719492903527
get-table,64,2-stackful,1,2,False,361588,0.021251756999999996,58.7734023252984
get-table,64,2-stackful,1,3,False,361588,0.021411310000000003,59.214658672301084
get-table,64,2-stackful,1,4,False,361588,0.021348514,59.04099140458201
get-table,64,2-stackless,1,0,True,361588,0.020394968,56.40388508468202
get-table,64,2-stackless,1,1,True,361588,0.020306329,56.158746971691535
get-table,64,2-stackless,1,2,False,361588,0.020177315,55.801948626613715
get-table,64,2-stackless,1,3,False,361588,0.020453665000000003,56.56621624611437
get-table,64,2-stackless,1,4,False,361588,0.020410471,56.44675984822505
get-table,64,1x,1,0,True,361588,0.0418779,115.81662002057591
get-table,64,1x,1,1,True,361588,0.0421032,116.43970485746209
get-table,64,1x,1,2,False,361588,0.0423958,117.24891312764804
get-table,64,1x,1,3,False,361588,0.0418893,115.84814761551822
get-table,64,1x,1,4,False,361588,0.0420727,116.35535471309889
get-table,64,1x,2,0,True,361588,0.0415379,114.87632332931402
get-table,64,1x,2,1,True,361588,0.0420979,116.42504729139242
get-table,64,1x,2,2,False,361588,0.0418634,115.77651913227209
get-table,64,1x,2,3,False,361588,0.0423142,117.0232419217452
get-table,64,1x,2,4,False,361588,0.0425819,117.76358728718873
get-table,64,2-stackful,2,0,True,361588,0.021398028,59.177926258614775
get-table,64,2-stackful,2,1,True,361588,0.021568807000000002,59.650228989900114
get-table,64,2-stackful,2,2,False,361588,0.021524630000000003,59.52805402834166
get-table,64,2-stackful,2,3,False,361588,0.021486216000000002,59.42181709570009
get-table,64,2-stackful,2,4,False,361588,0.02156034100000001,59.62681560228772
get-table,64,2-stackless,2,0,True,361588,0.020466359,56.601322499640474
get-table,64,2-stackless,2,1,True,361588,0.020463472999999996,56.593341040078755
get-table,64,2-stackless,2,2,False,361588,0.020688419,57.21544686217463
get-table,64,2-stackless,2,3,False,361588,0.020433579000000007,56.510666836288834
get-table,64,2-stackless,2,4,False,361588,0.020325436000000002,56.21158888016196
const-string,0,2-stackless,0,0,True,1743376,0.046583855,26.72048657317756
const-string,0,2-stackless,0,1,True,1743376,0.046152298999999994,26.47294616881269
const-string,0,2-stackless,0,2,False,1743376,0.04630727899999999,26.561842654711313
const-string,0,2-stackless,0,3,False,1743376,0.046232301,26.518835294279604
const-string,0,2-stackless,0,4,False,1743376,0.04623170300000001,26.518492281642065
const-string,0,2-stackful,0,0,True,1743376,0.051559592,29.57456796468461
const-string,0,2-stackful,0,1,True,1743376,0.051500258,29.5405339984031
const-string,0,2-stackful,0,2,False,1743376,0.05145895099999999,29.516840314424424
const-string,0,2-stackful,0,3,False,1743376,0.051505880000000004,29.543758776075848
const-string,0,2-stackful,0,4,False,1743376,0.05149532100000001,29.537702136544272
const-string,0,1x,0,0,True,1743376,0.0179652,10.304833839630694
const-string,0,1x,0,1,True,1743376,0.0181234,10.395577316654583
const-string,0,1x,0,2,False,1743376,0.0179447,10.293075045199659
const-string,0,1x,0,3,False,1743376,0.0180229,10.337930543956094
const-string,0,1x,0,4,False,1743376,0.0180686,10.364144051541377
const-string,0,1x,1,0,True,1743376,0.0180727,10.366495810427585
const-string,0,1x,1,1,True,1743376,0.0182086,10.44444801350942
const-string,0,1x,1,2,False,1743376,0.0182165,10.448979451363332
const-string,0,1x,1,3,False,1743376,0.0182087,10.444505373482254
const-string,0,1x,1,4,False,1743376,0.0181639,10.41880810565248
const-string,0,2-stackful,1,0,True,1743376,0.051792223,29.70800504308881
const-string,0,2-stackful,1,1,True,1743376,0.05164686799999999,29.624629454575487
const-string,0,2-stackful,1,2,False,1743376,0.05138112,29.47219647396775
const-string,0,2-stackful,1,3,False,1743376,0.051501979,29.541521163535577
const-string,0,2-stackful,1,4,False,1743376,0.05145941000000001,29.51710359669974
const-string,0,2-stackless,1,0,True,1743376,0.046206249000000005,26.503891874156814
const-string,0,2-stackless,1,1,True,1743376,0.046415357,26.623836166151193
const-string,0,2-stackless,1,2,False,1743376,0.046448196,26.642672607630253
const-string,0,2-stackless,1,3,False,1743376,0.046305176999999975,26.56063694808233
const-string,0,2-stackless,1,4,False,1743376,0.046180570000000004,26.48916240673269
const-string,0,2-stackful,2,0,True,1743376,0.051529425,29.557264181679685
const-string,0,2-stackful,2,1,True,1743376,0.05145301599999999,29.513436000036705
const-string,0,2-stackful,2,2,False,1743376,0.05149359499999999,29.536712103413144
const-string,0,2-stackful,2,3,False,1743376,0.051502676,29.541920962546232
const-string,0,2-stackful,2,4,False,1743376,0.05143847400000001,29.50509471278715
const-string,0,2-stackless,2,0,True,1743376,0.046178416,26.487926872917832
const-string,0,2-stackless,2,1,True,1743376,0.046229218,26.517066886317124
const-string,0,2-stackless,2,2,False,1743376,0.04623351699999999,26.51953279154926
const-string,0,2-stackless,2,3,False,1743376,0.04634270999999998,26.582165866686235
const-string,0,2-stackless,2,4,False,1743376,0.046345044,26.583504648452198
const-string,0,1x,2,0,True,1743376,0.0180148,10.333284386156516
const-string,0,1x,2,1,True,1743376,0.0181473,10.409286350161985
const-string,0,1x,2,2,False,1743376,0.018064,10.361505492790998
const-string,0,1x,2,3,False,1743376,0.0179845,10.315904314387717
const-string,0,1x,2,4,False,1743376,0.0178242,10.223956277934306
take-seq,256,1x,0,0,True,32076,0.0510666,1592.05013093902
take-seq,256,1x,0,1,True,32076,0.0507545,1582.3201147275222
take-seq,256,1x,0,2,False,32076,0.0507553,1582.3450554932037
take-seq,256,1x,0,3,False,32076,0.0506084,1577.765307394937
take-seq,256,1x,0,4,False,32076,0.0506438,1578.8689362763437
take-seq,256,2-stackful,0,0,True,32076,0.020361868,634.8007232822048
take-seq,256,2-stackful,0,1,True,32076,0.020432449,637.0011535104128
take-seq,256,2-stackful,0,2,False,32076,0.020222442,630.4539842873177
take-seq,256,2-stackful,0,3,False,32076,0.020109682000000004,626.9385833645094
take-seq,256,2-stackful,0,4,False,32076,0.02000147599999999,623.5651577503426
take-seq,256,2-stackless,0,0,True,32076,0.020098094,626.5773163736127
take-seq,256,2-stackless,0,1,True,32076,0.020080056,626.0149644594089
take-seq,256,2-stackless,0,2,False,32076,0.019991752,623.2620027434842
take-seq,256,2-stackless,0,3,False,32076,0.020223555999999997,630.488714303529
take-seq,256,2-stackless,0,4,False,32076,0.020350268000000005,634.439082179823
take-seq,256,2-stackless,1,0,True,32076,0.020277479999999997,632.1698466142909
take-seq,256,2-stackless,1,1,True,32076,0.020258067999999997,631.5646589350292
take-seq,256,2-stackless,1,2,False,32076,0.020223621999999997,630.4907719166978
take-seq,256,2-stackless,1,3,False,32076,0.020153209999999998,628.2956104252399
take-seq,256,2-stackless,1,4,False,32076,0.020093309000000004,626.4281394188803
take-seq,256,2-stackful,1,0,True,32076,0.019896126,620.2807706696595
take-seq,256,2-stackful,1,1,True,32076,0.019938112999999997,621.5897555804962
take-seq,256,2-stackful,1,2,False,32076,0.019874199000000002,619.5971754582866
take-seq,256,2-stackful,1,3,False,32076,0.019883869000000005,619.8986469634619
take-seq,256,2-stackful,1,4,False,32076,0.020016203999999996,624.0243172465393
take-seq,256,1x,1,0,True,32076,0.0506856,1580.1720912832025
take-seq,256,1x,1,1,True,32076,0.050662,1579.436338695598
take-seq,256,1x,1,2,False,32076,0.050604,1577.6281331836888
take-seq,256,1x,1,3,False,32076,0.0508654,1585.777528370121
take-seq,256,1x,1,4,False,32076,0.0508687,1585.880409028557
take-seq,256,1x,2,0,True,32076,0.0508457,1585.1633620152138
take-seq,256,1x,2,1,True,32076,0.0507523,1582.251527621898
take-seq,256,1x,2,2,False,32076,0.0507221,1581.310013717421
take-seq,256,1x,2,3,False,32076,0.0505711,1576.6024441950367
take-seq,256,1x,2,4,False,32076,0.0506018,1577.5595460780646
take-seq,256,2-stackful,2,0,True,32076,0.01991164,620.7644344681381
take-seq,256,2-stackful,2,1,True,32076,0.020027782999999997,624.385303653822
take-seq,256,2-stackful,2,2,False,32076,0.020082550000000005,626.0927172964211
take-seq,256,2-stackful,2,3,False,32076,0.020241830000000002,631.0584237436091
take-seq,256,2-stackful,2,4,False,32076,0.020089505999999993,626.3095772540215
take-seq,256,2-stackless,2,0,True,32076,0.019970244999999998,622.5915014340939
take-seq,256,2-stackless,2,1,True,32076,0.020327173,633.7190734505549
take-seq,256,2-stackless,2,2,False,32076,0.020263896999999996,631.7463835889761
take-seq,256,2-stackless,2,3,False,32076,0.020103248999999997,626.7380284324728
take-seq,256,2-stackless,2,4,False,32076,0.020096769,626.5360082304527
update-seq,0,1x,0,0,True,786640,0.0572811,72.81742601444117
update-seq,0,1x,0,1,True,786640,0.0578401,73.52804332350249
update-seq,0,1x,0,2,False,786640,0.056,71.18885385945286
update-seq,0,1x,0,3,False,786640,0.0565943,71.94434557103631
update-seq,0,1x,0,4,False,786640,0.0567387,72.12791111563104
update-seq,0,2-stackful,0,0,True,786640,0.021703880000000002,27.590613241126817
update-seq,0,2-stackful,0,1,True,786640,0.021648634,27.520382894335402
update-seq,0,2-stackful,0,2,False,786640,0.021611807999999996,27.473568595545608
update-seq,0,2-stackful,0,3,False,786640,0.021674467000000003,27.55322256686668
update-seq,0,2-stackful,0,4,False,786640,0.021678217000000014,27.55798967761621
update-seq,0,2-stackless,0,0,True,786640,0.01926113,24.485317298891488
update-seq,0,2-stackless,0,1,True,786640,0.019224438,24.438673344859147
update-seq,0,2-stackless,0,2,False,786640,0.019337435,24.58231846842266
update-seq,0,2-stackless,0,3,False,786640,0.019235821999999993,24.45314502186514
update-seq,0,2-stackless,0,4,False,786640,0.019214550999999996,24.42610469846435
update-seq,0,2-stackful,1,0,True,786640,0.021682635000000002,27.563605969693892
update-seq,0,2-stackful,1,1,True,786640,0.021686848999999998,27.568962930946807
update-seq,0,2-stackful,1,2,False,786640,0.021610091999999997,27.471387165666627
update-seq,0,2-stackful,1,3,False,786640,0.021627650999999998,27.493708685040165
update-seq,0,2-stackful,1,4,False,786640,0.021742139999999993,27.63925048306721
update-seq,0,2-stackless,1,0,True,786640,0.019482733,24.76702557713821
update-seq,0,2-stackless,1,1,True,786640,0.019591646,24.90547899928811
update-seq,0,2-stackless,1,2,False,786640,0.019623460000000002,24.945921895657484
update-seq,0,2-stackless,1,3,False,786640,0.019304750000000002,24.540768331129872
update-seq,0,2-stackless,1,4,False,786640,0.01951916499999999,24.813339011491905
update-seq,0,1x,1,0,True,786640,0.0587523,74.68765890369166
update-seq,0,1x,1,1,True,786640,0.0573073,72.85073222821113
update-seq,0,1x,1,2,False,786640,0.0576448,73.27977219566765
update-seq,0,1x,1,3,False,786640,0.0558641,71.01609376589037
update-seq,0,1x,1,4,False,786640,0.0558405,70.98609274890674
update-seq,0,2-stackless,2,0,True,786640,0.019254403,24.476765737821623
update-seq,0,2-stackless,2,1,True,786640,0.019233846,24.450633072307536
update-seq,0,2-stackless,2,2,False,786640,0.019326259,24.568111207159564
update-seq,0,2-stackless,2,3,False,786640,0.019267104000000007,24.49291162412286
update-seq,0,2-stackless,2,4,False,786640,0.019294491999999996,24.52772805857825
update-seq,0,2-stackful,2,0,True,786640,0.021660238000000002,27.535134241838705
update-seq,0,2-stackful,2,1,True,786640,0.021773628999999996,27.679280229838295
update-seq,0,2-stackful,2,2,False,786640,0.021684868000000003,27.566444625241537
update-seq,0,2-stackful,2,3,False,786640,0.021624098000000008,27.489192006508706
update-seq,0,2-stackful,2,4,False,786640,0.021655641000000003,27.52929039967457
update-seq,0,1x,2,0,True,786640,0.0567828,72.18397233804535
update-seq,0,1x,2,1,True,786640,0.0555176,70.57561273263501
update-seq,0,1x,2,2,False,786640,0.0565236,71.85446964303874
update-seq,0,1x,2,3,False,786640,0.0561331,71.35805451032239
update-seq,0,1x,2,4,False,786640,0.0571503,72.65114919149802
const-int,64,2-stackful,0,0,True,435850,0.020979338,48.134307674658714
const-int,64,2-stackful,0,1,True,435850,0.021063252999999997,48.32683950900538
const-int,64,2-stackful,0,2,False,435850,0.021067319999999994,48.3361707009292
const-int,64,2-stackful,0,3,False,435850,0.02091712500000001,47.99156820006885
const-int,64,2-stackful,0,4,False,435850,0.020962122,48.09480784673626
const-int,64,1x,0,0,True,435850,0.020135,46.197086153493174
const-int,64,1x,0,1,True,435850,0.0201973,46.34002523804061
const-int,64,1x,0,2,False,435850,0.0200009,45.88941149478031
const-int,64,1x,0,3,False,435850,0.0203142,46.608236778708275
const-int,64,1x,0,4,False,435850,0.0201958,46.3365836870483
const-int,64,2-stackless,0,0,True,435850,0.020518553,47.07709762532981
const-int,64,2-stackless,0,1,True,435850,0.02056356,47.18036021567053
const-int,64,2-stackless,0,2,False,435850,0.020569765999999996,47.19459905930939
const-int,64,2-stackless,0,3,False,435850,0.020654657,47.38937019616841
const-int,64,2-stackless,0,4,False,435850,0.020590291999999996,47.24169324308821
const-int,64,2-stackless,1,0,True,435850,0.020641038,47.35812320752552
const-int,64,2-stackless,1,1,True,435850,0.020422845000000002,46.857508317081574
const-int,64,2-stackless,1,2,False,435850,0.020647612000000003,47.37320637834118
const-int,64,2-stackless,1,3,False,435850,0.020567591999999996,47.18961110473786
const-int,64,2-stackless,1,4,False,435850,0.02048154699999999,46.99219226798208
const-int,64,2-stackful,1,0,True,435850,0.021118446,48.453472524951245
const-int,64,2-stackful,1,1,True,435850,0.021027459999999998,48.24471721922679
const-int,64,2-stackful,1,2,False,435850,0.021158372999999994,48.545079729264636
const-int,64,2-stackful,1,3,False,435850,0.021141788999999994,48.50702994149361
const-int,64,2-stackful,1,4,False,435850,0.021168858,48.56913617070093
const-int,64,1x,1,0,True,435850,0.020238,46.43340598829872
const-int,64,1x,1,1,True,435850,0.0202916,46.55638407709074
const-int,64,1x,1,2,False,435850,0.0203095,46.59745325226569
const-int,64,1x,1,3,False,435850,0.0202596,46.482964322588046
const-int,64,1x,1,4,False,435850,0.0202848,46.54078237925892
const-int,64,2-stackless,2,0,True,435850,0.020343157,46.67467477343123
const-int,64,2-stackless,2,1,True,435850,0.020540743999999996,47.128011930710095
const-int,64,2-stackless,2,2,False,435850,0.020566876999999997,47.18797063209819
const-int,64,2-stackless,2,3,False,435850,0.020626367999999992,47.32446483882068
const-int,64,2-stackless,2,4,False,435850,0.020663844,47.41044854881267
const-int,64,2-stackful,2,0,True,435850,0.021126858000000002,48.47277274291614
const-int,64,2-stackful,2,1,True,435850,0.021415649999999998,49.13536767236434
const-int,64,2-stackful,2,2,False,435850,0.021164788999999996,48.55980039004244
const-int,64,2-stackful,2,3,False,435850,0.02123422700000001,48.71911666857866
const-int,64,2-stackful,2,4,False,435850,0.021181694999999987,48.59858896409312
const-int,64,1x,2,0,True,435850,0.0202128,46.375587931627855
const-int,64,1x,2,1,True,435850,0.0201563,46.245956177584034
const-int,64,1x,2,2,False,435850,0.0200531,46.00917746931284
const-int,64,1x,2,3,False,435850,0.0200841,46.08030285648732
const-int,64,1x,2,4,False,435850,0.0200022,45.892394172306986
update-int,8,2-stackless,0,0,True,1212327,0.028287155,23.332941524852618
update-int,8,2-stackless,0,1,True,1212327,0.028195798,23.257584793541678
update-int,8,2-stackless,0,2,False,1212327,0.028671575000000005,23.65003419044532
update-int,8,2-stackless,0,3,False,1212327,0.028789568,23.74736189163485
update-int,8,2-stackless,0,4,False,1212327,0.028454881999999987,23.471292811262956
update-int,8,1x,0,0,True,1212327,0.023413,19.312446229441395
update-int,8,1x,0,1,True,1212327,0.024434,20.154628247989198
update-int,8,1x,0,2,False,1212327,0.0241095,19.88696119116377
update-int,8,1x,0,3,False,1212327,0.0250711,20.68014652812319
update-int,8,1x,0,4,False,1212327,0.0242587,20.010030297106308
update-int,8,2-stackful,0,0,True,1212327,0.032385102000000006,26.713173920897585
update-int,8,2-stackful,0,1,True,1212327,0.032102882000000006,26.480381943155606
update-int,8,2-stackful,0,2,False,1212327,0.03197248100000001,26.37281937958984
update-int,8,2-stackful,0,3,False,1212327,0.03192023199999999,26.329721271571113
update-int,8,2-stackful,0,4,False,1212327,0.031876744999999984,26.293850586516662
update-int,8,2-stackless,1,0,True,1212327,0.028302496,23.34559570148978
update-int,8,2-stackless,1,1,True,1212327,0.028241003,23.29487258800637
update-int,8,2-stackless,1,2,False,1212327,0.028384962,23.413618602901693
update-int,8,2-stackless,1,3,False,1212327,0.02840261699999999,23.4281815054849
update-int,8,2-stackless,1,4,False,1212327,0.028374234000000012,23.404769505257253
update-int,8,1x,1,0,True,1212327,0.0232272,19.159187248984804
update-int,8,1x,1,1,True,1212327,0.0244612,20.177064438884887
update-int,8,1x,1,2,False,1212327,0.0240898,19.870711449963583
update-int,8,1x,1,3,False,1212327,0.0247197,20.39029073838989
update-int,8,1x,1,4,False,1212327,0.0236175,19.481130091138777
update-int,8,2-stackful,1,0,True,1212327,0.032058157000000004,26.44349008147142
update-int,8,2-stackful,1,1,True,1212327,0.032081779000000005,26.462974923432377
update-int,8,2-stackful,1,2,False,1212327,0.031999581,26.39517308448958
update-int,8,2-stackful,1,3,False,1212327,0.03200846600000001,26.402501965228865
update-int,8,2-stackful,1,4,False,1212327,0.03196289899999999,26.364915571458848
update-int,8,2-stackful,2,0,True,1212327,0.032033035,26.422767949571362
update-int,8,2-stackful,2,1,True,1212327,0.032204502999999995,26.564205037089824
update-int,8,2-stackful,2,2,False,1212327,0.032122703,26.49673149241088
update-int,8,2-stackful,2,3,False,1212327,0.032252890000000006,26.604117535945342
update-int,8,2-stackful,2,4,False,1212327,0.032438826000000004,26.757488697356408
update-int,8,1x,2,0,True,1212327,0.023908,19.720751909344592
update-int,8,1x,2,1,True,1212327,0.0244841,20.195953731955157
update-int,8,1x,2,2,False,1212327,0.024685,20.361668097798695
update-int,8,1x,2,3,False,1212327,0.0254334,20.97899329141395
update-int,8,1x,2,4,False,1212327,0.0255834,21.10272228532401
update-int,8,2-stackless,2,0,True,1212327,0.028454541,23.471011534016814
update-int,8,2-stackless,2,1,True,1212327,0.028465032999999997,23.47966596471084
update-int,8,2-stackless,2,2,False,1212327,0.028722527999999997,23.692063279956642
update-int,8,2-stackless,2,3,False,1212327,0.028650136000000007,23.63235001777574
update-int,8,2-stackless,2,4,False,1212327,0.028614846,23.603240709808492
get-table,8,1x,0,0,True,721605,0.0551405,76.41368892953902
get-table,8,1x,0,1,True,721605,0.0557619,77.2748248695616
get-table,8,1x,0,2,False,721605,0.0550915,76.34578474373099
get-table,8,1x,0,3,False,721605,0.0545095,75.53924931229689
get-table,8,1x,0,4,False,721605,0.0548394,75.99642463674725
get-table,8,2-stackful,0,0,True,721605,0.021779677,30.182270078505553
get-table,8,2-stackful,0,1,True,721605,0.021711303,30.087517409108862
get-table,8,2-stackful,0,2,False,721605,0.021701973000000006,30.07458789781114
get-table,8,2-stackful,0,3,False,721605,0.021743940000000003,30.132745754256142
get-table,8,2-stackful,0,4,False,721605,0.02170038099999999,30.072381704672214
get-table,8,2-stackless,0,0,True,721605,0.019649405999999998,27.230141143700497
get-table,8,2-stackless,0,1,True,721605,0.019543111,27.08283756348695
get-table,8,2-stackless,0,2,False,721605,0.019528395000000004,27.06244413494918
get-table,8,2-stackless,0,3,False,721605,0.019548791999999995,27.090710291641543
get-table,8,2-stackless,0,4,False,721605,0.019577456000000007,27.130432854539542
get-table,8,2-stackless,1,0,True,721605,0.01955132,27.09421359330936
get-table,8,2-stackless,1,1,True,721605,0.019541495,27.080598111154995
get-table,8,2-stackless,1,2,False,721605,0.019578700999999997,27.132158175178937
get-table,8,2-stackless,1,3,False,721605,0.019567648,27.116840930980246
get-table,8,2-stackless,1,4,False,721605,0.01952232999999999,27.054039259705778
get-table,8,1x,1,0,True,721605,0.05549,76.89802592831258
get-table,8,1x,1,1,True,721605,0.0559249,77.50071022235156
get-table,8,1x,1,2,False,721605,0.0561766,77.84951600945115
get-table,8,1x,1,3,False,721605,0.0561032,77.74779831071015
get-table,8,1x,1,4,False,721605,0.0549796,76.19071375614082
get-table,8,2-stackful,1,0,True,721605,0.021936898,30.4001468947693
get-table,8,2-stackful,1,1,True,721605,0.021884685999999997,30.327791520291566
get-table,8,2-stackful,1,2,False,721605,0.021978554000000004,30.45787376750439
get-table,8,2-stackful,1,3,False,721605,0.021881752000000004,30.323725583941357
get-table,8,2-stackful,1,4,False,721605,0.021838021,30.263123176807255
get-table,8,2-stackless,2,0,True,721605,0.019812915,27.456731868543038
get-table,8,2-stackless,2,1,True,721605,0.019625817,27.197451514332634
get-table,8,2-stackless,2,2,False,721605,0.019532941999999998,27.068745366232214
get-table,8,2-stackless,2,3,False,721605,0.019533787000000004,27.069916366987485
get-table,8,2-stackless,2,4,False,721605,0.019555771,27.100381787820208
get-table,8,2-stackful,2,0,True,721605,0.021730867,30.114629194642497
get-table,8,2-stackful,2,1,True,721605,0.021764986,30.16191129496054
get-table,8,2-stackful,2,2,False,721605,0.021921604999999997,30.37895385979864
get-table,8,2-stackful,2,3,False,721605,0.02189857599999999,30.347040278268565
get-table,8,2-stackful,2,4,False,721605,0.022027879,30.526228338218278
get-table,8,1x,2,0,True,721605,0.0554192,76.79991130881854
get-table,8,1x,2,1,True,721605,0.0560029,77.60880259976025
get-table,8,1x,2,2,False,721605,0.0552932,76.62530054531219
get-table,8,1x,2,3,False,721605,0.0563314,78.06403780461609
get-table,8,1x,2,4,False,721605,0.055908,77.47729020724634
const-seq,256,1x,0,0,True,155423,0.0305637,196.64850118708299
const-seq,256,1x,0,1,True,155423,0.0304538,195.9413986346937
const-seq,256,1x,0,2,False,155423,0.0306216,197.02103292305515
const-seq,256,1x,0,3,False,155423,0.0304449,195.88413555265308
const-seq,256,1x,0,4,False,155423,0.0307631,197.93145158695947
const-seq,256,2-stackless,0,0,True,155423,0.020502416000000002,131.91365499314776
const-seq,256,2-stackless,0,1,True,155423,0.020459685,131.63872142475697
const-seq,256,2-stackless,0,2,False,155423,0.020273712,130.4421610701119
const-seq,256,2-stackless,0,3,False,155423,0.020254717000000005,130.31994621130724
const-seq,256,2-stackless,0,4,False,155423,0.020260017000000005,130.35404669836512
const-seq,256,2-stackful,0,0,True,155423,0.020628147,132.72261505697355
const-seq,256,2-stackful,0,1,True,155423,0.020779083,133.69374545594926
const-seq,256,2-stackful,0,2,False,155423,0.020709177000000002,133.24396646570972
const-seq,256,2-stackful,0,3,False,155423,0.020680355999999997,133.0585305907105
const-seq,256,2-stackful,0,4,False,155423,0.020856989999999992,134.19500331353785
const-seq,256,1x,1,0,True,155423,0.0303936,195.55406857414926
const-seq,256,1x,1,1,True,155423,0.0304519,195.92917393178615
const-seq,256,1x,1,2,False,155423,0.0302476,194.61469666651655
const-seq,256,1x,1,3,False,155423,0.0306667,197.3112087657554
const-seq,256,1x,1,4,False,155423,0.0305264,196.4085109668453
const-seq,256,2-stackful,1,0,True,155423,0.020909973000000002,134.53589880519615
const-seq,256,2-stackful,1,1,True,155423,0.020810081,133.89318826685883
const-seq,256,2-stackful,1,2,False,155423,0.020806321999999995,133.86900265726433
const-seq,256,2-stackful,1,3,False,155423,0.021043074999999994,135.39228428224905
const-seq,256,2-stackful,1,4,False,155423,0.02099591399999999,135.08884785392115
const-seq,256,2-stackless,1,0,True,155423,0.020396769999999998,131.23392290716302
const-seq,256,2-stackless,1,1,True,155423,0.020482890000000004,131.78802365158313
const-seq,256,2-stackless,1,2,False,155423,0.020125831999999996,129.49069314065483
const-seq,256,2-stackless,1,3,False,155423,0.020191052999999994,129.910328587146
const-seq,256,2-stackless,1,4,False,155423,0.020133893,129.54255805125368
const-seq,256,1x,2,0,True,155423,0.0300879,193.58717821686622
const-seq,256,1x,2,1,True,155423,0.0302206,194.4409772041461
const-seq,256,1x,2,2,False,155423,0.0300312,193.22236734588833
const-seq,256,1x,2,3,False,155423,0.0303411,195.2162807306512
const-seq,256,1x,2,4,False,155423,0.0303224,195.09596391782426
const-seq,256,2-stackless,2,0,True,155423,0.020203698,129.99168720202286
const-seq,256,2-stackless,2,1,True,155423,0.020049071,128.9968087091357
const-seq,256,2-stackless,2,2,False,155423,0.020442136,131.52581020827034
const-seq,256,2-stackless,2,3,False,155423,0.020322039,130.75309960559247
const-seq,256,2-stackless,2,4,False,155423,0.02034388799999999,130.89367725497507
const-seq,256,2-stackful,2,0,True,155423,0.020708141,133.23730078559802
const-seq,256,2-stackful,2,1,True,155423,0.020714647999999995,133.27916717602926
const-seq,256,2-stackful,2,2,False,155423,0.020968934,134.91525707263403
const-seq,256,2-stackful,2,3,False,155423,0.020897477999999997,134.45550529844357
const-seq,256,2-stackful,2,4,False,155423,0.020924693999999994,134.63061451651296
get-seq,0,1x,0,0,True,805767,0.0581701,72.19220941041269
get-seq,0,1x,0,1,True,805767,0.0576309,71.52303333345743
get-seq,0,1x,0,2,False,805767,0.0578448,71.78849468891131
get-seq,0,1x,0,3,False,805767,0.0579444,71.91210362300764
get-seq,0,1x,0,4,False,805767,0.0577788,71.70658515426916
get-seq,0,2-stackful,0,0,True,805767,0.022242594,27.604250360215794
get-seq,0,2-stackful,0,1,True,805767,0.022115249000000003,27.446208395230883
get-seq,0,2-stackful,0,2,False,805767,0.022211167999999996,27.565249011190577
get-seq,0,2-stackful,0,3,False,805767,0.022154472999999994,27.49488747987941
get-seq,0,2-stackful,0,4,False,805767,0.022223878999999988,27.581024042930512
get-seq,0,2-stackless,0,0,True,805767,0.019702643,24.452035141672468
get-seq,0,2-stackless,0,1,True,805767,0.01975512,24.517161909087864
get-seq,0,2-stackless,0,2,False,805767,0.019682892,24.42752309290403
get-seq,0,2-stackless,0,3,False,805767,0.019769503,24.535011982372076
get-seq,0,2-stackless,0,4,False,805767,0.019662129,24.40175509793774
get-seq,0,2-stackful,1,0,True,805767,0.022165064,27.508031478082373
get-seq,0,2-stackful,1,1,True,805767,0.02222316,27.580131725424348
get-seq,0,2-stackful,1,2,False,805767,0.022170760999999997,27.51510176018625
get-seq,0,2-stackful,1,3,False,805767,0.022152999000000007,27.493058166939086
get-seq,0,2-stackful,1,4,False,805767,0.022206993000000008,27.560067612597695
get-seq,0,2-stackless,1,0,True,805767,0.01972631,24.48140715616301
get-seq,0,2-stackless,1,1,True,805767,0.019803973,24.57779109841927
get-seq,0,2-stackless,1,2,False,805767,0.019768356,24.53358849394428
get-seq,0,2-stackless,1,3,False,805767,0.019749668000000005,24.510395685105003
get-seq,0,2-stackless,1,4,False,805767,0.019752878,24.51437946701714
get-seq,0,1x,1,0,True,805767,0.0583471,72.41187588968026
get-seq,0,1x,1,1,True,805767,0.0587674,72.93349069892413
get-seq,0,1x,1,2,False,805767,0.0578148,71.75126308225579
get-seq,0,1x,1,3,False,805767,0.057819,71.75647550718756
get-seq,0,1x,1,4,False,805767,0.0590305,73.26001188929305
get-seq,0,2-stackful,2,0,True,805767,0.022323014000000002,27.7040558871237
get-seq,0,2-stackful,2,1,True,805767,0.022284127,27.655795037523255
get-seq,0,2-stackful,2,2,False,805767,0.022215788,27.57098267861553
get-seq,0,2-stackful,2,3,False,805767,0.022266454000000005,27.63386189804249
get-seq,0,2-stackful,2,4,False,805767,0.022182547999999996,27.529730058441206
get-seq,0,2-stackless,2,0,True,805767,0.019701640000000003,24.450790364956625
get-seq,0,2-stackless,2,1,True,805767,0.019691227000000002,24.437867274286493
get-seq,0,2-stackless,2,2,False,805767,0.019682434,24.426954690375755
get-seq,0,2-stackless,2,3,False,805767,0.019658305,24.397009309142717
get-seq,0,2-stackless,2,4,False,805767,0.019677288,24.420568228780777
get-seq,0,1x,2,0,True,805767,0.0589968,73.21818838448335
get-seq,0,1x,2,1,True,805767,0.0589589,73.17115245474189
get-seq,0,1x,2,2,False,805767,0.0581854,72.21119752980701
get-seq,0,1x,2,3,False,805767,0.0588186,72.99703264094956
get-seq,0,1x,2,4,False,805767,0.0590519,73.286570435374
const-seq,64,1x,0,0,True,377526,0.0466107,123.46354953036347
const-seq,64,1x,0,1,True,377526,0.0465624,123.3356113221341
const-seq,64,1x,0,2,False,377526,0.0505544,133.90971747641223
const-seq,64,1x,0,3,False,377526,0.0512656,135.79356123816638
const-seq,64,1x,0,4,False,377526,0.0460275,121.91875526453808
const-seq,64,2-stackless,0,0,True,377526,0.018621553,49.32521998484872
const-seq,64,2-stackless,0,1,True,377526,0.018570415000000003,49.189764413576825
const-seq,64,2-stackless,0,2,False,377526,0.018571388,49.19234171951071
const-seq,64,2-stackless,0,3,False,377526,0.018578036,49.20995110270551
const-seq,64,2-stackless,0,4,False,377526,0.018656614000000002,49.41809040966716
const-seq,64,2-stackful,0,0,True,377526,0.019750139,52.31464587869445
const-seq,64,2-stackful,0,1,True,377526,0.019741719999999997,52.29234542786456
const-seq,64,2-stackful,0,2,False,377526,0.019602115000000003,51.92255632724635
const-seq,64,2-stackful,0,3,False,377526,0.019700406999999996,52.18291455422937
const-seq,64,2-stackful,0,4,False,377526,0.01948044,51.60026064429999
const-seq,64,1x,1,0,True,377526,0.043992,116.52707363201475
const-seq,64,1x,1,1,True,377526,0.0443103,117.37019437071883
const-seq,64,1x,1,2,False,377526,0.0438805,116.23172973517056
const-seq,64,1x,1,3,False,377526,0.0444921,117.85175060790515
const-seq,64,1x,1,4,False,377526,0.0442055,117.09259759592717
const-seq,64,2-stackful,1,0,True,377526,0.019612736,51.950689488935865
const-seq,64,2-stackful,1,1,True,377526,0.019564033999999998,51.821686453383336
const-seq,64,2-stackful,1,2,False,377526,0.019605002000000003,51.93020348267405
const-seq,64,2-stackful,1,3,False,377526,0.019761285999999996,52.3441723219063
const-seq,64,2-stackful,1,4,False,377526,0.019667450000000003,52.095617255500294
const-seq,64,2-stackless,1,0,True,377526,0.01834327,48.58809724363355
const-seq,64,2-stackless,1,1,True,377526,0.018420226999999997,48.791942806588146
const-seq,64,2-stackless,1,2,False,377526,0.018444928,48.85737141282984
const-seq,64,2-stackless,1,3,False,377526,0.018543761,49.11916265369803
const-seq,64,2-stackless,1,4,False,377526,0.018543047999999993,49.11727404205271
const-seq,64,2-stackful,2,0,True,377526,0.019532317,51.737673696646056
const-seq,64,2-stackful,2,1,True,377526,0.019619332000000003,51.96816113327295
const-seq,64,2-stackful,2,2,False,377526,0.019560164999999997,51.81143815260405
const-seq,64,2-stackful,2,3,False,377526,0.019744546,52.29983100501687
const-seq,64,2-stackful,2,4,False,377526,0.019718599000000003,52.23110196383826
const-seq,64,1x,2,0,True,377526,0.0437985,116.0145261518412
const-seq,64,1x,2,1,True,377526,0.0447469,118.52667101073834
const-seq,64,1x,2,2,False,377526,0.0438331,116.10617546870944
const-seq,64,1x,2,3,False,377526,0.0444815,117.82367307152354
const-seq,64,1x,2,4,False,377526,0.0445181,117.92062003676568
const-seq,64,2-stackless,2,0,True,377526,0.018458637,48.89368414360865
const-seq,64,2-stackless,2,1,True,377526,0.018467644000000002,48.91754210306045
const-seq,64,2-stackless,2,2,False,377526,0.018477865999999996,48.944618383899375
const-seq,64,2-stackless,2,3,False,377526,0.018672912000000007,49.46126094626597
const-seq,64,2-stackless,2,4,False,377526,0.018860886000000007,49.95917102398247
assign-int,256,2-stackful,0,0,True,44196,0.024545325,555.374355145262
assign-int,256,2-stackful,0,1,True,44196,0.024681417000000004,558.4536383383113
assign-int,256,2-stackful,0,2,False,44196,0.024667959999999996,558.1491537695719
assign-int,256,2-stackful,0,3,False,44196,0.024761332999999996,560.2618562765861
assign-int,256,2-stackful,0,4,False,44196,0.024792500999999995,560.9670784686396
assign-int,256,1x,0,0,True,44196,0.0198803,449.82125079192684
assign-int,256,1x,0,1,True,44196,0.0199169,450.64938003439227
assign-int,256,1x,0,2,False,44196,0.0201186,455.21314146076566
assign-int,256,1x,0,3,False,44196,0.0201187,455.21540410896915
assign-int,256,1x,0,4,False,44196,0.0201272,455.407729206263
assign-int,256,2-stackless,0,0,True,44196,0.024728239,559.513055480134
assign-int,256,2-stackless,0,1,True,44196,0.024826012,561.7253145081003
assign-int,256,2-stackless,0,2,False,44196,0.024742402000000004,559.8335143451897
assign-int,256,2-stackless,0,3,False,44196,0.024665657000000007,558.0970449814464
assign-int,256,2-stackless,0,4,False,44196,0.024640374999999992,557.5250022626481
assign-int,256,2-stackless,1,0,True,44196,0.024440843,553.0102950493257
assign-int,256,2-stackless,1,1,True,44196,0.024377713999999998,551.5819078649652
assign-int,256,2-stackless,1,2,False,44196,0.024711137000000008,559.1260973843788
assign-int,256,2-stackless,1,3,False,44196,0.024716931999999997,559.257217847769
assign-int,256,2-stackless,1,4,False,44196,0.024781978999999996,560.7290026246718
assign-int,256,2-stackful,1,0,True,44196,0.024594531000000003,556.4877138202553
assign-int,256,2-stackful,1,1,True,44196,0.024749084000000005,559.9847044981448
assign-int,256,2-stackful,1,2,False,44196,0.024699114999999994,558.8540818173589
assign-int,256,2-stackful,1,3,False,44196,0.024556349000000005,555.6237894832112
assign-int,256,2-stackful,1,4,False,44196,0.024632258000000004,557.3413431079737
assign-int,256,1x,1,0,True,44196,0.0200451,453.55009503122454
assign-int,256,1x,1,1,True,44196,0.0198995,450.25567924699067
assign-int,256,1x,1,2,False,44196,0.0199221,450.76703774097206
assign-int,256,1x,1,3,False,44196,0.0201321,455.5185989682324
assign-int,256,1x,1,4,False,44196,0.0200249,453.09304009412614
assign-int,256,2-stackless,2,0,True,44196,0.024813946,561.4523033758711
assign-int,256,2-stackless,2,1,True,44196,0.024536832,555.1821884333424
assign-int,256,2-stackless,2,2,False,44196,0.024478380000000008,553.8596253054577
assign-int,256,2-stackless,2,3,False,44196,0.024464364000000002,553.542492533261
assign-int,256,2-stackless,2,4,False,44196,0.02444892,553.193049144719
assign-int,256,1x,2,0,True,44196,0.019611,443.7279391800163
assign-int,256,1x,2,1,True,44196,0.0198287,448.65372431894286
assign-int,256,1x,2,2,False,44196,0.0198491,449.1153045524482
assign-int,256,1x,2,3,False,44196,0.0198218,448.49760159290435
assign-int,256,1x,2,4,False,44196,0.0197431,446.71689745678344
assign-int,256,2-stackful,2,0,True,44196,0.024376808,551.5614082722418
assign-int,256,2-stackful,2,1,True,44196,0.024290983,549.6194904516245
assign-int,256,2-stackful,2,2,False,44196,0.024645762999999994,557.6469137478504
assign-int,256,2-stackful,2,3,False,44196,0.024592160000000002,556.4340664313512
assign-int,256,2-stackful,2,4,False,44196,0.024482519000000008,553.9532763145987
get-int,8,2-stackful,0,0,True,1659366,0.039552025,23.83562456986584
get-int,8,2-stackful,0,1,True,1659366,0.039636707,23.88665731369692
get-int,8,2-stackful,0,2,False,1659366,0.039539687000000004,23.82818919997156
get-int,8,2-stackful,0,3,False,1659366,0.03958628900000001,23.856273420089362
get-int,8,2-stackful,0,4,False,1659366,0.039600416,23.864786912591917
get-int,8,1x,0,0,True,1659366,0.0203604,12.269987453039294
get-int,8,1x,0,1,True,1659366,0.0202325,12.192909822185099
get-int,8,1x,0,2,False,1659366,0.0202353,12.194597213634605
get-int,8,1x,0,3,False,1659366,0.0202291,12.190860846853557
get-int,8,1x,0,4,False,1659366,0.0201829,12.163018887936717
get-int,8,2-stackless,0,0,True,1659366,0.034536729,20.81320757445916
get-int,8,2-stackless,0,1,True,1659366,0.034370234000000006,20.71287106039295
get-int,8,2-stackless,0,2,False,1659366,0.03455517000000001,20.82432085507357
get-int,8,2-stackless,0,3,False,1659366,0.034506784,20.795161525546504
get-int,8,2-stackless,0,4,False,1659366,0.034583955,20.84166784181428
get-int,8,1x,1,0,True,1659366,0.0202476,12.20200968321636
get-int,8,1x,1,1,True,1659366,0.0204997,12.353935177652188
get-int,8,1x,1,2,False,1659366,0.020152,12.14439731801182
get-int,8,1x,1,3,False,1659366,0.0200966,12.111011072903748
get-int,8,1x,1,4,False,1659366,0.0202376,12.195983285182413
get-int,8,2-stackful,1,0,True,1659366,0.039480101999999996,23.792280907286273
get-int,8,2-stackful,1,1,True,1659366,0.039430171,23.76219049926297
get-int,8,2-stackful,1,2,False,1659366,0.03937623999999999,23.729689532026082
get-int,8,2-stackful,1,3,False,1659366,0.039318484,23.694883467541217
get-int,8,2-stackful,1,4,False,1659366,0.039228384000000005,23.64058562125535
get-int,8,2-stackless,1,0,True,1659366,0.034506550000000004,20.795020507832515
get-int,8,2-stackless,1,1,True,1659366,0.034458766999999994,20.766224570106893
get-int,8,2-stackless,1,2,False,1659366,0.034355099,20.703750106968567
get-int,8,2-stackless,1,3,False,1659366,0.03454101,20.815787475457494
get-int,8,2-stackless,1,4,False,1659366,0.03455986500000002,20.827150248950517
get-int,8,2-stackful,2,0,True,1659366,0.039414344999999996,23.752653121734447
get-int,8,2-stackful,2,1,True,1659366,0.039425682,23.75948524918553
get-int,8,2-stackful,2,2,False,1659366,0.039362757,23.721564139556914
get-int,8,2-stackful,2,3,False,1659366,0.039823973999999984,23.999511861759242
get-int,8,2-stackful,2,4,False,1659366,0.039520529,23.81664382661812
get-int,8,2-stackless,2,0,True,1659366,0.034538991,20.81457074569444
get-int,8,2-stackless,2,1,True,1659366,0.03454075399999999,20.815633199667822
get-int,8,2-stackless,2,2,False,1659366,0.03470536099999999,20.914831929785226
get-int,8,2-stackless,2,3,False,1659366,0.034783426000000006,20.96187700603725
get-int,8,2-stackless,2,4,False,1659366,0.034667066999999996,20.891754441154028
get-int,8,1x,2,0,True,1659366,0.0203635,12.271855636429818
get-int,8,1x,2,1,True,1659366,0.0203536,12.26588950237621
get-int,8,1x,2,2,False,1659366,0.020457,12.32820245804723
get-int,8,1x,2,3,False,1659366,0.0204813,12.342846605269724
get-int,8,1x,2,4,False,1659366,0.0203599,12.269686133137595
make-seq,0,2-stackless,0,0,True,1323076,0.032504971,24.567727779810077
make-seq,0,2-stackless,0,1,True,1323076,0.032520964,24.579815520801525
make-seq,0,2-stackless,0,2,False,1323076,0.032407278,24.493889995737202
make-seq,0,2-stackless,0,3,False,1323076,0.032448897000000004,24.525346238613658
make-seq,0,2-stackless,0,4,False,1323076,0.032375392,24.469790095202395
make-seq,0,2-stackful,0,0,True,1323076,0.036417372,27.52477711030961
make-seq,0,2-stackful,0,1,True,1323076,0.036398205999999995,27.51029116997058
make-seq,0,2-stackful,0,2,False,1323076,0.036319328,27.450674035353977
make-seq,0,2-stackful,0,3,False,1323076,0.036304587,27.439532574092492
make-seq,0,2-stackful,0,4,False,1323076,0.036327311,27.456707702354212
make-seq,0,1x,0,0,True,1323076,0.0191349,14.462434508675239
make-seq,0,1x,0,1,True,1323076,0.0188103,14.217097128207298
make-seq,0,1x,0,2,False,1323076,0.0186434,14.090951691361646
make-seq,0,1x,0,3,False,1323076,0.0190131,14.370376304913702
make-seq,0,1x,0,4,False,1323076,0.0186988,14.132823813598009
make-seq,0,1x,1,0,True,1323076,0.0191934,14.506649655802086
make-seq,0,1x,1,1,True,1323076,0.0192653,14.560992716971663
make-seq,0,1x,1,2,False,1323076,0.0189646,14.333719302594861
make-seq,0,1x,1,3,False,1323076,0.019042,14.392219343408843
make-seq,0,1x,1,4,False,1323076,0.019286,14.57663807672424
make-seq,0,2-stackless,1,0,True,1323076,0.032343752,24.44587612502986
make-seq,0,2-stackless,1,1,True,1323076,0.032225214,24.356283388104693
make-seq,0,2-stackless,1,2,False,1323076,0.032299931000000004,24.412755578666687
make-seq,0,2-stackless,1,3,False,1323076,0.03220068399999999,24.33774325889064
make-seq,0,2-stackless,1,4,False,1323076,0.032231918,24.361350368383977
make-seq,0,2-stackful,1,0,True,1323076,0.036318477,27.450030837230816
make-seq,0,2-stackful,1,1,True,1323076,0.036282136,27.422563783184035
make-seq,0,2-stackful,1,2,False,1323076,0.036322243000000004,27.45287723456552
make-seq,0,2-stackful,1,3,False,1323076,0.03631398300000001,27.446634206954105
make-seq,0,2-stackful,1,4,False,1323076,0.03631990099999999,27.451107117051464
make-seq,0,1x,2,0,True,1323076,0.0189854,14.349440243795518
make-seq,0,1x,2,1,True,1323076,0.0191628,14.483521732689582
make-seq,0,1x,2,2,False,1323076,0.0192453,14.545876427355648
make-seq,0,1x,2,3,False,1323076,0.0192489,14.54859735948653
make-seq,0,1x,2,4,False,1323076,0.0191849,14.500225232715279
make-seq,0,2-stackful,2,0,True,1323076,0.036595347,27.659293192530136
make-seq,0,2-stackful,2,1,True,1323076,0.03643355300000001,27.537006944423457
make-seq,0,2-stackful,2,2,False,1323076,0.03633304800000001,27.46104381003057
make-seq,0,2-stackful,2,3,False,1323076,0.036308587,27.442555832015696
make-seq,0,2-stackful,2,4,False,1323076,0.03631102,27.444394728647485
make-seq,0,2-stackless,2,0,True,1323076,0.03581764,27.071490980109985
make-seq,0,2-stackless,2,1,True,1323076,0.035776552,27.040436074722844
make-seq,0,2-stackless,2,2,False,1323076,0.035777845,27.041413342846518
make-seq,0,2-stackless,2,3,False,1323076,0.035703284,26.98505905934353
make-seq,0,2-stackless,2,4,False,1323076,0.03573489100000002,27.008948087638213
add-int,8,2-stackless,0,0,True,1298744,0.028423007,21.884995811337724
add-int,8,2-stackless,0,1,True,1298744,0.028484879,21.932635684938678
add-int,8,2-stackless,0,2,False,1298744,0.028149289,21.67423988099271
add-int,8,2-stackless,0,3,False,1298744,0.029821152000000004,22.96153206482571
add-int,8,2-stackless,0,4,False,1298744,0.028891693999999996,22.24587293569787
add-int,8,2-stackful,0,0,True,1298744,0.032502713,25.02626614636911
add-int,8,2-stackful,0,1,True,1298744,0.03224960500000001,24.831379394245523
add-int,8,2-stackful,0,2,False,1298744,0.032210209000000004,24.801045471624896
add-int,8,2-stackful,0,3,False,1298744,0.032108214999999996,24.72251267378328
add-int,8,2-stackful,0,4,False,1298744,0.03227190000000002,24.848545979808197
add-int,8,1x,0,0,True,1298744,0.0196806,15.153563750823873
add-int,8,1x,0,1,True,1298744,0.0197804,15.230407224210468
add-int,8,1x,0,2,False,1298744,0.019686,15.157721614113328
add-int,8,1x,0,3,False,1298744,0.0196323,15.116373973623748
add-int,8,1x,0,4,False,1298744,0.0196699,15.145325021713287
add-int,8,1x,1,0,True,1298744,0.0197662,15.219473583708568
add-int,8,1x,1,1,True,1298744,0.0198732,15.301860874814436
add-int,8,1x,1,2,False,1298744,0.0198595,15.291312221654152
add-int,8,1x,1,3,False,1298744,0.0197366,15.196682333084889
add-int,8,1x,1,4,False,1298744,0.0197548,15.210695872319718
add-int,8,2-stackless,1,0,True,1298744,0.028608856,22.028094836241785
add-int,8,2-stackless,1,1,True,1298744,0.028508580000000002,21.950884854905972
add-int,8,2-stackless,1,2,False,1298744,0.028567916999999998,21.996572842684934
add-int,8,2-stackless,1,3,False,1298744,0.028475981999999997,21.925785220181957
add-int,8,2-stackless,1,4,False,1298744,0.028311390000000006,21.799053547119378
add-int,8,2-stackful,1,0,True,1298744,0.032340064999999994,24.901031304090715
add-int,8,2-stackful,1,1,True,1298744,0.032414161,24.958083348219507
add-int,8,2-stackful,1,2,False,1298744,0.032458038999999994,24.991868297370377
add-int,8,2-stackful,1,3,False,1298744,0.03232521500000002,24.889597180044735
add-int,8,2-stackful,1,4,False,1298744,0.032289785000000015,24.86231697701781
add-int,8,1x,2,0,True,1298744,0.019792,15.239338930535965
add-int,8,1x,2,1,True,1298744,0.019883,15.309406626710114
add-int,8,1x,2,2,False,1298744,0.0199872,15.389637988702932
add-int,8,1x,2,3,False,1298744,0.0198795,15.3067117153188
add-int,8,1x,2,4,False,1298744,0.020069,15.452621917791342
add-int,8,2-stackless,2,0,True,1298744,0.028493772,21.939483069796665
add-int,8,2-stackless,2,1,True,1298744,0.028409200000000003,21.874364770886338
add-int,8,2-stackless,2,2,False,1298744,0.028357360999999998,21.834450053282247
add-int,8,2-stackless,2,3,False,1298744,0.028366411999999994,21.84141909414018
add-int,8,2-stackless,2,4,False,1298744,0.028448661999999986,21.90474951183604
add-int,8,2-stackful,2,0,True,1298744,0.032419647999999995,24.962308199306403
add-int,8,2-stackful,2,1,True,1298744,0.03261273900000001,25.110983380866443
add-int,8,2-stackful,2,2,False,1298744,0.03222488800000001,24.81234793000007
add-int,8,2-stackful,2,3,False,1298744,0.03212181900000001,24.732987409373987
add-int,8,2-stackful,2,4,False,1298744,0.032256597,24.836763057230677
get-table,0,2-stackless,0,0,True,788756,0.019270853,24.43195741141747
get-table,0,2-stackless,0,1,True,788756,0.019312347000000004,24.48456430125413
get-table,0,2-stackless,0,2,False,788756,0.019210702000000003,24.355696818788072
get-table,0,2-stackless,0,3,False,788756,0.019262125999999997,24.420893153269194
get-table,0,2-stackless,0,4,False,788756,0.019252490999999997,24.408677715288373
get-table,0,1x,0,0,True,788756,0.067235,85.24182383398669
get-table,0,1x,0,1,True,788756,0.0682173,86.48720263300692
get-table,0,1x,0,2,False,788756,0.067499,85.57652810248037
get-table,0,1x,0,3,False,788756,0.0677466,85.89044013611307
get-table,0,1x,0,4,False,788756,0.0672591,85.27237827667872
get-table,0,2-stackful,0,0,True,788756,0.021744945,27.568658748713162
get-table,0,2-stackful,0,1,True,788756,0.021694852999999997,27.50515114940488
get-table,0,2-stackful,0,2,False,788756,0.021637231,27.432096871529346
get-table,0,2-stackful,0,3,False,788756,0.021669541,27.473060109843857
get-table,0,2-stackful,0,4,False,788756,0.021801787000000003,27.640724127613613
get-table,0,2-stackless,1,0,True,788756,0.019437891000000002,24.64373139475326
get-table,0,2-stackless,1,1,True,788756,0.019440145,24.64658905922744
get-table,0,2-stackless,1,2,False,788756,0.019394842000000002,24.58915304606241
get-table,0,2-stackless,1,3,False,788756,0.019296135,24.464010416402537
get-table,0,2-stackless,1,4,False,788756,0.019338334,24.517511118774372
get-table,0,1x,1,0,True,788756,0.0675903,85.69227999533443
get-table,0,1x,1,1,True,788756,0.0679751,86.18013682304795
get-table,0,1x,1,2,False,788756,0.0675872,85.68834975581802
get-table,0,1x,1,3,False,788756,0.06645,84.24658576289751
get-table,0,1x,1,4,False,788756,0.0678521,86.02419506159066
get-table,0,2-stackful,1,0,True,788756,0.021669710000000002,27.473274371288458
get-table,0,2-stackful,1,1,True,788756,0.021652311,27.451215585047848
get-table,0,2-stackful,1,2,False,788756,0.021613491999999998,27.402000111568086
get-table,0,2-stackful,1,3,False,788756,0.021635727000000007,27.430190071454298
get-table,0,2-stackful,1,4,False,788756,0.021581176999999993,27.361030534157575
get-table,0,2-stackful,2,0,True,788756,0.021625914,27.417748961656077
get-table,0,2-stackful,2,1,True,788756,0.021617550000000003,27.407144921876984
get-table,0,2-stackful,2,2,False,788756,0.021596432000000006,27.380371116035892
get-table,0,2-stackful,2,3,False,788756,0.021596247,27.380136569484097
get-table,0,2-stackful,2,4,False,788756,0.021592060999999996,27.37482947831775
get-table,0,2-stackless,2,0,True,788756,0.019232978,24.38393875926142
get-table,0,2-stackless,2,1,True,788756,0.019214582999999997,24.360617225098757
get-table,0,2-stackless,2,2,False,788756,0.019212425999999998,24.357882539086862
get-table,0,2-stackless,2,3,False,788756,0.019203668,24.346778978543426
get-table,0,2-stackless,2,4,False,788756,0.019212009000000002,24.357353858480955
get-table,0,1x,2,0,True,788756,0.0680115,86.22628544188571
get-table,0,1x,2,1,True,788756,0.0679527,86.15173767299393
get-table,0,1x,2,2,False,788756,0.0675228,85.60670219941275
get-table,0,1x,2,3,False,788756,0.0669124,84.83282536044099
get-table,0,1x,2,4,False,788756,0.0671469,85.1301289625689
update-table,64,1x,0,0,True,238901,0.0706267,295.6316633249756
update-table,64,1x,0,1,True,238901,0.0709794,297.10800708243164
update-table,64,1x,0,2,False,238901,0.0713846,298.80410714061475
update-table,64,1x,0,3,False,238901,0.0712878,298.398918380417
update-table,64,1x,0,4,False,238901,0.0701557,293.66013536988123
update-table,64,2-stackless,0,0,True,238901,0.020055112,83.94737569118588
update-table,64,2-stackless,0,1,True,238901,0.020143103,84.31569143703878
update-table,64,2-stackless,0,2,False,238901,0.020148829,84.33965952423807
update-table,64,2-stackless,0,3,False,238901,0.02013880299999999,84.2976923495506
update-table,64,2-stackless,0,4,False,238901,0.020439898999999997,85.55803031381198
update-table,64,2-stackful,0,0,True,238901,0.021199252999999998,88.73656033252266
update-table,64,2-stackful,0,1,True,238901,0.021118819,88.3998769364716
update-table,64,2-stackful,0,2,False,238901,0.02094861700000001,87.68743956701735
update-table,64,2-stackful,0,3,False,238901,0.02096518,87.75676954052096
update-table,64,2-stackful,0,4,False,238901,0.020912665999999996,87.53695463811368
update-table,64,2-stackful,1,0,True,238901,0.021095821,88.30361111925023
update-table,64,2-stackful,1,1,True,238901,0.020950244,87.69424991942269
update-table,64,2-stackful,1,2,False,238901,0.020967866,87.7680126914496
update-table,64,2-stackful,1,3,False,238901,0.02121037199999999,88.78310262409948
update-table,64,2-stackful,1,4,False,238901,0.020946605999999993,87.67902185424084
update-table,64,1x,1,0,True,238901,0.0721127,301.85181309412684
update-table,64,1x,1,1,True,238901,0.0722554,302.44913164867455
update-table,64,1x,1,2,False,238901,0.0716933,300.09627418888994
update-table,64,1x,1,3,False,238901,0.0714766,299.18920389617455
update-table,64,1x,1,4,False,238901,0.0709983,297.18711935069337
update-table,64,2-stackless,1,0,True,238901,0.020020046,83.8005952256374
update-table,64,2-stackless,1,1,True,238901,0.019996917,83.7037810641228
update-table,64,2-stackless,1,2,False,238901,0.020046368000000002,83.91077475607052
update-table,64,2-stackless,1,3,False,238901,0.020054573000000006,83.94511952649846
update-table,64,2-stackless,1,4,False,238901,0.020150298999999997,84.34581270065841
update-table,64,2-stackless,2,0,True,238901,0.020133758,84.27657481550935
update-table,64,2-stackless,2,1,True,238901,0.02033333,85.11195013834183
update-table,64,2-stackless,2,2,False,238901,0.020246204999999996,84.74725932499234
update-table,64,2-stackless,2,3,False,238901,0.020114283999999996,84.19505987835964
update-table,64,2-stackless,2,4,False,238901,0.020334453000000002,85.11665083026026
update-table,64,2-stackful,2,0,True,238901,0.020901951000000002,87.49210342359389
update-table,64,2-stackful,2,1,True,238901,0.02112458,88.42399152787138
update-table,64,2-stackful,2,2,False,238901,0.021040683000000004,88.07281258764093
update-table,64,2-stackful,2,3,False,238901,0.02073164999999999,86.77925165654388
update-table,64,2-stackful,2,4,False,238901,0.020758802000000007,86.8929054294457
update-table,64,1x,2,0,True,238901,0.0702063,293.8719385854392
update-table,64,1x,2,1,True,238901,0.0705186,295.17917463719283
update-table,64,1x,2,2,False,238901,0.0709195,296.8572756078878
update-table,64,1x,2,3,False,238901,0.0705549,295.33112042226696
update-table,64,1x,2,4,False,238901,0.0704113,294.73003461684965
do-int,8,1x,0,0,True,128221,0.0195375,152.3736361438454
do-int,8,1x,0,1,True,128221,0.0195061,152.12874646118811
do-int,8,1x,0,2,False,128221,0.0194972,152.0593350543203
do-int,8,1x,0,3,False,128221,0.0194915,152.01488055778694
do-int,8,1x,0,4,False,128221,0.0194881,151.98836384055653
do-int,8,2-stackful,0,0,True,128221,0.033838801,263.9099757450028
do-int,8,2-stackful,0,1,True,128221,0.033443403,260.826253109865
do-int,8,2-stackful,0,2,False,128221,0.03372132,262.99373737531295
do-int,8,2-stackful,0,3,False,128221,0.033981123,265.01994993019866
do-int,8,2-stackful,0,4,False,128221,0.033923283,264.56885377590254
do-int,8,2-stackless,0,0,True,128221,0.031989075000000006,249.48389889331708
do-int,8,2-stackless,0,1,True,128221,0.03159180400000001,246.38556866659914
do-int,8,2-stackless,0,2,False,128221,0.031479472999999994,245.50949532447876
do-int,8,2-stackless,0,3,False,128221,0.031699416999999994,247.22484616404483
do-int,8,2-stackless,0,4,False,128221,0.031694660999999985,247.18775395606013
do-int,8,2-stackful,1,0,True,128221,0.033897621,264.3687149530888
do-int,8,2-stackful,1,1,True,128221,0.033720852999999995,262.99009522621094
do-int,8,2-stackful,1,2,False,128221,0.03367700800000001,262.648146559456
do-int,8,2-stackful,1,3,False,128221,0.03395511799999999,264.8171360385584
do-int,8,2-stackful,1,4,False,128221,0.033615566999999985,262.1689660819989
do-int,8,2-stackless,1,0,True,128221,0.03167661,247.0469735846702
do-int,8,2-stackless,1,1,True,128221,0.031315136,244.22782539521606
do-int,8,2-stackless,1,2,False,128221,0.03184443299999999,248.35583094812856
do-int,8,2-stackless,1,3,False,128221,0.031553512000000006,246.0869280383089
do-int,8,2-stackless,1,4,False,128221,0.03160879,246.51804306626838
do-int,8,1x,1,0,True,128221,0.019887,155.09939869444162
do-int,8,1x,1,1,True,128221,0.01985,154.81083441869896
do-int,8,1x,1,2,False,128221,0.0198217,154.59012174292823
do-int,8,1x,1,3,False,128221,0.019814,154.53006917743582
do-int,8,1x,1,4,False,128221,0.0200816,156.61709080415844
do-int,8,2-stackful,2,0,True,128221,0.034210264,266.80702848987295
do-int,8,2-stackful,2,1,True,128221,0.034071041,265.72122351252915
do-int,8,2-stackful,2,2,False,128221,0.03390800599999999,264.4497079261587
do-int,8,2-stackful,2,3,False,128221,0.033859587999999996,264.0720942747287
do-int,8,2-stackful,2,4,False,128221,0.03400246699999998,265.18641252212956
do-int,8,2-stackless,2,0,True,128221,0.031352913,244.52244952074935
do-int,8,2-stackless,2,1,True,128221,0.031302344999999995,244.12806794518835
do-int,8,2-stackless,2,2,False,128221,0.031439917,245.20099671660645
do-int,8,2-stackless,2,3,False,128221,0.031218043999999986,243.4706015395293
do-int,8,2-stackless,2,4,False,128221,0.03151604899999999,245.79475280960207
do-int,8,1x,2,0,True,128221,0.0199567,155.64299139766496
do-int,8,1x,2,1,True,128221,0.0198287,154.64471498428495
do-int,8,1x,2,2,False,128221,0.0198233,154.60260019809547
do-int,8,1x,2,3,False,128221,0.0198207,154.5823227084487
do-int,8,1x,2,4,False,128221,0.0199175,155.33726924606734
assign-table,0,2-stackless,0,0,True,782758,0.019216271,24.549440567838335
assign-table,0,2-stackless,0,1,True,782758,0.019296049,24.651359679492256
assign-table,0,2-stackless,0,2,False,782758,0.019130561999999997,24.439944401718023
assign-table,0,2-stackless,0,3,False,782758,0.019337621000000006,24.70446932512987
assign-table,0,2-stackless,0,4,False,782758,0.019192466000000005,24.51902886971453
assign-table,0,1x,0,0,True,782758,0.0671368,85.76954818730694
assign-table,0,1x,0,1,True,782758,0.0672656,85.93409457329085
assign-table,0,1x,0,2,False,782758,0.0669811,85.57063613530619
assign-table,0,1x,0,3,False,782758,0.0662673,84.65873232851021
assign-table,0,1x,0,4,False,782758,0.0672254,85.88273770437351
assign-table,0,2-stackful,0,0,True,782758,0.021609754,27.6071966048255
assign-table,0,2-stackful,0,1,True,782758,0.02145351,27.407589574300104
assign-table,0,2-stackful,0,2,False,782758,0.021467759999999995,27.42579443455065
assign-table,0,2-stackful,0,3,False,782758,0.021457347,27.4124914724602
assign-table,0,2-stackful,0,4,False,782758,0.021495575000000003,27.46132904422568
assign-table,0,2-stackless,1,0,True,782758,0.019363613999999998,24.73767626776091
assign-table,0,2-stackless,1,1,True,782758,0.019445665999999997,24.842500491850604
assign-table,0,2-stackless,1,2,False,782758,0.019321212999999997,24.683507546393646
assign-table,0,2-stackless,1,3,False,782758,0.01928533999999999,24.6376785673222
assign-table,0,2-stackless,1,4,False,782758,0.019355737999999997,24.727614409562083
assign-table,0,2-stackful,1,0,True,782758,0.021669618,27.68367490335455
assign-table,0,2-stackful,1,1,True,782758,0.021563658,27.548307395133616
assign-table,0,2-stackful,1,2,False,782758,0.021667891999999994,27.68146987957963
assign-table,0,2-stackful,1,3,False,782758,0.021794184000000008,27.842812210159472
assign-table,0,2-stackful,1,4,False,782758,0.021617675000000003,27.617315952056707
assign-table,0,1x,1,0,True,782758,0.0668614,85.41771530920157
assign-table,0,1x,1,1,True,782758,0.0670137,85.61228374542323
assign-table,0,1x,1,2,False,782758,0.067242,85.90394476964784
assign-table,0,1x,1,3,False,782758,0.0664745,84.92343738422349
assign-table,0,1x,1,4,False,782758,0.0670807,85.69787852695212
assign-table,0,2-stackless,2,0,True,782758,0.019143795999999998,24.45685128737106
assign-table,0,2-stackless,2,1,True,782758,0.019136573,24.44762365890863
assign-table,0,2-stackless,2,2,False,782758,0.019156654000000002,24.473277820220304
assign-table,0,2-stackless,2,3,False,782758,0.01917864999999999,24.501378459242822
assign-table,0,2-stackless,2,4,False,782758,0.019187992,24.513313182362875
assign-table,0,1x,2,0,True,782758,0.0667587,85.28651256199235
assign-table,0,1x,2,1,True,782758,0.0667147,85.23030106367486
assign-table,0,1x,2,2,False,782758,0.067133,85.76469355790678
assign-table,0,1x,2,3,False,782758,0.0672191,85.87468923984169
assign-table,0,1x,2,4,False,782758,0.0676582,86.43565444236916
assign-table,0,2-stackful,2,0,True,782758,0.021670223,27.684447811456415
assign-table,0,2-stackful,2,1,True,782758,0.021535444999999997,27.51226432690563
assign-table,0,2-stackful,2,2,False,782758,0.021523996000000004,27.49763783953662
assign-table,0,2-stackful,2,3,False,782758,0.021457029999999988,27.41208649416549
assign-table,0,2-stackful,2,4,False,782758,0.021498680000000006,27.465295787459223
update-string,0,2-stackful,0,0,True,1975485,0.058432103,29.57861132835734
update-string,0,2-stackful,0,1,True,1975485,0.05835613,29.54015343067652
update-string,0,2-stackful,0,2,False,1975485,0.058354614,29.53938602419153
update-string,0,2-stackful,0,3,False,1975485,0.058403097000000015,29.56392835177185
update-string,0,2-stackful,0,4,False,1975485,0.058357142,29.540665709939585
update-string,0,1x,0,0,True,1975485,0.0202861,10.268921302869929
update-string,0,1x,0,1,True,1975485,0.0209546,10.607319215281311
update-string,0,1x,0,2,False,1975485,0.0202807,10.266187796920756
update-string,0,1x,0,3,False,1975485,0.0201838,10.217136551277282
update-string,0,1x,0,4,False,1975485,0.0203407,10.29656008524489
update-string,0,2-stackless,0,0,True,1975485,0.052366005,26.507923370716558
update-string,0,2-stackless,0,1,True,1975485,0.052313219,26.481202843858597
update-string,0,2-stackless,0,2,False,1975485,0.05237430000000001,26.512122339577378
update-string,0,2-stackless,0,3,False,1975485,0.052425796999999996,26.538190368441164
update-string,0,2-stackless,0,4,False,1975485,0.052488826000000016,26.570095951120873
update-string,0,2-stackful,1,0,True,1975485,0.058500444,29.613205870963334
update-string,0,2-stackful,1,1,True,1975485,0.058351915,29.53801977742175
update-string,0,2-stackful,1,2,False,1975485,0.058319228,29.521473460947565
update-string,0,2-stackful,1,3,False,1975485,0.058227922000000015,29.475253924985516
update-string,0,2-stackful,1,4,False,1975485,0.05827591800000001,29.4995497308256
update-string,0,1x,1,0,True,1975485,0.0203813,10.317112000344219
update-string,0,1x,1,1,True,1975485,0.0202247,10.237840327818232
update-string,0,1x,1,2,False,1975485,0.0203922,10.322629632723103
update-string,0,1x,1,3,False,1975485,0.0205968,10.426199135908398
update-string,0,1x,1,4,False,1975485,0.0203004,10.27616003158718
update-string,0,2-stackless,1,0,True,1975485,0.052585977,26.619274254170495
update-string,0,2-stackless,1,1,True,1975485,0.052369839999999994,26.509864666145273
update-string,0,2-stackless,1,2,False,1975485,0.05237467000000001,26.512309635355376
update-string,0,2-stackless,1,3,False,1975485,0.052449571,26.5502248814848
update-string,0,2-stackless,1,4,False,1975485,0.052402002,26.52614522509662
update-string,0,2-stackful,2,0,True,1975485,0.058331244,29.527556017889278
update-string,0,2-stackful,2,1,True,1975485,0.058357698,29.540947159811388
update-string,0,2-stackful,2,2,False,1975485,0.058254360000000005,29.488636967630736
update-string,0,2-stackful,2,3,False,1975485,0.05833686299999999,29.530400382690825
update-string,0,2-stackful,2,4,False,1975485,0.058273592999999985,29.498372804653027
update-string,0,1x,2,0,True,1975485,0.0209101,10.584793101440912
update-string,0,1x,2,1,True,1975485,0.0200838,10.16651607073706
update-string,0,1x,2,2,False,1975485,0.0201294,10.1895990098634
update-string,0,1x,2,3,False,1975485,0.0202607,10.256063700812712
update-string,0,1x,2,4,False,1975485,0.020259,10.255203152643528
update-string,0,2-stackless,2,0,True,1975485,0.052465177,26.558124713677906
update-string,0,2-stackless,2,1,True,1975485,0.052426683999999994,26.538639372103557
update-string,0,2-stackless,2,2,False,1975485,0.052477865,26.56454744024885
update-string,0,2-stackless,2,3,False,1975485,0.05249330199999999,26.57236172382984
update-string,0,2-stackless,2,4,False,1975485,0.052597194000000014,26.6249523534727
make-table,0,1x,0,0,True,797541,0.0230402,28.88904771039984
make-table,0,1x,0,1,True,797541,0.0228879,28.69808574104654
make-table,0,1x,0,2,False,797541,0.0229472,28.772439285253046
make-table,0,1x,0,3,False,797541,0.0228818,28.69043723144014
make-table,0,1x,0,4,False,797541,0.0230383,28.88666538773555
make-table,0,2-stackless,0,0,True,797541,0.021463847,26.912531142599565
make-table,0,2-stackless,0,1,True,797541,0.020802671,26.08351294792368
make-table,0,2-stackless,0,2,False,797541,0.020583043999999995,25.808132748034264
make-table,0,2-stackless,0,3,False,797541,0.020492559000000007,25.694677765782583
make-table,0,2-stackless,0,4,False,797541,0.02045588100000001,25.64868890752953
make-table,0,2-stackful,0,0,True,797541,0.021910665,27.472775694290323
make-table,0,2-stackful,0,1,True,797541,0.021902315,27.46230601310779
make-table,0,2-stackful,0,2,False,797541,0.021858316000000003,27.40713768947302
make-table,0,2-stackful,0,3,False,797541,0.021878497999999996,27.432442971583903
make-table,0,2-stackful,0,4,False,797541,0.021872681000000005,27.425149302669084
make-table,0,1x,1,0,True,797541,0.0231653,29.045904850032787
make-table,0,1x,1,1,True,797541,0.0232844,29.195238865462716
make-table,0,1x,1,2,False,797541,0.0234487,29.401247083222053
make-table,0,1x,1,3,False,797541,0.0225719,28.301867866354208
make-table,0,1x,1,4,False,797541,0.0230902,28.951740412091667
make-table,0,2-stackless,1,0,True,797541,0.019482640000000002,24.428386753784448
make-table,0,2-stackless,1,1,True,797541,0.019499620999999998,24.44967844913302
make-table,0,2-stackless,1,2,False,797541,0.019446513999999998,24.38309002295806
make-table,0,2-stackless,1,3,False,797541,0.019470638,24.41333799767034
make-table,0,2-stackless,1,4,False,797541,0.019512961999999995,24.46640611579843
make-table,0,2-stackful,1,0,True,797541,0.021934271,27.50237417261307
make-table,0,2-stackful,1,1,True,797541,0.021958670000000003,27.53296695718465
make-table,0,2-stackful,1,2,False,797541,0.021932019999999997,27.4995517471829
make-table,0,2-stackful,1,3,False,797541,0.021864785999999997,27.415250125071935
make-table,0,2-stackful,1,4,False,797541,0.021886437999999994,27.442398572612557
make-table,0,2-stackless,2,0,True,797541,0.019475426,24.419341450784348
make-table,0,2-stackless,2,1,True,797541,0.019528206,24.48551986669024
make-table,0,2-stackless,2,2,False,797541,0.019397254000000003,24.321325173251285
make-table,0,2-stackless,2,3,False,797541,0.019437401,24.371663651147717
make-table,0,2-stackless,2,4,False,797541,0.019425319999999996,24.35651584056493
make-table,0,2-stackful,2,0,True,797541,0.021919961,27.48443152138887
make-table,0,2-stackful,2,1,True,797541,0.021969864,27.547002599239413
make-table,0,2-stackful,2,2,False,797541,0.021942385000000002,27.512547944243618
make-table,0,2-stackful,2,3,False,797541,0.021922582999999995,27.487719126665585
make-table,0,2-stackful,2,4,False,797541,0.021916436999999997,27.480012939773623
make-table,0,1x,2,0,True,797541,0.0231612,29.040764048494058
make-table,0,1x,2,1,True,797541,0.0231361,29.009292312244764
make-table,0,1x,2,2,False,797541,0.0228594,28.662350901082203
make-table,0,1x,2,3,False,797541,0.0229142,28.73106210213644
make-table,0,1x,2,4,False,797541,0.0229114,28.7275513108417
const-int,8,1x,0,0,True,1354830,0.0195612,14.438121387923209
const-int,8,1x,0,1,True,1354830,0.0196473,14.50167179646155
const-int,8,1x,0,2,False,1354830,0.0195646,14.440630927865488
const-int,8,1x,0,3,False,1354830,0.0195056,14.39708302886709
const-int,8,1x,0,4,False,1354830,0.0195049,14.396566358878975
const-int,8,2-stackful,0,0,True,1354830,0.031881057000000004,23.531407630477627
const-int,8,2-stackful,0,1,True,1354830,0.031870596,23.523686366555214
const-int,8,2-stackful,0,2,False,1354830,0.031831839,23.495079825513162
const-int,8,2-stackful,0,3,False,1354830,0.03184150000000001,23.50221060944916
const-int,8,2-stackful,0,4,False,1354830,0.031820286,23.486552556409293
const-int,8,2-stackless,0,0,True,1354830,0.027856801,20.5611043451946
const-int,8,2-stackless,0,1,True,1354830,0.027763570999999997,20.4922912837773
const-int,8,2-stackless,0,2,False,1354830,0.027803563999999996,20.521810116398363
const-int,8,2-stackless,0,3,False,1354830,0.027872959000000003,20.5730305647203
const-int,8,2-stackless,0,4,False,1354830,0.028066434,20.715834458935806
const-int,8,1x,1,0,True,1354830,0.0195529,14.431995158064112
const-int,8,1x,1,1,True,1354830,0.0194625,14.36527091959877
const-int,8,1x,1,2,False,1354830,0.0194757,14.375013839374681
const-int,8,1x,1,3,False,1354830,0.0196854,14.529793405814752
const-int,8,1x,1,4,False,1354830,0.0196062,14.471335887159274
const-int,8,2-stackful,1,0,True,1354830,0.032064715,23.66696559715979
const-int,8,2-stackful,1,1,True,1354830,0.032161528,23.738423270816266
const-int,8,2-stackful,1,2,False,1354830,0.031892907,23.54015411527645
const-int,8,2-stackful,1,3,False,1354830,0.031953747000000005,23.58506011824362
const-int,8,2-stackful,1,4,False,1354830,0.03195959199999998,23.589374312644377
const-int,8,2-stackless,1,0,True,1354830,0.027939147,20.62188392639667
const-int,8,2-stackless,1,1,True,1354830,0.028139585999999998,20.769827948893955
const-int,8,2-stackless,1,2,False,1354830,0.027937268,20.62049703652857
const-int,8,2-stackless,1,3,False,1354830,0.027804313999999997,20.52236369138563
const-int,8,2-stackless,1,4,False,1354830,0.027807873999999996,20.524991327325196
const-int,8,1x,2,0,True,1354830,0.0195332,14.417454588398545
const-int,8,1x,2,1,True,1354830,0.0195047,14.39641873888237
const-int,8,1x,2,2,False,1354830,0.01945,14.356044669810972
const-int,8,1x,2,3,False,1354830,0.0194325,14.343127920108058
const-int,8,1x,2,4,False,1354830,0.0194354,14.345268410058827
const-int,8,2-stackless,2,0,True,1354830,0.027790078,20.51185610002731
const-int,8,2-stackless,2,1,True,1354830,0.027835055000000004,20.54505362296377
const-int,8,2-stackless,2,2,False,1354830,0.027813898999999996,20.529438379722915
const-int,8,2-stackless,2,3,False,1354830,0.027787118,20.50967132407756
const-int,8,2-stackless,2,4,False,1354830,0.02775557499999999,20.486389436313036
const-int,8,2-stackful,2,0,True,1354830,0.031839773999999994,23.50093664887845
const-int,8,2-stackful,2,1,True,1354830,0.031821505,23.4874523002886
const-int,8,2-stackful,2,2,False,1354830,0.031836401,23.498447037635717
const-int,8,2-stackful,2,3,False,1354830,0.031871276000000004,23.524188274543672
const-int,8,2-stackful,2,4,False,1354830,0.031826085000000004,23.49083279821085
do-int,0,2-stackful,0,0,True,3055068,0.064013026,20.95306094659759
do-int,0,2-stackful,0,1,True,3055068,0.064130016,20.991354693250692
do-int,0,2-stackful,0,2,False,3055068,0.064106097,20.98352540761777
do-int,0,2-stackful,0,3,False,3055068,0.06416336800000003,21.002271635197655
do-int,0,2-stackful,0,4,False,3055068,0.06409420900000001,20.979634168535696
do-int,0,1x,0,0,True,3055068,0.019877,6.506238159019701
do-int,0,1x,0,1,True,3055068,0.0199328,6.524502891588665
do-int,0,1x,0,2,False,3055068,0.0198522,6.498120500100161
do-int,0,1x,0,3,False,3055068,0.019979,6.539625304575872
do-int,0,1x,0,4,False,3055068,0.0199592,6.533144270438497
do-int,0,2-stackless,0,0,True,3055068,0.055716103,18.23727098709423
do-int,0,2-stackless,0,1,True,3055068,0.055268173000000004,18.09065231935918
do-int,0,2-stackless,0,2,False,3055068,0.055238336,18.080885924634085
do-int,0,2-stackless,0,3,False,3055068,0.055161703000000006,18.05580203124775
do-int,0,2-stackless,0,4,False,3055068,0.05492358799999997,17.977861049246684
do-int,0,1x,1,0,True,3055068,0.0195011,6.383196707896518
do-int,0,1x,1,1,True,3055068,0.0196839,6.443031709932479
do-int,0,1x,1,2,False,3055068,0.0196481,6.431313476492177
do-int,0,1x,1,3,False,3055068,0.0196842,6.44312990741941
do-int,0,1x,1,4,False,3055068,0.0198102,6.484372851929973
do-int,0,2-stackful,1,0,True,3055068,0.064071148,20.97208572771539
do-int,0,2-stackful,1,1,True,3055068,0.064025359,20.95709784528528
do-int,0,2-stackful,1,2,False,3055068,0.063987664,20.944759331052534
do-int,0,2-stackful,1,3,False,3055068,0.06409105000000001,20.97860014899832
do-int,0,2-stackful,1,4,False,3055068,0.06445226399999998,21.09683450581132
do-int,0,2-stackless,1,0,True,3055068,0.055450796,18.15042938487785
do-int,0,2-stackless,1,1,True,3055068,0.055620483,18.205972174760102
do-int,0,2-stackless,1,2,False,3055068,0.05526661099999999,18.090141037777226
do-int,0,2-stackless,1,3,False,3055068,0.055359236000000006,18.12045951186684
do-int,0,2-stackless,1,4,False,3055068,0.05532587899999997,18.109540933295094
do-int,0,1x,2,0,True,3055068,0.0197356,6.459954410180068
do-int,0,1x,2,1,True,3055068,0.019979,6.539625304575872
do-int,0,1x,2,2,False,3055068,0.0200289,6.555958819901881
do-int,0,1x,2,3,False,3055068,0.0201888,6.608298080435525
do-int,0,1x,2,4,False,3055068,0.0197632,6.46898857897762
do-int,0,2-stackful,2,0,True,3055068,0.06444077999999999,21.093075506011647
do-int,0,2-stackful,2,1,True,3055068,0.064099929,20.98150646728649
do-int,0,2-stackful,2,2,False,3055068,0.064053105,20.96617980352647
do-int,0,2-stackful,2,3,False,3055068,0.06402854599999999,20.958141029921425
do-int,0,2-stackful,2,4,False,3055068,0.06415556699999997,20.9997181732125
do-int,0,2-stackless,2,0,True,3055068,0.055524897999999996,18.17468481879945
do-int,0,2-stackless,2,1,True,3055068,0.05586848900000001,18.287150727905242
do-int,0,2-stackless,2,2,False,3055068,0.05579773100000002,18.263989868637953
do-int,0,2-stackless,2,3,False,3055068,0.055757742,18.25090047095515
do-int,0,2-stackless,2,4,False,3055068,0.055908104999999986,18.300118033379285
const-string,256,1x,0,0,True,152969,0.0218362,142.74918447528583
const-string,256,1x,0,1,True,152969,0.0218511,142.84658983192674
const-string,256,1x,0,2,False,152969,0.0217568,142.2301250580183
const-string,256,1x,0,3,False,152969,0.0217842,142.4092463178814
const-string,256,1x,0,4,False,152969,0.0218511,142.84658983192674
const-string,256,2-stackless,0,0,True,152969,0.020924379,136.7883623479267
const-string,256,2-stackless,0,1,True,152969,0.02096977,137.0850956729795
const-string,256,2-stackless,0,2,False,152969,0.02093163299999999,136.83578372088456
const-string,256,2-stackless,0,3,False,152969,0.02083059999999999,136.17530349286451
const-string,256,2-stackless,0,4,False,152969,0.020840082999999995,136.23729644568505
const-string,256,2-stackful,0,0,True,152969,0.020817982,136.09281619151594
const-string,256,2-stackful,0,1,True,152969,0.020771497999999996,135.78893762788536
const-string,256,2-stackful,0,2,False,152969,0.020819581000000004,136.10326928985614
const-string,256,2-stackful,0,3,False,152969,0.020718811999999996,135.4445149017121
const-string,256,2-stackful,0,4,False,152969,0.020655650999999997,135.0316142486386
const-string,256,2-stackful,1,0,True,152969,0.020887771,136.54904588511397
const-string,256,2-stackful,1,1,True,152969,0.020837997999999996,136.2236662330276
const-string,256,2-stackful,1,2,False,152969,0.020754082999999993,135.67509103151613
const-string,256,2-stackful,1,3,False,152969,0.021017605999999994,137.3978126287025
const-string,256,2-stackful,1,4,False,152969,0.020871259000000003,136.44110244559357
const-string,256,1x,1,0,True,152969,0.0217401,142.1209526113134
const-string,256,1x,1,1,True,152969,0.0217992,142.50730540174806
const-string,256,1x,1,2,False,152969,0.0216609,141.60320064849742
const-string,256,1x,1,3,False,152969,0.0218022,142.5269172185214
const-string,256,1x,1,4,False,152969,0.0218769,143.0152514561774
const-string,256,2-stackless,1,0,True,152969,0.020657979,135.04683301845472
const-string,256,2-stackless,1,1,True,152969,0.020429699,133.55450450744922
const-string,256,2-stackless,1,2,False,152969,0.020455787000000003,133.72504886611014
const-string,256,2-stackless,1,3,False,152969,0.020450287999999997,133.68910040596458
const-string,256,2-stackless,1,4,False,152969,0.020540236000000003,134.27711497100722
const-string,256,2-stackless,2,0,True,152969,0.020503797,134.03890330720603
const-string,256,2-stackless,2,1,True,152969,0.020329673,132.90060731259274
const-string,256,2-stackless,2,2,False,152969,0.020413116000000002,133.44609692159852
const-string,256,2-stackless,2,3,False,152969,0.020260295999999997,132.44707097516488
const-string,256,2-stackless,2,4,False,152969,0.020375550999999992,133.20052428923503
const-string,256,2-stackful,2,0,True,152969,0.020955164999999998,136.98961881165462
const-string,256,2-stackful,2,1,True,152969,0.020904048999999997,136.65545960292607
const-string,256,2-stackful,2,2,False,152969,0.020823687,136.13011132974654
const-string,256,2-stackful,2,3,False,152969,0.020822275,136.12088070131855
const-string,256,2-stackful,2,4,False,152969,0.020982951,137.17126345860927
const-string,256,1x,2,0,True,152969,0.0216761,141.70256718681563
const-string,256,1x,2,1,True,152969,0.0218678,142.95576227863162
const-string,256,1x,2,2,False,152969,0.0220775,144.3266282710876
const-string,256,1x,2,3,False,152969,0.0217009,141.86469153880853
const-string,256,1x,2,4,False,152969,0.0218675,142.9538010969543
make-seq,256,2-stackless,0,0,True,13987,0.063374211,4530.93665546579
make-seq,256,2-stackless,0,1,True,13987,0.06324080900000001,4521.399084864517
make-seq,256,2-stackless,0,2,False,13987,0.063252055,4522.203117180239
make-seq,256,2-stackless,0,3,False,13987,0.06325688800000001,4522.548652320012
make-seq,256,2-stackless,0,4,False,13987,0.06321758700000002,4519.738828912563
make-seq,256,1x,0,0,True,13987,0.0197754,1413.8414241795954
make-seq,256,1x,0,1,True,13987,0.0199061,1423.1858154000142
make-seq,256,1x,0,2,False,13987,0.0199068,1423.235861871738
make-seq,256,1x,0,3,False,13987,0.0201042,1437.3489668978336
make-seq,256,1x,0,4,False,13987,0.0201732,1442.2821191106027
make-seq,256,2-stackful,0,0,True,13987,0.06360224199999999,4547.239722599556
make-seq,256,2-stackful,0,1,True,13987,0.063383268,4531.584185314936
make-seq,256,2-stackful,0,2,False,13987,0.06327724600000001,4524.004146707658
make-seq,256,2-stackful,0,3,False,13987,0.06326268599999998,4522.963180095802
make-seq,256,2-stackful,0,4,False,13987,0.06338545400000001,4531.740473296633
make-seq,256,2-stackful,1,0,True,13987,0.06325455199999999,4522.381640094372
make-seq,256,2-stackful,1,1,True,13987,0.063523129,4541.583541860299
make-seq,256,2-stackful,1,2,False,13987,0.063431562,4535.036962894116
make-seq,256,2-stackful,1,3,False,13987,0.06345404200000002,4536.644169586045
make-seq,256,2-stackful,1,4,False,13987,0.06347239599999999,4537.95638807464
make-seq,256,2-stackless,1,0,True,13987,0.063264582,4523.098734539215
make-seq,256,2-stackless,1,1,True,13987,0.06334010200000001,4528.498033888612
make-seq,256,2-stackless,1,2,False,13987,0.06330844599999999,4526.234789447343
make-seq,256,2-stackless,1,3,False,13987,0.06329990399999999,4525.624079502394
make-seq,256,2-stackless,1,4,False,13987,0.06328645500000002,4524.662543790664
make-seq,256,1x,1,0,True,13987,0.0194772,1392.5216272252806
make-seq,256,1x,1,1,True,13987,0.0196671,1406.0985200543362
make-seq,256,1x,1,2,False,13987,0.019711,1409.237148781011
make-seq,256,1x,1,3,False,13987,0.0198813,1421.4127404018018
make-seq,256,1x,1,4,False,13987,0.019665,1405.948380639165
make-seq,256,2-stackless,2,0,True,13987,0.06379752699999999,4561.201615786086
make-seq,256,2-stackless,2,1,True,13987,0.06352899799999999,4542.0031457782225
make-seq,256,2-stackless,2,2,False,13987,0.06362523499999997,4548.883606205761
make-seq,256,2-stackless,2,3,False,13987,0.06351523500000003,4541.019160649176
make-seq,256,2-stackless,2,4,False,13987,0.06345046199999999,4536.388217630656
make-seq,256,1x,2,0,True,13987,0.0206058,1473.2108386358761
make-seq,256,1x,2,1,True,13987,0.0208151,1488.1747336812755
make-seq,256,1x,2,2,False,13987,0.0205593,1469.8863230142274
make-seq,256,1x,2,3,False,13987,0.0206899,1479.2235647386858
make-seq,256,1x,2,4,False,13987,0.0207493,1483.4703653392435
make-seq,256,2-stackful,2,0,True,13987,0.063797262,4561.182669621791
make-seq,256,2-stackful,2,1,True,13987,0.06354037999999998,4542.816901408449
make-seq,256,2-stackful,2,2,False,13987,0.06335639700000001,4529.663044255381
make-seq,256,2-stackful,2,3,False,13987,0.06365101699999998,4550.726889254306
make-seq,256,2-stackful,2,4,False,13987,0.06355149300000001,4543.611424894546
add-float4,256,2-stackful,0,0,True,53989,0.022113816,409.5985478523403
add-float4,256,2-stackful,0,1,True,53989,0.022234311,411.83039137602105
add-float4,256,2-stackful,0,2,False,53989,0.022208227999999997,411.34727444479427
add-float4,256,2-stackful,0,3,False,53989,0.02224798,412.08357257959955
add-float4,256,2-stackful,0,4,False,53989,0.022218805999999994,411.54320324510536
add-float4,256,1x,0,0,True,53989,0.0204584,378.9364500175962
add-float4,256,1x,0,1,True,53989,0.020503,379.76254422197115
add-float4,256,1x,0,2,False,53989,0.0204759,379.26059012020966
add-float4,256,1x,0,3,False,53989,0.0201714,373.62055233473484
add-float4,256,1x,0,4,False,53989,0.0201068,372.4240122988016
add-float4,256,2-stackless,0,0,True,53989,0.020315758,376.29439330233936
add-float4,256,2-stackless,0,1,True,53989,0.020548922999999997,380.6131434181036
add-float4,256,2-stackless,0,2,False,53989,0.020583359000000002,381.2509770508808
add-float4,256,2-stackless,0,3,False,53989,0.020526366999999997,380.1953546092722
add-float4,256,2-stackless,0,4,False,53989,0.020270457000000006,375.45531497156844
add-float4,256,2-stackful,1,0,True,53989,0.022100045,409.3434773750208
add-float4,256,2-stackful,1,1,True,53989,0.022270092,412.49313749097035
add-float4,256,2-stackful,1,2,False,53989,0.022260077000000003,412.30763674081766
add-float4,256,2-stackful,1,3,False,53989,0.022200616000000006,411.2062827613034
add-float4,256,2-stackful,1,4,False,53989,0.022185287999999997,410.9223730759969
add-float4,256,2-stackless,1,0,True,53989,0.020633045,382.171275630221
add-float4,256,2-stackless,1,1,True,53989,0.020738038,384.1159865898609
add-float4,256,2-stackless,1,2,False,53989,0.020699858,383.40880549741615
add-float4,256,2-stackless,1,3,False,53989,0.020482405000000002,379.3810776269241
add-float4,256,2-stackless,1,4,False,53989,0.020498098000000006,379.67174794865633
add-float4,256,1x,1,0,True,53989,0.0201175,372.6222008186853
add-float4,256,1x,1,1,True,53989,0.020074,371.81648113504605
add-float4,256,1x,1,2,False,53989,0.0200163,370.7477449110004
add-float4,256,1x,1,3,False,53989,0.0200201,370.81812961899647
add-float4,256,1x,1,4,False,53989,0.0201765,373.7150160217822
add-float4,256,2-stackless,2,0,True,53989,0.020097603000000002,372.2536627831596
add-float4,256,2-stackless,2,1,True,53989,0.020217631,374.4768563966734
add-float4,256,2-stackless,2,2,False,53989,0.020122234000000003,372.7098853470152
add-float4,256,2-stackless,2,3,False,53989,0.020087968000000005,372.0752005038064
add-float4,256,2-stackless,2,4,False,53989,0.020080357000000007,371.93422734260696
add-float4,256,2-stackful,2,0,True,53989,0.021687777,401.7073292707774
add-float4,256,2-stackful,2,1,True,53989,0.021800328,403.7920317101632
add-float4,256,2-stackful,2,2,False,53989,0.021897001,405.58263720387487
add-float4,256,2-stackful,2,3,False,53989,0.022143004999999993,410.1391950212079
add-float4,256,2-stackful,2,4,False,53989,0.02203779900000001,408.1905388134622
add-float4,256,1x,2,0,True,53989,0.0200086,370.60512326585047
add-float4,256,1x,2,1,True,53989,0.0200539,371.44418307432994
add-float4,256,1x,2,2,False,53989,0.020092,372.14988238344847
add-float4,256,1x,2,3,False,53989,0.0201567,373.34827464853953
add-float4,256,1x,2,4,False,53989,0.0200108,370.64587230732184
add-int,0,2-stackful,0,0,True,2457667,0.051761009,21.06103430611226
add-int,0,2-stackful,0,1,True,2457667,0.051615644999999995,21.001887155582914
add-int,0,2-stackful,0,2,False,2457667,0.05148776999999999,20.949856103369573
add-int,0,2-stackful,0,3,False,2457667,0.05151275799999999,20.96002346941225
add-int,0,2-stackful,0,4,False,2457667,0.051559100999999996,20.978879970313308
add-int,0,1x,0,0,True,2457667,0.0160147,6.5162204643672235
add-int,0,1x,0,1,True,2457667,0.0158523,6.450141536668719
add-int,0,1x,0,2,False,2457667,0.0157615,6.413195929310196
add-int,0,1x,0,3,False,2457667,0.0158363,6.443631297486601
add-int,0,1x,0,4,False,2457667,0.0157788,6.420235125425862
add-int,0,2-stackless,0,0,True,2457667,0.044211947,17.989396854822072
add-int,0,2-stackless,0,1,True,2457667,0.04428321600000001,18.018395494588976
add-int,0,2-stackless,0,2,False,2457667,0.04431540300000002,18.03149206137366
add-int,0,2-stackless,0,3,False,2457667,0.044231351,17.997292147390187
add-int,0,2-stackless,0,4,False,2457667,0.044233949999999994,17.99834965436733
add-int,0,2-stackful,1,0,True,2457667,0.051514251,20.960630956105934
add-int,0,2-stackful,1,1,True,2457667,0.051475918999999995,20.94503405058537
add-int,0,2-stackful,1,2,False,2457667,0.051454448000000014,20.936297716492923
add-int,0,2-stackful,1,3,False,2457667,0.05144236500000002,20.931381265240578
add-int,0,2-stackful,1,4,False,2457667,0.05147391000000004,20.944216608678083
add-int,0,2-stackless,1,0,True,2457667,0.04419893,17.98410036835747
add-int,0,2-stackless,1,1,True,2457667,0.044229163999999994,17.99640227907198
add-int,0,2-stackless,1,2,False,2457667,0.04423245400000002,17.997740947003813
add-int,0,2-stackless,1,3,False,2457667,0.044891577000000016,18.265931470781034
add-int,0,2-stackless,1,4,False,2457667,0.04468223800000001,18.180753535771938
add-int,0,1x,1,0,True,2457667,0.0158457,6.447456063006094
add-int,0,1x,1,1,True,2457667,0.0158716,6.457994512682149
add-int,0,1x,1,2,False,2457667,0.0160576,6.533676043174279
add-int,0,1x,1,3,False,2457667,0.0159204,6.477850742187612
add-int,0,1x,1,4,False,2457667,0.0160143,6.516057708387669
add-int,0,2-stackful,2,0,True,2457667,0.051736134,21.05091291863381
add-int,0,2-stackful,2,1,True,2457667,0.051532781,20.968170626858726
add-int,0,2-stackful,2,2,False,2457667,0.05153640599999999,20.96964560292342
add-int,0,2-stackful,2,3,False,2457667,0.05146557099999999,20.94082355339433
add-int,0,2-stackful,2,4,False,2457667,0.05150669599999999,20.957556902542123
add-int,0,1x,2,0,True,2457667,0.0156609,6.372262800452623
add-int,0,1x,2,1,True,2457667,0.0159055,6.4717880819492635
add-int,0,1x,2,2,False,2457667,0.0156609,6.372262800452623
add-int,0,1x,2,3,False,2457667,0.0156412,6.364247068459641
add-int,0,1x,2,4,False,2457667,0.0156376,6.3627822646436645
add-int,0,2-stackless,2,0,True,2457667,0.044356827,18.048347070616156
add-int,0,2-stackless,2,1,True,2457667,0.044385218,18.05989908315488
add-int,0,2-stackless,2,2,False,2457667,0.04429678199999999,18.02391536363551
add-int,0,2-stackless,2,3,False,2457667,0.04434153200000002,18.042123688848008
add-int,0,2-stackless,2,4,False,2457667,0.04427826800000001,18.016382203121907
assign-seq,0,2-stackful,0,0,True,791293,0.021786075,27.53224785256536
assign-seq,0,2-stackful,0,1,True,791293,0.021809806,27.562238007918683
assign-seq,0,2-stackful,0,2,False,791293,0.021815411000000007,27.56932135125675
assign-seq,0,2-stackful,0,3,False,791293,0.021845753999999995,27.607667450615633
assign-seq,0,2-stackful,0,4,False,791293,0.021773990000000007,27.5169753808008
assign-seq,0,1x,0,0,True,791293,0.0870811,110.0491221330152
assign-seq,0,1x,0,1,True,791293,0.0878337,111.00022368452646
assign-seq,0,1x,0,2,False,791293,0.088325,111.62110621476495
assign-seq,0,1x,0,3,False,791293,0.0867606,109.64408885204342
assign-seq,0,1x,0,4,False,791293,0.0876014,110.70665354047111
assign-seq,0,2-stackless,0,0,True,791293,0.019371862,24.481275583127868
assign-seq,0,2-stackless,0,1,True,791293,0.019518184,24.666190652514302
assign-seq,0,2-stackless,0,2,False,791293,0.019362069000000003,24.468899636417866
assign-seq,0,2-stackless,0,3,False,791293,0.019297752999999994,24.38762000927595
assign-seq,0,2-stackless,0,4,False,791293,0.019326233999999998,24.423612997966615
assign-seq,0,2-stackful,1,0,True,791293,0.021773262,27.516055367607194
assign-seq,0,2-stackful,1,1,True,791293,0.021807801999999998,27.55970544412752
assign-seq,0,2-stackful,1,2,False,791293,0.021839110999999994,27.599272330224068
assign-seq,0,2-stackful,1,3,False,791293,0.021738243000000004,27.47179995273559
assign-seq,0,2-stackful,1,4,False,791293,0.021721865000000007,27.451102183388464
assign-seq,0,2-stackless,1,0,True,791293,0.019317222000000002,24.412224043432715
assign-seq,0,2-stackless,1,1,True,791293,0.019370417999999997,24.479450721793313
assign-seq,0,2-stackless,1,2,False,791293,0.019312804999999995,24.406642040306178
assign-seq,0,2-stackless,1,3,False,791293,0.019397199000000004,24.513295328026413
assign-seq,0,2-stackless,1,4,False,791293,0.019494219000000007,24.635904778634472
assign-seq,0,1x,1,0,True,791293,0.0581743,73.51802682445062
assign-seq,0,1x,1,1,True,791293,0.056639,71.57778471438519
assign-seq,0,1x,1,2,False,791293,0.0564924,71.39251832127923
assign-seq,0,1x,1,3,False,791293,0.0566149,71.54732823366314
assign-seq,0,1x,1,4,False,791293,0.0570255,72.06622578488626
assign-seq,0,2-stackless,2,0,True,791293,0.019294509,24.383520390045152
assign-seq,0,2-stackless,2,1,True,791293,0.019387210000000002,24.50067168545659
assign-seq,0,2-stackless,2,2,False,791293,0.019358222999999994,24.464039237046194
assign-seq,0,2-stackless,2,3,False,791293,0.019358178999999996,24.46398363185318
assign-seq,0,2-stackless,2,4,False,791293,0.019384296999999995,24.496990368927815
assign-seq,0,1x,2,0,True,791293,0.0579335,73.2137147681074
assign-seq,0,1x,2,1,True,791293,0.0562888,71.13521792812523
assign-seq,0,1x,2,2,False,791293,0.0570366,72.08025345857982
assign-seq,0,1x,2,3,False,791293,0.0572978,72.41034610441392
assign-seq,0,1x,2,4,False,791293,0.0573716,72.5036111781603
assign-seq,0,2-stackful,2,0,True,791293,0.021851574000000002,27.61502250114686
assign-seq,0,2-stackful,2,1,True,791293,0.021758214,27.49703839159452
assign-seq,0,2-stackful,2,2,False,791293,0.021838351,27.598311876890104
assign-seq,0,2-stackful,2,3,False,791293,0.021991858000000003,27.792307021545753
assign-seq,0,2-stackful,2,4,False,791293,0.021843377999999997,27.604664770192578
take-seq,8,2-stackless,0,0,True,426261,0.020572449000000003,48.26256448513939
take-seq,8,2-stackless,0,1,True,426261,0.020704704,48.57283213805626
take-seq,8,2-stackless,0,2,False,426261,0.020761297999999997,48.70560055928175
take-seq,8,2-stackless,0,3,False,426261,0.020835292,48.879189041455824
take-seq,8,2-stackless,0,4,False,426261,0.020644197000000003,48.430883895078374
take-seq,8,1x,0,0,True,426261,0.0215903,50.65042309758575
take-seq,8,1x,0,1,True,426261,0.0213411,50.06580475342572
take-seq,8,1x,0,2,False,426261,0.0213261,50.03061504571143
take-seq,8,1x,0,3,False,426261,0.0212743,49.909093255071426
take-seq,8,1x,0,4,False,426261,0.0212513,49.85513570324285
take-seq,8,2-stackful,0,0,True,426261,0.020396827,47.85055869525948
take-seq,8,2-stackful,0,1,True,426261,0.020587341999999998,48.29750317293864
take-seq,8,2-stackful,0,2,False,426261,0.020299319999999996,47.621809173253
take-seq,8,2-stackful,0,3,False,426261,0.020575903000000006,48.270667501835746
take-seq,8,2-stackful,0,4,False,426261,0.02071669000000001,48.60095106050052
take-seq,8,2-stackful,1,0,True,426261,0.020460863,48.000785903472284
take-seq,8,2-stackful,1,1,True,426261,0.020164084999999998,47.30455049840356
take-seq,8,2-stackful,1,2,False,426261,0.020076907999999997,47.100034955109656
take-seq,8,2-stackful,1,3,False,426261,0.020145826999999998,47.261717586173724
take-seq,8,2-stackful,1,4,False,426261,0.02033410699999999,47.703418797403444
take-seq,8,1x,1,0,True,426261,0.021308,49.98815279840286
take-seq,8,1x,1,1,True,426261,0.021302,49.97407691531714
take-seq,8,1x,1,2,False,426261,0.0213965,50.195772073917155
take-seq,8,1x,1,3,False,426261,0.0212608,49.87742251812856
take-seq,8,1x,1,4,False,426261,0.0212446,49.83941763379713
take-seq,8,2-stackless,1,0,True,426261,0.020447103,47.96850521159571
take-seq,8,2-stackless,1,1,True,426261,0.020347064,47.73381566692707
take-seq,8,2-stackless,1,2,False,426261,0.020617259,48.367687871984536
take-seq,8,2-stackless,1,3,False,426261,0.020515527999999998,48.12902892828572
take-seq,8,2-stackless,1,4,False,426261,0.020469441000000005,48.020909724323836
take-seq,8,1x,2,0,True,426261,0.0212948,49.957185855614284
take-seq,8,1x,2,1,True,426261,0.02135,50.08668398000286
take-seq,8,1x,2,2,False,426261,0.0212943,49.95601286535714
take-seq,8,1x,2,3,False,426261,0.0214256,50.264040106882874
take-seq,8,1x,2,4,False,426261,0.0212342,49.81501943644856
take-seq,8,2-stackless,2,0,True,426261,0.020425774,47.91846779320651
take-seq,8,2-stackless,2,1,True,426261,0.020696479999999996,48.55353879430677
take-seq,8,2-stackless,2,2,False,426261,0.020671269,48.494394279561114
take-seq,8,2-stackless,2,3,False,426261,0.020768932999999996,48.72351212050832
take-seq,8,2-stackless,2,4,False,426261,0.020697088999999988,48.55496749643995
take-seq,8,2-stackful,2,0,True,426261,0.020350339000000002,47.741498753111365
take-seq,8,2-stackful,2,1,True,426261,0.020510482,48.117191110610634
take-seq,8,2-stackful,2,2,False,426261,0.020378481999999996,47.8075216827249
take-seq,8,2-stackful,2,3,False,426261,0.02042919900000001,47.926502776467956
take-seq,8,2-stackful,2,4,False,426261,0.020523149000000004,48.146907645785106
take-table,8,2-stackful,0,0,True,638006,0.06795789299999999,106.5160719491666
take-table,8,2-stackful,0,1,True,638006,0.06797859500000002,106.54851991987539
take-table,8,2-stackful,0,2,False,638006,0.067629987,106.00211753494482
take-table,8,2-stackful,0,3,False,638006,0.06664820400000002,104.46328717911746
take-table,8,2-stackful,0,4,False,638006,0.06848675800000004,107.34500615981672
take-table,8,2-stackless,0,0,True,638006,0.065990748,103.432801572399
take-table,8,2-stackless,0,1,True,638006,0.066177095,103.72487876289566
take-table,8,2-stackless,0,2,False,638006,0.066101667,103.60665416939652
take-table,8,2-stackless,0,3,False,638006,0.06517993099999997,102.16194048331829
take-table,8,2-stackless,0,4,False,638006,0.06551770900000004,102.6913681062561
take-table,8,1x,0,0,True,638006,0.0204704,32.08496471820014
take-table,8,1x,0,1,True,638006,0.0204826,32.104086795421985
take-table,8,1x,0,2,False,638006,0.020624,32.32571480518992
take-table,8,1x,0,3,False,638006,0.0205906,32.27336420033667
take-table,8,1x,0,4,False,638006,0.0205031,32.1362181546882
take-table,8,2-stackful,1,0,True,638006,0.067716103,106.13709432199697
take-table,8,2-stackful,1,1,True,638006,0.067059818,105.10844412121514
take-table,8,2-stackful,1,2,False,638006,0.068109418,106.75356971564531
take-table,8,2-stackful,1,3,False,638006,0.06709796399999998,105.16823352758436
take-table,8,2-stackful,1,4,False,638006,0.06851416900000001,107.38796970561408
take-table,8,1x,1,0,True,638006,0.0207041,32.45126221383498
take-table,8,1x,1,1,True,638006,0.0205744,32.24797258959947
take-table,8,1x,1,2,False,638006,0.0205463,32.20392911665407
take-table,8,1x,1,3,False,638006,0.0205132,32.152048726814485
take-table,8,1x,1,4,False,638006,0.0208467,32.67477108365752
take-table,8,2-stackless,1,0,True,638006,0.065989424,103.43072635680544
take-table,8,2-stackless,1,1,True,638006,0.065914875,103.3138794932963
take-table,8,2-stackless,1,2,False,638006,0.06644540000000002,104.14541556035526
take-table,8,2-stackless,1,3,False,638006,0.06604469299999999,103.51735406877049
take-table,8,2-stackless,1,4,False,638006,0.066319868,103.94865879004274
take-table,8,2-stackless,2,0,True,638006,0.065421748,102.54096042983922
take-table,8,2-stackless,2,1,True,638006,0.066117285,103.63113356300724
take-table,8,2-stackless,2,2,False,638006,0.06603050499999999,103.49511603339153
take-table,8,2-stackless,2,3,False,638006,0.06613222599999999,103.65455183807046
take-table,8,2-stackless,2,4,False,638006,0.066357534,104.00769585239009
take-table,8,2-stackful,2,0,True,638006,0.06743335099999999,105.69391353686326
take-table,8,2-stackful,2,1,True,638006,0.06751985799999999,105.82950317081655
take-table,8,2-stackful,2,2,False,638006,0.067490089,105.7828437350119
take-table,8,2-stackful,2,3,False,638006,0.06756601300000001,105.90184575066695
take-table,8,2-stackful,2,4,False,638006,0.067991619,106.56893352100137
take-table,8,1x,2,0,True,638006,0.0199158,31.215693896295647
take-table,8,1x,2,1,True,638006,0.0199381,31.25064654564377
take-table,8,1x,2,2,False,638006,0.0202371,31.71929417591684
take-table,8,1x,2,3,False,638006,0.0204947,32.123052134305944
take-table,8,1x,2,4,False,638006,0.0206431,32.35565182772576
const-table,256,1x,0,0,True,152663,0.0334067,218.8264346960298
const-table,256,1x,0,1,True,152663,0.0339457,222.3570871789497
const-table,256,1x,0,2,False,152663,0.0338574,221.7786890078146
const-table,256,1x,0,3,False,152663,0.0336814,220.6258228909428
const-table,256,1x,0,4,False,152663,0.0335593,219.826022022363
const-table,256,2-stackful,0,0,True,152663,0.020423045,133.7786169536823
const-table,256,2-stackful,0,1,True,152663,0.020485166,134.18553284030838
const-table,256,2-stackful,0,2,False,152663,0.020372746000000004,133.44913960815654
const-table,256,2-stackful,0,3,False,152663,0.020252952999999997,132.66445045623365
const-table,256,2-stackful,0,4,False,152663,0.020226254,132.48956197637935
const-table,256,2-stackless,0,0,True,152663,0.02000845,131.06286395524782
const-table,256,2-stackless,0,1,True,152663,0.020124649,131.8240110570341
const-table,256,2-stackless,0,2,False,152663,0.02006207,131.4140950983539
const-table,256,2-stackless,0,3,False,152663,0.020059662,131.39832179375486
const-table,256,2-stackless,0,4,False,152663,0.019966071000000002,130.78526558498132
const-table,256,2-stackful,1,0,True,152663,0.020486299000000003,134.1929544159358
const-table,256,2-stackful,1,1,True,152663,0.020700812,135.5980951507569
const-table,256,2-stackful,1,2,False,152663,0.020594058000000005,134.89881634711753
const-table,256,2-stackful,1,3,False,152663,0.020425211,133.7928050673706
const-table,256,2-stackful,1,4,False,152663,0.020448159999999993,133.94312963848472
const-table,256,1x,1,0,True,152663,0.0336956,220.71883822537222
const-table,256,1x,1,1,True,152663,0.0343756,225.17309367692238
const-table,256,1x,1,2,False,152663,0.0340181,222.83133437702654
const-table,256,1x,1,3,False,152663,0.0343995,225.32964765529303
const-table,256,1x,1,4,False,152663,0.0340659,223.14444233376784
const-table,256,2-stackless,1,0,True,152663,0.020252602999999997,132.66215782475123
const-table,256,2-stackless,1,1,True,152663,0.020035144,131.23771968322384
const-table,256,2-stackless,1,2,False,152663,0.019988505000000004,130.9322167126285
const-table,256,2-stackless,1,3,False,152663,0.020277522000000006,132.82538663592362
const-table,256,2-stackless,1,4,False,152663,0.02019778300000001,132.3030662308484
const-table,256,2-stackless,2,0,True,152663,0.020235330000000003,132.54901318590623
const-table,256,2-stackless,2,1,True,152663,0.020258414000000002,132.70022205773503
const-table,256,2-stackless,2,2,False,152663,0.020056531000000002,131.37781256755076
const-table,256,2-stackless,2,3,False,152663,0.020082540999999995,131.54818783857252
const-table,256,2-stackless,2,4,False,152663,0.020047140000000005,131.31629798968973
const-table,256,1x,2,0,True,152663,0.0332537,217.824227219431
const-table,256,1x,2,1,True,152663,0.0336359,220.3277807982288
const-table,256,1x,2,2,False,152663,0.0338689,221.8540183279511
const-table,256,1x,2,3,False,152663,0.0339374,222.30271906093813
const-table,256,1x,2,4,False,152663,0.0340557,223.07762850199458
const-table,256,2-stackful,2,0,True,152663,0.020618199,135.0569489660232
const-table,256,2-stackful,2,1,True,152663,0.020566897,134.7209015937064
const-table,256,2-stackful,2,2,False,152663,0.020610991000000002,135.00973385823679
const-table,256,2-stackful,2,3,False,152663,0.020608231000000005,134.99165482140404
const-table,256,2-stackful,2,4,False,152663,0.020552986999999995,134.62978586821953
assign-table,64,2-stackful,0,0,True,37464,0.019883321,530.7313954729874
assign-table,64,2-stackful,0,1,True,37464,0.019943451,532.3364029468289
assign-table,64,2-stackful,0,2,False,37464,0.020049901999999994,535.1778240444158
assign-table,64,2-stackful,0,3,False,37464,0.020064237000000006,535.5604580397184
assign-table,64,2-stackful,0,4,False,37464,0.019916899000000002,531.6276692291266
assign-table,64,2-stackless,0,0,True,37464,0.019936261,532.1444853726243
assign-table,64,2-stackless,0,1,True,37464,0.019868824000000004,530.3444373265002
assign-table,64,2-stackless,0,2,False,37464,0.019947490999999998,532.4442398035446
assign-table,64,2-stackless,0,3,False,37464,0.019805337,528.6498238308776
assign-table,64,2-stackless,0,4,False,37464,0.019865933000000002,530.2672699124494
assign-table,64,1x,0,0,True,37464,0.167652,4475.01601537476
assign-table,64,1x,0,1,True,37464,0.169309,4519.245142002989
assign-table,64,1x,0,2,False,37464,0.17031,4545.964125560538
assign-table,64,1x,0,3,False,37464,0.170318,4546.177663890669
assign-table,64,1x,0,4,False,37464,0.17007,4539.55797565663
assign-table,64,2-stackful,1,0,True,37464,0.01996756,532.9799273969678
assign-table,64,2-stackful,1,1,True,37464,0.019954761,532.6382927610506
assign-table,64,2-stackful,1,2,False,37464,0.020081077000000003,536.0099562246425
assign-table,64,2-stackful,1,3,False,37464,0.019954506999999996,532.6315129190689
assign-table,64,2-stackful,1,4,False,37464,0.020020653,534.3971012171685
assign-table,64,2-stackless,1,0,True,37464,0.019937134,532.1677877428998
assign-table,64,2-stackless,1,1,True,37464,0.019829629,529.2982329703182
assign-table,64,2-stackless,1,2,False,37464,0.019866534000000005,530.2833119795005
assign-table,64,2-stackless,1,3,False,37464,0.019865292999999992,530.2501868460387
assign-table,64,2-stackless,1,4,False,37464,0.019989834999999997,533.5744981849241
assign-table,64,1x,1,0,True,37464,0.169328,4519.752295537049
assign-table,64,1x,1,1,True,37464,0.169456,4523.168908819133
assign-table,64,1x,1,2,False,37464,0.168976,4510.356609011317
assign-table,64,1x,1,3,False,37464,0.168771,4504.88468930173
assign-table,64,1x,1,4,False,37464,0.168158,4488.522314755499
assign-table,64,2-stackless,2,0,True,37464,0.01999871,533.8113922699124
assign-table,64,2-stackless,2,1,True,37464,0.019999739,533.8388586376254
assign-table,64,2-stackless,2,2,False,37464,0.019836674999999998,529.4863068545803
assign-table,64,2-stackless,2,3,False,37464,0.019884541,530.7639600683323
assign-table,64,2-stackless,2,4,False,37464,0.019906678999999997,531.3548740123852
assign-table,64,2-stackful,2,0,True,37464,0.020046614,535.0900597907324
assign-table,64,2-stackful,2,1,True,37464,0.020074709000000003,535.8399797138587
assign-table,64,2-stackful,2,2,False,37464,0.0199827,533.3840486867392
assign-table,64,2-stackful,2,3,False,37464,0.019992283,533.639840913944
assign-table,64,2-stackful,2,4,False,37464,0.020044013,535.0206331411489
assign-table,64,1x,2,0,True,37464,0.169611,4527.306213965407
assign-table,64,1x,2,1,True,37464,0.169206,4516.495836002562
assign-table,64,1x,2,2,False,37464,0.167924,4482.276318599189
assign-table,64,1x,2,3,False,37464,0.164154,4381.646380525304
assign-table,64,1x,2,4,False,37464,0.164526,4391.575912876361
add-float4,0,2-stackless,0,0,True,2896494,0.052662205000000004,18.18136167380288
add-float4,0,2-stackless,0,1,True,2896494,0.05272059,18.20151880169612
add-float4,0,2-stackless,0,2,False,2896494,0.05293820499999999,18.276649287034594
add-float4,0,2-stackless,0,3,False,2896494,0.05266663500000002,18.18289110904425
add-float4,0,2-stackless,0,4,False,2896494,0.05281856800000001,18.235345213903432
add-float4,0,1x,0,0,True,2896494,0.0188228,6.49847712441317
add-float4,0,1x,0,1,True,2896494,0.0190765,6.586065774691748
add-float4,0,1x,0,2,False,2896494,0.0190085,6.562589116359295
add-float4,0,1x,0,3,False,2896494,0.0188171,6.4965092280529495
add-float4,0,1x,0,4,False,2896494,0.0188833,6.519364445429543
add-float4,0,2-stackful,0,0,True,2896494,0.061431309,21.20885076924033
add-float4,0,2-stackful,0,1,True,2896494,0.0614315,21.208916711030646
add-float4,0,2-stackful,0,2,False,2896494,0.061395318000000004,21.196425057327932
add-float4,0,2-stackful,0,3,False,2896494,0.061400645000000004,21.198264177312296
add-float4,0,2-stackful,0,4,False,2896494,0.06139029599999998,21.194691237061075
add-float4,0,2-stackful,1,0,True,2896494,0.061323947000000004,21.171784578183143
add-float4,0,2-stackful,1,1,True,2896494,0.061313807,21.168283794131803
add-float4,0,2-stackful,1,2,False,2896494,0.061309879,21.166927671868127
add-float4,0,2-stackful,1,3,False,2896494,0.061303353000000005,21.164674603158165
add-float4,0,2-stackful,1,4,False,2896494,0.06134333099999997,21.17847680678778
add-float4,0,1x,1,0,True,2896494,0.0188016,6.491157930933052
add-float4,0,1x,1,1,True,2896494,0.0188268,6.499858104315079
add-float4,0,1x,1,2,False,2896494,0.0190597,6.5802656591037305
add-float4,0,1x,1,3,False,2896494,0.01885,6.507867787746151
add-float4,0,1x,1,4,False,2896494,0.0188276,6.500134300295461
add-float4,0,2-stackless,1,0,True,2896494,0.052788292,18.22489257702588
add-float4,0,2-stackless,1,1,True,2896494,0.052944471,18.27881259205094
add-float4,0,2-stackless,1,2,False,2896494,0.05281356599999999,18.23361829853609
add-float4,0,2-stackless,1,3,False,2896494,0.052634135,18.171670647341234
add-float4,0,2-stackless,1,4,False,2896494,0.052757410000000005,18.214230721693195
add-float4,0,2-stackless,2,0,True,2896494,0.052764034,18.216517624410752
add-float4,0,2-stackless,2,1,True,2896494,0.052641849000000004,18.17433386708207
add-float4,0,2-stackless,2,2,False,2896494,0.05254433700000001,18.14066833903333
add-float4,0,2-stackless,2,3,False,2896494,0.05262003300000001,18.166802002697057
add-float4,0,2-stackless,2,4,False,2896494,0.05265299799999998,18.178183003313652
add-float4,0,1x,2,0,True,2896494,0.0186454,6.437230665763506
add-float4,0,1x,2,1,True,2896494,0.0186796,6.449038043924828
add-float4,0,1x,2,2,False,2896494,0.0188521,6.508592802194653
add-float4,0,1x,2,3,False,2896494,0.0188267,6.499823579817531
add-float4,0,1x,2,4,False,2896494,0.0187437,6.471168246852919
add-float4,0,2-stackful,2,0,True,2896494,0.061221922,21.136560959560075
add-float4,0,2-stackful,2,1,True,2896494,0.06119942500000001,21.128793983346768
add-float4,0,2-stackful,2,2,False,2896494,0.06135090200000001,21.181090656497137
add-float4,0,2-stackful,2,3,False,2896494,0.061231649,21.13991915743654
add-float4,0,2-stackful,2,4,False,2896494,0.06124676300000001,21.145137189995907
assign-int,8,2-stackful,0,0,True,639665,0.024970474,39.0367989494501
assign-int,8,2-stackful,0,1,True,639665,0.024901886999999998,38.929575637247616
assign-int,8,2-stackful,0,2,False,639665,0.025098098,39.23631588409558
assign-int,8,2-stackful,0,3,False,639665,0.025185587999999995,39.373090602112036
assign-int,8,2-stackful,0,4,False,639665,0.025061095000000005,39.178468417062064
assign-int,8,1x,0,0,True,639665,0.0201421,31.488513518794996
assign-int,8,1x,0,1,True,639665,0.0191464,29.931917488060158
assign-int,8,1x,0,2,False,639665,0.0200947,31.414412231402373
assign-int,8,1x,0,3,False,639665,0.0205271,32.0903910640726
assign-int,8,1x,0,4,False,639665,0.0206257,32.244534248395645
assign-int,8,2-stackless,0,0,True,639665,0.023608077,36.90693878827199
assign-int,8,2-stackless,0,1,True,639665,0.023904044,37.36962941539712
assign-int,8,2-stackless,0,2,False,639665,0.023540050000000007,36.80059093431719
assign-int,8,2-stackless,0,3,False,639665,0.023556058000000005,36.82561653365434
assign-int,8,2-stackless,0,4,False,639665,0.023694359999999998,37.04182658110104
assign-int,8,2-stackless,1,0,True,639665,0.023702199,37.05408143325022
assign-int,8,2-stackless,1,1,True,639665,0.023593681,36.8844332580335
assign-int,8,2-stackless,1,2,False,639665,0.023533656,36.79059507711067
assign-int,8,2-stackless,1,3,False,639665,0.023714154,37.07277090351981
assign-int,8,2-stackless,1,4,False,639665,0.023409258000000002,36.59612140729914
assign-int,8,1x,1,0,True,639665,0.0191967,30.0105523985211
assign-int,8,1x,1,1,True,639665,0.0192946,30.16360126003455
assign-int,8,1x,1,2,False,639665,0.0194093,30.342913868978293
assign-int,8,1x,1,3,False,639665,0.0190244,29.74119265553063
assign-int,8,1x,1,4,False,639665,0.0194057,30.337285923100374
assign-int,8,2-stackful,1,0,True,639665,0.025045768,39.15450743748681
assign-int,8,2-stackful,1,1,True,639665,0.025213509,39.41674001235022
assign-int,8,2-stackful,1,2,False,639665,0.025584839999999998,39.99724855979301
assign-int,8,2-stackful,1,3,False,639665,0.025632192999999998,40.07127637122556
assign-int,8,2-stackful,1,4,False,639665,0.02550438599999999,39.871473349331275
assign-int,8,2-stackful,2,0,True,639665,0.025542219,39.93061837055334
assign-int,8,2-stackful,2,1,True,639665,0.025728636,40.22204747797675
assign-int,8,2-stackful,2,2,False,639665,0.02581547800000001,40.357809165735205
assign-int,8,2-stackful,2,3,False,639665,0.025800464999999995,40.334339068105955
assign-int,8,2-stackful,2,4,False,639665,0.025762659999999993,40.27523781979629
assign-int,8,2-stackless,2,0,True,639665,0.023967604,37.4689939265084
assign-int,8,2-stackless,2,1,True,639665,0.023705479999999998,37.05921068059062
assign-int,8,2-stackless,2,2,False,639665,0.02374697800000001,37.12408526338006
assign-int,8,2-stackless,2,3,False,639665,0.023500439999999997,36.738667896477054
assign-int,8,2-stackless,2,4,False,639665,0.023470407,36.69171675799051
assign-int,8,1x,2,0,True,639665,0.0203631,31.834006862967335
assign-int,8,1x,2,1,True,639665,0.019451,30.408104242064205
assign-int,8,1x,2,2,False,639665,0.0197485,30.873191436142356
assign-int,8,1x,2,3,False,639665,0.0201522,31.50430303361916
assign-int,8,1x,2,4,False,639665,0.0203824,31.864178906146186
get-seq,8,2-stackless,0,0,True,729044,0.019824307,27.192195532779916
get-seq,8,2-stackless,0,1,True,729044,0.019886944000000004,27.278112157839587
get-seq,8,2-stackless,0,2,False,729044,0.019910010000000006,27.30975085180045
get-seq,8,2-stackless,0,3,False,729044,0.019922083,27.326310894815677
get-seq,8,2-stackless,0,4,False,729044,0.019939051,27.349585210220507
get-seq,8,2-stackful,0,0,True,729044,0.022023352000000003,30.20853611030336
get-seq,8,2-stackful,0,1,True,729044,0.022016023000000003,30.19848321911984
get-seq,8,2-stackful,0,2,False,729044,0.021987649999999997,30.159565129128005
get-seq,8,2-stackful,0,3,False,729044,0.021938492000000004,30.092137100092728
get-seq,8,2-stackful,0,4,False,729044,0.021952709,30.11163798069801
get-seq,8,1x,0,0,True,729044,0.0633832,86.94015724702487
get-seq,8,1x,0,1,True,729044,0.0622839,85.43229215246268
get-seq,8,1x,0,2,False,729044,0.0619041,84.91133594131493
get-seq,8,1x,0,3,False,729044,0.0615085,84.36870751285245
get-seq,8,1x,0,4,False,729044,0.0614469,84.28421329851147
get-seq,8,2-stackless,1,0,True,729044,0.019823961,27.19172093865391
get-seq,8,2-stackless,1,1,True,729044,0.019929961,27.337116826967918
get-seq,8,2-stackless,1,2,False,729044,0.019920309000000004,27.32387757117541
get-seq,8,2-stackless,1,3,False,729044,0.019913528,27.314576349301277
get-seq,8,2-stackless,1,4,False,729044,0.019941888000000005,27.3534766077219
get-seq,8,1x,1,0,True,729044,0.0629152,86.29822068352529
get-seq,8,1x,1,1,True,729044,0.060334,82.75769363714673
get-seq,8,1x,1,2,False,729044,0.0624504,85.66067342986157
get-seq,8,1x,1,3,False,729044,0.0604287,82.88758977510274
get-seq,8,1x,1,4,False,729044,0.0618394,84.82258958307044
get-seq,8,2-stackful,1,0,True,729044,0.022215837000000002,30.472559955229045
get-seq,8,2-stackful,1,1,True,729044,0.022076310999999998,30.281177816428084
get-seq,8,2-stackful,1,2,False,729044,0.02194041,30.094767942675613
get-seq,8,2-stackful,1,3,False,729044,0.022017547999999998,30.200574999588497
get-seq,8,2-stackful,1,4,False,729044,0.02224155,30.507829431419776
get-seq,8,1x,2,0,True,729044,0.0619391,84.95934401764502
get-seq,8,1x,2,1,True,729044,0.0620481,85.10885488393019
get-seq,8,1x,2,2,False,729044,0.0618521,84.84000965648164
get-seq,8,1x,2,3,False,729044,0.0612997,84.08230504606033
get-seq,8,1x,2,4,False,729044,0.0619473,84.97059162409951
get-seq,8,2-stackless,2,0,True,729044,0.019999915,27.433069883299225
get-seq,8,2-stackless,2,1,True,729044,0.020335396000000002,27.893235524879163
get-seq,8,2-stackless,2,2,False,729044,0.020161231999999994,27.654341850423283
get-seq,8,2-stackless,2,3,False,729044,0.02013068099999999,27.612436286424398
get-seq,8,2-stackless,2,4,False,729044,0.019955623000000006,27.372316348533158
get-seq,8,2-stackful,2,0,True,729044,0.022224185,30.48401056726343
get-seq,8,2-stackful,2,1,True,729044,0.022165899000000003,30.40406203192126
get-seq,8,2-stackful,2,2,False,729044,0.022032418999999998,30.220972945391495
get-seq,8,2-stackful,2,3,False,729044,0.02211342699999999,30.332088323887163
get-seq,8,2-stackful,2,4,False,729044,0.022073585999999992,30.27744004477095
update-int,64,2-stackless,0,0,True,264476,0.02006423,75.86408596621243
update-int,64,2-stackless,0,1,True,264476,0.020111807,76.04397752537092
update-int,64,2-stackless,0,2,False,264476,0.020311891999999998,76.80051119950392
update-int,64,2-stackless,0,3,False,264476,0.020209078,76.41176515071311
update-int,64,2-stackless,0,4,False,264476,0.02020908399999999,76.41178783708159
update-int,64,1x,0,0,True,264476,0.0219346,82.93606981351805
update-int,64,1x,0,1,True,264476,0.02257,85.33855623950755
update-int,64,1x,0,2,False,264476,0.0223729,84.59330903371195
update-int,64,1x,0,3,False,264476,0.0226033,85.46446558477896
update-int,64,1x,0,4,False,264476,0.0221785,83.85827069374915
update-int,64,2-stackful,0,0,True,264476,0.020758482999999998,78.4890991999274
update-int,64,2-stackful,0,1,True,264476,0.020768326,78.52631618748015
update-int,64,2-stackful,0,2,False,264476,0.020762241,78.50330842874212
update-int,64,2-stackful,0,3,False,264476,0.020783376000000006,78.58322116184458
update-int,64,2-stackful,0,4,False,264476,0.020803156000000003,78.6580105567235
update-int,64,2-stackful,1,0,True,264476,0.020759418,78.4926344923547
update-int,64,2-stackful,1,1,True,264476,0.02073321,78.39354043467083
update-int,64,2-stackful,1,2,False,264476,0.020589011000000004,77.84831515903146
update-int,64,2-stackful,1,3,False,264476,0.020611700000000004,77.9341036615799
update-int,64,2-stackful,1,4,False,264476,0.020714492,78.32276652701947
update-int,64,2-stackless,1,0,True,264476,0.020028424,75.7287012810236
update-int,64,2-stackless,1,1,True,264476,0.020211177,76.41970159863277
update-int,64,2-stackless,1,2,False,264476,0.020338302999999995,76.90037281265596
update-int,64,2-stackless,1,3,False,264476,0.02029086,76.7209879157277
update-int,64,2-stackless,1,4,False,264476,0.02028949499999999,76.71582676688998
update-int,64,1x,1,0,True,264476,0.0225088,85.10715528063038
update-int,64,1x,1,1,True,264476,0.0222946,84.29725192456026
update-int,64,1x,1,2,False,264476,0.0223055,84.33846549403349
update-int,64,1x,1,3,False,264476,0.0223922,84.66628351910948
update-int,64,1x,1,4,False,264476,0.0223429,84.4798771911251
update-int,64,1x,2,0,True,264476,0.0221182,83.63027269014958
update-int,64,1x,2,1,True,264476,0.0223486,84.5014292412166
update-int,64,1x,2,2,False,264476,0.0222876,84.27078449462333
update-int,64,1x,2,3,False,264476,0.0229931,86.9383233261241
update-int,64,1x,2,4,False,264476,0.0226103,85.49093301471589
update-int,64,2-stackless,2,0,True,264476,0.020047754,75.80178919826373
update-int,64,2-stackless,2,1,True,264476,0.020322187000000002,76.83943722681833
update-int,64,2-stackless,2,2,False,264476,0.020351641999999996,76.95080839093148
update-int,64,2-stackless,2,3,False,264476,0.020268038000000002,76.63469653201048
update-int,64,2-stackless,2,4,False,264476,0.020317715,76.82252832015003
update-int,64,2-stackful,2,0,True,264476,0.020723697,78.35757119738653
update-int,64,2-stackful,2,1,True,264476,0.020976685000000002,79.3141343637986
update-int,64,2-stackful,2,2,False,264476,0.020813721000000007,78.69795747062118
update-int,64,2-stackful,2,3,False,264476,0.02078357,78.58395468775994
update-int,64,2-stackful,2,4,False,264476,0.020840743999999994,78.80013309336194
get-int,256,2-stackful,0,0,True,158324,0.023561835,148.82036204239407
get-int,256,2-stackful,0,1,True,158324,0.023728483999999998,149.87294408933576
get-int,256,2-stackful,0,2,False,158324,0.023592416999999997,149.01352290240266
get-int,256,2-stackful,0,3,False,158324,0.023623176999999995,149.2078080392107
get-int,256,2-stackful,0,4,False,158324,0.023686900999999996,149.6102991334226
get-int,256,2-stackless,0,0,True,158324,0.023130916,146.09860791794043
get-int,256,2-stackless,0,1,True,158324,0.023186930999999997,146.45240772087615
get-int,256,2-stackless,0,2,False,158324,0.023229836999999996,146.72340895884386
get-int,256,2-stackless,0,3,False,158324,0.023224853000000004,146.69192920845862
get-int,256,2-stackless,0,4,False,158324,0.023074158999999997,145.7401215229529
get-int,256,1x,0,0,True,158324,0.0203408,128.47578383567873
get-int,256,1x,0,1,True,158324,0.0204377,129.0878199135949
get-int,256,1x,0,2,False,158324,0.0202659,128.00270331724818
get-int,256,1x,0,3,False,158324,0.0205913,130.05798236527627
get-int,256,1x,0,4,False,158324,0.0205885,130.04029711225084
get-int,256,2-stackful,1,0,True,158324,0.023759950000000002,150.071688436371
get-int,256,2-stackful,1,1,True,158324,0.023676261999999997,149.5431014880877
get-int,256,2-stackful,1,2,False,158324,0.02362298000000001,149.2065637553372
get-int,256,2-stackful,1,3,False,158324,0.023606929,149.10518304236882
get-int,256,2-stackful,1,4,False,158324,0.023361004000000005,147.55188095298251
get-int,256,2-stackless,1,0,True,158324,0.022866709,144.42983375862156
get-int,256,2-stackless,1,1,True,158324,0.022910546999999996,144.706721659382
get-int,256,2-stackless,1,2,False,158324,0.023194067,146.49747985144387
get-int,256,2-stackless,1,3,False,158324,0.023122732000000007,146.04691644981182
get-int,256,2-stackless,1,4,False,158324,0.023106651000000006,145.94534625198963
get-int,256,1x,1,0,True,158324,0.0204106,128.91665192895582
get-int,256,1x,1,1,True,158324,0.020368,128.6475834364973
get-int,256,1x,1,2,False,158324,0.0203378,128.45683535029434
get-int,256,1x,1,3,False,158324,0.0202571,127.94712109345393
get-int,256,1x,1,4,False,158324,0.0204189,128.96907607185267
get-int,256,2-stackless,2,0,True,158324,0.022999944,145.2713675753518
get-int,256,2-stackless,2,1,True,158324,0.023259851,146.91298223895302
get-int,256,2-stackless,2,2,False,158324,0.022991572000000002,145.21848866880575
get-int,256,2-stackless,2,3,False,158324,0.022931984000000002,144.8421212197772
get-int,256,2-stackless,2,4,False,158324,0.02309434399999999,145.8676132487809
get-int,256,2-stackful,2,0,True,158324,0.023518097,148.5441057578131
get-int,256,2-stackful,2,1,True,158324,0.023469541,148.23741820570476
get-int,256,2-stackful,2,2,False,158324,0.023574155,148.898177155706
get-int,256,2-stackful,2,3,False,158324,0.023482349,148.31831560597257
get-int,256,2-stackful,2,4,False,158324,0.023573041000000003,148.89114095146664
get-int,256,1x,2,0,True,158324,0.0204692,129.2867790101311
get-int,256,1x,2,1,True,158324,0.0203992,128.84464768449507
get-int,256,1x,2,2,False,158324,0.020379,128.71706121624013
get-int,256,1x,2,3,False,158324,0.020355,128.5654733331649
get-int,256,1x,2,4,False,158324,0.0204993,129.4768954801546
assign-seq,8,1x,0,0,True,229072,0.145762,636.315219668925
assign-seq,8,1x,0,1,True,229072,0.143437,626.1655723964518
assign-seq,8,1x,0,2,False,229072,0.143725,627.4228190263324
assign-seq,8,1x,0,3,False,229072,0.143361,625.8337989802333
assign-seq,8,1x,0,4,False,229072,0.142849,623.5986938604457
assign-seq,8,2-stackless,0,0,True,229072,0.019965794,87.15946951176923
assign-seq,8,2-stackless,0,1,True,229072,0.020003461,87.32390252846267
assign-seq,8,2-stackless,0,2,False,229072,0.019984137,87.23954477194943
assign-seq,8,2-stackless,0,3,False,229072,0.019985575000000005,87.24582227421948
assign-seq,8,2-stackless,0,4,False,229072,0.020066446,87.59885974715374
assign-seq,8,2-stackful,0,0,True,229072,0.020730174,90.49632429978348
assign-seq,8,2-stackful,0,1,True,229072,0.020795491,90.78146172382482
assign-seq,8,2-stackful,0,2,False,229072,0.020790818999999995,90.76106638960674
assign-seq,8,2-stackful,0,3,False,229072,0.020679944,90.27704826430119
assign-seq,8,2-stackful,0,4,False,229072,0.020934663000000006,91.3890086959559
assign-seq,8,2-stackless,1,0,True,229072,0.020137857000000002,87.9106001606482
assign-seq,8,2-stackless,1,1,True,229072,0.020147949,87.95465617797025
assign-seq,8,2-stackless,1,2,False,229072,0.019940885,87.05073077460362
assign-seq,8,2-stackless,1,3,False,229072,0.019930967,87.00743434378711
assign-seq,8,2-stackless,1,4,False,229072,0.019970039999999994,87.17800516868057
assign-seq,8,1x,1,0,True,229072,0.142716,623.0180903820633
assign-seq,8,1x,1,1,True,229072,0.143358,625.820702661172
assign-seq,8,1x,1,2,False,229072,0.140765,614.5011175525599
assign-seq,8,1x,1,3,False,229072,0.142764,623.2276314870434
assign-seq,8,1x,1,4,False,229072,0.143443,626.1917650345742
assign-seq,8,2-stackful,1,0,True,229072,0.020694043000000002,90.33859659844941
assign-seq,8,2-stackful,1,1,True,229072,0.020645278000000003,90.1257159321087
assign-seq,8,2-stackful,1,2,False,229072,0.020697132,90.3520814416428
assign-seq,8,2-stackful,1,3,False,229072,0.020824521,90.9081904379409
assign-seq,8,2-stackful,1,4,False,229072,0.020786937000000005,90.74411975274151
assign-seq,8,2-stackful,2,0,True,229072,0.020763199000000003,90.64049294544948
assign-seq,8,2-stackful,2,1,True,229072,0.020738519000000004,90.53275389397221
assign-seq,8,2-stackful,2,2,False,229072,0.020706678,90.39375392889572
assign-seq,8,2-stackful,2,3,False,229072,0.020743311,90.55367308095272
assign-seq,8,2-stackful,2,4,False,229072,0.020930092999999997,91.36905863658586
assign-seq,8,2-stackless,2,0,True,229072,0.021681304000000002,94.64842494936092
assign-seq,8,2-stackless,2,1,True,229072,0.021778765000000002,95.07388506670394
assign-seq,8,2-stackless,2,2,False,229072,0.021614995000000005,94.35895700914998
assign-seq,8,2-stackless,2,3,False,229072,0.021458785999999994,93.67703604107002
assign-seq,8,2-stackless,2,4,False,229072,0.021563617999999993,94.13467381434654
assign-seq,8,1x,2,0,True,229072,0.142742,623.1315918139275
assign-seq,8,1x,2,1,True,229072,0.141153,616.194908151149
assign-seq,8,1x,2,2,False,229072,0.141777,618.9189425158902
assign-seq,8,1x,2,3,False,229072,0.141262,616.6707410770413
assign-seq,8,1x,2,4,False,229072,0.144624,631.347349305022
take-table,256,1x,0,0,True,22225,0.0201235,905.4443194600675
take-table,256,1x,0,1,True,22225,0.0196701,885.0438695163105
take-table,256,1x,0,2,False,22225,0.0197852,890.22272215973
take-table,256,1x,0,3,False,22225,0.0197808,890.0247469066367
take-table,256,1x,0,4,False,22225,0.0198231,891.9280089988752
take-table,256,2-stackless,0,0,True,22225,0.071037353,3196.281349831271
take-table,256,2-stackless,0,1,True,22225,0.07129289200000001,3207.77916760405
take-table,256,2-stackless,0,2,False,22225,0.070885012,3189.4268616422946
take-table,256,2-stackless,0,3,False,22225,0.07099799000000001,3194.510236220473
take-table,256,2-stackless,0,4,False,22225,0.07113934599999999,3200.8704611923504
take-table,256,2-stackful,0,0,True,22225,0.072982857,3283.8180877390328
take-table,256,2-stackful,0,1,True,22225,0.07289355699999998,3279.8000899887506
take-table,256,2-stackful,0,2,False,22225,0.072645609,3268.6438245219347
take-table,256,2-stackful,0,3,False,22225,0.07318282499999998,3292.8155230596167
take-table,256,2-stackful,0,4,False,22225,0.07288783700000001,3279.5427221597306
take-table,256,2-stackless,1,0,True,22225,0.070590708,3176.184836895388
take-table,256,2-stackless,1,1,True,22225,0.071421989,3213.5878065241845
take-table,256,2-stackless,1,2,False,22225,0.070822793,3186.6273565804277
take-table,256,2-stackless,1,3,False,22225,0.07088985699999997,3189.6448593925747
take-table,256,2-stackless,1,4,False,22225,0.070778634,3184.640449943757
take-table,256,2-stackful,1,0,True,22225,0.073015054,3285.2667716535434
take-table,256,2-stackful,1,1,True,22225,0.072848494,3277.7725084364456
take-table,256,2-stackful,1,2,False,22225,0.072679581,3270.1723734533184
take-table,256,2-stackful,1,3,False,22225,0.071778376,3229.623217097863
take-table,256,2-stackful,1,4,False,22225,0.07233057799999998,3254.4692013498307
take-table,256,1x,1,0,True,22225,0.0198947,895.1496062992126
take-table,256,1x,1,1,True,22225,0.0197367,888.0404949381327
take-table,256,1x,1,2,False,22225,0.019619,882.7446569178852
take-table,256,1x,1,3,False,22225,0.0200617,902.6636670416198
take-table,256,1x,1,4,False,22225,0.0197812,890.0427446569179
take-table,256,2-stackless,2,0,True,22225,0.07200627400000001,3239.877345331834
take-table,256,2-stackless,2,1,True,22225,0.07223909199999999,3250.3528458942624
take-table,256,2-stackless,2,2,False,22225,0.071265053,3206.5265691788527
take-table,256,2-stackless,2,3,False,22225,0.07206813600000003,3242.6607874015763
take-table,256,2-stackless,2,4,False,22225,0.07161856099999997,3222.4324409448805
take-table,256,1x,2,0,True,22225,0.0199875,899.3250843644545
take-table,256,1x,2,1,True,22225,0.0196478,884.0404949381327
take-table,256,1x,2,2,False,22225,0.0196755,885.2868391451069
take-table,256,1x,2,3,False,22225,0.0197019,886.474690663667
take-table,256,1x,2,4,False,22225,0.0195843,881.1833520809898
take-table,256,2-stackful,2,0,True,22225,0.072273141,3251.884859392576
take-table,256,2-stackful,2,1,True,22225,0.072170643,3247.273025871766
take-table,256,2-stackful,2,2,False,22225,0.071804589,3230.8026546681663
take-table,256,2-stackful,2,3,False,22225,0.07192455200000003,3236.200314960631
take-table,256,2-stackful,2,4,False,22225,0.07178335200000002,3229.8471091113624
assign-string,64,2-stackful,0,0,True,59124,0.039205621999999996,663.1084162099992
assign-string,64,2-stackful,0,1,True,59124,0.039167698,662.4669846424464
assign-string,64,2-stackful,0,2,False,59124,0.039170627,662.5165245923821
assign-string,64,2-stackful,0,3,False,59124,0.039171395,662.5295142412557
assign-string,64,2-stackful,0,4,False,59124,0.03916819299999999,662.4753568770718
assign-string,64,2-stackless,0,0,True,59124,0.039078583,660.9597287057709
assign-string,64,2-stackless,0,1,True,59124,0.039085589000000004,661.0782254245316
assign-string,64,2-stackless,0,2,False,59124,0.039079675999999994,660.9782152763681
assign-string,64,2-stackless,0,3,False,59124,0.03906632199999999,660.7523509911371
assign-string,64,2-stackless,0,4,False,59124,0.039057382,660.6011433597185
assign-string,64,1x,0,0,True,59124,0.0196385,332.15783776469794
assign-string,64,1x,0,1,True,59124,0.0197472,333.99634666125434
assign-string,64,1x,0,2,False,59124,0.0197713,334.4039645490833
assign-string,64,1x,0,3,False,59124,0.0191308,323.570800351803
assign-string,64,1x,0,4,False,59124,0.0193858,327.8837697043502
assign-string,64,2-stackful,1,0,True,59124,0.039340783,665.3944760165077
assign-string,64,2-stackful,1,1,True,59124,0.039197791,662.9759657668628
assign-string,64,2-stackful,1,2,False,59124,0.039182551999999995,662.7182193356334
assign-string,64,2-stackful,1,3,False,59124,0.039219915999999994,663.3501792842161
assign-string,64,2-stackful,1,4,False,59124,0.039189383999999994,662.8337730870711
assign-string,64,1x,1,0,True,59124,0.0191047,323.1293552533658
assign-string,64,1x,1,1,True,59124,0.0186974,316.2404438130032
assign-string,64,1x,1,2,False,59124,0.0186962,316.22014748663827
assign-string,64,1x,1,3,False,59124,0.01851,313.0708341790136
assign-string,64,1x,1,4,False,59124,0.01868,315.94614708071174
assign-string,64,2-stackless,1,0,True,59124,0.039117520999999995,661.6183106691021
assign-string,64,2-stackless,1,1,True,59124,0.039073352,660.8712536364252
assign-string,64,2-stackless,1,2,False,59124,0.039077834000000006,660.9470604153983
assign-string,64,2-stackless,1,3,False,59124,0.039099279,661.3097726811448
assign-string,64,2-stackless,1,4,False,59124,0.03917084500000001,662.5202117583385
assign-string,64,2-stackless,2,0,True,59124,0.039099748999999996,661.3177220756376
assign-string,64,2-stackless,2,1,True,59124,0.039085629000000004,661.0789019687437
assign-string,64,2-stackless,2,2,False,59124,0.039087087000000006,661.1035620052771
assign-string,64,2-stackless,2,3,False,59124,0.03906203700000001,660.6798761924093
assign-string,64,2-stackless,2,4,False,59124,0.03906659800000001,660.7570191462013
assign-string,64,2-stackful,2,0,True,59124,0.039209344,663.1713686489412
assign-string,64,2-stackful,2,1,True,59124,0.03908568600000001,661.0798660442462
assign-string,64,2-stackful,2,2,False,59124,0.039167306,662.4603545091671
assign-string,64,2-stackful,2,3,False,59124,0.03919961499999999,663.0068161829374
assign-string,64,2-stackful,2,4,False,59124,0.039301543999999994,664.7308030579798
assign-string,64,1x,2,0,True,59124,0.0193496,327.27149719234154
assign-string,64,1x,2,1,True,59124,0.0191626,324.10865300047357
assign-string,64,1x,2,2,False,59124,0.0192363,325.35518571138624
assign-string,64,1x,2,3,False,59124,0.0190852,322.7995399499357
assign-string,64,1x,2,4,False,59124,0.0188306,318.49333603951015
const-int,256,2-stackful,0,0,True,159862,0.020806059,130.15012323128698
const-int,256,2-stackful,0,1,True,159862,0.020621363,128.99477674494253
const-int,256,2-stackful,0,2,False,159862,0.020513511999999998,128.3201261087688
const-int,256,2-stackful,0,3,False,159862,0.020617284000000007,128.96926098760184
const-int,256,2-stackful,0,4,False,159862,0.020635182000000002,129.08122005229512
const-int,256,1x,0,0,True,159862,0.0200958,125.70717243622624
const-int,256,1x,0,1,True,159862,0.0200621,125.49636561534324
const-int,256,1x,0,2,False,159862,0.0200034,125.12917391249952
const-int,256,1x,0,3,False,159862,0.0199931,125.06474334113173
const-int,256,1x,0,4,False,159862,0.020004,125.13292714966659
const-int,256,2-stackless,0,0,True,159862,0.020431032,127.8041811062041
const-int,256,2-stackless,0,1,True,159862,0.020509068000000002,128.29232713215148
const-int,256,2-stackless,0,2,False,159862,0.020292547,126.93790269107105
const-int,256,2-stackless,0,3,False,159862,0.020356291,127.33664660769914
const-int,256,2-stackless,0,4,False,159862,0.020425985000000008,127.77261012623393
const-int,256,2-stackless,1,0,True,159862,0.020404639,127.63908245862056
const-int,256,2-stackless,1,1,True,159862,0.020367490000000002,127.40670077942228
const-int,256,2-stackless,1,2,False,159862,0.020356827999999993,127.34000575496361
const-int,256,2-stackless,1,3,False,159862,0.020310987999999995,127.05325843540051
const-int,256,2-stackless,1,4,False,159862,0.02044312699999999,127.87984011209663
const-int,256,1x,1,0,True,159862,0.0199913,125.05348362963056
const-int,256,1x,1,1,True,159862,0.0200432,125.37813864458096
const-int,256,1x,1,2,False,159862,0.0200892,125.66588682738862
const-int,256,1x,1,3,False,159862,0.0201158,125.8322803417948
const-int,256,1x,1,4,False,159862,0.0199709,124.92587356595064
const-int,256,2-stackful,1,0,True,159862,0.020716103,129.58741289362075
const-int,256,2-stackful,1,1,True,159862,0.020902543000000003,130.75366878933082
const-int,256,2-stackful,1,2,False,159862,0.020841671,130.37289036794235
const-int,256,2-stackful,1,3,False,159862,0.020624790999999996,129.01622023995694
const-int,256,2-stackful,1,4,False,159862,0.020755768000000008,129.83553314733962
const-int,256,1x,2,0,True,159862,0.0200028,125.12542067533248
const-int,256,1x,2,1,True,159862,0.0201488,126.03870838598291
const-int,256,1x,2,2,False,159862,0.0200556,125.45570554603346
const-int,256,1x,2,3,False,159862,0.0200264,125.27304800390337
const-int,256,1x,2,4,False,159862,0.0201203,125.86042962054772
const-int,256,2-stackless,2,0,True,159862,0.02052878,128.41563348387984
const-int,256,2-stackless,2,1,True,159862,0.020492193000000002,128.18676733682804
const-int,256,2-stackless,2,2,False,159862,0.020455376000000004,127.95646244886217
const-int,256,2-stackless,2,3,False,159862,0.020490039,128.17329321539827
const-int,256,2-stackless,2,4,False,159862,0.02064620099999999,129.15014825286804
const-int,256,2-stackful,2,0,True,159862,0.020700866,129.49209943576335
const-int,256,2-stackful,2,1,True,159862,0.020833924000000004,130.32442982072038
const-int,256,2-stackful,2,2,False,159862,0.020849249,130.42029375336227
const-int,256,2-stackful,2,3,False,159862,0.020922821,130.88051569478677
const-int,256,2-stackful,2,4,False,159862,0.020638443000000006,129.1016188962981
update-seq,8,1x,0,0,True,556125,0.0930561,167.3294672960216
update-seq,8,1x,0,1,True,556125,0.094081,169.17239829175097
update-seq,8,1x,0,2,False,556125,0.096028,172.67340975500113
update-seq,8,1x,0,3,False,556125,0.096021,172.66082265677682
update-seq,8,1x,0,4,False,556125,0.0963234,173.20458530006744
update-seq,8,2-stackful,0,0,True,556125,0.021731411,39.07648640143852
update-seq,8,2-stackful,0,1,True,556125,0.02173008,39.07409305461901
update-seq,8,2-stackful,0,2,False,556125,0.021706337000000006,39.031399415599026
update-seq,8,2-stackful,0,3,False,556125,0.021653763000000006,38.93686311530682
update-seq,8,2-stackful,0,4,False,556125,0.021709544999999997,39.03716790289952
update-seq,8,2-stackless,0,0,True,556125,0.02002103,36.00095302315127
update-seq,8,2-stackless,0,1,True,556125,0.0200231,36.00467520791189
update-seq,8,2-stackless,0,2,False,556125,0.019984989,35.93614565070803
update-seq,8,2-stackless,0,3,False,556125,0.019972217000000007,35.91317959091932
update-seq,8,2-stackless,0,4,False,556125,0.019974370000000005,35.917051022701735
update-seq,8,2-stackful,1,0,True,556125,0.021648173,38.926811418296246
update-seq,8,2-stackful,1,1,True,556125,0.021664911000000002,38.956908968307495
update-seq,8,2-stackful,1,2,False,556125,0.021655633,38.94022566868959
update-seq,8,2-stackful,1,3,False,556125,0.02168709199999999,38.996793886266566
update-seq,8,2-stackful,1,4,False,556125,0.021708362999999994,39.0350424814565
update-seq,8,1x,1,0,True,556125,0.0979954,176.21110361879073
update-seq,8,1x,1,1,True,556125,0.100195,180.16632951224994
update-seq,8,1x,1,2,False,556125,0.100375,180.48999775230388
update-seq,8,1x,1,3,False,556125,0.0987659,177.59658350191054
update-seq,8,1x,1,4,False,556125,0.0983952,176.93000674308834
update-seq,8,2-stackless,1,0,True,556125,0.020049276,36.05174376264329
update-seq,8,2-stackless,1,1,True,556125,0.020054358999999997,36.06088379411103
update-seq,8,2-stackless,1,2,False,556125,0.019952204,35.877193077095974
update-seq,8,2-stackless,1,3,False,556125,0.020108593,36.15840503483929
update-seq,8,2-stackless,1,4,False,556125,0.01999893700000001,35.96122634299844
update-seq,8,2-stackless,2,0,True,556125,0.020058943000000003,36.069126545291084
update-seq,8,2-stackless,2,1,True,556125,0.020069752000000003,36.08856282310632
update-seq,8,2-stackless,2,2,False,556125,0.019951594000000003,35.87609620139358
update-seq,8,2-stackless,2,3,False,556125,0.019938304999999996,35.85220049449314
update-seq,8,2-stackless,2,4,False,556125,0.019954801000000008,35.881862890537214
update-seq,8,1x,2,0,True,556125,0.092886,167.0236008091706
update-seq,8,1x,2,1,True,556125,0.0937028,168.49233535625984
update-seq,8,1x,2,2,False,556125,0.0924698,166.2752079118903
update-seq,8,1x,2,3,False,556125,0.0944264,169.7934816812767
update-seq,8,1x,2,4,False,556125,0.0932511,167.68010788941336
update-seq,8,2-stackful,2,0,True,556125,0.02175827,39.12478309732524
update-seq,8,2-stackful,2,1,True,556125,0.02171796,39.05229939312205
update-seq,8,2-stackful,2,2,False,556125,0.021748617000000005,39.10742548887391
update-seq,8,2-stackful,2,3,False,556125,0.021661045000000004,38.94995729377389
update-seq,8,2-stackful,2,4,False,556125,0.021713380000000004,39.04406383456957
make-table,8,1x,0,0,True,352541,0.0204237,57.93283618075628
make-table,8,1x,0,1,True,352541,0.0204235,57.932268870854735
make-table,8,1x,0,2,False,352541,0.0203489,57.72066227757906
make-table,8,1x,0,3,False,352541,0.0207606,58.88846970990608
make-table,8,1x,0,4,False,352541,0.0205004,58.15039952799816
make-table,8,2-stackless,0,0,True,352541,0.10746359999999999,304.8258216774786
make-table,8,2-stackless,0,1,True,352541,0.108187933,306.8804280920517
make-table,8,2-stackless,0,2,False,352541,0.108201874,306.9199724287388
make-table,8,2-stackless,0,3,False,352541,0.11135716099999998,315.8701002152941
make-table,8,2-stackless,0,4,False,352541,0.10971553800000006,311.21355530278765
make-table,8,2-stackful,0,0,True,352541,0.109623704,310.95306361529583
make-table,8,2-stackful,0,1,True,352541,0.10945534900000001,310.47551632292414
make-table,8,2-stackful,0,2,False,352541,0.10934770699999999,310.1701844608144
make-table,8,2-stackful,0,3,False,352541,0.10806700399999997,306.5374069966329
make-table,8,2-stackful,0,4,False,352541,0.10782819599999999,305.8600162817941
make-table,8,1x,1,0,True,352541,0.0213824,60.652236193804406
make-table,8,1x,1,1,True,352541,0.021271,60.33624457864475
make-table,8,1x,1,2,False,352541,0.0216555,61.42689786436188
make-table,8,1x,1,3,False,352541,0.0215933,61.25046448498189
make-table,8,1x,1,4,False,352541,0.0216195,61.32478208208407
make-table,8,2-stackless,1,0,True,352541,0.10780546,305.7955244921867
make-table,8,2-stackless,1,1,True,352541,0.10763627599999999,305.31562570027313
make-table,8,2-stackless,1,2,False,352541,0.107789374,305.7498957568056
make-table,8,2-stackless,1,3,False,352541,0.10806112499999998,306.5207309220771
make-table,8,2-stackless,1,4,False,352541,0.10778650800000006,305.74176620591663
make-table,8,2-stackful,1,0,True,352541,0.10872415199999999,308.40143983253006
make-table,8,2-stackful,1,1,True,352541,0.109173073,309.6748264740839
make-table,8,2-stackful,1,2,False,352541,0.10846466599999999,307.66539494697065
make-table,8,2-stackful,1,3,False,352541,0.10865836699999998,308.2148374231649
make-table,8,2-stackful,1,4,False,352541,0.10788877699999999,306.0318572875211
make-table,8,2-stackless,2,0,True,352541,0.10682945399999999,303.027035153358
make-table,8,2-stackless,2,1,True,352541,0.10659768000000001,302.3695967277565
make-table,8,2-stackless,2,2,False,352541,0.10659068500000002,302.34975506395006
make-table,8,2-stackless,2,3,False,352541,0.10662475499999996,302.4463963056778
make-table,8,2-stackless,2,4,False,352541,0.10728083899999996,304.30741105289866
make-table,8,2-stackful,2,0,True,352541,0.109711668,311.2025778561926
make-table,8,2-stackful,2,1,True,352541,0.109219707,309.8071061238267
make-table,8,2-stackful,2,2,False,352541,0.10874827800000003,308.4698744259534
make-table,8,2-stackful,2,3,False,352541,0.10859208200000003,308.026816739046
make-table,8,2-stackful,2,4,False,352541,0.10946536099999998,310.50391585659537
make-table,8,1x,2,0,True,352541,0.0215361,61.08821385314049
make-table,8,1x,2,1,True,352541,0.0219915,62.379978498954735
make-table,8,1x,2,2,False,352541,0.0224487,63.676848933882866
make-table,8,1x,2,3,False,352541,0.0219504,62.26339631418757
make-table,8,1x,2,4,False,352541,0.0221516,62.834110075140195
add-int,64,1x,0,0,True,324488,0.0215799,66.50446241463474
add-int,64,1x,0,1,True,324488,0.0213921,65.92570449446512
add-int,64,1x,0,2,False,324488,0.0215673,66.46563201104509
add-int,64,1x,0,3,False,324488,0.0218198,67.24378097186953
add-int,64,1x,0,4,False,324488,0.021641,66.69275905426395
add-int,64,2-stackless,0,0,True,324488,0.020552005,63.3367181529055
add-int,64,2-stackless,0,1,True,324488,0.020965045,64.60961576391115
add-int,64,2-stackless,0,2,False,324488,0.020408340000000004,62.89397450753188
add-int,64,2-stackless,0,3,False,324488,0.020359305,62.74285952022879
add-int,64,2-stackless,0,4,False,324488,0.02061745200000001,63.53841128177316
add-int,64,2-stackful,0,0,True,324488,0.020198136000000002,62.24617243164617
add-int,64,2-stackful,0,1,True,324488,0.02027375,62.47919799807697
add-int,64,2-stackful,0,2,False,324488,0.020685185999999994,63.74715243707007
add-int,64,2-stackful,0,3,False,324488,0.02022853,62.339839994082986
add-int,64,2-stackful,0,4,False,324488,0.020465844999999996,63.071192155025756
add-int,64,1x,1,0,True,324488,0.0217593,67.05733339907793
add-int,64,1x,1,1,True,324488,0.0217311,66.97042725771061
add-int,64,1x,1,2,False,324488,0.0217411,67.00124503833732
add-int,64,1x,1,3,False,324488,0.0216832,66.82281008850866
add-int,64,1x,1,4,False,324488,0.02172,66.93621952121497
add-int,64,2-stackful,1,0,True,324488,0.020127475,62.02841091195977
add-int,64,2-stackful,1,1,True,324488,0.020507982000000004,63.201049037252545
add-int,64,2-stackful,1,2,False,324488,0.020806266999999996,64.12029720667636
add-int,64,2-stackful,1,3,False,324488,0.020445985000000007,63.00998804270114
add-int,64,2-stackful,1,4,False,324488,0.02048106100000001,63.11808449002739
add-int,64,2-stackless,1,0,True,324488,0.020478263,63.10946167500801
add-int,64,2-stackless,1,1,True,324488,0.02058348,63.433717117428074
add-int,64,2-stackless,1,2,False,324488,0.020450394999999996,63.02357868395748
add-int,64,2-stackless,1,3,False,324488,0.020894040000000003,64.3907941125712
add-int,64,2-stackless,1,4,False,324488,0.020362991999999996,62.75422203594585
add-int,64,2-stackful,2,0,True,324488,0.020290336,62.53031236902443
add-int,64,2-stackful,2,1,True,324488,0.020080066999999997,61.882309977564645
add-int,64,2-stackful,2,2,False,324488,0.020016886999999997,61.687603239565085
add-int,64,2-stackful,2,3,False,324488,0.020030519999999996,61.72961711989348
add-int,64,2-stackful,2,4,False,324488,0.02017277599999999,62.16801853997679
add-int,64,1x,2,0,True,324488,0.021598,66.5602425975691
add-int,64,1x,2,1,True,324488,0.0214764,66.18549838514829
add-int,64,1x,2,2,False,324488,0.0215592,66.44066960873745
add-int,64,1x,2,3,False,324488,0.0215735,66.48473903503366
add-int,64,1x,2,4,False,324488,0.0214989,66.2548383915584
add-int,64,2-stackless,2,0,True,324488,0.020245227,62.39129644239541
add-int,64,2-stackless,2,1,True,324488,0.020278326,62.493300214491754
add-int,64,2-stackless,2,2,False,324488,0.020200692,62.25404945637435
add-int,64,2-stackless,2,3,False,324488,0.020576009,63.410693153521855
add-int,64,2-stackless,2,4,False,324488,0.020293646999999998,62.54051613618992
assign-table,256,1x,0,0,True,9835,0.17191,17479.410269445856
assign-table,256,1x,0,1,True,9835,0.173123,17602.74529740722
assign-table,256,1x,0,2,False,9835,0.175157,17809.557702084392
assign-table,256,1x,0,3,False,9835,0.1753,17824.097610574478
assign-table,256,1x,0,4,False,9835,0.172286,17517.641077783428
assign-table,256,2-stackful,0,0,True,9835,0.019977197,2031.2350788002034
assign-table,256,2-stackful,0,1,True,9835,0.020120236,2045.778952719878
assign-table,256,2-stackful,0,2,False,9835,0.020081625,2041.853075749873
assign-table,256,2-stackful,0,3,False,9835,0.020102160999999993,2043.9411286222667
assign-table,256,2-stackful,0,4,False,9835,0.02013295300000001,2047.071987798679
assign-table,256,2-stackless,0,0,True,9835,0.020188917,2052.762277580071
assign-table,256,2-stackless,0,1,True,9835,0.020066897,2040.3555668530757
assign-table,256,2-stackless,0,2,False,9835,0.020308632,2064.9346212506357
assign-table,256,2-stackless,0,3,False,9835,0.020136892000000003,2047.4724961870872
assign-table,256,2-stackless,0,4,False,9835,0.020076627,2041.344890696492
assign-table,256,2-stackful,1,0,True,9835,0.019973582,2030.8675139806812
assign-table,256,2-stackful,1,1,True,9835,0.020093528,2043.0633451957294
assign-table,256,2-stackful,1,2,False,9835,0.020118490999999995,2045.601525165226
assign-table,256,2-stackful,1,3,False,9835,0.019999955999999992,2033.5491611591249
assign-table,256,2-stackful,1,4,False,9835,0.02010589,2044.320284697509
assign-table,256,2-stackless,1,0,True,9835,0.020169206999999998,2050.758210472801
assign-table,256,2-stackless,1,1,True,9835,0.020132855,2047.0620233858667
assign-table,256,2-stackless,1,2,False,9835,0.020019028,2035.4883579054397
assign-table,256,2-stackless,1,3,False,9835,0.020028365000000006,2036.4377224199295
assign-table,256,2-stackless,1,4,False,9835,0.019961991999999998,2029.6890696492117
assign-table,256,1x,1,0,True,9835,0.173057,17596.034570411794
assign-table,256,1x,1,1,True,9835,0.171712,17459.27808845958
assign-table,256,1x,1,2,False,9835,0.174144,17706.558210472802
assign-table,256,1x,1,3,False,9835,0.173175,17608.032536858158
assign-table,256,1x,1,4,False,9835,0.171122,17399.28825622776
assign-table,256,2-stackful,2,0,True,9835,0.020078552,2041.5406202338586
assign-table,256,2-stackful,2,1,True,9835,0.020061311,2039.7875953228267
assign-table,256,2-stackful,2,2,False,9835,0.020080149999999998,2041.703101169293
assign-table,256,2-stackful,2,3,False,9835,0.020100011000000008,2043.722521606508
assign-table,256,2-stackful,2,4,False,9835,0.020054375,2039.0823589222166
assign-table,256,2-stackless,2,0,True,9835,0.020175104,2051.357803762074
assign-table,256,2-stackless,2,1,True,9835,0.020093931,2043.1043213014743
assign-table,256,2-stackless,2,2,False,9835,0.020181544000000003,2052.012608032537
assign-table,256,2-stackless,2,3,False,9835,0.019969385000000006,2030.440772750382
assign-table,256,2-stackless,2,4,False,9835,0.020159197000000004,2049.7404168784956
assign-table,256,1x,2,0,True,9835,0.175363,17830.503304524656
assign-table,256,1x,2,1,True,9835,0.174588,17751.703101169292
assign-table,256,1x,2,2,False,9835,0.1726,17549.567869852566
assign-table,256,1x,2,3,False,9835,0.172786,17568.479918657853
assign-table,256,1x,2,4,False,9835,0.172766,17566.44636502288
update-table,0,2-stackful,0,0,True,804380,0.02208641,27.45768169273229
update-table,0,2-stackful,0,1,True,804380,0.022044212,27.405221412765112
update-table,0,2-stackful,0,2,False,804380,0.022053487999999996,27.41675327581491
update-table,0,2-stackful,0,3,False,804380,0.02202838,27.385539173027674
update-table,0,2-stackful,0,4,False,804380,0.022016820999999992,27.37116909918197
update-table,0,2-stackless,0,0,True,804380,0.019609122,24.377933315099828
update-table,0,2-stackless,0,1,True,804380,0.019612351000000004,24.38194758696139
update-table,0,2-stackless,0,2,False,804380,0.019628771000000003,24.402360824485942
update-table,0,2-stackless,0,3,False,804380,0.019647935999999998,24.42618662821054
update-table,0,2-stackless,0,4,False,804380,0.019674492000000002,24.459200875208236
update-table,0,1x,0,0,True,804380,0.0685134,85.17541460503742
update-table,0,1x,0,1,True,804380,0.0686,85.28307516347995
update-table,0,1x,0,2,False,804380,0.0680956,84.65600835426042
update-table,0,1x,0,3,False,804380,0.0686903,85.39533553792984
update-table,0,1x,0,4,False,804380,0.0689633,85.73472736766205
update-table,0,2-stackless,1,0,True,804380,0.019651863999999998,24.431069892339437
update-table,0,2-stackless,1,1,True,804380,0.019632689000000002,24.407231656679677
update-table,0,2-stackless,1,2,False,804380,0.019618175,24.389187945995673
update-table,0,2-stackless,1,3,False,804380,0.019595491,24.360987344290013
update-table,0,2-stackless,1,4,False,804380,0.019655394000000007,24.435458365449175
update-table,0,1x,1,0,True,804380,0.0682867,84.89358263507297
update-table,0,1x,1,1,True,804380,0.0688766,85.62694248986797
update-table,0,1x,1,2,False,804380,0.0686918,85.39720032820308
update-table,0,1x,1,3,False,804380,0.06865,85.34523483925508
update-table,0,1x,1,4,False,804380,0.0682635,84.86474054551331
update-table,0,2-stackful,1,0,True,804380,0.022134416,27.51736244063751
update-table,0,2-stackful,1,1,True,804380,0.022089167,27.46110917725453
update-table,0,2-stackful,1,2,False,804380,0.022029359000000005,27.386756259479355
update-table,0,2-stackful,1,3,False,804380,0.022037832999999993,27.397291081329712
update-table,0,2-stackful,1,4,False,804380,0.02203316899999999,27.391492826773405
update-table,0,2-stackless,2,0,True,804380,0.019591435,24.355944951391134
update-table,0,2-stackless,2,1,True,804380,0.019613717,24.383645789303564
update-table,0,2-stackless,2,2,False,804380,0.019599058000000003,24.365421815559813
update-table,0,2-stackless,2,3,False,804380,0.019646102999999998,24.423907854496626
update-table,0,2-stackless,2,4,False,804380,0.019608260000000002,24.37686168228947
update-table,0,1x,2,0,True,804380,0.0683956,85.02896640891122
update-table,0,1x,2,1,True,804380,0.0679182,84.43546582461026
update-table,0,1x,2,2,False,804380,0.0692194,86.05310922698227
update-table,0,1x,2,3,False,804380,0.0687842,85.51207140903553
update-table,0,1x,2,4,False,804380,0.0693426,86.2062706680922
update-table,0,2-stackful,2,0,True,804380,0.022091341,27.463811879957234
update-table,0,2-stackful,2,1,True,804380,0.022033454,27.391847136925335
update-table,0,2-stackful,2,2,False,804380,0.022021239000000005,27.376661528133475
update-table,0,2-stackful,2,3,False,804380,0.022024606999999988,27.380848603893668
update-table,0,2-stackful,2,4,False,804380,0.02202549899999999,27.381957532509496
const-int,0,1x,0,0,True,2497940,0.0160795,6.437104173839243
const-int,0,1x,0,1,True,2497940,0.0162212,6.493830916675341
const-int,0,1x,0,2,False,2497940,0.016003,6.406478938645444
const-int,0,1x,0,3,False,2497940,0.0160321,6.418128537915242
const-int,0,1x,0,4,False,2497940,0.0161143,6.451035653378384
const-int,0,2-stackless,0,0,True,2497940,0.045049717999999996,18.034747832213743
const-int,0,2-stackless,0,1,True,2497940,0.04499872,18.014331809410955
const-int,0,2-stackless,0,2,False,2497940,0.045030205000000004,18.02693619542503
const-int,0,2-stackless,0,3,False,2497940,0.044898913999999984,17.974376486224642
const-int,0,2-stackless,0,4,False,2497940,0.044956652000000014,17.997490732363474
const-int,0,2-stackful,0,0,True,2497940,0.052321505,20.945861389785183
const-int,0,2-stackful,0,1,True,2497940,0.052354083999999995,20.95890373667902
const-int,0,2-stackful,0,2,False,2497940,0.052421465000000014,20.985878363771754
const-int,0,2-stackful,0,3,False,2497940,0.052332603000000005,20.950304250702583
const-int,0,2-stackful,0,4,False,2497940,0.05229776799999997,20.936358759617914
const-int,0,2-stackful,1,0,True,2497940,0.052292818,20.934377126752445
const-int,0,2-stackful,1,1,True,2497940,0.0523269,20.94802116944362
const-int,0,2-stackful,1,2,False,2497940,0.05233162099999998,20.94991112676845
const-int,0,2-stackful,1,3,False,2497940,0.052333254999999995,20.950565265778998
const-int,0,2-stackful,1,4,False,2497940,0.05230595099999999,20.93963465895898
const-int,0,1x,1,0,True,2497940,0.0160933,6.442628726070283
const-int,0,1x,1,1,True,2497940,0.0160938,6.442828891006188
const-int,0,1x,1,2,False,2497940,0.015962,6.390065413901055
const-int,0,1x,1,3,False,2497940,0.0160407,6.421571374812847
const-int,0,1x,1,4,False,2497940,0.0160077,6.4083604890429715
const-int,0,2-stackless,1,0,True,2497940,0.04508084,18.04720689848435
const-int,0,2-stackless,1,1,True,2497940,0.044995265000000007,18.01294866970384
const-int,0,2-stackless,1,2,False,2497940,0.04501678099999999,18.02156216722579
const-int,0,2-stackless,1,3,False,2497940,0.04491387699999999,17.980366622096604
const-int,0,2-stackless,1,4,False,2497940,0.04493444200000002,17.988599405910477
const-int,0,1x,2,0,True,2497940,0.0160265,6.415886690633082
const-int,0,1x,2,1,True,2497940,0.0160285,6.416687350376711
const-int,0,1x,2,2,False,2497940,0.0160272,6.4161669215433506
const-int,0,1x,2,3,False,2497940,0.0160185,6.412684051658568
const-int,0,1x,2,4,False,2497940,0.016132,6.458121492109498
const-int,0,2-stackful,2,0,True,2497940,0.052332843000000004,20.95040032987182
const-int,0,2-stackful,2,1,True,2497940,0.052325776000000004,20.947571198667706
const-int,0,2-stackful,2,2,False,2497940,0.05231499399999999,20.9432548419898
const-int,0,2-stackful,2,3,False,2497940,0.052297442,20.936228252079715
const-int,0,2-stackful,2,4,False,2497940,0.052309312,20.94098016765815
const-int,0,2-stackless,2,0,True,2497940,0.044919249999999994,17.982517594497864
const-int,0,2-stackless,2,1,True,2497940,0.044898279,17.97412227675605
const-int,0,2-stackless,2,2,False,2497940,0.044910409,17.978978278101156
const-int,0,2-stackless,2,3,False,2497940,0.04543650099999999,18.18958862102372
const-int,0,2-stackless,2,4,False,2497940,0.04504406999999999,18.032486769097734
make-table,64,2-stackful,0,0,True,54117,0.070722653,1306.8472568693755
make-table,64,2-stackful,0,1,True,54117,0.070756082,1307.464974037733
make-table,64,2-stackful,0,2,False,54117,0.070901087,1310.1444462922925
make-table,64,2-stackful,0,3,False,54117,0.07072832100000004,1306.9519929042638
make-table,64,2-stackful,0,4,False,54117,0.070684248,1306.1375907755419
make-table,64,2-stackless,0,0,True,54117,0.07048299400000001,1302.4187223977679
make-table,64,2-stackless,0,1,True,54117,0.07049322000000001,1302.607683352736
make-table,64,2-stackless,0,2,False,54117,0.07068582699999998,1306.1667682983164
make-table,64,2-stackless,0,3,False,54117,0.070491357,1302.5732579411276
make-table,64,2-stackless,0,4,False,54117,0.07046913099999996,1302.1625552044636
make-table,64,1x,0,0,True,54117,0.021212,391.96555610991
make-table,64,1x,0,1,True,54117,0.0211412,390.65727959790826
make-table,64,1x,0,2,False,54117,0.0210892,389.6963985438956
make-table,64,1x,0,3,False,54117,0.0212992,393.5768797235619
make-table,64,1x,0,4,False,54117,0.02119,391.5590295101355
make-table,64,2-stackless,1,0,True,54117,0.070619617,1304.9433080178133
make-table,64,2-stackless,1,1,True,54117,0.0706182,1304.9171240090914
make-table,64,2-stackless,1,2,False,54117,0.07066299200000001,1305.7448121662328
make-table,64,2-stackless,1,3,False,54117,0.07055492099999999,1303.7478241587671
make-table,64,2-stackless,1,4,False,54117,0.07070306600000004,1306.485318846204
make-table,64,1x,1,0,True,54117,0.0197337,364.6488164532402
make-table,64,1x,1,1,True,54117,0.019713,364.26631187981593
make-table,64,1x,1,2,False,54117,0.0197503,364.95555925125194
make-table,64,1x,1,3,False,54117,0.0196394,362.906295618752
make-table,64,1x,1,4,False,54117,0.0197413,364.7892529149805
make-table,64,2-stackful,1,0,True,54117,0.071563858,1322.3914481586194
make-table,64,2-stackful,1,1,True,54117,0.07154979499999999,1322.131585268954
make-table,64,2-stackful,1,2,False,54117,0.07083267300000001,1308.880259437885
make-table,64,2-stackful,1,3,False,54117,0.07061794199999999,1304.9123565607847
make-table,64,2-stackful,1,4,False,54117,0.07060992799999999,1304.764270007576
make-table,64,2-stackless,2,0,True,54117,0.070576505,1304.1466637101096
make-table,64,2-stackless,2,1,True,54117,0.070489564,1302.5401260232459
make-table,64,2-stackless,2,2,False,54117,0.07061457700000001,1304.8501764695015
make-table,64,2-stackless,2,3,False,54117,0.07064266799999999,1305.3692555019677
make-table,64,2-stackless,2,4,False,54117,0.07098159200000004,1311.6320564702412
make-table,64,1x,2,0,True,54117,0.0205997,380.6511816989116
make-table,64,1x,2,1,True,54117,0.0206223,381.06879538777093
make-table,64,1x,2,2,False,54117,0.0205677,380.0598702810577
make-table,64,1x,2,3,False,54117,0.0205734,380.16519762736294
make-table,64,1x,2,4,False,54117,0.0206952,382.41587671156935
make-table,64,2-stackful,2,0,True,54117,0.070999542,1311.9637452186928
make-table,64,2-stackful,2,1,True,54117,0.070871103,1309.5903874937635
make-table,64,2-stackful,2,2,False,54117,0.071136648,1314.4972559454516
make-table,64,2-stackful,2,3,False,54117,0.07128853199999999,1317.3038416763675
make-table,64,2-stackful,2,4,False,54117,0.070941162,1310.8849714507455
push-shared-seq,0,1x,0,0,True,616626,0.0862054,139.80175989984204
push-shared-seq,0,1x,0,1,True,616626,0.0850214,137.88163327527545
push-shared-seq,0,1x,0,2,False,616626,0.0865332,140.33336252444755
push-shared-seq,0,1x,0,3,False,616626,0.0861081,139.64396571017116
push-shared-seq,0,1x,0,4,False,616626,0.0846806,137.32894817928533
push-shared-seq,0,2-stackless,0,0,True,616626,0.020107206,32.60843039378813
push-shared-seq,0,2-stackless,0,1,True,616626,0.020041683000000005,32.502169872824055
push-shared-seq,0,2-stackless,0,2,False,616626,0.020036678000000002,32.49405312134098
push-shared-seq,0,2-stackless,0,3,False,616626,0.020075558,32.557105928066605
push-shared-seq,0,2-stackless,0,4,False,616626,0.020142247000000002,32.66525738454104
push-shared-seq,0,2-stackful,0,0,True,616626,0.021992219,35.66540982702643
push-shared-seq,0,2-stackful,0,1,True,616626,0.021948417,35.594374872288874
push-shared-seq,0,2-stackful,0,2,False,616626,0.021913649,35.53799061343505
push-shared-seq,0,2-stackful,0,3,False,616626,0.021952658,35.60125262314596
push-shared-seq,0,2-stackful,0,4,False,616626,0.02188517999999999,35.491821622831324
push-shared-seq,0,1x,1,0,True,616626,0.0858249,139.1846921797005
push-shared-seq,0,1x,1,1,True,616626,0.0859007,139.3076192051584
push-shared-seq,0,1x,1,2,False,616626,0.0854847,138.63298012085122
push-shared-seq,0,1x,1,3,False,616626,0.085103,138.013966326428
push-shared-seq,0,1x,1,4,False,616626,0.0859418,139.37427224930508
push-shared-seq,0,2-stackful,1,0,True,616626,0.021925273,35.556841586310014
push-shared-seq,0,2-stackful,1,1,True,616626,0.022042906,35.74761038295498
push-shared-seq,0,2-stackful,1,2,False,616626,0.022031573,35.72923133309332
push-shared-seq,0,2-stackful,1,3,False,616626,0.022074129999999997,35.79824723576365
push-shared-seq,0,2-stackful,1,4,False,616626,0.021931113000000002,35.56631248114741
push-shared-seq,0,2-stackless,1,0,True,616626,0.020222886,32.79603195453971
push-shared-seq,0,2-stackless,1,1,True,616626,0.020135193,32.65381771122204
push-shared-seq,0,2-stackless,1,2,False,616626,0.020046152999999997,32.509418999523206
push-shared-seq,0,2-stackless,1,3,False,616626,0.020029339999999993,32.48215287710864
push-shared-seq,0,2-stackless,1,4,False,616626,0.020036715999999996,32.49411474702656
push-shared-seq,0,2-stackless,2,0,True,616626,0.020076125,32.55802544816469
push-shared-seq,0,2-stackless,2,1,True,616626,0.020087426,32.57635260271218
push-shared-seq,0,2-stackless,2,2,False,616626,0.020080247000000002,32.56471021332218
push-shared-seq,0,2-stackless,2,3,False,616626,0.020096542000000002,32.591136280338496
push-shared-seq,0,2-stackless,2,4,False,616626,0.02008700499999999,32.57566985498502
push-shared-seq,0,1x,2,0,True,616626,0.0857287,139.02868189145445
push-shared-seq,0,1x,2,1,True,616626,0.0862911,139.9407420381236
push-shared-seq,0,1x,2,2,False,616626,0.086645,140.5146717783551
push-shared-seq,0,1x,2,3,False,616626,0.0867071,140.6153811224308
push-shared-seq,0,1x,2,4,False,616626,0.0860466,139.54422940323633
push-shared-seq,0,2-stackful,2,0,True,616626,0.021960898000000003,35.61461566654666
push-shared-seq,0,2-stackful,2,1,True,616626,0.022038237,35.74003853227077
push-shared-seq,0,2-stackful,2,2,False,616626,0.021954155000000003,35.60368035081233
push-shared-seq,0,2-stackful,2,3,False,616626,0.02199564100000001,35.670959382186304
push-shared-seq,0,2-stackful,2,4,False,616626,0.021909610999999996,35.53144207347727
get-string,8,2-stackless,0,0,True,1242584,0.036475774,29.35477521036807
get-string,8,2-stackless,0,1,True,1242584,0.03659418899999999,29.450072590665897
get-string,8,2-stackless,0,2,False,1242584,0.036239732,29.16481461213085
get-string,8,2-stackless,0,3,False,1242584,0.03631082099999999,29.222025231292204
get-string,8,2-stackless,0,4,False,1242584,0.03627656400000001,29.194456068965966
get-string,8,1x,0,0,True,1242584,0.0197329,15.880536044243286
get-string,8,1x,0,1,True,1242584,0.0197276,15.87627073904058
get-string,8,1x,0,2,False,1242584,0.0197281,15.876673126323855
get-string,8,1x,0,3,False,1242584,0.0197341,15.881501773723144
get-string,8,1x,0,4,False,1242584,0.0197867,15.923832915923592
get-string,8,2-stackful,0,0,True,1242584,0.040043010999999996,32.22559682081855
get-string,8,2-stackful,0,1,True,1242584,0.040079563000000006,32.25501294077504
get-string,8,2-stackful,0,2,False,1242584,0.040107118,32.277188503956275
get-string,8,2-stackful,0,3,False,1242584,0.04022795299999998,32.37443343870514
get-string,8,2-stackful,0,4,False,1242584,0.03993828499999999,32.141315999562195
get-string,8,1x,1,0,True,1242584,0.0198982,16.01356528009374
get-string,8,1x,1,1,True,1242584,0.0198016,15.935824056965163
get-string,8,1x,1,2,False,1242584,0.0198993,16.014450532116943
get-string,8,1x,1,3,False,1242584,0.0198121,15.944274189913921
get-string,8,1x,1,4,False,1242584,0.0197683,15.9090250638991
get-string,8,2-stackless,1,0,True,1242584,0.036452159000000005,29.335770458979038
get-string,8,2-stackless,1,1,True,1242584,0.036646429,29.49211401402239
get-string,8,2-stackless,1,2,False,1242584,0.036604912,29.458702188343
get-string,8,2-stackless,1,3,False,1242584,0.036359449000000016,29.26115980891434
get-string,8,2-stackless,1,4,False,1242584,0.036285699000000005,29.201807684631387
get-string,8,2-stackful,1,0,True,1242584,0.039952399000000006,32.15267458779447
get-string,8,2-stackful,1,1,True,1242584,0.04076982199999999,32.810515828306166
get-string,8,2-stackful,1,2,False,1242584,0.039943954000000004,32.14587826657997
get-string,8,2-stackful,1,3,False,1242584,0.039950537999999994,32.151176902326114
get-string,8,2-stackful,1,4,False,1242584,0.03995711599999999,32.156470709424866
get-string,8,2-stackful,2,0,True,1242584,0.040097029000000006,32.26906913335437
get-string,8,2-stackful,2,1,True,1242584,0.039936981,32.14026657352743
get-string,8,2-stackful,2,2,False,1242584,0.039914032,32.121797801999705
get-string,8,2-stackful,2,3,False,1242584,0.040127652999999985,32.29371454968033
get-string,8,2-stackful,2,4,False,1242584,0.0403811,32.49768224924834
get-string,8,2-stackless,2,0,True,1242584,0.037101192000000005,29.858095710229655
get-string,8,2-stackless,2,1,True,1242584,0.036990511000000004,29.769022456429504
get-string,8,2-stackless,2,2,False,1242584,0.036920791999999994,29.71291437842431
get-string,8,2-stackless,2,3,False,1242584,0.03697589699999998,29.757261480913947
get-string,8,2-stackless,2,4,False,1242584,0.036934296000000005,29.723782054170993
get-string,8,1x,2,0,True,1242584,0.0198279,15.956989628065386
get-string,8,1x,2,1,True,1242584,0.0199072,16.020808251192676
get-string,8,1x,2,2,False,1242584,0.0197622,15.904115939043155
get-string,8,1x,2,3,False,1242584,0.0200794,16.159390431552314
get-string,8,1x,2,4,False,1242584,0.0198319,15.96020872633158
assign-seq,256,2-stackful,0,0,True,9830,0.020124207999999998,2047.2236012207525
assign-seq,256,2-stackful,0,1,True,9830,0.019984237,2032.9844354018312
assign-seq,256,2-stackful,0,2,False,9830,0.020108458000000003,2045.6213631739577
assign-seq,256,2-stackful,0,3,False,9830,0.019967206,2031.2518819938962
assign-seq,256,2-stackful,0,4,False,9830,0.02009249199999999,2043.9971515768045
assign-seq,256,2-stackless,0,0,True,9830,0.020108598999999998,2045.6357070193283
assign-seq,256,2-stackless,0,1,True,9830,0.020022996999999997,2036.9274669379447
assign-seq,256,2-stackless,0,2,False,9830,0.020018888,2036.509460834181
assign-seq,256,2-stackless,0,3,False,9830,0.019987078000000005,2033.2734486266536
assign-seq,256,2-stackless,0,4,False,9830,0.020074046999999998,2042.1207527975582
assign-seq,256,1x,0,0,True,9830,0.169607,17254.018311291962
assign-seq,256,1x,0,1,True,9830,0.171931,17490.437436419124
assign-seq,256,1x,0,2,False,9830,0.170207,17315.05595116989
assign-seq,256,1x,0,3,False,9830,0.169671,17260.528992878943
assign-seq,256,1x,0,4,False,9830,0.168243,17115.25940996948
assign-seq,256,2-stackless,1,0,True,9830,0.020018485,2036.468463886063
assign-seq,256,2-stackless,1,1,True,9830,0.020067417,2041.4462868769074
assign-seq,256,2-stackless,1,2,False,9830,0.019930839000000006,2027.5522889114961
assign-seq,256,2-stackless,1,3,False,9830,0.020065860999999997,2041.2879959308236
assign-seq,256,2-stackless,1,4,False,9830,0.020119987000000006,2046.7942014242124
assign-seq,256,2-stackful,1,0,True,9830,0.020084762,2043.2107833163784
assign-seq,256,2-stackful,1,1,True,9830,0.020017695,2036.3880976602238
assign-seq,256,2-stackful,1,2,False,9830,0.020035137,2038.162461851475
assign-seq,256,2-stackful,1,3,False,9830,0.020031101000000003,2037.7518819938966
assign-seq,256,2-stackful,1,4,False,9830,0.020049509999999993,2039.62461851475
assign-seq,256,1x,1,0,True,9830,0.167635,17053.407934893185
assign-seq,256,1x,1,1,True,9830,0.169402,17233.163784333672
assign-seq,256,1x,1,2,False,9830,0.168168,17107.62970498474
assign-seq,256,1x,1,3,False,9830,0.168022,17092.777212614445
assign-seq,256,1x,1,4,False,9830,0.168499,17141.302136317398
assign-seq,256,1x,2,0,True,9830,0.170184,17312.71617497457
assign-seq,256,1x,2,1,True,9830,0.167578,17047.609359104783
assign-seq,256,1x,2,2,False,9830,0.169246,17217.29399796541
assign-seq,256,1x,2,3,False,9830,0.168652,17156.866734486266
assign-seq,256,1x,2,4,False,9830,0.16853,17144.45574771109
assign-seq,256,2-stackful,2,0,True,9830,0.020095954,2044.3493387589012
assign-seq,256,2-stackful,2,1,True,9830,0.020158269000000003,2050.6886063072234
assign-seq,256,2-stackful,2,2,False,9830,0.020169230999999996,2051.803763987792
assign-seq,256,2-stackful,2,3,False,9830,0.019998459000000003,2034.431230925738
assign-seq,256,2-stackful,2,4,False,9830,0.02012171,2046.969481180061
assign-seq,256,2-stackless,2,0,True,9830,0.020041885,2038.8489318413021
assign-seq,256,2-stackless,2,1,True,9830,0.020097099999999996,2044.4659206510678
assign-seq,256,2-stackless,2,2,False,9830,0.020053942000000005,2040.0754832146495
assign-seq,256,2-stackless,2,3,False,9830,0.020151929,2050.0436419125126
assign-seq,256,2-stackless,2,4,False,9830,0.020084618,2043.1961342828076
