case,width,engine,round,batch,warmup,iterations,seconds,ns_per_iteration
make-seq,8,2-stackless,0,0,True,512559,0.113320353,221.0874318858902
make-seq,8,2-stackless,0,1,True,512559,0.11283769399999999,220.14576663369482
make-seq,8,2-stackless,0,2,False,512559,0.11348283600000003,221.40443539182812
make-seq,8,2-stackless,0,3,False,512559,0.11344735700000003,221.3352160434214
make-seq,8,2-stackless,0,4,False,512559,0.11317974500000005,220.81310639360552
make-seq,8,2-stackful,0,0,True,512559,0.11471478900000001,223.8079694240078
make-seq,8,2-stackful,0,1,True,512559,0.114139812,222.68619222372448
make-seq,8,2-stackful,0,2,False,512559,0.11398543300000002,222.38499958053615
make-seq,8,2-stackful,0,3,False,512559,0.11375613900000003,221.93764815367604
make-seq,8,2-stackful,0,4,False,512559,0.11442241000000003,223.23753948325955
make-seq,8,1x,0,0,True,512559,0.0183127,35.727984485688474
make-seq,8,1x,0,1,True,512559,0.0184214,35.94005763238964
make-seq,8,1x,0,2,False,512559,0.0183836,35.866310024797144
make-seq,8,1x,0,3,False,512559,0.0180809,35.27574386558425
make-seq,8,1x,0,4,False,512559,0.0183413,35.78378294011031
make-seq,8,1x,1,0,True,512559,0.0183771,35.85362855788309
make-seq,8,1x,1,1,True,512559,0.0182395,35.585171658287145
make-seq,8,1x,1,2,False,512559,0.017997,35.112055392647484
make-seq,8,1x,1,3,False,512559,0.0179916,35.10152002013427
make-seq,8,1x,1,4,False,512559,0.0180424,35.20063056155487
make-seq,8,2-stackless,1,0,True,512559,0.113682013,221.7930287049881
make-seq,8,2-stackless,1,1,True,512559,0.11309188499999999,220.64169198082558
make-seq,8,2-stackless,1,2,False,512559,0.11285805300000001,220.18548693906462
make-seq,8,2-stackless,1,3,False,512559,0.11208485000000001,218.67697182178054
make-seq,8,2-stackless,1,4,False,512559,0.11250901100000005,219.5045077737393
make-seq,8,2-stackful,1,0,True,512559,0.11409419400000001,222.59719173792678
make-seq,8,2-stackful,1,1,True,512559,0.11373641500000001,221.899166730074
make-seq,8,2-stackful,1,2,False,512559,0.11379671200000002,222.01680587015352
make-seq,8,2-stackful,1,3,False,512559,0.11396827799999998,222.35153026285752
make-seq,8,2-stackful,1,4,False,512559,0.11391121799999998,222.24020649330123
make-seq,8,2-stackless,2,0,True,512559,0.111867204,218.25234558363036
make-seq,8,2-stackless,2,1,True,512559,0.11263073300000001,219.74198677615652
make-seq,8,2-stackless,2,2,False,512559,0.11244911999999999,219.3876607375931
make-seq,8,2-stackless,2,3,False,512559,0.11261694700000002,219.7150903603293
make-seq,8,2-stackless,2,4,False,512559,0.112328747,219.15281362730926
make-seq,8,1x,2,0,True,512559,0.0180849,35.28354784522367
make-seq,8,1x,2,1,True,512559,0.0181474,35.40548502708956
make-seq,8,1x,2,2,False,512559,0.0180532,35.22170130658129
make-seq,8,1x,2,3,False,512559,0.0181439,35.39865654490507
make-seq,8,1x,2,4,False,512559,0.0181234,35.35866114925306
make-seq,8,2-stackful,2,0,True,512559,0.11423812000000001,222.87799063132246
make-seq,8,2-stackful,2,1,True,512559,0.114981735,224.32877971121374
make-seq,8,2-stackful,2,2,False,512559,0.11463715799999999,223.65651173816084
make-seq,8,2-stackful,2,3,False,512559,0.11424199899999998,222.88555854057773
make-seq,8,2-stackful,2,4,False,512559,0.11413347299999999,222.67382486699088
get-string,64,2-stackful,0,0,True,387075,0.036581657999999996,94.5079325712071
get-string,64,2-stackful,0,1,True,387075,0.036685284,94.77564813020733
get-string,64,2-stackful,0,2,False,387075,0.03632439,93.8432861848479
get-string,64,2-stackful,0,3,False,387075,0.036474129999999994,94.23013627849897
get-string,64,2-stackful,0,4,False,387075,0.036685626,94.776531679907
get-string,64,2-stackless,0,0,True,387075,0.036115349000000005,93.30323322353551
get-string,64,2-stackless,0,1,True,387075,0.035722869000000004,92.2892695214106
get-string,64,2-stackless,0,2,False,387075,0.035613623,92.00703481237487
get-string,64,2-stackless,0,3,False,387075,0.035683014,92.1863049796551
get-string,64,2-stackless,0,4,False,387075,0.035797334000000014,92.4816482593813
get-string,64,1x,0,0,True,387075,0.019343,49.97222760446942
get-string,64,1x,0,1,True,387075,0.0193647,50.028289091261385
get-string,64,1x,0,2,False,387075,0.0190857,49.307498546793255
get-string,64,1x,0,3,False,387075,0.0193219,49.917716204869855
get-string,64,1x,0,4,False,387075,0.0193832,50.07608344636053
get-string,64,2-stackless,1,0,True,387075,0.035798082,92.48358070141445
get-string,64,2-stackless,1,1,True,387075,0.035918371,92.79434476522638
get-string,64,2-stackless,1,2,False,387075,0.035587864,91.94048698572628
get-string,64,2-stackless,1,3,False,387075,0.035877766000000005,92.68944261448041
get-string,64,2-stackless,1,4,False,387075,0.03515368400000002,90.81879222372929
get-string,64,2-stackful,1,0,True,387075,0.036455568,94.1821817477233
get-string,64,2-stackful,1,1,True,387075,0.036332911,93.8653000064587
get-string,64,2-stackful,1,2,False,387075,0.036743157,94.92516179035071
get-string,64,2-stackful,1,3,False,387075,0.03661943299999999,94.60552347736225
get-string,64,2-stackful,1,4,False,387075,0.03656994800000002,94.47768003616876
get-string,64,1x,1,0,True,387075,0.0191905,49.578247109733255
get-string,64,1x,1,1,True,387075,0.0192608,49.75986565910999
get-string,64,1x,1,2,False,387075,0.0191207,49.39792029968353
get-string,64,1x,1,3,False,387075,0.0192244,49.66582703610411
get-string,64,1x,1,4,False,387075,0.0195204,50.43053671769037
get-string,64,1x,2,0,True,387075,0.0191891,49.57463023961765
get-string,64,1x,2,1,True,387075,0.0193953,50.10734353807402
get-string,64,1x,2,2,False,387075,0.0192709,49.78595879351547
get-string,64,1x,2,3,False,387075,0.0193798,50.0672996189369
get-string,64,1x,2,4,False,387075,0.01925,49.73196408964671
get-string,64,2-stackless,2,0,True,387075,0.035718772,92.2786850093651
get-string,64,2-stackless,2,1,True,387075,0.035748012,92.3542259252083
get-string,64,2-stackless,2,2,False,387075,0.03568328,92.18699218497707
get-string,64,2-stackless,2,3,False,387075,0.035478897999999995,91.65897565071367
get-string,64,2-stackless,2,4,False,387075,0.03534119100000002,91.30321255570631
get-string,64,2-stackful,2,0,True,387075,0.036598658000000006,94.55185170832527
get-string,64,2-stackful,2,1,True,387075,0.036814348,95.10908221920816
get-string,64,2-stackful,2,2,False,387075,0.03648112099999999,94.24819737776915
get-string,64,2-stackful,2,3,False,387075,0.03647220799999999,94.22517083252598
get-string,64,2-stackful,2,4,False,387075,0.03653261299999999,94.38122586062131
push-shared-seq,8,2-stackless,0,0,True,116841,0.021671196,185.47595450227232
push-shared-seq,8,2-stackless,0,1,True,116841,0.021733985,186.0133429190096
push-shared-seq,8,2-stackless,0,2,False,116841,0.021652997,185.3201958216722
push-shared-seq,8,2-stackless,0,3,False,116841,0.021580008999999997,184.69551784048406
push-shared-seq,8,2-stackless,0,4,False,116841,0.022168009000000002,189.72799787745743
push-shared-seq,8,1x,0,0,True,116841,0.0244321,209.1055365839046
push-shared-seq,8,1x,0,1,True,116841,0.0246519,210.98672555010654
push-shared-seq,8,1x,0,2,False,116841,0.0242529,207.57182838216036
push-shared-seq,8,1x,0,3,False,116841,0.0247162,211.53704607115654
push-shared-seq,8,1x,0,4,False,116841,0.0245728,210.30973716418038
push-shared-seq,8,2-stackful,0,0,True,116841,0.022519072,192.73261954279747
push-shared-seq,8,2-stackful,0,1,True,116841,0.022424256,191.92112357819602
push-shared-seq,8,2-stackful,0,2,False,116841,0.022854044000000004,195.5995241396428
push-shared-seq,8,2-stackful,0,3,False,116841,0.02265258199999999,193.87528350493395
push-shared-seq,8,2-stackful,0,4,False,116841,0.022455385999999994,192.1875540264119
push-shared-seq,8,2-stackful,1,0,True,116841,0.022314739,190.98380705403068
push-shared-seq,8,2-stackful,1,1,True,116841,0.022128385000000004,189.38887034516998
push-shared-seq,8,2-stackful,1,2,False,116841,0.022568411999999996,193.15490281664825
push-shared-seq,8,2-stackful,1,3,False,116841,0.022507156,192.6306347942931
push-shared-seq,8,2-stackful,1,4,False,116841,0.022237114000000002,190.3194426613946
push-shared-seq,8,2-stackless,1,0,True,116841,0.021797124999999997,186.55373541821788
push-shared-seq,8,2-stackless,1,1,True,116841,0.022135817999999998,189.4524867127121
push-shared-seq,8,2-stackless,1,2,False,116841,0.021866366999999998,187.14635273576909
push-shared-seq,8,2-stackless,1,3,False,116841,0.02191497099999999,187.56233685093412
push-shared-seq,8,2-stackless,1,4,False,116841,0.021951107999999997,187.87162040722004
push-shared-seq,8,1x,1,0,True,116841,0.0200809,171.86518431030203
push-shared-seq,8,1x,1,1,True,116841,0.0203069,173.79943684151968
push-shared-seq,8,1x,1,2,False,116841,0.0194354,166.34058250100563
push-shared-seq,8,1x,1,3,False,116841,0.0196377,168.071995275631
push-shared-seq,8,1x,1,4,False,116841,0.0199759,170.9665271608425
push-shared-seq,8,2-stackless,2,0,True,116841,0.021833267,186.8630617677014
push-shared-seq,8,2-stackless,2,1,True,116841,0.021917221999999997,187.58160234849066
push-shared-seq,8,2-stackless,2,2,False,116841,0.021881420999999998,187.27519449508304
push-shared-seq,8,2-stackless,2,3,False,116841,0.022075672000000005,188.93771878022272
push-shared-seq,8,2-stackless,2,4,False,116841,0.021793514,186.52283017091602
push-shared-seq,8,1x,2,0,True,116841,0.0233432,199.78603401203344
push-shared-seq,8,1x,2,1,True,116841,0.0229041,196.02793539938892
push-shared-seq,8,1x,2,2,False,116841,0.0232538,199.02089163906504
push-shared-seq,8,1x,2,3,False,116841,0.0233598,199.92810742804323
push-shared-seq,8,1x,2,4,False,116841,0.0234779,200.93888275519723
push-shared-seq,8,2-stackful,2,0,True,116841,0.022209447,190.08265078183172
push-shared-seq,8,2-stackful,2,1,True,116841,0.022673046999999998,194.05043606268347
push-shared-seq,8,2-stackful,2,2,False,116841,0.02261599200000001,193.56212288494626
push-shared-seq,8,2-stackful,2,3,False,116841,0.02255354999999999,193.02770431612186
push-shared-seq,8,2-stackful,2,4,False,116841,0.02269490299999999,194.23749368800327
assign-seq,64,2-stackful,0,0,True,34912,0.020031054,573.7584211732355
assign-seq,64,2-stackful,0,1,True,34912,0.020096531000000004,575.6339081118241
assign-seq,64,2-stackful,0,2,False,34912,0.019941919000000002,571.2052875802018
assign-seq,64,2-stackful,0,3,False,34912,0.019818244999999998,567.6628379926673
assign-seq,64,2-stackful,0,4,False,34912,0.01987463299999999,569.2779846471125
assign-seq,64,1x,0,0,True,34912,0.158432,4538.038496791934
assign-seq,64,1x,0,1,True,34912,0.156794,4491.120531622365
assign-seq,64,1x,0,2,False,34912,0.156078,4470.611824014665
assign-seq,64,1x,0,3,False,34912,0.157859,4521.625802016499
assign-seq,64,1x,0,4,False,34912,0.158056,4527.268560953254
assign-seq,64,2-stackless,0,0,True,34912,0.019847383000000003,568.4974507332723
assign-seq,64,2-stackless,0,1,True,34912,0.019496251,558.4398201191567
assign-seq,64,2-stackless,0,2,False,34912,0.019508631999999998,558.7944546287808
assign-seq,64,2-stackless,0,3,False,34912,0.019550364,559.9898029330889
assign-seq,64,2-stackless,0,4,False,34912,0.01959414000000001,561.2436984417968
assign-seq,64,1x,1,0,True,34912,0.155798,4462.591659028414
assign-seq,64,1x,1,1,True,34912,0.156105,4471.385197066911
assign-seq,64,1x,1,2,False,34912,0.156712,4488.7717690192485
assign-seq,64,1x,1,3,False,34912,0.157345,4506.903070577452
assign-seq,64,1x,1,4,False,34912,0.156204,4474.220898258479
assign-seq,64,2-stackful,1,0,True,34912,0.020049687,574.2921345096242
assign-seq,64,2-stackful,1,1,True,34912,0.020328224000000002,582.2703941338223
assign-seq,64,2-stackful,1,2,False,34912,0.020336238,582.4999427131072
assign-seq,64,2-stackful,1,3,False,34912,0.020132386999999995,576.6609475252061
assign-seq,64,2-stackful,1,4,False,34912,0.020182129000000007,578.0857298350139
assign-seq,64,2-stackless,1,0,True,34912,0.02021141,578.9244385884509
assign-seq,64,2-stackless,1,1,True,34912,0.019867885999999998,569.0847273143903
assign-seq,64,2-stackless,1,2,False,34912,0.019955734999999995,571.6010254353803
assign-seq,64,2-stackless,1,3,False,34912,0.019850264,568.5799725022915
assign-seq,64,2-stackless,1,4,False,34912,0.019614012,561.8129010082494
assign-seq,64,2-stackless,2,0,True,34912,0.019922524,570.6497479376718
assign-seq,64,2-stackless,2,1,True,34912,0.020022039,573.5002005041247
assign-seq,64,2-stackless,2,2,False,34912,0.019674740000000003,563.5523602199818
assign-seq,64,2-stackless,2,3,False,34912,0.019659298999999998,563.1100767644361
assign-seq,64,2-stackless,2,4,False,34912,0.01993544200000001,571.0197639780022
assign-seq,64,1x,2,0,True,34912,0.158976,4553.620531622365
assign-seq,64,1x,2,1,True,34912,0.158818,4549.094867094409
assign-seq,64,1x,2,2,False,34912,0.159558,4570.291017415216
assign-seq,64,1x,2,3,False,34912,0.15849,4539.699816681943
assign-seq,64,1x,2,4,False,34912,0.159,4554.307974335472
assign-seq,64,2-stackful,2,0,True,34912,0.019892061,569.7771826306141
assign-seq,64,2-stackful,2,1,True,34912,0.019923418,570.6753551787351
assign-seq,64,2-stackful,2,2,False,34912,0.019948244000000004,571.3864573785519
assign-seq,64,2-stackful,2,3,False,34912,0.020413096999999998,584.7014493583866
assign-seq,64,2-stackful,2,4,False,34912,0.020091985000000007,575.5036950045832
const-table,0,1x,0,0,True,805994,0.0707306,87.75574011717208
const-table,0,1x,0,1,True,805994,0.0710077,88.09953920252508
const-table,0,1x,0,2,False,805994,0.0712665,88.42063340421889
const-table,0,1x,0,3,False,805994,0.0709328,88.00661047104569
const-table,0,1x,0,4,False,805994,0.07017,87.06020144070551
const-table,0,2-stackless,0,0,True,805994,0.020533476,25.475966322329942
const-table,0,2-stackless,0,1,True,805994,0.020548011,25.493999955334655
const-table,0,2-stackless,0,2,False,805994,0.020693059,25.6739615927662
const-table,0,2-stackless,0,3,False,805994,0.020464924000000002,25.39091358000184
const-table,0,2-stackless,0,4,False,805994,0.020668166,25.643076747469586
const-table,0,2-stackful,0,0,True,805994,0.023275622,28.878157901919867
const-table,0,2-stackful,0,1,True,805994,0.022836014999999998,28.332735727561243
const-table,0,2-stackful,0,2,False,805994,0.022958822999999996,28.48510410747474
const-table,0,2-stackful,0,3,False,805994,0.023055568999999998,28.60513725908629
const-table,0,2-stackful,0,4,False,805994,0.023043826000000003,28.590567671719644
const-table,0,1x,1,0,True,805994,0.0710757,88.18390707623134
const-table,0,1x,1,1,True,805994,0.0717073,88.96753573847944
const-table,0,1x,1,2,False,805994,0.070529,87.50561418571354
const-table,0,1x,1,3,False,805994,0.0712254,88.36964046878761
const-table,0,1x,1,4,False,805994,0.0713482,88.5219989230689
const-table,0,2-stackless,1,0,True,805994,0.020589073,25.54494574401298
const-table,0,2-stackless,1,1,True,805994,0.020843426999999998,25.860523775611227
const-table,0,2-stackless,1,2,False,805994,0.020931191999999994,25.969414164373422
const-table,0,2-stackless,1,3,False,805994,0.020517507999999997,25.45615476045727
const-table,0,2-stackless,1,4,False,805994,0.02038980500000001,25.297713134340963
const-table,0,2-stackful,1,0,True,805994,0.023263515,28.863136698288077
const-table,0,2-stackful,1,1,True,805994,0.02298156,28.513313994893263
const-table,0,2-stackful,1,2,False,805994,0.023138247,28.70771618647285
const-table,0,2-stackful,1,3,False,805994,0.023106941000000006,28.66887470626333
const-table,0,2-stackful,1,4,False,805994,0.02262755899999999,28.07410352930666
const-table,0,2-stackless,2,0,True,805994,0.020301153000000002,25.1877222411085
const-table,0,2-stackless,2,1,True,805994,0.020758556999999997,25.75522522500167
const-table,0,2-stackless,2,2,False,805994,0.020360764999999996,25.261683089452273
const-table,0,2-stackless,2,3,False,805994,0.020426316,25.343012479001086
const-table,0,2-stackless,2,4,False,805994,0.020756744999999993,25.752977069308198
const-table,0,1x,2,0,True,805994,0.0708146,87.85995925527982
const-table,0,1x,2,1,True,805994,0.0709161,87.98589071382665
const-table,0,1x,2,2,False,805994,0.0716604,88.90934671970263
const-table,0,1x,2,3,False,805994,0.0710448,88.14556932185599
const-table,0,1x,2,4,False,805994,0.070985,88.07137522115549
const-table,0,2-stackful,2,0,True,805994,0.023060547,28.611313483723205
const-table,0,2-stackful,2,1,True,805994,0.023223422,28.813393151810065
const-table,0,2-stackful,2,2,False,805994,0.022813972000000002,28.305386888736145
const-table,0,2-stackful,2,3,False,805994,0.023060472000000012,28.611220430921335
const-table,0,2-stackful,2,4,False,805994,0.023164244,28.73997076901317
take-table,64,2-stackless,0,0,True,97263,0.08460785,869.8873158343872
take-table,64,2-stackless,0,1,True,97263,0.08511038599999998,875.0540904557744
take-table,64,2-stackless,0,2,False,97263,0.085110362,875.0538437021272
take-table,64,2-stackless,0,3,False,97263,0.084888678,872.7746213873723
take-table,64,2-stackless,0,4,False,97263,0.08470229800000001,870.8583736878362
take-table,64,2-stackful,0,0,True,97263,0.08104783,833.2853191861242
take-table,64,2-stackful,0,1,True,97263,0.081292622,835.8021241376474
take-table,64,2-stackful,0,2,False,97263,0.08100990999999999,832.8954484233468
take-table,64,2-stackful,0,3,False,97263,0.080757257,830.2978213709222
take-table,64,2-stackful,0,4,False,97263,0.08133056899999996,836.1922724982776
take-table,64,1x,0,0,True,97263,0.0195283,200.77830212927836
take-table,64,1x,0,1,True,97263,0.0194307,199.77483729681379
take-table,64,1x,0,2,False,97263,0.0195394,200.89242569116726
take-table,64,1x,0,3,False,97263,0.0194425,199.89615784008308
take-table,64,1x,0,4,False,97263,0.0195952,201.46612792120334
take-table,64,2-stackless,1,0,True,97263,0.08385224200000001,862.1186062531486
take-table,64,2-stackless,1,1,True,97263,0.085272066,876.7163875266032
take-table,64,2-stackless,1,2,False,97263,0.08484176200000001,872.2922591324555
take-table,64,2-stackless,1,3,False,97263,0.08368533299999997,860.4025477314084
take-table,64,2-stackless,1,4,False,97263,0.084623122,870.0443334053032
take-table,64,2-stackful,1,0,True,97263,0.081619154,839.1593308863596
take-table,64,2-stackful,1,1,True,97263,0.081344957,836.3402013098506
take-table,64,2-stackful,1,2,False,97263,0.07979107600000002,820.3641261322396
take-table,64,2-stackful,1,3,False,97263,0.08189595400000002,842.005222952202
take-table,64,2-stackful,1,4,False,97263,0.08093087399999999,832.0828475370901
take-table,64,1x,1,0,True,97263,0.019608,201.59772986644458
take-table,64,1x,1,1,True,97263,0.0197599,203.15947482598727
take-table,64,1x,1,2,False,97263,0.0198053,203.62625047551484
take-table,64,1x,1,3,False,97263,0.0197552,203.111152236719
take-table,64,1x,1,4,False,97263,0.0197991,203.5625057832886
take-table,64,1x,2,0,True,97263,0.0194099,199.56098413579676
take-table,64,1x,2,1,True,97263,0.0193354,198.79501968888476
take-table,64,1x,2,2,False,97263,0.019777,203.335286799708
take-table,64,1x,2,3,False,97263,0.0197316,202.86851115018044
take-table,64,1x,2,4,False,97263,0.0196097,201.61520824979695
take-table,64,2-stackful,2,0,True,97263,0.079560704,817.995578997152
take-table,64,2-stackful,2,1,True,97263,0.078604057,808.1599066448701
take-table,64,2-stackful,2,2,False,97263,0.07862602099999999,808.3857273577823
take-table,64,2-stackful,2,3,False,97263,0.079206002,814.3487451548893
take-table,64,2-stackful,2,4,False,97263,0.08090631100000001,831.8303054604528
take-table,64,2-stackless,2,0,True,97263,0.084464614,868.4146489415297
take-table,64,2-stackless,2,1,True,97263,0.084805931,871.9238662183975
take-table,64,2-stackless,2,2,False,97263,0.08478925299999998,871.7523929963088
take-table,64,2-stackless,2,3,False,97263,0.084282358,866.5408017437258
take-table,64,2-stackless,2,4,False,97263,0.08400947799999997,863.7352127736135
get-table,256,1x,0,0,True,92901,0.0199092,214.3055510704944
get-table,256,1x,0,1,True,92901,0.020256,218.0385571737656
get-table,256,1x,0,2,False,92901,0.0204392,220.01054886384432
get-table,256,1x,0,3,False,92901,0.0199973,215.25387240180407
get-table,256,1x,0,4,False,92901,0.0202495,217.96859021969624
get-table,256,2-stackless,0,0,True,92901,0.024932817,268.38050182452287
get-table,256,2-stackless,0,1,True,92901,0.025358329000000002,272.9607754491341
get-table,256,2-stackless,0,2,False,92901,0.025358839,272.96626516399175
get-table,256,2-stackless,0,3,False,92901,0.025282021000000002,272.139384936653
get-table,256,2-stackless,0,4,False,92901,0.025281254000000003,272.13112883607283
get-table,256,2-stackful,0,0,True,92901,0.025116679000000003,270.3596193797699
get-table,256,2-stackful,0,1,True,92901,0.024918046,268.2215046124369
get-table,256,2-stackful,0,2,False,92901,0.025074966999999997,269.91062528928643
get-table,256,2-stackful,0,3,False,92901,0.025240492000000003,271.69236068503034
get-table,256,2-stackful,0,4,False,92901,0.025146479,270.68039095381107
get-table,256,2-stackless,1,0,True,92901,0.025263347,271.938375259685
get-table,256,2-stackless,1,1,True,92901,0.025418186,273.6050849829388
get-table,256,2-stackless,1,2,False,92901,0.025355294000000007,272.92810626365707
get-table,256,2-stackless,1,3,False,92901,0.02552362100000001,274.7400027986783
get-table,256,2-stackless,1,4,False,92901,0.02565804299999999,276.18694093712656
get-table,256,2-stackful,1,0,True,92901,0.025239709000000003,271.6839323581017
get-table,256,2-stackful,1,1,True,92901,0.025434850999999998,273.7844694890259
get-table,256,2-stackful,1,2,False,92901,0.025321690999999993,272.5663986394118
get-table,256,2-stackful,1,3,False,92901,0.025343163000000002,272.79752639907
get-table,256,2-stackful,1,4,False,92901,0.02520567,271.3175315658604
get-table,256,1x,1,0,True,92901,0.020032,215.6273882950668
get-table,256,1x,1,1,True,92901,0.0203909,219.49064057437488
get-table,256,1x,1,2,False,92901,0.0204296,219.90721305475722
get-table,256,1x,1,3,False,92901,0.0202837,218.336724039569
get-table,256,1x,1,4,False,92901,0.0202223,217.6758054272828
get-table,256,2-stackless,2,0,True,92901,0.025038709000000003,269.5203388553407
get-table,256,2-stackless,2,1,True,92901,0.024886744,267.8845652899323
get-table,256,2-stackless,2,2,False,92901,0.024678919,265.6475064853984
get-table,256,2-stackless,2,3,False,92901,0.024845225,267.4376486797774
get-table,256,2-stackless,2,4,False,92901,0.025221790999999993,271.4910603760992
get-table,256,2-stackful,2,0,True,92901,0.025021751,269.337800454247
get-table,256,2-stackful,2,1,True,92901,0.025026624999999997,269.3902649056522
get-table,256,2-stackful,2,2,False,92901,0.024974206000000006,268.82601909559645
get-table,256,2-stackful,2,3,False,92901,0.024910528,268.14057975694556
get-table,256,2-stackful,2,4,False,92901,0.024824673000000005,267.2164239351568
get-table,256,1x,2,0,True,92901,0.0195168,210.0816998740595
get-table,256,1x,2,1,True,92901,0.0198239,213.38736935016846
get-table,256,1x,2,2,False,92901,0.0199611,214.86421028837148
get-table,256,1x,2,3,False,92901,0.0200293,215.59832509876105
get-table,256,1x,2,4,False,92901,0.0200013,215.2969289889237
add-float,64,1x,0,0,True,260455,0.0198511,76.21700485688507
add-float,64,1x,0,1,True,260455,0.0197715,75.91138584400376
add-float,64,1x,0,2,False,260455,0.0197694,75.90332303084986
add-float,64,1x,0,3,False,260455,0.0197624,75.87644698700352
add-float,64,1x,0,4,False,260455,0.0199463,76.58251905319537
add-float,64,2-stackful,0,0,True,260455,0.025612395,98.33712157570406
add-float,64,2-stackful,0,1,True,260455,0.025609941,98.3276996026185
add-float,64,2-stackful,0,2,False,260455,0.025601449,98.29509512199805
add-float,64,2-stackful,0,3,False,260455,0.025564115999999998,98.15175750129579
add-float,64,2-stackful,0,4,False,260455,0.025707563000000003,98.70251291009964
add-float,64,2-stackless,0,0,True,260455,0.024822842,95.30568428327351
add-float,64,2-stackless,0,1,True,260455,0.024565528,94.31774394809084
add-float,64,2-stackless,0,2,False,260455,0.024436534999999995,93.82248373039486
add-float,64,2-stackless,0,3,False,260455,0.024495741999999987,94.04980514868207
add-float,64,2-stackless,0,4,False,260455,0.02458977400000001,94.41083488510495
add-float,64,2-stackful,1,0,True,260455,0.025380826000000002,97.44802749035344
add-float,64,2-stackful,1,1,True,260455,0.025550606000000003,98.09988673667237
add-float,64,2-stackful,1,2,False,260455,0.025651932999999995,98.48892515021787
add-float,64,2-stackful,1,3,False,260455,0.025601850999999995,98.29663857480178
add-float,64,2-stackful,1,4,False,260455,0.02573478600000001,98.80703384461812
add-float,64,2-stackless,1,0,True,260455,0.025255488,96.9668004069801
add-float,64,2-stackless,1,1,True,260455,0.025220878000000002,96.8339175673341
add-float,64,2-stackless,1,2,False,260455,0.025049033999999998,96.1741337275153
add-float,64,2-stackless,1,3,False,260455,0.02486178,95.45518419688622
add-float,64,2-stackless,1,4,False,260455,0.025006218999999996,96.00974832504654
add-float,64,1x,1,0,True,260455,0.0199638,76.64970916281123
add-float,64,1x,1,1,True,260455,0.0198757,76.31145495383079
add-float,64,1x,1,2,False,260455,0.0198654,76.27190877502832
add-float,64,1x,1,3,False,260455,0.0197633,75.87990247835519
add-float,64,1x,1,4,False,260455,0.0199783,76.70538096792153
add-float,64,2-stackful,2,0,True,260455,0.025602371999999998,98.29863892035092
add-float,64,2-stackful,2,1,True,260455,0.025463973,97.76726497859515
add-float,64,2-stackful,2,2,False,260455,0.025351099999999994,97.33389645044248
add-float,64,2-stackful,2,3,False,260455,0.02551882200000001,97.97785413987066
add-float,64,2-stackful,2,4,False,260455,0.02552881,98.01620241500451
add-float,64,1x,2,0,True,260455,0.0197734,75.91868077019063
add-float,64,1x,2,1,True,260455,0.0196021,75.26098558292219
add-float,64,1x,2,2,False,260455,0.0197204,75.71519072392543
add-float,64,1x,2,3,False,260455,0.0195708,75.14081127258068
add-float,64,1x,2,4,False,260455,0.019768,75.8979478220806
add-float,64,2-stackless,2,0,True,260455,0.025062701,96.22660728340789
add-float,64,2-stackless,2,1,True,260455,0.025138737,96.51854255053657
add-float,64,2-stackless,2,2,False,260455,0.025291756000000006,97.10604902958286
add-float,64,2-stackless,2,3,False,260455,0.025233389999999994,96.881956575992
add-float,64,2-stackless,2,4,False,260455,0.02541640099999999,97.58461538461536
add-float4,8,2-stackful,0,0,True,1270366,0.040107333,31.57147861325004
add-float4,8,2-stackful,0,1,True,1270366,0.040352337999999995,31.76434035545661
add-float4,8,2-stackful,0,2,False,1270366,0.040122675,31.583555447800084
add-float4,8,2-stackful,0,3,False,1270366,0.040419568,31.817262111863826
add-float4,8,2-stackful,0,4,False,1270366,0.04016721400000001,31.618615422641984
add-float4,8,2-stackless,0,0,True,1270366,0.035620008999999994,28.039170601228303
add-float4,8,2-stackless,0,1,True,1270366,0.035626156,28.044009364230465
add-float4,8,2-stackless,0,2,False,1270366,0.036082531,28.403256226945622
add-float4,8,2-stackless,0,3,False,1270366,0.03604982599999999,28.377511677736962
add-float4,8,2-stackless,0,4,False,1270366,0.035953032999999995,28.30131867509048
add-float4,8,1x,0,0,True,1270366,0.019733,15.53331874436186
add-float4,8,1x,0,1,True,1270366,0.0199852,15.73184420867687
add-float4,8,1x,0,2,False,1270366,0.0198583,15.631951736743584
add-float4,8,1x,0,3,False,1270366,0.0197572,15.552368372579242
add-float4,8,1x,0,4,False,1270366,0.0199051,15.66879151362678
add-float4,8,2-stackful,1,0,True,1270366,0.04048476,31.86857960619223
add-float4,8,2-stackful,1,1,True,1270366,0.040341573,31.75586641959876
add-float4,8,2-stackful,1,2,False,1270366,0.040309741999999996,31.730809861095143
add-float4,8,2-stackful,1,3,False,1270366,0.04019357600000001,31.63936692260341
add-float4,8,2-stackful,1,4,False,1270366,0.04063710299999998,31.9885001645195
add-float4,8,2-stackless,1,0,True,1270366,0.036091369,28.41021327711856
add-float4,8,2-stackless,1,1,True,1270366,0.036131026000000004,28.441430264978756
add-float4,8,2-stackless,1,2,False,1270366,0.03601251300000001,28.34813982741982
add-float4,8,2-stackless,1,3,False,1270366,0.035885954,28.248515782065954
add-float4,8,2-stackless,1,4,False,1270366,0.03610896799999999,28.424066765011023
add-float4,8,1x,1,0,True,1270366,0.0202641,15.951387238008573
add-float4,8,1x,1,1,True,1270366,0.0198645,15.636832220005887
add-float4,8,1x,1,2,False,1270366,0.0196203,15.444604153448692
add-float4,8,1x,1,3,False,1270366,0.0199833,15.730348576709389
add-float4,8,1x,1,4,False,1270366,0.0200575,15.78875694091309
add-float4,8,2-stackful,2,0,True,1270366,0.040642129,31.99245650466086
add-float4,8,2-stackful,2,1,True,1270366,0.04077921200000001,32.100364776765126
add-float4,8,2-stackful,2,2,False,1270366,0.040667255,32.01223505666871
add-float4,8,2-stackful,2,3,False,1270366,0.040774315000000005,32.09650998216263
add-float4,8,2-stackful,2,4,False,1270366,0.04083646599999999,32.145433678168324
add-float4,8,2-stackless,2,0,True,1270366,0.036634917,28.83808052167643
add-float4,8,2-stackless,2,1,True,1270366,0.036505278,28.736031978185814
add-float4,8,2-stackless,2,2,False,1270366,0.03658858500000001,28.80160914256207
add-float4,8,2-stackless,2,3,False,1270366,0.036609531999999986,28.818098091416164
add-float4,8,2-stackless,2,4,False,1270366,0.03683014500000001,28.99175906785919
add-float4,8,1x,2,0,True,1270366,0.0198756,15.645569859394852
add-float4,8,1x,2,1,True,1270366,0.020203,15.903290862633288
add-float4,8,1x,2,2,False,1270366,0.0198125,15.595899134580113
add-float4,8,1x,2,3,False,1270366,0.0198106,15.594403502612632
add-float4,8,1x,2,4,False,1270366,0.0201405,15.854092442650385
const-table,64,1x,0,0,True,289368,0.0369935,127.84240137126427
const-table,64,1x,0,1,True,289368,0.0372678,128.79032926930415
const-table,64,1x,0,2,False,289368,0.0370061,127.88594454120704
const-table,64,1x,0,3,False,289368,0.0367659,127.05585966658373
const-table,64,1x,0,4,False,289368,0.0374995,129.59103978325177
const-table,64,2-stackful,0,0,True,289368,0.021274789000000002,73.52156769235023
const-table,64,2-stackful,0,1,True,289368,0.021596590000000002,74.63364988526722
const-table,64,2-stackful,0,2,False,289368,0.021140572999999996,73.0577430814741
const-table,64,2-stackful,0,3,False,289368,0.021275300999999996,73.52333706560503
const-table,64,2-stackful,0,4,False,289368,0.021355860000000004,73.80173343286059
const-table,64,2-stackless,0,0,True,289368,0.020260674,70.01698183627768
const-table,64,2-stackless,0,1,True,289368,0.020544735999999997,70.99864532360176
const-table,64,2-stackless,0,2,False,289368,0.020475550000000002,70.75955185093032
const-table,64,2-stackless,0,3,False,289368,0.020833301000000005,71.99587031046973
const-table,64,2-stackless,0,4,False,289368,0.020551141999999994,71.02078322412981
const-table,64,2-stackful,1,0,True,289368,0.021028592,72.67075834231844
const-table,64,2-stackful,1,1,True,289368,0.021499366000000002,74.29766249205166
const-table,64,2-stackful,1,2,False,289368,0.021277075,73.52946766746841
const-table,64,2-stackful,1,3,False,289368,0.021412239,73.99656838351166
const-table,64,2-stackful,1,4,False,289368,0.02121111299999999,73.30151571701083
const-table,64,2-stackless,1,0,True,289368,0.021399775,73.9534952033397
const-table,64,2-stackless,1,1,True,289368,0.021383611,73.89763553675597
const-table,64,2-stackless,1,2,False,289368,0.021504987999999996,74.31709103978324
const-table,64,2-stackless,1,3,False,289368,0.021336361999999998,73.7343521052777
const-table,64,2-stackless,1,4,False,289368,0.021398655999999988,73.94962815515188
const-table,64,1x,1,0,True,289368,0.0369872,127.82062978629288
const-table,64,1x,1,1,True,289368,0.0374195,129.31457521218655
const-table,64,1x,1,2,False,289368,0.0375834,129.88098200215643
const-table,64,1x,1,3,False,289368,0.0371013,128.21493738077464
const-table,64,1x,1,4,False,289368,0.0363401,125.5843769870891
const-table,64,2-stackless,2,0,True,289368,0.02042244,70.57601393381438
const-table,64,2-stackless,2,1,True,289368,0.02017258,69.71254596223494
const-table,64,2-stackless,2,2,False,289368,0.02033286,70.2664427303641
const-table,64,2-stackless,2,3,False,289368,0.020494163999999995,70.82387824500289
const-table,64,2-stackless,2,4,False,289368,0.020354219000000007,70.3402553150314
const-table,64,2-stackful,2,0,True,289368,0.021396454999999998,73.94202192364048
const-table,64,2-stackful,2,1,True,289368,0.021644751,74.8000850128556
const-table,64,2-stackful,2,2,False,289368,0.021337502,73.7382917254154
const-table,64,2-stackful,2,3,False,289368,0.021191664,73.23430372397777
const-table,64,2-stackful,2,4,False,289368,0.021395861000000002,73.93996917420034
const-table,64,1x,2,0,True,289368,0.0373015,128.90678996986537
const-table,64,1x,2,1,True,289368,0.0367994,127.17162920571728
const-table,64,1x,2,2,False,289368,0.0372456,128.71361035083353
const-table,64,1x,2,3,False,289368,0.0371495,128.38150728484146
const-table,64,1x,2,4,False,289368,0.0363128,125.4900334522131
take-table,0,2-stackless,0,0,True,3109937,0.059163564,19.024039393724053
take-table,0,2-stackless,0,1,True,3109937,0.059056697,18.989676318201944
take-table,0,2-stackless,0,2,False,3109937,0.059061511,18.9912242595268
take-table,0,2-stackless,0,3,False,3109937,0.058717883,18.880730702904913
take-table,0,2-stackless,0,4,False,3109937,0.05933952500000003,19.08061963956184
take-table,0,1x,0,0,True,3109937,0.0216495,6.961395037905913
take-table,0,1x,0,1,True,3109937,0.0219221,7.049049546662842
take-table,0,1x,0,2,False,3109937,0.0219236,7.049531871545951
take-table,0,1x,0,3,False,3109937,0.0216741,6.969305165988893
take-table,0,1x,0,4,False,3109937,0.0221125,7.110272651825423
take-table,0,2-stackful,0,0,True,3109937,0.06828226800000001,21.95615795432512
take-table,0,2-stackful,0,1,True,3109937,0.068024456,21.873258525815796
take-table,0,2-stackful,0,2,False,3109937,0.06783417500000002,21.812073685093953
take-table,0,2-stackful,0,3,False,3109937,0.06791446500000001,21.837890928337135
take-table,0,2-stackful,0,4,False,3109937,0.067410629,21.675882501799876
take-table,0,1x,1,0,True,3109937,0.0214944,6.911522644992487
take-table,0,1x,1,1,True,3109937,0.0219194,7.0481813618732465
take-table,0,1x,1,2,False,3109937,0.0217529,6.994643299848196
take-table,0,1x,1,3,False,3109937,0.0218143,7.01438646506344
take-table,0,1x,1,4,False,3109937,0.0217397,6.990398840876841
take-table,0,2-stackful,1,0,True,3109937,0.067775426,21.793182948722112
take-table,0,2-stackful,1,1,True,3109937,0.067042829,21.557616440461654
take-table,0,2-stackful,1,2,False,3109937,0.067692429,21.766495269839872
take-table,0,2-stackful,1,3,False,3109937,0.06786738,21.822750750256354
take-table,0,2-stackful,1,4,False,3109937,0.06791873499999995,21.839263946504367
take-table,0,2-stackless,1,0,True,3109937,0.058833267999999994,18.917832740663233
take-table,0,2-stackless,1,1,True,3109937,0.059210755,19.03921365609657
take-table,0,2-stackless,1,2,False,3109937,0.058664234999999995,18.86348019268557
take-table,0,2-stackless,1,3,False,3109937,0.058193405000000004,18.712084842876237
take-table,0,2-stackless,1,4,False,3109937,0.05813705899999999,18.693966790967146
take-table,0,2-stackful,2,0,True,3109937,0.067529962,21.71425401865054
take-table,0,2-stackful,2,1,True,3109937,0.068035543,21.876823549801813
take-table,0,2-stackful,2,2,False,3109937,0.06795389900000001,21.85057092796414
take-table,0,2-stackful,2,3,False,3109937,0.068219153,21.93586333099352
take-table,0,2-stackful,2,4,False,3109937,0.06801580600000001,21.870477118989875
take-table,0,1x,2,0,True,3109937,0.0217733,7.001202918258473
take-table,0,1x,2,1,True,3109937,0.0216253,6.953613529791761
take-table,0,1x,2,2,False,3109937,0.0213223,6.856183903403831
take-table,0,1x,2,3,False,3109937,0.0215408,6.926442561376645
take-table,0,1x,2,4,False,3109937,0.0214984,6.912808844680776
take-table,0,2-stackless,2,0,True,3109937,0.058725114,18.88305583039142
take-table,0,2-stackless,2,1,True,3109937,0.058627364,18.851624325508844
take-table,0,2-stackless,2,2,False,3109937,0.05870069700000001,18.875204545944182
take-table,0,2-stackless,2,3,False,3109937,0.058658580000000016,18.86166182787626
take-table,0,2-stackless,2,4,False,3109937,0.05803069100000002,18.65976416885616
const-seq,8,2-stackless,0,0,True,701007,0.020741624,29.588326507438584
const-seq,8,2-stackless,0,1,True,701007,0.020741843,29.58863891516062
const-seq,8,2-stackless,0,2,False,701007,0.02084693,29.73854754660082
const-seq,8,2-stackless,0,3,False,701007,0.020742558000000008,29.589658876444897
const-seq,8,2-stackless,0,4,False,701007,0.020791598999999994,29.659616808391345
const-seq,8,2-stackful,0,0,True,701007,0.022821202,32.55488461598814
const-seq,8,2-stackful,0,1,True,701007,0.022918094000000003,32.69310292193944
const-seq,8,2-stackful,0,2,False,701007,0.02262469100000001,32.27455788601256
const-seq,8,2-stackful,0,3,False,701007,0.022839089000000007,32.580400766326164
const-seq,8,2-stackful,0,4,False,701007,0.022752149,32.45637918023643
const-seq,8,1x,0,0,True,701007,0.0593557,84.67205035042446
const-seq,8,1x,0,1,True,701007,0.0596666,85.11555519417067
const-seq,8,1x,0,2,False,701007,0.0594815,84.85150647568426
const-seq,8,1x,0,3,False,701007,0.0599912,85.578603352035
const-seq,8,1x,0,4,False,701007,0.0593378,84.64651565533582
const-seq,8,2-stackful,1,0,True,701007,0.022798691,32.52277224050545
const-seq,8,2-stackful,1,1,True,701007,0.022469475,32.05313926965066
const-seq,8,2-stackful,1,2,False,701007,0.022767550999999997,32.478350430166884
const-seq,8,2-stackful,1,3,False,701007,0.022845750999999997,32.58990423776081
const-seq,8,2-stackful,1,4,False,701007,0.022802988999999996,32.52890342036527
const-seq,8,2-stackless,1,0,True,701007,0.020773089999999998,29.63321336306199
const-seq,8,2-stackless,1,1,True,701007,0.020749854999999998,29.600068187621517
const-seq,8,2-stackless,1,2,False,701007,0.020578479000000004,29.35559701971593
const-seq,8,2-stackless,1,3,False,701007,0.020701291000000004,29.530790705370993
const-seq,8,2-stackless,1,4,False,701007,0.02073942000000001,29.585182458948353
const-seq,8,1x,1,0,True,701007,0.059423,84.76805509788062
const-seq,8,1x,1,1,True,701007,0.0585262,83.48875260874713
const-seq,8,1x,1,2,False,701007,0.0595936,85.01141928682596
const-seq,8,1x,1,3,False,701007,0.0591215,84.33795953535414
const-seq,8,1x,1,4,False,701007,0.059305,84.59972582299463
const-seq,8,1x,2,0,True,701007,0.0593102,84.60714372324385
const-seq,8,1x,2,1,True,701007,0.0605852,86.42595580357971
const-seq,8,1x,2,2,False,701007,0.060209,85.88929925093473
const-seq,8,1x,2,3,False,701007,0.0592203,84.47889964008918
const-seq,8,1x,2,4,False,701007,0.0611121,87.17758881152399
const-seq,8,2-stackless,2,0,True,701007,0.021036165,30.008494922304628
const-seq,8,2-stackless,2,1,True,701007,0.021064087999999998,30.048327620123622
const-seq,8,2-stackless,2,2,False,701007,0.021323278000000008,30.418067151968536
const-seq,8,2-stackless,2,3,False,701007,0.021275123000000007,30.34937311610299
const-seq,8,2-stackless,2,4,False,701007,0.02123169200000001,30.28741795731
const-seq,8,2-stackful,2,0,True,701007,0.022717283,32.406642159065456
const-seq,8,2-stackful,2,1,True,701007,0.02301818,32.83587753046689
const-seq,8,2-stackful,2,2,False,701007,0.022666538999999992,32.33425486478736
const-seq,8,2-stackful,2,3,False,701007,0.022567914999999994,32.19356582744536
const-seq,8,2-stackful,2,4,False,701007,0.022893050999999998,32.65737859964308
make-table,256,2-stackless,0,0,True,12287,0.059911277,4875.989012777733
make-table,256,2-stackless,0,1,True,12287,0.059870635,4872.681289167413
make-table,256,2-stackless,0,2,False,12287,0.05994070400000001,4878.383983071541
make-table,256,2-stackless,0,3,False,12287,0.059546247,4846.280377634898
make-table,256,2-stackless,0,4,False,12287,0.05957810699999999,4848.873362090013
make-table,256,2-stackful,0,0,True,12287,0.05929213,4825.598600146496
make-table,256,2-stackful,0,1,True,12287,0.059494269,4842.050052901441
make-table,256,2-stackful,0,2,False,12287,0.060015773999999994,4884.493692520549
make-table,256,2-stackful,0,3,False,12287,0.059458204999999986,4839.114918206233
make-table,256,2-stackful,0,4,False,12287,0.059632202999999995,4853.276064132822
make-table,256,1x,0,0,True,12287,0.0202194,1645.5929030682835
make-table,256,1x,0,1,True,12287,0.0198158,1612.745177830227
make-table,256,1x,0,2,False,12287,0.0201281,1638.1622853422316
make-table,256,1x,0,3,False,12287,0.0200496,1631.773419060796
make-table,256,1x,0,4,False,12287,0.0200532,1632.0664116545943
make-table,256,1x,1,0,True,12287,0.0194978,1586.864165378042
make-table,256,1x,1,1,True,12287,0.0193439,1574.3387319931635
make-table,256,1x,1,2,False,12287,0.019193,1562.057459103117
make-table,256,1x,1,3,False,12287,0.0193102,1571.5959957678847
make-table,256,1x,1,4,False,12287,0.0195155,1588.3047122975502
make-table,256,2-stackless,1,0,True,12287,0.059812895,4867.982013510214
make-table,256,2-stackless,1,1,True,12287,0.059667169,4856.121836086922
make-table,256,2-stackless,1,2,False,12287,0.059588529,4849.72157564906
make-table,256,2-stackless,1,3,False,12287,0.05914232500000002,4813.406445837066
make-table,256,2-stackless,1,4,False,12287,0.05972817999999999,4861.087328070317
make-table,256,2-stackful,1,0,True,12287,0.060624722,4934.054040856189
make-table,256,2-stackful,1,1,True,12287,0.060519046,4925.453406038903
make-table,256,2-stackful,1,2,False,12287,0.059736075,4861.729877105884
make-table,256,2-stackful,1,3,False,12287,0.059564248999999986,4847.745503377552
make-table,256,2-stackful,1,4,False,12287,0.059679645999999975,4857.137299584925
make-table,256,2-stackless,2,0,True,12287,0.05998918,4882.329291120696
make-table,256,2-stackless,2,1,True,12287,0.059598820000000004,4850.559127533165
make-table,256,2-stackless,2,2,False,12287,0.05968406600000001,4857.497029380646
make-table,256,2-stackless,2,3,False,12287,0.05946230100000002,4839.448278668513
make-table,256,2-stackless,2,4,False,12287,0.05973561499999999,4861.692439163343
make-table,256,1x,2,0,True,12287,0.0193486,1574.7212501017336
make-table,256,1x,2,1,True,12287,0.0192615,1567.6324570684462
make-table,256,1x,2,2,False,12287,0.0191339,1557.2474973549279
make-table,256,1x,2,3,False,12287,0.0193408,1574.0864328151706
make-table,256,1x,2,4,False,12287,0.0194598,1583.7714657768372
make-table,256,2-stackful,2,0,True,12287,0.060089066000000003,4890.458696182957
make-table,256,2-stackful,2,1,True,12287,0.05963319599999999,4853.356881256612
make-table,256,2-stackful,2,2,False,12287,0.05975605099999999,4863.355660454138
make-table,256,2-stackful,2,3,False,12287,0.05965267599999999,4854.942296736387
make-table,256,2-stackful,2,4,False,12287,0.05967894100000001,4857.0799218686425
update-string,256,1x,0,0,True,67841,0.0333544,491.65548856885954
update-string,256,1x,0,1,True,67841,0.0337637,497.68871331495706
update-string,256,1x,0,2,False,67841,0.0337229,497.08730708568567
update-string,256,1x,0,3,False,67841,0.03331,491.0010170840642
update-string,256,1x,0,4,False,67841,0.033453,493.10888695626534
update-string,256,2-stackful,0,0,True,67841,0.020263632,298.6930027564452
update-string,256,2-stackful,0,1,True,67841,0.020135879,296.8098789817367
update-string,256,2-stackful,0,2,False,67841,0.020544169,302.82821597558996
update-string,256,2-stackful,0,3,False,67841,0.020529116,302.6063295057561
update-string,256,2-stackful,0,4,False,67841,0.020343082999999998,299.8641382055099
update-string,256,2-stackless,0,0,True,67841,0.020355037,300.04034433454694
update-string,256,2-stackless,0,1,True,67841,0.020385608000000003,300.4909715363866
update-string,256,2-stackless,0,2,False,67841,0.020414511999999996,300.91702657684874
update-string,256,2-stackless,0,3,False,67841,0.020411303,300.8697247976887
update-string,256,2-stackless,0,4,False,67841,0.020637018999999993,304.19685735764494
update-string,256,2-stackful,1,0,True,67841,0.020585676,303.44004363143233
update-string,256,2-stackful,1,1,True,67841,0.020901670999999997,308.0979201367904
update-string,256,2-stackful,1,2,False,67841,0.020609932000000004,303.79758553087373
update-string,256,2-stackful,1,3,False,67841,0.02045254199999999,301.4776020400641
update-string,256,2-stackful,1,4,False,67841,0.020340035999999992,299.81922436284833
update-string,256,2-stackless,1,0,True,67841,0.020386804,300.5086009934995
update-string,256,2-stackless,1,1,True,67841,0.020363089,300.15903362273554
update-string,256,2-stackless,1,2,False,67841,0.020188002000000003,297.5781901799797
update-string,256,2-stackless,1,3,False,67841,0.020189856,297.60551878657446
update-string,256,2-stackless,1,4,False,67841,0.02005027000000001,295.54797246502864
update-string,256,1x,1,0,True,67841,0.0331348,488.41850798189887
update-string,256,1x,1,1,True,67841,0.0334068,492.42788284370806
update-string,256,1x,1,2,False,67841,0.0334107,492.485370203859
update-string,256,1x,1,3,False,67841,0.0333675,491.84858713757166
update-string,256,1x,1,4,False,67841,0.0342752,505.22840170398433
update-string,256,1x,2,0,True,67841,0.033737,497.29514600315446
update-string,256,1x,2,1,True,67841,0.0334144,492.53990949425855
update-string,256,1x,2,2,False,67841,0.0332293,489.81147093940245
update-string,256,1x,2,3,False,67841,0.0337971,498.1810409634292
update-string,256,1x,2,4,False,67841,0.0330081,486.5509057944311
update-string,256,2-stackful,2,0,True,67841,0.020319880999999998,299.52213263365803
update-string,256,2-stackful,2,1,True,67841,0.020381706000000003,300.43345469553816
update-string,256,2-stackful,2,2,False,67841,0.020439078,301.2791379844047
update-string,256,2-stackful,2,3,False,67841,0.020446930000000002,301.394879202842
update-string,256,2-stackful,2,4,False,67841,0.020515787999999993,302.4098701375273
update-string,256,2-stackless,2,0,True,67841,0.019976367,294.4586164708657
update-string,256,2-stackless,2,1,True,67841,0.020239889,298.34302265591606
update-string,256,2-stackless,2,2,False,67841,0.020066296000000004,295.78420129420266
update-string,256,2-stackless,2,3,False,67841,0.020075670999999996,295.92239206379617
update-string,256,2-stackless,2,4,False,67841,0.020274041000000007,298.8464350466533
get-int,64,1x,0,0,True,438724,0.0198472,45.23846427366636
get-int,64,1x,0,1,True,438724,0.0199047,45.36952617135147
get-int,64,1x,0,2,False,438724,0.0200946,45.80237233431497
get-int,64,1x,0,3,False,438724,0.0198082,45.149570116975596
get-int,64,1x,0,4,False,438724,0.0199283,45.423318532836134
get-int,64,2-stackful,0,0,True,438724,0.039178013000000005,89.2999083706385
get-int,64,2-stackful,0,1,True,438724,0.038995341,88.88353725804834
get-int,64,2-stackful,0,2,False,438724,0.039023033,88.94665666797349
get-int,64,2-stackful,0,3,False,438724,0.039289988,89.55513717052179
get-int,64,2-stackful,0,4,False,438724,0.03844252000000001,87.62347170430614
get-int,64,2-stackless,0,0,True,438724,0.037940725,86.47971161823834
get-int,64,2-stackless,0,1,True,438724,0.038036235999999994,86.69741340797401
get-int,64,2-stackless,0,2,False,438724,0.037870001,86.31850776342301
get-int,64,2-stackless,0,3,False,438724,0.038000142999999986,86.61514528496272
get-int,64,2-stackless,0,4,False,438724,0.037677165999999984,85.87897174533417
get-int,64,2-stackless,1,0,True,438724,0.037940494,86.47918509131026
get-int,64,2-stackless,1,1,True,438724,0.037597402,85.69716268086542
get-int,64,2-stackless,1,2,False,438724,0.03810909999999999,86.86349504472058
get-int,64,2-stackless,1,3,False,438724,0.03813286000000002,86.91765210018147
get-int,64,2-stackless,1,4,False,438724,0.03796907499999999,86.54433083214046
get-int,64,1x,1,0,True,438724,0.0202481,46.152250617700425
get-int,64,1x,1,1,True,438724,0.0201923,46.025063593512094
get-int,64,1x,1,2,False,438724,0.0201751,45.98585899107412
get-int,64,1x,1,3,False,438724,0.0203024,46.27601863586218
get-int,64,1x,1,4,False,438724,0.0202299,46.1107666779114
get-int,64,2-stackful,1,0,True,438724,0.039150613,89.23745452721985
get-int,64,2-stackful,1,1,True,438724,0.038980084,88.84876140808345
get-int,64,2-stackful,1,2,False,438724,0.038788155000000005,88.41129046963468
get-int,64,2-stackful,1,3,False,438724,0.039002071,88.89887719842088
get-int,64,2-stackful,1,4,False,438724,0.03896189,88.80729114431853
get-int,64,1x,2,0,True,438724,0.0201155,45.85001048495182
get-int,64,1x,2,1,True,438724,0.0203122,46.298356141902424
get-int,64,1x,2,2,False,438724,0.0203399,46.36149378652638
get-int,64,1x,2,3,False,438724,0.0201895,46.018681448929165
get-int,64,1x,2,4,False,438724,0.0201028,45.82106290059354
get-int,64,2-stackful,2,0,True,438724,0.039061021,89.033244135265
get-int,64,2-stackful,2,1,True,438724,0.038710495,88.23427713095249
get-int,64,2-stackful,2,2,False,438724,0.038952246999999995,88.78531149424238
get-int,64,2-stackful,2,3,False,438724,0.03875954899999999,88.34608774537065
get-int,64,2-stackful,2,4,False,438724,0.038194737000000006,87.05869065745209
get-int,64,2-stackless,2,0,True,438724,0.03795564,86.51370793482918
get-int,64,2-stackless,2,1,True,438724,0.037597988,85.69849837255313
get-int,64,2-stackless,2,2,False,438724,0.03785408,86.28221843345703
get-int,64,2-stackless,2,3,False,438724,0.03780477999999998,86.16984710205045
get-int,64,2-stackless,2,4,False,438724,0.03776542099999999,86.08013466325069
do-int,256,2-stackful,0,0,True,4072,0.030678676000000002,7534.055992141455
do-int,256,2-stackful,0,1,True,4072,0.030563216,7505.70137524558
do-int,256,2-stackful,0,2,False,4072,0.031004198000000004,7613.997544204323
do-int,256,2-stackful,0,3,False,4072,0.030758166000000003,7553.577111984284
do-int,256,2-stackful,0,4,False,4072,0.030865200999999995,7579.86272102161
do-int,256,2-stackless,0,0,True,4072,0.029043263,7132.431974459725
do-int,256,2-stackless,0,1,True,4072,0.029155828,7160.075638506876
do-int,256,2-stackless,0,2,False,4072,0.028728985,7055.251719056974
do-int,256,2-stackless,0,3,False,4072,0.029082329000000004,7142.025785854617
do-int,256,2-stackless,0,4,False,4072,0.029290218999999992,7193.079322200391
do-int,256,1x,0,0,True,4072,0.0201636,4951.768172888016
do-int,256,1x,0,1,True,4072,0.0204233,5015.545186640472
do-int,256,1x,0,2,False,4072,0.0198537,4875.663064833006
do-int,256,1x,0,3,False,4072,0.0200705,4928.904715127702
do-int,256,1x,0,4,False,4072,0.0199737,4905.132612966601
do-int,256,2-stackful,1,0,True,4072,0.030670958,7532.160609037328
do-int,256,2-stackful,1,1,True,4072,0.031019106,7617.658644400786
do-int,256,2-stackful,1,2,False,4072,0.030861542,7578.964145383105
do-int,256,2-stackful,1,3,False,4072,0.031000993000000004,7613.210461689589
do-int,256,2-stackful,1,4,False,4072,0.030847002,7575.393418467584
do-int,256,2-stackless,1,0,True,4072,0.029537386000000002,7253.7784872298635
do-int,256,2-stackless,1,1,True,4072,0.028931331999999997,7104.944007858545
do-int,256,2-stackless,1,2,False,4072,0.029359593999999996,7210.116404715127
do-int,256,2-stackless,1,3,False,4072,0.029202970999999994,7171.652996070725
do-int,256,2-stackless,1,4,False,4072,0.029479509999999987,7239.565324165026
do-int,256,1x,1,0,True,4072,0.0201388,4945.677799607072
do-int,256,1x,1,1,True,4072,0.0199178,4891.404715127702
do-int,256,1x,1,2,False,4072,0.0201831,4956.556974459725
do-int,256,1x,1,3,False,4072,0.0201384,4945.579567779961
do-int,256,1x,1,4,False,4072,0.0201052,4937.426326129666
do-int,256,2-stackless,2,0,True,4072,0.029685938999999998,7290.260068762278
do-int,256,2-stackless,2,1,True,4072,0.029145873,7157.630893909627
do-int,256,2-stackless,2,2,False,4072,0.029269297999999992,7187.941552062866
do-int,256,2-stackless,2,3,False,4072,0.029013711999999997,7125.174852652259
do-int,256,2-stackless,2,4,False,4072,0.02921079900000001,7173.575392927311
do-int,256,1x,2,0,True,4072,0.0199799,4906.655206286837
do-int,256,1x,2,1,True,4072,0.0198094,4864.783889980354
do-int,256,1x,2,2,False,4072,0.0201357,4944.916502946955
do-int,256,1x,2,3,False,4072,0.020069,4928.536345776031
do-int,256,1x,2,4,False,4072,0.0199703,4904.2976424361495
do-int,256,2-stackful,2,0,True,4072,0.031223445000000002,7667.840127701376
do-int,256,2-stackful,2,1,True,4072,0.030868985,7580.79199410609
do-int,256,2-stackful,2,2,False,4072,0.031151296000000002,7650.12180746562
do-int,256,2-stackful,2,3,False,4072,0.030881552000000007,7583.878192534383
do-int,256,2-stackful,2,4,False,4072,0.031021747000000002,7618.3072200392935
assign-string,8,1x,0,0,True,322950,0.0198012,61.31351602415234
assign-string,8,1x,0,1,True,322950,0.0199543,61.78758321721629
assign-string,8,1x,0,2,False,322950,0.0199255,61.698405325901845
assign-string,8,1x,0,3,False,322950,0.0198968,61.60953708004335
assign-string,8,1x,0,4,False,322950,0.0203797,63.10481498684007
assign-string,8,2-stackful,0,0,True,322950,0.037331918,115.5965877070754
assign-string,8,2-stackful,0,1,True,322950,0.037645279,116.56689580430407
assign-string,8,2-stackful,0,2,False,322950,0.037523675000000006,116.19035454404708
assign-string,8,2-stackful,0,3,False,322950,0.03756775200000001,116.32683697166746
assign-string,8,2-stackful,0,4,False,322950,0.03753646599999999,116.22996129431799
assign-string,8,2-stackless,0,0,True,322950,0.036425004,112.78836971667441
assign-string,8,2-stackless,0,1,True,322950,0.036555584,113.19270475305775
assign-string,8,2-stackless,0,2,False,322950,0.036335432,112.51101408886825
assign-string,8,2-stackless,0,3,False,322950,0.036438419,112.8299086545905
assign-string,8,2-stackless,0,4,False,322950,0.036405723,112.72866697631213
assign-string,8,2-stackful,1,0,True,322950,0.037564406,116.31647623471126
assign-string,8,2-stackful,1,1,True,322950,0.037554699000000004,116.28641895030192
assign-string,8,2-stackful,1,2,False,322950,0.037545254,116.25717293698715
assign-string,8,2-stackful,1,3,False,322950,0.037775509,116.97014708159158
assign-string,8,2-stackful,1,4,False,322950,0.037436952999999995,115.92182381173554
assign-string,8,1x,1,0,True,322950,0.0201081,62.2638179284719
assign-string,8,1x,1,1,True,322950,0.0199964,61.91794395417247
assign-string,8,1x,1,2,False,322950,0.0201293,62.32946276513392
assign-string,8,1x,1,3,False,322950,0.0201508,62.396036538163806
assign-string,8,1x,1,4,False,322950,0.0197466,61.14444960520204
assign-string,8,2-stackless,1,0,True,322950,0.036044304,111.60954946586159
assign-string,8,2-stackless,1,1,True,322950,0.036160691999999994,111.96993961913607
assign-string,8,2-stackless,1,2,False,322950,0.03674937099999999,113.79275739278523
assign-string,8,2-stackless,1,3,False,322950,0.03622398399999999,112.16592042111778
assign-string,8,2-stackless,1,4,False,322950,0.03627381499999999,112.32021984827368
assign-string,8,2-stackful,2,0,True,322950,0.03735885,115.67998142127264
assign-string,8,2-stackful,2,1,True,322950,0.037266732,115.39474222015792
assign-string,8,2-stackful,2,2,False,322950,0.036983615,114.51808329462766
assign-string,8,2-stackful,2,3,False,322950,0.03712451500000001,114.95437374206536
assign-string,8,2-stackful,2,4,False,322950,0.037049231000000016,114.72126025700578
assign-string,8,1x,2,0,True,322950,0.0197519,61.16086081436755
assign-string,8,1x,2,1,True,322950,0.0200836,62.18795479176343
assign-string,8,1x,2,2,False,322950,0.0199554,61.79098931723177
assign-string,8,1x,2,3,False,322950,0.0197829,61.25685090571296
assign-string,8,1x,2,4,False,322950,0.0201022,62.24554884657068
assign-string,8,2-stackless,2,0,True,322950,0.036219123,112.15086855550395
assign-string,8,2-stackless,2,1,True,322950,0.03589658799999999,111.15215358414613
assign-string,8,2-stackless,2,2,False,322950,0.036193771,112.07236723951075
assign-string,8,2-stackless,2,3,False,322950,0.036279376000000016,112.33743923207932
assign-string,8,2-stackless,2,4,False,322950,0.036201890000000014,112.09750735407962
update-seq,256,2-stackful,0,0,True,67926,0.020245819,298.05698848747164
update-seq,256,2-stackful,0,1,True,67926,0.020219062000000003,297.6630745222743
update-seq,256,2-stackful,0,2,False,67926,0.020357522000000003,299.70146924594417
update-seq,256,2-stackful,0,3,False,67926,0.020472305000000003,301.39129346641937
update-seq,256,2-stackful,0,4,False,67926,0.020281264000000007,298.5788063480848
update-seq,256,1x,0,0,True,67926,0.0422241,621.6191149191767
update-seq,256,1x,0,1,True,67926,0.0420825,619.5344934193092
update-seq,256,1x,0,2,False,67926,0.0424848,625.4571150958396
update-seq,256,1x,0,3,False,67926,0.0415901,612.2854282601654
update-seq,256,1x,0,4,False,67926,0.0426718,628.2101110031505
update-seq,256,2-stackless,0,0,True,67926,0.020069802,295.4656832435297
update-seq,256,2-stackless,0,1,True,67926,0.019926455,293.3553425786886
update-seq,256,2-stackless,0,2,False,67926,0.020140959,296.5132497129229
update-seq,256,2-stackless,0,3,False,67926,0.020047920000000004,295.1435385566647
update-seq,256,2-stackless,0,4,False,67926,0.019959468000000008,293.8413567706034
update-seq,256,1x,1,0,True,67926,0.0406003,597.7136884256397
update-seq,256,1x,1,1,True,67926,0.039962,588.3166975826634
update-seq,256,1x,1,2,False,67926,0.0404537,595.5554574095339
update-seq,256,1x,1,3,False,67926,0.0398002,585.9346936371934
update-seq,256,1x,1,4,False,67926,0.0399987,588.8569914318523
update-seq,256,2-stackful,1,0,True,67926,0.020225053,297.7512734446309
update-seq,256,2-stackful,1,1,True,67926,0.020346065,299.53280040043575
update-seq,256,2-stackful,1,2,False,67926,0.020328854,299.27942172364044
update-seq,256,2-stackful,1,3,False,67926,0.020561839999999998,302.7094190736978
update-seq,256,2-stackful,1,4,False,67926,0.020445722,300.99994111238703
update-seq,256,2-stackless,1,0,True,67926,0.020010805,294.597135117628
update-seq,256,2-stackless,1,1,True,67926,0.020314659000000002,299.0704443070401
update-seq,256,2-stackless,1,2,False,67926,0.020187856000000004,297.20366280952805
update-seq,256,2-stackless,1,3,False,67926,0.020037159,294.9851161558166
update-seq,256,2-stackless,1,4,False,67926,0.02015897300000001,296.77845007802625
update-seq,256,2-stackful,2,0,True,67926,0.020335125,299.3717427789065
update-seq,256,2-stackful,2,1,True,67926,0.020178246,297.0621853193181
update-seq,256,2-stackful,2,2,False,67926,0.020192937,297.27846479992934
update-seq,256,2-stackful,2,3,False,67926,0.020352891000000005,299.6332921120043
update-seq,256,2-stackful,2,4,False,67926,0.020314637999999996,299.07013514707177
update-seq,256,2-stackless,2,0,True,67926,0.020065173000000002,295.3975355533964
update-seq,256,2-stackless,2,1,True,67926,0.020124472999999997,296.27054441598204
update-seq,256,2-stackless,2,2,False,67926,0.020224308000000003,297.74030562671146
update-seq,256,2-stackless,2,3,False,67926,0.019888026000000003,292.78959455878464
update-seq,256,2-stackless,2,4,False,67926,0.020030710999999993,294.89018932367566
update-seq,256,1x,2,0,True,67926,0.0400504,589.6181138297559
update-seq,256,1x,2,1,True,67926,0.0403489,594.01260194918
update-seq,256,1x,2,2,False,67926,0.040517,596.4873538851102
update-seq,256,1x,2,3,False,67926,0.040011,589.0380708417985
update-seq,256,1x,2,4,False,67926,0.040321,593.6018608485705
get-int,0,2-stackless,0,0,True,2602676,0.049326148,18.952089311155135
get-int,0,2-stackless,0,1,True,2602676,0.049145677,18.882748755511635
get-int,0,2-stackless,0,2,False,2602676,0.049341976999999995,18.95817112848468
get-int,0,2-stackless,0,3,False,2602676,0.049066371,18.852277809454577
get-int,0,2-stackless,0,4,False,2602676,0.04894199000000002,18.80448814988881
get-int,0,2-stackful,0,0,True,2602676,0.05709829,21.938301194616617
get-int,0,2-stackful,0,1,True,2602676,0.056488853,21.70414335092036
get-int,0,2-stackful,0,2,False,2602676,0.057181157999999996,21.97014073207729
get-int,0,2-stackful,0,3,False,2602676,0.05685951,21.846557158862648
get-int,0,2-stackful,0,4,False,2602676,0.057069917000000026,21.927399722439528
get-int,0,1x,0,0,True,2602676,0.0171373,6.584492268726495
get-int,0,1x,0,1,True,2602676,0.0174172,6.692035428151641
get-int,0,1x,0,2,False,2602676,0.0175516,6.743674587232525
get-int,0,1x,0,3,False,2602676,0.0175389,6.738794994075328
get-int,0,1x,0,4,False,2602676,0.0173263,6.657109836183989
get-int,0,2-stackful,1,0,True,2602676,0.057362049,22.03964266009292
get-int,0,2-stackful,1,1,True,2602676,0.057514184,22.098095959696867
get-int,0,2-stackful,1,2,False,2602676,0.057321784,22.024172044465004
get-int,0,2-stackful,1,3,False,2602676,0.05766927599999999,22.157685397644574
get-int,0,2-stackful,1,4,False,2602676,0.05694339400000001,21.878787063775903
get-int,0,2-stackless,1,0,True,2602676,0.049005552,18.828909937310677
get-int,0,2-stackless,1,1,True,2602676,0.04893714700000001,18.8026273727502
get-int,0,2-stackless,1,2,False,2602676,0.049222143999999995,18.912128901177095
get-int,0,2-stackless,1,3,False,2602676,0.049368949999999995,18.968534692754684
get-int,0,2-stackless,1,4,False,2602676,0.04914402000000001,18.8821121030816
get-int,0,1x,1,0,True,2602676,0.017114,6.575539944272741
get-int,0,1x,1,1,True,2602676,0.0170916,6.56693341775926
get-int,0,1x,1,2,False,2602676,0.0173462,6.664755812863376
get-int,0,1x,1,3,False,2602676,0.0174397,6.700680376658485
get-int,0,1x,1,4,False,2602676,0.0173685,6.673323917383493
get-int,0,2-stackful,2,0,True,2602676,0.056801525,21.824278166010675
get-int,0,2-stackful,2,1,True,2602676,0.056775820000000005,21.814401792616525
get-int,0,2-stackful,2,2,False,2602676,0.05689712099999998,21.86100805478668
get-int,0,2-stackful,2,3,False,2602676,0.056694837,21.783286509730754
get-int,0,2-stackful,2,4,False,2602676,0.05669255300000001,21.782408951402328
get-int,0,2-stackless,2,0,True,2602676,0.048839347,18.765050663240448
get-int,0,2-stackless,2,1,True,2602676,0.048913182000000006,18.793419542040578
get-int,0,2-stackless,2,2,False,2602676,0.049232257,18.916014517365973
get-int,0,2-stackless,2,3,False,2602676,0.04908989899999999,18.8613177360532
get-int,0,2-stackless,2,4,False,2602676,0.04915941800000001,18.88802832161975
get-int,0,1x,2,0,True,2602676,0.0169477,6.511644169308819
get-int,0,1x,2,1,True,2602676,0.0172756,6.6376298855485665
get-int,0,1x,2,2,False,2602676,0.0173805,6.677934556587143
get-int,0,1x,2,3,False,2602676,0.0172291,6.619763658634421
get-int,0,1x,2,4,False,2602676,0.0172887,6.642663166679218
get-seq,64,2-stackful,0,0,True,228618,0.021474487,93.93174203256086
get-seq,64,2-stackful,0,1,True,228618,0.020943129999999997,91.60752871602409
get-seq,64,2-stackful,0,2,False,228618,0.021135462,92.44880980500223
get-seq,64,2-stackful,0,3,False,228618,0.021178347,92.63639345983256
get-seq,64,2-stackful,0,4,False,228618,0.021104178,92.31197018607459
get-seq,64,2-stackless,0,0,True,228618,0.020517871,89.74739959233307
get-seq,64,2-stackless,0,1,True,228618,0.0203963,89.21563481440657
get-seq,64,2-stackless,0,2,False,228618,0.020162054,88.19101733021897
get-seq,64,2-stackless,0,3,False,228618,0.020280239,88.70797137583217
get-seq,64,2-stackless,0,4,False,228618,0.020512764000000003,89.72506101881743
get-seq,64,1x,0,0,True,228618,0.0268962,117.6469044432197
get-seq,64,1x,0,1,True,228618,0.0273847,119.78365657997183
get-seq,64,1x,0,2,False,228618,0.0265734,116.2349421305409
get-seq,64,1x,0,3,False,228618,0.0272934,119.38430044878356
get-seq,64,1x,0,4,False,228618,0.027302,119.42191778425146
get-seq,64,2-stackful,1,0,True,228618,0.021375521999999997,93.49885835760962
get-seq,64,2-stackful,1,1,True,228618,0.021407301000000004,93.63786316038109
get-seq,64,2-stackful,1,2,False,228618,0.021083660000000004,92.22222222222224
get-seq,64,2-stackful,1,3,False,228618,0.021147708,92.502375141065
get-seq,64,2-stackful,1,4,False,228618,0.021324907000000004,93.27746284194598
get-seq,64,1x,1,0,True,228618,0.0275148,120.35272813164318
get-seq,64,1x,1,1,True,228618,0.0272159,119.04530701869494
get-seq,64,1x,1,2,False,228618,0.0269075,117.69633187238101
get-seq,64,1x,1,3,False,228618,0.0268493,117.44175874165639
get-seq,64,1x,1,4,False,228618,0.0268272,117.34509093772144
get-seq,64,2-stackless,1,0,True,228618,0.020546759,89.873758846635
get-seq,64,2-stackless,1,1,True,228618,0.020432935000000003,89.37588028939105
get-seq,64,2-stackless,1,2,False,228618,0.020668578,90.40660840353777
get-seq,64,2-stackless,1,3,False,228618,0.020623029,90.20737212292995
get-seq,64,2-stackless,1,4,False,228618,0.020576450999999996,90.00363488439228
get-seq,64,1x,2,0,True,228618,0.026777,117.12551067719951
get-seq,64,1x,2,1,True,228618,0.0269644,117.94521866169768
get-seq,64,1x,2,2,False,228618,0.0274342,120.00017496435102
get-seq,64,1x,2,3,False,228618,0.0272302,119.10785677418227
get-seq,64,1x,2,4,False,228618,0.0267792,117.13513371650527
get-seq,64,2-stackful,2,0,True,228618,0.021268230000000003,93.02955147888619
get-seq,64,2-stackful,2,1,True,228618,0.021350229,93.38822402435504
get-seq,64,2-stackful,2,2,False,228618,0.021456758000000006,93.85419345808295
get-seq,64,2-stackful,2,3,False,228618,0.021120304999999992,92.38251143829442
get-seq,64,2-stackful,2,4,False,228618,0.020979400999999995,91.76618201541434
get-seq,64,2-stackless,2,0,True,228618,0.020374255,89.11920758645427
get-seq,64,2-stackless,2,1,True,228618,0.020640475000000002,90.28368282462449
get-seq,64,2-stackless,2,2,False,228618,0.020879575999999997,91.32953660691632
get-seq,64,2-stackless,2,3,False,228618,0.020956299000000005,91.66513135448653
get-seq,64,2-stackless,2,4,False,228618,0.020895038000000005,91.39716907680062
update-string,64,1x,0,0,True,196700,0.0269923,137.22572445348246
update-string,64,1x,0,1,True,196700,0.0264489,134.46314184036603
update-string,64,1x,0,2,False,196700,0.0270134,137.3329944077275
update-string,64,1x,0,3,False,196700,0.0274358,139.48042704626334
update-string,64,1x,0,4,False,196700,0.0268052,136.2745297407219
update-string,64,2-stackless,0,0,True,196700,0.020529143,104.36778342653787
update-string,64,2-stackless,0,1,True,196700,0.020588218,104.66811387900356
update-string,64,2-stackless,0,2,False,196700,0.020562420999999997,104.53696492119978
update-string,64,2-stackless,0,3,False,196700,0.020494054000000005,104.18939501779361
update-string,64,2-stackless,0,4,False,196700,0.020832698999999996,105.91102694458564
update-string,64,2-stackful,0,0,True,196700,0.021699302,110.31673614641586
update-string,64,2-stackful,0,1,True,196700,0.021624147000000003,109.93465683782412
update-string,64,2-stackful,0,2,False,196700,0.021645937999999997,110.04543975597355
update-string,64,2-stackful,0,3,False,196700,0.021628788999999995,109.95825622775799
update-string,64,2-stackful,0,4,False,196700,0.021470093999999995,109.15146924250125
update-string,64,2-stackless,1,0,True,196700,0.020740235,105.44095068632436
update-string,64,2-stackless,1,1,True,196700,0.020541363,104.42990849008643
update-string,64,2-stackless,1,2,False,196700,0.020591573000000002,104.68517031011694
update-string,64,2-stackless,1,3,False,196700,0.020747064999999995,105.47567361464156
update-string,64,2-stackless,1,4,False,196700,0.02053328,104.38881545500763
update-string,64,1x,1,0,True,196700,0.0274417,139.51042196237927
update-string,64,1x,1,1,True,196700,0.0273162,138.87239450940518
update-string,64,1x,1,2,False,196700,0.0273057,138.81901372648704
update-string,64,1x,1,3,False,196700,0.0280399,142.55160142348754
update-string,64,1x,1,4,False,196700,0.0276729,140.68581596339604
update-string,64,2-stackful,1,0,True,196700,0.021973464999999998,111.71054905948142
update-string,64,2-stackful,1,1,True,196700,0.021825835999999998,110.96002033553633
update-string,64,2-stackful,1,2,False,196700,0.021768880000000004,110.67046263345198
update-string,64,2-stackful,1,3,False,196700,0.021958943999999994,111.63672597864765
update-string,64,2-stackful,1,4,False,196700,0.021740898999999994,110.52821047280118
update-string,64,1x,2,0,True,196700,0.027465,139.62887646161667
update-string,64,1x,2,1,True,196700,0.0277402,141.02796136248094
update-string,64,1x,2,2,False,196700,0.0279825,142.25978647686833
update-string,64,1x,2,3,False,196700,0.0275149,139.88256227758006
update-string,64,1x,2,4,False,196700,0.0272527,138.54956786985258
update-string,64,2-stackless,2,0,True,196700,0.020375363,103.58598373157092
update-string,64,2-stackless,2,1,True,196700,0.020558130999999997,104.51515505846464
update-string,64,2-stackless,2,2,False,196700,0.020743035,105.4551855617692
update-string,64,2-stackless,2,3,False,196700,0.020571867,104.58498729028977
update-string,64,2-stackless,2,4,False,196700,0.020622356999999994,104.84167259786473
update-string,64,2-stackful,2,0,True,196700,0.021615429,109.89033553634977
update-string,64,2-stackful,2,1,True,196700,0.02157445,109.68200305033045
update-string,64,2-stackful,2,2,False,196700,0.021507574,109.34201321809863
update-string,64,2-stackful,2,3,False,196700,0.021498438999999994,109.2955719369598
update-string,64,2-stackful,2,4,False,196700,0.02159122599999999,109.76729028978136
const-table,8,2-stackful,0,0,True,650820,0.021122006999999998,32.45445284410436
const-table,8,2-stackful,0,1,True,650820,0.021014514999999998,32.28928889708367
const-table,8,2-stackful,0,2,False,650820,0.021453266,32.96343996804032
const-table,8,2-stackful,0,3,False,650820,0.021054142999999997,32.35017823668602
const-table,8,2-stackful,0,4,False,650820,0.021314566999999993,32.750325742908935
const-table,8,2-stackless,0,0,True,650820,0.019409306999999997,29.822849635844005
const-table,8,2-stackless,0,1,True,650820,0.01927247,29.612596416828
const-table,8,2-stackless,0,2,False,650820,0.019076452,29.31141022095203
const-table,8,2-stackless,0,3,False,650820,0.019134703999999995,29.400915767800615
const-table,8,2-stackless,0,4,False,650820,0.019115372000000005,29.37121170216036
const-table,8,1x,0,0,True,650820,0.0664626,102.1213238683507
const-table,8,1x,0,1,True,650820,0.0663193,101.90114010018131
const-table,8,1x,0,2,False,650820,0.0670725,103.05844934083156
const-table,8,1x,0,3,False,650820,0.0665822,102.305092037737
const-table,8,1x,0,4,False,650820,0.066198,101.71475984143082
const-table,8,1x,1,0,True,650820,0.0664399,102.08644479272301
const-table,8,1x,1,1,True,650820,0.0668495,102.7158046771765
const-table,8,1x,1,2,False,650820,0.0666163,102.35748747733628
const-table,8,1x,1,3,False,650820,0.0672836,103.38280937893734
const-table,8,1x,1,4,False,650820,0.067189,103.23745428843613
const-table,8,2-stackless,1,0,True,650820,0.019050585,29.271664976491195
const-table,8,2-stackless,1,1,True,650820,0.018867422999999998,28.99023232230109
const-table,8,2-stackless,1,2,False,650820,0.018751286,28.811785132601948
const-table,8,2-stackless,1,3,False,650820,0.018802071000000004,28.889817461049144
const-table,8,2-stackless,1,4,False,650820,0.018915982999999997,29.064845886727507
const-table,8,2-stackful,1,0,True,650820,0.020922365,32.14769828831321
const-table,8,2-stackful,1,1,True,650820,0.020864121999999995,32.058206570173006
const-table,8,2-stackful,1,2,False,650820,0.02075754400000001,31.894447005316387
const-table,8,2-stackful,1,3,False,650820,0.020750365000000007,31.883416305583737
const-table,8,2-stackful,1,4,False,650820,0.020723372000000004,31.841940936049912
const-table,8,1x,2,0,True,650820,0.0664433,102.0916689714514
const-table,8,1x,2,1,True,650820,0.0656796,100.91822623766942
const-table,8,1x,2,2,False,650820,0.0652462,100.25229710211734
const-table,8,1x,2,3,False,650820,0.065728,100.99259395839094
const-table,8,1x,2,4,False,650820,0.0652042,100.18776312959038
const-table,8,2-stackful,2,0,True,650820,0.020952052,32.19331305122768
const-table,8,2-stackful,2,1,True,650820,0.020993637,32.25720936664516
const-table,8,2-stackful,2,2,False,650820,0.020810327999999996,31.975550843551208
const-table,8,2-stackful,2,3,False,650820,0.020819739000000004,31.990011062966726
const-table,8,2-stackful,2,4,False,650820,0.02073419500000001,31.85857072616086
const-table,8,2-stackless,2,0,True,650820,0.018744269,28.80100334962048
const-table,8,2-stackless,2,1,True,650820,0.018943254,29.106748409698532
const-table,8,2-stackless,2,2,False,650820,0.018770907000000003,28.841933253434135
const-table,8,2-stackless,2,3,False,650820,0.018795678999999996,28.87999600503979
const-table,8,2-stackless,2,4,False,650820,0.018763918000000004,28.831194493101016
add-float4,64,2-stackful,0,0,True,268128,0.029456418,109.85953723594702
add-float4,64,2-stackful,0,1,True,268128,0.029443173000000003,109.81013918725387
add-float4,64,2-stackful,0,2,False,268128,0.029371560000000005,109.54305406373076
add-float4,64,2-stackful,0,3,False,268128,0.029237151000000003,109.04176736484068
add-float4,64,2-stackful,0,4,False,268128,0.029158785999999992,108.74950023869194
add-float4,64,2-stackless,0,0,True,268128,0.028952942000000002,107.98179227831484
add-float4,64,2-stackless,0,1,True,268128,0.028984469,108.09937417949637
add-float4,64,2-stackless,0,2,False,268128,0.029121391999999996,108.61003699725502
add-float4,64,2-stackless,0,3,False,268128,0.029273096,109.17582647093926
add-float4,64,2-stackless,0,4,False,268128,0.029380533000000014,109.57651942355895
add-float4,64,1x,0,0,True,268128,0.0206108,76.86925647451963
add-float4,64,1x,0,1,True,268128,0.020603,76.84016589091777
add-float4,64,1x,0,2,False,268128,0.0204642,76.32250268528465
add-float4,64,1x,0,3,False,268128,0.0205624,76.68874567370808
add-float4,64,1x,0,4,False,268128,0.0204924,76.42767633369137
add-float4,64,1x,1,0,True,268128,0.0208606,77.80090106217926
add-float4,64,1x,1,1,True,268128,0.0206417,76.98449994032701
add-float4,64,1x,1,2,False,268128,0.0205799,76.75401300871226
add-float4,64,1x,1,3,False,268128,0.020709,77.23549946294307
add-float4,64,1x,1,4,False,268128,0.0206121,76.87410490511995
add-float4,64,2-stackful,1,0,True,268128,0.029753521,110.96760129490393
add-float4,64,2-stackful,1,1,True,268128,0.029833268000000003,111.26502267573697
add-float4,64,2-stackful,1,2,False,268128,0.029653761,110.59554018976011
add-float4,64,2-stackful,1,3,False,268128,0.030070052,112.14812328440148
add-float4,64,2-stackful,1,4,False,268128,0.029865403999999998,111.38487588017664
add-float4,64,2-stackless,1,0,True,268128,0.029377937,109.56683748060628
add-float4,64,2-stackless,1,1,True,268128,0.029362419,109.50896213748658
add-float4,64,2-stackless,1,2,False,268128,0.029396118,109.63464464733262
add-float4,64,2-stackless,1,3,False,268128,0.029282058,109.2092508055854
add-float4,64,2-stackless,1,4,False,268128,0.029044953,108.3249530075188
add-float4,64,2-stackful,2,0,True,268128,0.029568081,110.27599131757967
add-float4,64,2-stackful,2,1,True,268128,0.02966595,110.64099982098102
add-float4,64,2-stackful,2,2,False,268128,0.029849747000000003,111.3264821279389
add-float4,64,2-stackful,2,3,False,268128,0.029850244000000012,111.32833572025305
add-float4,64,2-stackful,2,4,False,268128,0.02980461700000002,111.1581669948682
add-float4,64,1x,2,0,True,268128,0.0207012,77.20640887934121
add-float4,64,1x,2,1,True,268128,0.0205411,76.609306003103
add-float4,64,1x,2,2,False,268128,0.0205443,76.62124060150376
add-float4,64,1x,2,3,False,268128,0.0206322,76.94906910132474
add-float4,64,1x,2,4,False,268128,0.0202855,75.65602995584199
add-float4,64,2-stackless,2,0,True,268128,0.029076561999999997,108.44284073278433
add-float4,64,2-stackless,2,1,True,268128,0.02914779,108.70848997493734
add-float4,64,2-stackless,2,2,False,268128,0.029246747999999996,109.07755997135695
add-float4,64,2-stackless,2,3,False,268128,0.029409997999999993,109.68641096789591
add-float4,64,2-stackless,2,4,False,268128,0.029308240000000013,109.3068981978757
assign-string,256,2-stackful,0,0,True,15358,0.041712137999999996,2715.9876285974733
assign-string,256,2-stackful,0,1,True,15358,0.041555751999999994,2705.804922515952
assign-string,256,2-stackful,0,2,False,15358,0.041613789,2709.5838650866
assign-string,256,2-stackful,0,3,False,15358,0.041858508000000016,2725.518166427921
assign-string,256,2-stackful,0,4,False,15358,0.04190084699999999,2728.2749706993095
assign-string,256,1x,0,0,True,15358,0.0206098,1341.958588357859
assign-string,256,1x,0,1,True,15358,0.0206463,1344.3351998958199
assign-string,256,1x,0,2,False,15358,0.0208998,1360.8412553717933
assign-string,256,1x,0,3,False,15358,0.0204546,1331.8531058731605
assign-string,256,1x,0,4,False,15358,0.0208558,1357.9762989972653
assign-string,256,2-stackless,0,0,True,15358,0.042567334000000005,2771.6717020445376
assign-string,256,2-stackless,0,1,True,15358,0.04197488,2733.0954551373875
assign-string,256,2-stackless,0,2,False,15358,0.04180142099999999,2721.8010808699046
assign-string,256,2-stackless,0,3,False,15358,0.04162685699999999,2710.434757129834
assign-string,256,2-stackless,0,4,False,15358,0.041772953,2719.9474540955853
assign-string,256,1x,1,0,True,15358,0.0197515,1286.0724052611017
assign-string,256,1x,1,1,True,15358,0.0194322,1265.2819377523115
assign-string,256,1x,1,2,False,15358,0.0206238,1342.870165386118
assign-string,256,1x,1,3,False,15358,0.0201044,1309.0506576377134
assign-string,256,1x,1,4,False,15358,0.0209736,1365.6465685636151
assign-string,256,2-stackful,1,0,True,15358,0.042374403,2759.109454356036
assign-string,256,2-stackful,1,1,True,15358,0.04213511300000001,2743.5286495637456
assign-string,256,2-stackful,1,2,False,15358,0.04239249099999999,2760.287211876546
assign-string,256,2-stackful,1,3,False,15358,0.04224366199999999,2750.59656205235
assign-string,256,2-stackful,1,4,False,15358,0.042488658999999984,2766.5489647089457
assign-string,256,2-stackless,1,0,True,15358,0.041932007,2730.3038807136345
assign-string,256,2-stackless,1,1,True,15358,0.041551728,2705.542909232973
assign-string,256,2-stackless,1,2,False,15358,0.04177420899999999,2720.0292355775487
assign-string,256,2-stackless,1,3,False,15358,0.04245586600000001,2764.4137257455404
assign-string,256,2-stackless,1,4,False,15358,0.042409437999999994,2761.3906758692533
assign-string,256,1x,2,0,True,15358,0.0207166,1348.912618830577
assign-string,256,1x,2,1,True,15358,0.0201692,1313.2699570256543
assign-string,256,1x,2,2,False,15358,0.0205613,1338.8006250813908
assign-string,256,1x,2,3,False,15358,0.0203042,1322.0601640838652
assign-string,256,1x,2,4,False,15358,0.0203411,1324.462820679776
assign-string,256,2-stackless,2,0,True,15358,0.042170569,2745.8372835004557
assign-string,256,2-stackless,2,1,True,15358,0.041742706,2717.9779919260322
assign-string,256,2-stackless,2,2,False,15358,0.04176905999999998,2719.6939705690834
assign-string,256,2-stackless,2,3,False,15358,0.04190998499999998,2728.8699700481825
assign-string,256,2-stackless,2,4,False,15358,0.04186862100000002,2726.176650605549
assign-string,256,2-stackful,2,0,True,15358,0.041735928,2717.536658419065
assign-string,256,2-stackful,2,1,True,15358,0.041543698999999996,2705.0201198072664
assign-string,256,2-stackful,2,2,False,15358,0.041739105999999984,2717.7435864044787
assign-string,256,2-stackful,2,3,False,15358,0.042099671000000005,2741.2209272040636
assign-string,256,2-stackful,2,4,False,15358,0.042254911000000006,2751.329014194557
push-shared-seq,64,2-stackless,0,0,True,72424,0.052634953,726.7611979454324
push-shared-seq,64,2-stackless,0,1,True,72424,0.05259218500000001,726.1706754666963
push-shared-seq,64,2-stackless,0,2,False,72424,0.05273053899999999,728.0810090577708
push-shared-seq,64,2-stackless,0,3,False,72424,0.05261581600000001,726.4969623329284
push-shared-seq,64,2-stackless,0,4,False,72424,0.05253332500000002,725.3579614492437
push-shared-seq,64,2-stackful,0,0,True,72424,0.052419368,723.7844913288412
push-shared-seq,64,2-stackful,0,1,True,72424,0.056835325000000006,784.7581602783608
push-shared-seq,64,2-stackful,0,2,False,72424,0.057042616000000004,787.6203468463494
push-shared-seq,64,2-stackful,0,3,False,72424,0.057219786999999994,790.0666491770683
push-shared-seq,64,2-stackful,0,4,False,72424,0.057248223000000015,790.459281453662
push-shared-seq,64,1x,0,0,True,72424,0.0189201,261.24074892300894
push-shared-seq,64,1x,0,1,True,72424,0.0186921,258.09262123053134
push-shared-seq,64,1x,0,2,False,72424,0.0186706,257.7957583121617
push-shared-seq,64,1x,0,3,False,72424,0.0188188,259.84204131227216
push-shared-seq,64,1x,0,4,False,72424,0.0189199,261.23798740748924
push-shared-seq,64,1x,1,0,True,72424,0.0200762,277.20368938473433
push-shared-seq,64,1x,1,1,True,72424,0.0197301,272.4248867778637
push-shared-seq,64,1x,1,2,False,72424,0.0197859,273.1953496078648
push-shared-seq,64,1x,1,3,False,72424,0.0198439,273.99618910858277
push-shared-seq,64,1x,1,4,False,72424,0.0200348,276.6320556721529
push-shared-seq,64,2-stackful,1,0,True,72424,0.052530190000000004,725.3146746934718
push-shared-seq,64,2-stackful,1,1,True,72424,0.056962983,786.5208080194411
push-shared-seq,64,2-stackful,1,2,False,72424,0.05723363399999999,790.2578427040759
push-shared-seq,64,2-stackful,1,3,False,72424,0.05691147099999999,785.8095520821826
push-shared-seq,64,2-stackful,1,4,False,72424,0.05677455500000003,783.9190737876951
push-shared-seq,64,2-stackless,1,0,True,72424,0.05251001,725.0360377775323
push-shared-seq,64,2-stackless,1,1,True,72424,0.052950024,731.1115652269966
push-shared-seq,64,2-stackless,1,2,False,72424,0.052833693,729.5053159173755
push-shared-seq,64,2-stackless,1,3,False,72424,0.053092346999999984,733.0767010935599
push-shared-seq,64,2-stackless,1,4,False,72424,0.052891070999999984,730.297567104827
push-shared-seq,64,1x,2,0,True,72424,0.0217376,300.1435988070253
push-shared-seq,64,1x,2,1,True,72424,0.0214652,296.38241466917043
push-shared-seq,64,1x,2,2,False,72424,0.0220231,304.0856622114216
push-shared-seq,64,1x,2,3,False,72424,0.0216887,299.46840826245443
push-shared-seq,64,1x,2,4,False,72424,0.0215711,297.8446371368607
push-shared-seq,64,2-stackful,2,0,True,72424,0.053272978,735.5707776427704
push-shared-seq,64,2-stackful,2,1,True,72424,0.05716397299999999,789.2959930409808
push-shared-seq,64,2-stackful,2,2,False,72424,0.05770935799999999,796.8264387495856
push-shared-seq,64,2-stackful,2,3,False,72424,0.057256797,790.577667623992
push-shared-seq,64,2-stackful,2,4,False,72424,0.05799464800000001,800.7656025626865
push-shared-seq,64,2-stackless,2,0,True,72424,0.054329581,750.1599055561692
push-shared-seq,64,2-stackless,2,1,True,72424,0.053736218,741.9669998895394
push-shared-seq,64,2-stackless,2,2,False,72424,0.053861652999999995,743.6989533856179
push-shared-seq,64,2-stackless,2,3,False,72424,0.05381323100000002,743.0303628631395
push-shared-seq,64,2-stackless,2,4,False,72424,0.053718568999999994,741.7233099525018
assign-int,64,2-stackless,0,0,True,195471,0.037718355,192.96138557637707
assign-int,64,2-stackless,0,1,True,195471,0.037569318000000004,192.19893488036593
assign-int,64,2-stackless,0,2,False,195471,0.03735533099999999,191.1042098316374
assign-int,64,2-stackless,0,3,False,195471,0.03731263800000001,190.88579891646336
assign-int,64,2-stackless,0,4,False,195471,0.037279671999999986,190.71714985854672
assign-int,64,1x,0,0,True,195471,0.0216549,110.78318522952254
assign-int,64,1x,0,1,True,195471,0.0209805,107.33305707752045
assign-int,64,1x,0,2,False,195471,0.0208807,106.82249540852607
assign-int,64,1x,0,3,False,195471,0.0218346,111.70250318461562
assign-int,64,1x,0,4,False,195471,0.0214517,109.7436448373416
assign-int,64,2-stackful,0,0,True,195471,0.037835668999999995,193.56154621401637
assign-int,64,2-stackful,0,1,True,195471,0.038244349999999996,195.65229624854837
assign-int,64,2-stackful,0,2,False,195471,0.03797403499999999,194.26940569189287
assign-int,64,2-stackful,0,3,False,195471,0.03787552099999998,193.7654230039238
assign-int,64,2-stackful,0,4,False,195471,0.03786409199999999,193.706953972712
assign-int,64,1x,1,0,True,195471,0.0195087,99.80355142195006
assign-int,64,1x,1,1,True,195471,0.0195986,100.26346619191594
assign-int,64,1x,1,2,False,195471,0.0192853,98.66067089235743
assign-int,64,1x,1,3,False,195471,0.0194553,99.53036511809935
assign-int,64,1x,1,4,False,195471,0.0194055,99.27559586844085
assign-int,64,2-stackless,1,0,True,195471,0.036893701,188.74258074087717
assign-int,64,2-stackless,1,1,True,195471,0.03732899900000001,190.96949931191844
assign-int,64,2-stackless,1,2,False,195471,0.037435695000000005,191.5153398713876
assign-int,64,2-stackless,1,3,False,195471,0.03745563099999999,191.61732942482513
assign-int,64,2-stackless,1,4,False,195471,0.03737016400000001,191.1800932107577
assign-int,64,2-stackful,1,0,True,195471,0.038139792,195.11739337293
assign-int,64,2-stackful,1,1,True,195471,0.038091703000000005,194.8713773398612
assign-int,64,2-stackful,1,2,False,195471,0.038116883000000004,195.00019440223872
assign-int,64,2-stackful,1,3,False,195471,0.03851861999999999,197.05541998557328
assign-int,64,2-stackful,1,4,False,195471,0.038067248,194.74626926756397
assign-int,64,2-stackful,2,0,True,195471,0.037791148,193.33378352799136
assign-int,64,2-stackful,2,1,True,195471,0.038116229,194.99684863739378
assign-int,64,2-stackful,2,2,False,195471,0.03817166300000001,195.2804405768631
assign-int,64,2-stackful,2,3,False,195471,0.038077864,194.8005791140374
assign-int,64,2-stackful,2,4,False,195471,0.03802929100000002,194.55208701034948
assign-int,64,2-stackless,2,0,True,195471,0.037797704,193.3673230300147
assign-int,64,2-stackless,2,1,True,195471,0.037592406,192.3170495879184
assign-int,64,2-stackless,2,2,False,195471,0.03743426100000001,191.50800374480104
assign-int,64,2-stackless,2,3,False,195471,0.03734701100000001,191.06164597306002
assign-int,64,2-stackless,2,4,False,195471,0.037394132,191.30270986489043
assign-int,64,1x,2,0,True,195471,0.019894,101.7746878053522
assign-int,64,1x,2,1,True,195471,0.0195256,99.89000925968558
assign-int,64,1x,2,2,False,195471,0.0195221,99.87210379033208
assign-int,64,1x,2,3,False,195471,0.0196267,100.40722153158269
assign-int,64,1x,2,4,False,195471,0.0195654,100.09362002547692
get-string,256,1x,0,0,True,149974,0.0201184,134.14591862589515
get-string,256,1x,0,1,True,149974,0.0203189,135.48281702161708
get-string,256,1x,0,2,False,149974,0.0201699,134.48931148065665
get-string,256,1x,0,3,False,149974,0.0200883,133.9452171709763
get-string,256,1x,0,4,False,149974,0.0200538,133.7151772973982
get-string,256,2-stackless,0,0,True,149974,0.040114148,267.4740154960193
get-string,256,2-stackless,0,1,True,149974,0.040044442,267.0092282662328
get-string,256,2-stackless,0,2,False,149974,0.039872861999999995,265.86516329497107
get-string,256,2-stackless,0,3,False,149974,0.040046398,267.0222705268913
get-string,256,2-stackless,0,4,False,149974,0.04000171999999999,266.72436555669645
get-string,256,2-stackful,0,0,True,149974,0.039820093,265.5133089735554
get-string,256,2-stackful,0,1,True,149974,0.039910794,266.1180871351034
get-string,256,2-stackful,0,2,False,149974,0.040410238,269.4482910371131
get-string,256,2-stackful,0,3,False,149974,0.040569013000000015,270.5069745422541
get-string,256,2-stackful,0,4,False,149974,0.03995860100000001,266.43685572165845
get-string,256,1x,1,0,True,149974,0.0198639,132.44895781935534
get-string,256,1x,1,1,True,149974,0.0199626,133.10707189246136
get-string,256,1x,1,2,False,149974,0.0198244,132.1855788336645
get-string,256,1x,1,3,False,149974,0.0197731,131.84351954338752
get-string,256,1x,1,4,False,149974,0.0198958,132.66166135463482
get-string,256,2-stackful,1,0,True,149974,0.03990104,266.0530491951938
get-string,256,2-stackful,1,1,True,149974,0.040189722000000004,267.9779295077814
get-string,256,2-stackful,1,2,False,149974,0.040181958000000004,267.9261605344927
get-string,256,2-stackful,1,3,False,149974,0.040297533999999996,268.6968007788016
get-string,256,2-stackful,1,4,False,149974,0.04015186900000001,267.7255324256205
get-string,256,2-stackless,1,0,True,149974,0.040150884,267.7189646205342
get-string,256,2-stackless,1,1,True,149974,0.039905951,266.085794871111
get-string,256,2-stackless,1,2,False,149974,0.039871463999999995,265.85584167922434
get-string,256,2-stackless,1,3,False,149974,0.040375521,269.21680424606933
get-string,256,2-stackless,1,4,False,149974,0.04001702799999998,266.8264365823408
get-string,256,2-stackless,2,0,True,149974,0.040072176,267.1941536532999
get-string,256,2-stackless,2,1,True,149974,0.040060134000000004,267.1138597356876
get-string,256,2-stackless,2,2,False,149974,0.040217146999999995,268.1607945377198
get-string,256,2-stackless,2,3,False,149974,0.04003283399999999,266.9318281835518
get-string,256,2-stackless,2,4,False,149974,0.039972093999999986,266.5268246496058
get-string,256,1x,2,0,True,149974,0.0201663,134.46530731993545
get-string,256,1x,2,1,True,149974,0.0201919,134.63600357395282
get-string,256,1x,2,2,False,149974,0.0201423,134.30527958179417
get-string,256,1x,2,3,False,149974,0.0200099,133.42245989304814
get-string,256,1x,2,4,False,149974,0.0201515,134.36662354808166
get-string,256,2-stackful,2,0,True,149974,0.040233059,268.26689292810755
get-string,256,2-stackful,2,1,True,149974,0.04022484,268.2120900956166
get-string,256,2-stackful,2,2,False,149974,0.04030560999999999,268.7506501126862
get-string,256,2-stackful,2,3,False,149974,0.04081995199999999,272.180191233147
get-string,256,2-stackful,2,4,False,149974,0.04071370799999999,271.47177510768523
update-int,0,2-stackful,0,0,True,2456943,0.05326978,21.681325126386735
update-int,0,2-stackful,0,1,True,2456943,0.053071682,21.600697289273704
update-int,0,2-stackful,0,2,False,2456943,0.052845249999999996,21.50853723509255
update-int,0,2-stackful,0,3,False,2456943,0.05256617999999999,21.39495299646756
update-int,0,2-stackful,0,4,False,2456943,0.05258505800000002,21.402636528401356
update-int,0,1x,0,0,True,2456943,0.0159361,6.486149658335583
update-int,0,1x,0,1,True,2456943,0.015864,6.456804248206002
update-int,0,1x,0,2,False,2456943,0.0158434,6.448419845311837
update-int,0,1x,0,3,False,2456943,0.0158002,6.430837019825042
update-int,0,1x,0,4,False,2456943,0.015859,6.454769198959847
update-int,0,2-stackless,0,0,True,2456943,0.045619516,18.567592329166775
update-int,0,2-stackless,0,1,True,2456943,0.04555402,18.540934812081517
update-int,0,2-stackless,0,2,False,2456943,0.045390374,18.474329278294206
update-int,0,2-stackless,0,3,False,2456943,0.04551928899999999,18.526798953007862
update-int,0,2-stackless,0,4,False,2456943,0.04600558199999999,18.724724993620118
update-int,0,1x,1,0,True,2456943,0.015888,6.466572484587554
update-int,0,1x,1,1,True,2456943,0.01613,6.565068868101538
update-int,0,1x,1,2,False,2456943,0.016064,6.53820621805227
update-int,0,1x,1,3,False,2456943,0.0160286,6.523798069389481
update-int,0,1x,1,4,False,2456943,0.0160635,6.538002713127656
update-int,0,2-stackful,1,0,True,2456943,0.053076853,21.602801937204077
update-int,0,2-stackful,1,1,True,2456943,0.053460519,21.75895777801927
update-int,0,2-stackful,1,2,False,2456943,0.052840384000000004,21.506556725166195
update-int,0,2-stackful,1,3,False,2456943,0.05281540400000001,21.496389619132398
update-int,0,2-stackful,1,4,False,2456943,0.052614102000000024,21.414457722462434
update-int,0,2-stackless,1,0,True,2456943,0.04529341,18.434863975273338
update-int,0,2-stackless,1,1,True,2456943,0.04544274300000001,18.495643977088605
update-int,0,2-stackless,1,2,False,2456943,0.045495253,18.51701606427174
update-int,0,2-stackless,1,3,False,2456943,0.045989133000000015,18.71803008861012
update-int,0,2-stackless,1,4,False,2456943,0.04586791899999998,18.668694796745378
update-int,0,1x,2,0,True,2456943,0.0160375,6.52742045704764
update-int,0,1x,2,1,True,2456943,0.0161771,6.584239032000335
update-int,0,1x,2,2,False,2456943,0.0161273,6.563969941508614
update-int,0,1x,2,3,False,2456943,0.0161434,6.570522800081238
update-int,0,1x,2,4,False,2456943,0.0160954,6.550986327318134
update-int,0,2-stackful,2,0,True,2456943,0.052897832,21.529938626984833
update-int,0,2-stackful,2,1,True,2456943,0.052668809999999996,21.436724417294172
update-int,0,2-stackful,2,2,False,2456943,0.05270123999999998,21.44992374670474
update-int,0,2-stackful,2,3,False,2456943,0.05283338300000001,21.50370724921173
update-int,0,2-stackful,2,4,False,2456943,0.053318424,21.70112371349274
update-int,0,2-stackless,2,0,True,2456943,0.046034453,18.73647577497728
update-int,0,2-stackless,2,1,True,2456943,0.04611880100000001,18.770806241740246
update-int,0,2-stackless,2,2,False,2456943,0.04542446700000001,18.488205465084054
update-int,0,2-stackless,2,3,False,2456943,0.04579239900000001,18.637957412931442
update-int,0,2-stackless,2,4,False,2456943,0.04537243799999999,18.467029149638385
get-seq,256,2-stackful,0,0,True,97758,0.026191272999999998,267.9194848503447
get-seq,256,2-stackful,0,1,True,97758,0.025952097,265.47287178542933
get-seq,256,2-stackful,0,2,False,97758,0.025983039,265.7893880807709
get-seq,256,2-stackful,0,3,False,97758,0.02603161999999999,266.28633973690125
get-seq,256,2-stackful,0,4,False,97758,0.026037892000000007,266.35049816894787
get-seq,256,2-stackless,0,0,True,97758,0.025736866,263.271200310972
get-seq,256,2-stackless,0,1,True,97758,0.025751863,263.4246097506086
get-seq,256,2-stackless,0,2,False,97758,0.0256609,262.4941181284396
get-seq,256,2-stackless,0,3,False,97758,0.0256537,262.4204668671618
get-seq,256,2-stackless,0,4,False,97758,0.025433702000000002,260.17003212013344
get-seq,256,1x,0,0,True,97758,0.0196888,201.40346570101678
get-seq,256,1x,0,1,True,97758,0.0198284,202.83148182245955
get-seq,256,1x,0,2,False,97758,0.019998,204.56637819922665
get-seq,256,1x,0,3,False,97758,0.0199558,204.1346999734037
get-seq,256,1x,0,4,False,97758,0.0199182,203.75007672006384
get-seq,256,1x,1,0,True,97758,0.0202889,207.54209374168866
get-seq,256,1x,1,1,True,97758,0.019968,204.2594979439023
get-seq,256,1x,1,2,False,97758,0.0200304,204.897808874977
get-seq,256,1x,1,3,False,97758,0.0201694,206.31968739131324
get-seq,256,1x,1,4,False,97758,0.0201989,206.62145297571556
get-seq,256,2-stackful,1,0,True,97758,0.02620917,268.1025593813294
get-seq,256,2-stackful,1,1,True,97758,0.026308928,269.1230180650177
get-seq,256,2-stackful,1,2,False,97758,0.026172465000000006,267.7270913889401
get-seq,256,2-stackful,1,3,False,97758,0.026343857999999998,269.48032897563365
get-seq,256,2-stackful,1,4,False,97758,0.02611379600000001,267.1269461322859
get-seq,256,2-stackless,1,0,True,97758,0.026032153,266.29179197610426
get-seq,256,2-stackless,1,1,True,97758,0.02600466,266.01055668078317
get-seq,256,2-stackless,1,2,False,97758,0.026322655,269.2634362405123
get-seq,256,2-stackless,1,3,False,97758,0.026278005000000007,268.8066961271713
get-seq,256,2-stackless,1,4,False,97758,0.026225991000000004,268.2746271404898
get-seq,256,2-stackless,2,0,True,97758,0.026244462,268.463573313693
get-seq,256,2-stackless,2,1,True,97758,0.026365174,269.69837762638355
get-seq,256,2-stackless,2,2,False,97758,0.026143849000000004,267.434368542728
get-seq,256,2-stackless,2,3,False,97758,0.02594896699999999,265.44085394545704
get-seq,256,2-stackless,2,4,False,97758,0.026041899000000007,266.3914871417174
get-seq,256,2-stackful,2,0,True,97758,0.026239383,268.4116184864666
get-seq,256,2-stackful,2,1,True,97758,0.025997692000000003,265.9392786268132
get-seq,256,2-stackful,2,2,False,97758,0.025920486,265.14951206039404
get-seq,256,2-stackful,2,3,False,97758,0.025858186000000005,264.51222406350377
get-seq,256,2-stackful,2,4,False,97758,0.02582667899999999,264.18992819002017
get-seq,256,1x,2,0,True,97758,0.0196674,201.18455778555207
get-seq,256,1x,2,1,True,97758,0.0198086,202.62894085394547
get-seq,256,1x,2,2,False,97758,0.0195506,199.98977065815586
get-seq,256,1x,2,3,False,97758,0.0197704,202.23817999549908
get-seq,256,1x,2,4,False,97758,0.019994,204.52546083185007
update-string,8,2-stackless,0,0,True,655049,0.0275695,42.087691149822376
update-string,8,2-stackless,0,1,True,655049,0.027558641000000002,42.071113764008494
update-string,8,2-stackless,0,2,False,655049,0.027937798999999992,42.64993763825301
update-string,8,2-stackless,0,3,False,655049,0.02752579599999999,42.02097247686813
update-string,8,2-stackless,0,4,False,655049,0.027405640999999994,41.83754345094794
update-string,8,2-stackful,0,0,True,655049,0.029471124,44.990716725008355
update-string,8,2-stackful,0,1,True,655049,0.029517573,45.06162592416751
update-string,8,2-stackful,0,2,False,655049,0.029474811999999996,44.99634683817546
update-string,8,2-stackful,0,3,False,655049,0.029680197000000005,45.309888267900575
update-string,8,2-stackful,0,4,False,655049,0.02966722999999999,45.290092802217835
update-string,8,1x,0,0,True,655049,0.0198951,30.371926374973476
update-string,8,1x,0,1,True,655049,0.0193235,29.49931989820609
update-string,8,1x,0,2,False,655049,0.0195069,29.77929895320808
update-string,8,1x,0,3,False,655049,0.0197453,30.143241192643604
update-string,8,1x,0,4,False,655049,0.0195378,29.826470996826192
update-string,8,2-stackful,1,0,True,655049,0.029439442,44.94235087756794
update-string,8,2-stackful,1,1,True,655049,0.029502861,45.039166535633214
update-string,8,2-stackful,1,2,False,655049,0.029569009,45.14014829424974
update-string,8,2-stackful,1,3,False,655049,0.029515668999999994,45.05871927138274
update-string,8,2-stackful,1,4,False,655049,0.029455637000000007,44.96707421887524
update-string,8,1x,1,0,True,655049,0.0196311,29.968903089692528
update-string,8,1x,1,1,True,655049,0.0195066,29.77884097220208
update-string,8,1x,1,2,False,655049,0.0194458,29.686023488319194
update-string,8,1x,1,3,False,655049,0.0192901,29.448331346204636
update-string,8,1x,1,4,False,655049,0.0197294,30.118968199325547
update-string,8,2-stackless,1,0,True,655049,0.027577604000000002,42.10006274339783
update-string,8,2-stackless,1,1,True,655049,0.027517617999999997,42.00848791464455
update-string,8,2-stackless,1,2,False,655049,0.027456045,41.91449036636954
update-string,8,2-stackless,1,3,False,655049,0.027478691,41.949061825909205
update-string,8,2-stackless,1,4,False,655049,0.027508181999999992,41.994082885402456
update-string,8,1x,2,0,True,655049,0.0193784,29.583130422304286
update-string,8,1x,2,1,True,655049,0.0192192,29.340095168453047
update-string,8,1x,2,2,False,655049,0.0194012,29.61793697876037
update-string,8,1x,2,3,False,655049,0.0194056,29.62465403351505
update-string,8,1x,2,4,False,655049,0.0196249,29.95943814890184
update-string,8,2-stackless,2,0,True,655049,0.027446524,41.89995557584242
update-string,8,2-stackless,2,1,True,655049,0.02743322,41.87964564482962
update-string,8,2-stackless,2,2,False,655049,0.027447370999999998,41.901248608882696
update-string,8,2-stackless,2,3,False,655049,0.027429065999999988,41.87330413449985
update-string,8,2-stackless,2,4,False,655049,0.027459252000000003,41.919386183323695
update-string,8,2-stackful,2,0,True,655049,0.029611923000000002,45.205660950554844
update-string,8,2-stackful,2,1,True,655049,0.029416267000000003,44.90697184485436
update-string,8,2-stackful,2,2,False,655049,0.029595762999999997,45.180991040364916
update-string,8,2-stackful,2,3,False,655049,0.029751499,45.4187381402002
update-string,8,2-stackful,2,4,False,655049,0.029844345000000008,45.56047715514413
assign-int,0,1x,0,0,True,2575163,0.0169259,6.572748987151493
assign-int,0,1x,0,1,True,2575163,0.0167532,6.505685271184776
assign-int,0,1x,0,2,False,2575163,0.016906,6.565021320980458
assign-int,0,1x,0,3,False,2575163,0.0170909,6.636822601132433
assign-int,0,1x,0,4,False,2575163,0.0169951,6.599621072530166
assign-int,0,2-stackful,0,0,True,2575163,0.055959390000000005,21.730426384659925
assign-int,0,2-stackful,0,1,True,2575163,0.05548487,21.5461584373494
assign-int,0,2-stackful,0,2,False,2575163,0.055682547,21.6229213451731
assign-int,0,2-stackful,0,3,False,2575163,0.055608824,21.594292866121485
assign-int,0,2-stackful,0,4,False,2575163,0.05547184699999999,21.541101281744105
assign-int,0,2-stackless,0,0,True,2575163,0.047754011,18.544073132458024
assign-int,0,2-stackless,0,1,True,2575163,0.048102378,18.679352724468316
assign-int,0,2-stackless,0,2,False,2575163,0.047728261999999994,18.534074153752595
assign-int,0,2-stackless,0,3,False,2575163,0.04781592400000001,18.568115494048342
assign-int,0,2-stackless,0,4,False,2575163,0.04856306299999999,18.858248196327764
assign-int,0,2-stackless,1,0,True,2575163,0.048428828,18.806121398917274
assign-int,0,2-stackless,1,1,True,2575163,0.048497331,18.832722821817494
assign-int,0,2-stackless,1,2,False,2575163,0.048311296000000004,18.760480792866314
assign-int,0,2-stackless,1,3,False,2575163,0.0483903,18.791160015890256
assign-int,0,2-stackless,1,4,False,2575163,0.048214955000000004,18.723069180475182
assign-int,0,1x,1,0,True,2575163,0.0168963,6.561254569128246
assign-int,0,1x,1,1,True,2575163,0.0169974,6.600514219876567
assign-int,0,1x,1,2,False,2575163,0.0170984,6.639735038131567
assign-int,0,1x,1,3,False,2575163,0.0172532,6.699847737793685
assign-int,0,1x,1,4,False,2575163,0.0172485,6.698022610607562
assign-int,0,2-stackful,1,0,True,2575163,0.05618334,21.817391753454054
assign-int,0,2-stackful,1,1,True,2575163,0.05732331,22.26007052757437
assign-int,0,2-stackful,1,2,False,2575163,0.055988703000000015,21.741809353427342
assign-int,0,2-stackful,1,3,False,2575163,0.055199850999999994,21.43547845320859
assign-int,0,2-stackful,1,4,False,2575163,0.055799236999999974,21.668234981630278
assign-int,0,1x,2,0,True,2575163,0.016755,6.506384256064567
assign-int,0,1x,2,1,True,2575163,0.0170225,6.610261175700335
assign-int,0,1x,2,2,False,2575163,0.0168522,6.544129439573339
assign-int,0,1x,2,3,False,2575163,0.0170751,6.6306870671875915
assign-int,0,1x,2,4,False,2575163,0.0169786,6.593213711132072
assign-int,0,2-stackful,2,0,True,2575163,0.055728335,21.64070196721528
assign-int,0,2-stackful,2,1,True,2575163,0.05584464199999999,21.68586687522304
assign-int,0,2-stackful,2,2,False,2575163,0.055432248,21.525724002713616
assign-int,0,2-stackful,2,3,False,2575163,0.05616676200000001,21.81095410271117
assign-int,0,2-stackful,2,4,False,2575163,0.05678324999999998,22.050351764140746
assign-int,0,2-stackless,2,0,True,2575163,0.048384839,18.789039373429954
assign-int,0,2-stackless,2,1,True,2575163,0.04792186500000001,18.60925502579837
assign-int,0,2-stackless,2,2,False,2575163,0.048031598999999994,18.651867474020086
assign-int,0,2-stackless,2,3,False,2575163,0.04834918099999999,18.77519248296127
assign-int,0,2-stackless,2,4,False,2575163,0.04830558999999998,18.75826501079737
get-string,0,2-stackless,0,0,True,1916682,0.052168121,27.217932343497775
get-string,0,2-stackless,0,1,True,1916682,0.052180776,27.22453489937298
get-string,0,2-stackless,0,2,False,1916682,0.051886453,27.070976301754804
get-string,0,2-stackless,0,3,False,1916682,0.051885978,27.07072847765044
get-string,0,2-stackless,0,4,False,1916682,0.051838462999999974,27.045938241189706
get-string,0,1x,0,0,True,1916682,0.0202898,10.58589792151228
get-string,0,1x,0,1,True,1916682,0.0198621,10.36275188059365
get-string,0,1x,0,2,False,1916682,0.0198487,10.355760632175812
get-string,0,1x,0,3,False,1916682,0.0199185,10.39217773214336
get-string,0,1x,0,4,False,1916682,0.0198782,10.371151813394189
get-string,0,2-stackful,0,0,True,1916682,0.057843570999999996,30.179013002678587
get-string,0,2-stackful,0,1,True,1916682,0.057619417000000006,30.06206402522693
get-string,0,2-stackful,0,2,False,1916682,0.057677872000000005,30.092562042112363
get-string,0,2-stackful,0,3,False,1916682,0.058101608,30.313639925663203
get-string,0,2-stackful,0,4,False,1916682,0.05790029000000002,30.20860528767945
get-string,0,2-stackless,1,0,True,1916682,0.051866632,27.060634993180923
get-string,0,2-stackless,1,1,True,1916682,0.051779001000000005,27.014914837203044
get-string,0,2-stackless,1,2,False,1916682,0.051786584999999996,27.01887167511355
get-string,0,2-stackless,1,3,False,1916682,0.052585459,27.43567216679658
get-string,0,2-stackless,1,4,False,1916682,0.05262782299999996,27.457774946496063
get-string,0,2-stackful,1,0,True,1916682,0.058120265000000004,30.323373934747657
get-string,0,2-stackful,1,1,True,1916682,0.058673634,30.61208588592161
get-string,0,2-stackful,1,2,False,1916682,0.05791582399999999,30.216709918494562
get-string,0,2-stackful,1,3,False,1916682,0.058637648000000014,30.593310731775023
get-string,0,2-stackful,1,4,False,1916682,0.057958679999999985,30.239069391792682
get-string,0,1x,1,0,True,1916682,0.0198519,10.357430184036788
get-string,0,1x,1,1,True,1916682,0.0201013,10.487550882201639
get-string,0,1x,1,2,False,1916682,0.0201081,10.491098679906212
get-string,0,1x,1,3,False,1916682,0.0200946,10.484055257992718
get-string,0,1x,1,4,False,1916682,0.020078,10.475394457713904
get-string,0,2-stackful,2,0,True,1916682,0.058372794,30.455127141591564
get-string,0,2-stackful,2,1,True,1916682,0.058158705000000005,30.343429426477634
get-string,0,2-stackful,2,2,False,1916682,0.057807502,30.1601945445306
get-string,0,2-stackful,2,3,False,1916682,0.05767762699999998,30.09243421704799
get-string,0,2-stackful,2,4,False,1916682,0.05796481999999997,30.242272844425926
get-string,0,2-stackless,2,0,True,1916682,0.051964700999999995,27.111801018635326
get-string,0,2-stackless,2,1,True,1916682,0.052092593000000006,27.17852674569908
get-string,0,2-stackless,2,2,False,1916682,0.052357968000000005,27.3169821597949
get-string,0,2-stackless,2,3,False,1916682,0.052274544000000006,27.273456942779244
get-string,0,2-stackless,2,4,False,1916682,0.05231190499999999,27.292949482491093
get-string,0,1x,2,0,True,1916682,0.0198477,10.355238897219257
get-string,0,1x,2,1,True,1916682,0.0196896,10.272752600587891
get-string,0,1x,2,2,False,1916682,0.0196104,10.231431192028724
get-string,0,1x,2,3,False,1916682,0.0197267,10.292108967476086
get-string,0,1x,2,4,False,1916682,0.0197307,10.294195907302306
add-float,256,2-stackless,0,0,True,54866,0.020126414000000002,366.8285276856342
add-float,256,2-stackless,0,1,True,54866,0.020543171,374.4244340757482
add-float,256,2-stackless,0,2,False,54866,0.020433532999999997,372.4261473407939
add-float,256,2-stackless,0,3,False,54866,0.020553047999999997,374.6044544891189
add-float,256,2-stackless,0,4,False,54866,0.020363502000000006,371.149746655488
add-float,256,2-stackful,0,0,True,54866,0.02050608,373.74840520540954
add-float,256,2-stackful,0,1,True,54866,0.020777050000000002,378.687165093136
add-float,256,2-stackful,0,2,False,54866,0.020609966,375.64185470054315
add-float,256,2-stackful,0,3,False,54866,0.020497562000000004,373.59315423030665
add-float,256,2-stackful,0,4,False,54866,0.020472826,373.1423103561404
add-float,256,1x,0,0,True,54866,0.0210261,383.2264061531732
add-float,256,1x,0,1,True,54866,0.0209211,381.3126526446251
add-float,256,1x,0,2,False,54866,0.02077,378.55867021470493
add-float,256,1x,0,3,False,54866,0.0206965,377.21904275872123
add-float,256,1x,0,4,False,54866,0.0208902,380.7494623263952
add-float,256,1x,1,0,True,54866,0.0207964,379.03984252542557
add-float,256,1x,1,1,True,54866,0.0207211,377.6674078664382
add-float,256,1x,1,2,False,54866,0.0206669,376.6795465315496
add-float,256,1x,1,3,False,54866,0.020879,380.54532861881677
add-float,256,1x,1,4,False,54866,0.0207987,379.0817628403747
add-float,256,2-stackless,1,0,True,54866,0.020429828,372.358619181278
add-float,256,2-stackless,1,1,True,54866,0.020524245000000003,374.0794845623884
add-float,256,2-stackless,1,2,False,54866,0.020476755,373.2139211898079
add-float,256,2-stackless,1,3,False,54866,0.020695832999999997,377.20688586738595
add-float,256,2-stackless,1,4,False,54866,0.020637274999999997,376.1395946487806
add-float,256,2-stackful,1,0,True,54866,0.020684718999999997,377.00431961506206
add-float,256,2-stackful,1,1,True,54866,0.020553122000000004,374.60580322968696
add-float,256,2-stackful,1,2,False,54866,0.020600103,375.46208945430686
add-float,256,2-stackful,1,3,False,54866,0.020666966000000002,376.68074946232645
add-float,256,2-stackful,1,4,False,54866,0.020721106000000003,377.66751722378166
add-float,256,1x,2,0,True,54866,0.0209025,380.9736448802537
add-float,256,1x,2,1,True,54866,0.0206897,377.0951044362629
add-float,256,1x,2,2,False,54866,0.0206294,375.99606313563953
add-float,256,1x,2,3,False,54866,0.0207491,378.1777421353844
add-float,256,1x,2,4,False,54866,0.0208893,380.7330587248934
add-float,256,2-stackless,2,0,True,54866,0.020439952,372.54314147194987
add-float,256,2-stackless,2,1,True,54866,0.020743216000000002,378.07049903401014
add-float,256,2-stackless,2,2,False,54866,0.020236089,368.8274887908723
add-float,256,2-stackless,2,3,False,54866,0.020179006,367.7870812525061
add-float,256,2-stackless,2,4,False,54866,0.020212440999999998,368.3964750482994
add-float,256,2-stackful,2,0,True,54866,0.020362731,371.135694236868
add-float,256,2-stackful,2,1,True,54866,0.020410740000000004,372.0107170196479
add-float,256,2-stackful,2,2,False,54866,0.020511920000000003,373.85484635293267
add-float,256,2-stackful,2,3,False,54866,0.020580464000000007,375.1041446433129
add-float,256,2-stackful,2,4,False,54866,0.020707246999999998,377.41491998687707
const-string,64,1x,0,0,True,395705,0.0202453,51.162608508863926
const-string,64,1x,0,1,True,395705,0.020024,50.60335350829532
const-string,64,1x,0,2,False,395705,0.0200039,50.55255809251842
const-string,64,1x,0,3,False,395705,0.0199362,50.38147104534944
const-string,64,1x,0,4,False,395705,0.0197656,49.95034179502407
const-string,64,2-stackless,0,0,True,395705,0.02831295,71.55065010550788
const-string,64,2-stackless,0,1,True,395705,0.028331184000000002,71.59672988716342
const-string,64,2-stackless,0,2,False,395705,0.028123800999999997,71.07264502596631
const-string,64,2-stackless,0,3,False,395705,0.02810655499999999,71.02906205380269
const-string,64,2-stackless,0,4,False,395705,0.02830616300000001,71.53349843949408
const-string,64,2-stackful,0,0,True,395705,0.029466527,74.46589504807875
const-string,64,2-stackful,0,1,True,395705,0.029335674000000003,74.13521183710088
const-string,64,2-stackful,0,2,False,395705,0.029357337999999997,74.18995969219493
const-string,64,2-stackful,0,3,False,395705,0.029666700000000004,74.97175926510911
const-string,64,2-stackful,0,4,False,395705,0.029562150999999995,74.70754981615092
const-string,64,2-stackful,1,0,True,395705,0.029530409,74.62733349338522
const-string,64,2-stackful,1,1,True,395705,0.029634431000000003,74.89021114213872
const-string,64,2-stackful,1,2,False,395705,0.029450675000000003,74.42583490226306
const-string,64,2-stackful,1,3,False,395705,0.029625193000000008,74.86686546796227
const-string,64,2-stackful,1,4,False,395705,0.029519941999999993,74.60088197015452
const-string,64,2-stackless,1,0,True,395705,0.028510764,72.05055281080602
const-string,64,2-stackless,1,1,True,395705,0.028633679,72.3611756232547
const-string,64,2-stackless,1,2,False,395705,0.028566559000000005,72.19155431445144
const-string,64,2-stackless,1,3,False,395705,0.02861177599999999,72.30582378286853
const-string,64,2-stackless,1,4,False,395705,0.028541354000000005,72.12785787392124
const-string,64,1x,1,0,True,395705,0.0201914,51.026395926258196
const-string,64,1x,1,1,True,395705,0.0201589,50.944264035076635
const-string,64,1x,1,2,False,395705,0.0201161,50.8361026522283
const-string,64,1x,1,3,False,395705,0.0197342,49.87098975246712
const-string,64,1x,1,4,False,395705,0.0198901,50.26497011662728
const-string,64,1x,2,0,True,395705,0.0201962,51.03852617480194
const-string,64,1x,2,1,True,395705,0.020133,50.878811235642715
const-string,64,1x,2,2,False,395705,0.0200849,50.757256036694
const-string,64,1x,2,3,False,395705,0.0200294,50.617000037907026
const-string,64,1x,2,4,False,395705,0.0198476,50.157566874312934
const-string,64,2-stackful,2,0,True,395705,0.029530057000000002,74.62644394182536
const-string,64,2-stackful,2,1,True,395705,0.029759264,75.20568099973465
const-string,64,2-stackful,2,2,False,395705,0.029201377999999993,73.79582769992795
const-string,64,2-stackful,2,3,False,395705,0.029389158999999998,74.27037565863458
const-string,64,2-stackful,2,4,False,395705,0.029582334999999987,74.75855751127732
const-string,64,2-stackless,2,0,True,395705,0.028539776,72.12387005471247
const-string,64,2-stackless,2,1,True,395705,0.029220837000000003,73.84500322209728
const-string,64,2-stackless,2,2,False,395705,0.029247712000000002,73.91291997826664
const-string,64,2-stackless,2,3,False,395705,0.028616219999999998,72.31705437131195
const-string,64,2-stackless,2,4,False,395705,0.028548486999999984,72.14588392868421
const-seq,0,1x,0,0,True,779585,0.057741,74.06633016284304
const-seq,0,1x,0,1,True,779585,0.0576901,74.00103901434738
const-seq,0,1x,0,2,False,779585,0.0570559,73.18752926236395
const-seq,0,1x,0,3,False,779585,0.0576923,74.0038610286242
const-seq,0,1x,0,4,False,779585,0.0566563,72.67494885099123
const-seq,0,2-stackless,0,0,True,779585,0.019985146,25.635621516576126
const-seq,0,2-stackless,0,1,True,779585,0.019927920999999998,25.56221707703457
const-seq,0,2-stackless,0,2,False,779585,0.019997284000000004,25.651191338981643
const-seq,0,2-stackless,0,3,False,779585,0.019608622,25.152641469499798
const-seq,0,2-stackless,0,4,False,779585,0.019496105,25.008312114779017
const-seq,0,2-stackful,0,0,True,779585,0.021836675,28.0106402765574
const-seq,0,2-stackful,0,1,True,779585,0.021861863,28.042949774559542
const-seq,0,2-stackful,0,2,False,779585,0.02185399200000001,28.032853377117327
const-seq,0,2-stackful,0,3,False,779585,0.021798747000000007,27.961988750424915
const-seq,0,2-stackful,0,4,False,779585,0.021864013,28.04570765214826
const-seq,0,2-stackless,1,0,True,779585,0.019588793,25.127206141729253
const-seq,0,2-stackless,1,1,True,779585,0.019541093000000002,25.066019741272605
const-seq,0,2-stackless,1,2,False,779585,0.019554720999999997,25.083500836983774
const-seq,0,2-stackless,1,3,False,779585,0.019718851000000003,25.294035929372683
const-seq,0,2-stackless,1,4,False,779585,0.020042477000000003,25.709161925896474
const-seq,0,2-stackful,1,0,True,779585,0.022380463,28.708175503633342
const-seq,0,2-stackful,1,1,True,779585,0.022502878000000004,28.865201357132324
const-seq,0,2-stackful,1,2,False,779585,0.021917392,28.114178697640412
const-seq,0,2-stackful,1,3,False,779585,0.021888935000000012,28.07767594296967
const-seq,0,2-stackful,1,4,False,779585,0.021939702000000005,28.142796487874964
const-seq,0,1x,1,0,True,779585,0.084014,107.7675942969657
const-seq,0,1x,1,1,True,779585,0.0849805,109.00735647812618
const-seq,0,1x,1,2,False,779585,0.0847642,108.72990116536363
const-seq,0,1x,1,3,False,779585,0.0841615,107.9567975268893
const-seq,0,1x,1,4,False,779585,0.0820757,105.28127144570509
const-seq,0,2-stackful,2,0,True,779585,0.021895034,28.08549933618528
const-seq,0,2-stackful,2,1,True,779585,0.021820475000000002,27.98985998960986
const-seq,0,2-stackful,2,2,False,779585,0.021814557,27.98226877120519
const-seq,0,2-stackful,2,3,False,779585,0.021926541999999993,28.125915711564478
const-seq,0,2-stackful,2,4,False,779585,0.022088302000000004,28.33341072493699
const-seq,0,2-stackless,2,0,True,779585,0.019904458,25.53212029477222
const-seq,0,2-stackless,2,1,True,779585,0.019856878,25.47108782236703
const-seq,0,2-stackless,2,2,False,779585,0.019700568,25.270583707998487
const-seq,0,2-stackless,2,3,False,779585,0.019655225000000005,25.21242071101933
const-seq,0,2-stackless,2,4,False,779585,0.019877904000000002,25.49805858245092
const-seq,0,1x,2,0,True,779585,0.0861255,110.4760866358383
const-seq,0,1x,2,1,True,779585,0.0854997,109.6733518474573
const-seq,0,1x,2,2,False,779585,0.0856561,109.87397140786445
const-seq,0,1x,2,3,False,779585,0.084822,108.80404317681844
const-seq,0,1x,2,4,False,779585,0.0846403,108.57097045222778
take-seq,64,2-stackful,0,0,True,96579,0.020414144,211.37249298501746
take-seq,64,2-stackful,0,1,True,96579,0.020616547999999995,213.46822808270946
take-seq,64,2-stackful,0,2,False,96579,0.020502676999999997,212.2891829486741
take-seq,64,2-stackful,0,3,False,96579,0.020705822,214.39259052174904
take-seq,64,2-stackful,0,4,False,96579,0.020630791999999995,213.615713560919
take-seq,64,1x,0,0,True,96579,0.0356529,369.15789146708914
take-seq,64,1x,0,1,True,96579,0.0355518,368.1110800484577
take-seq,64,1x,0,2,False,96579,0.0357636,370.3041033765104
take-seq,64,1x,0,3,False,96579,0.0355907,368.51385912051273
take-seq,64,1x,0,4,False,96579,0.0356796,369.4343490820986
take-seq,64,2-stackless,0,0,True,96579,0.020523493,212.50471634620362
take-seq,64,2-stackless,0,1,True,96579,0.020455179,211.79737831205543
take-seq,64,2-stackless,0,2,False,96579,0.020360118999999996,210.81310636887932
take-seq,64,2-stackless,0,3,False,96579,0.020490188999999992,212.15987947690485
take-seq,64,2-stackless,0,4,False,96579,0.020438944,211.62927758622476
take-seq,64,2-stackless,1,0,True,96579,0.020392201999999998,211.14530073825574
take-seq,64,2-stackless,1,1,True,96579,0.020499758,212.25895898694333
take-seq,64,2-stackless,1,2,False,96579,0.020638266000000002,213.69310098468614
take-seq,64,2-stackless,1,3,False,96579,0.020530266000000005,212.5748454632995
take-seq,64,2-stackless,1,4,False,96579,0.020443129000000004,211.67260998767853
take-seq,64,1x,1,0,True,96579,0.0356775,369.4126052247383
take-seq,64,1x,1,1,True,96579,0.0358503,371.2018140589569
take-seq,64,1x,1,2,False,96579,0.0357568,370.2336946955342
take-seq,64,1x,1,3,False,96579,0.0355593,368.18873668188735
take-seq,64,1x,1,4,False,96579,0.0358399,371.0941301939345
take-seq,64,2-stackful,1,0,True,96579,0.020708724,214.4226384617774
take-seq,64,2-stackful,1,1,True,96579,0.020962543,217.05073566717402
take-seq,64,2-stackful,1,2,False,96579,0.020706251000000002,214.39703248118124
take-seq,64,2-stackful,1,3,False,96579,0.02055060999999999,212.78549167003166
take-seq,64,2-stackful,1,4,False,96579,0.020403677999999995,211.2641257416208
take-seq,64,2-stackless,2,0,True,96579,0.020452546999999998,211.77012601083047
take-seq,64,2-stackless,2,1,True,96579,0.020629184000000002,213.59906397871174
take-seq,64,2-stackless,2,2,False,96579,0.020445511,211.69727373445573
take-seq,64,2-stackless,2,3,False,96579,0.020640313999999993,213.71430642272122
take-seq,64,2-stackless,2,4,False,96579,0.020392094,211.14418248273435
take-seq,64,2-stackful,2,0,True,96579,0.020572938000000002,213.0166806448607
take-seq,64,2-stackful,2,1,True,96579,0.020654864,213.86496029157476
take-seq,64,2-stackful,2,2,False,96579,0.020441609,211.65687157663675
take-seq,64,2-stackful,2,3,False,96579,0.020876404,216.15883370090808
take-seq,64,2-stackful,2,4,False,96579,0.020428955,211.52584930471428
take-seq,64,1x,2,0,True,96579,0.0351328,363.7726627941892
take-seq,64,1x,2,1,True,96579,0.0353479,365.99985504095093
take-seq,64,1x,2,2,False,96579,0.0353643,366.16966421271707
take-seq,64,1x,2,3,False,96579,0.0354026,366.56623075409766
take-seq,64,1x,2,4,False,96579,0.035456,367.11914598411664
update-table,8,2-stackful,0,0,True,530265,0.021919768000000003,41.337384138119624
update-table,8,2-stackful,0,1,True,530265,0.021956762,41.407149255560896
update-table,8,2-stackful,0,2,False,530265,0.022014439999999996,41.51592128464069
update-table,8,2-stackful,0,3,False,530265,0.021749781999999995,41.01681612024176
update-table,8,2-stackful,0,4,False,530265,0.021588751000000003,40.713135884887755
update-table,8,1x,0,0,True,530265,0.10557,199.08913467794406
update-table,8,1x,0,1,True,530265,0.105398,198.76476855911667
update-table,8,1x,0,2,False,530265,0.106568,200.97121250695406
update-table,8,1x,0,3,False,530265,0.106876,201.55205416159845
update-table,8,1x,0,4,False,530265,0.106098,200.08486322876297
update-table,8,2-stackless,0,0,True,530265,0.020575895,38.80304187528877
update-table,8,2-stackless,0,1,True,530265,0.020386960000000003,38.4467388947036
update-table,8,2-stackless,0,2,False,530265,0.020377446,38.42879692229357
update-table,8,2-stackless,0,3,False,530265,0.020733656999999996,39.10055726853554
update-table,8,2-stackless,0,4,False,530265,0.020631583999999994,38.90806294965724
update-table,8,2-stackful,1,0,True,530265,0.021936675,41.36926819609064
update-table,8,2-stackful,1,1,True,530265,0.022111354,41.6986865058037
update-table,8,2-stackful,1,2,False,530265,0.021686672999999997,40.897802042375034
update-table,8,2-stackful,1,3,False,530265,0.021694106000000005,40.91181956191716
update-table,8,2-stackful,1,4,False,530265,0.021864392999999996,41.23295522050295
update-table,8,1x,1,0,True,530265,0.106394,200.64307468907054
update-table,8,1x,1,1,True,530265,0.105484,198.92695161853035
update-table,8,1x,1,2,False,530265,0.105774,199.47384798166954
update-table,8,1x,1,3,False,530265,0.104875,197.77846925593806
update-table,8,1x,1,4,False,530265,0.10571,199.3531536118733
update-table,8,2-stackless,1,0,True,530265,0.020598599000000002,38.84585820297399
update-table,8,2-stackless,1,1,True,530265,0.020340697999999997,38.35949572383619
update-table,8,2-stackless,1,2,False,530265,0.020306853000000007,38.29566914655881
update-table,8,2-stackless,1,3,False,530265,0.020761671000000002,39.1533874572148
update-table,8,2-stackless,1,4,False,530265,0.020202142999999992,38.09820184247498
update-table,8,2-stackless,2,0,True,530265,0.020401793,38.474711700753396
update-table,8,2-stackless,2,1,True,530265,0.020456133000000005,38.57718876410852
update-table,8,2-stackless,2,2,False,530265,0.020563966000000003,38.78054557626848
update-table,8,2-stackless,2,3,False,530265,0.020180146999999996,38.05672069625564
update-table,8,2-stackless,2,4,False,530265,0.02013704999999999,37.97544623914456
update-table,8,2-stackful,2,0,True,530265,0.021886848,41.27530197165568
update-table,8,2-stackful,2,1,True,530265,0.021971465,41.43487690117205
update-table,8,2-stackful,2,2,False,530265,0.021702505999999996,40.9276606979529
update-table,8,2-stackful,2,3,False,530265,0.02198728400000001,41.46470915485656
update-table,8,2-stackful,2,4,False,530265,0.02184061100000001,41.18810594702651
update-table,8,1x,2,0,True,530265,0.105919,199.74729616323913
update-table,8,1x,2,1,True,530265,0.106248,200.3677406579729
update-table,8,1x,2,2,False,530265,0.105757,199.44178853969242
update-table,8,1x,2,3,False,530265,0.106263,200.3960284008939
update-table,8,1x,2,4,False,530265,0.105135,198.26879013323526
update-int,256,1x,0,0,True,70520,0.0231008,327.57799205899033
update-int,256,1x,0,1,True,70520,0.0231213,327.868689733409
update-int,256,1x,0,2,False,70520,0.0233972,331.78105501985254
update-int,256,1x,0,3,False,70520,0.0233458,331.05218377765175
update-int,256,1x,0,4,False,70520,0.0232127,329.1647759500851
update-int,256,2-stackless,0,0,True,70520,0.020117233,285.2698950652297
update-int,256,2-stackless,0,1,True,70520,0.02014525,285.6671866137266
update-int,256,2-stackless,0,2,False,70520,0.020461888000000004,290.15723199092463
update-int,256,2-stackless,0,3,False,70520,0.020364342000000007,288.77399319342044
update-int,256,2-stackless,0,4,False,70520,0.02034826399999999,288.54600113442984
update-int,256,2-stackful,0,0,True,70520,0.020263714000000002,287.3470504821328
update-int,256,2-stackful,0,1,True,70520,0.020646337,292.77278786159957
update-int,256,2-stackful,0,2,False,70520,0.020355014999999997,288.64173284174694
update-int,256,2-stackful,0,3,False,70520,0.020450339000000005,289.9934628474192
update-int,256,2-stackful,0,4,False,70520,0.020225030000000005,286.7984968803177
update-int,256,2-stackful,1,0,True,70520,0.020418307,289.53923709585933
update-int,256,2-stackful,1,1,True,70520,0.020527886,291.0931083380601
update-int,256,2-stackful,1,2,False,70520,0.02037539,288.9306579693704
update-int,256,2-stackful,1,3,False,70520,0.020358352000000003,288.6890527509927
update-int,256,2-stackful,1,4,False,70520,0.020403302999999998,289.32647475893356
update-int,256,1x,1,0,True,70520,0.0240053,340.4041406693137
update-int,256,1x,1,1,True,70520,0.0236866,335.8848553601815
update-int,256,1x,1,2,False,70520,0.0232745,330.0411230856495
update-int,256,1x,1,3,False,70520,0.0234142,332.02212138400455
update-int,256,1x,1,4,False,70520,0.0232937,330.3133862733976
update-int,256,2-stackless,1,0,True,70520,0.019975775,283.26396766874643
update-int,256,2-stackless,1,1,True,70520,0.019991769999999996,283.4907827566647
update-int,256,2-stackless,1,2,False,70520,0.019959962000000005,283.03973340896204
update-int,256,2-stackless,1,3,False,70520,0.019947917000000003,282.8689307997732
update-int,256,2-stackless,1,4,False,70520,0.020018898000000007,283.87546795235403
update-int,256,2-stackless,2,0,True,70520,0.019982256,283.3558706749858
update-int,256,2-stackless,2,1,True,70520,0.02002719,283.9930516165627
update-int,256,2-stackless,2,2,False,70520,0.020244692,287.077311401021
update-int,256,2-stackless,2,3,False,70520,0.019877982000000002,281.8772263187749
update-int,256,2-stackless,2,4,False,70520,0.019961142,283.05646625070904
update-int,256,2-stackful,2,0,True,70520,0.020442719,289.8854083947816
update-int,256,2-stackful,2,1,True,70520,0.020253148000000002,287.1972206466251
update-int,256,2-stackful,2,2,False,70520,0.020376982000000002,288.95323312535453
update-int,256,2-stackful,2,3,False,70520,0.020376770000000002,288.9502268859898
update-int,256,2-stackful,2,4,False,70520,0.020405560000000003,289.35847986386847
update-int,256,1x,2,0,True,70520,0.0232413,329.5703346568349
update-int,256,1x,2,1,True,70520,0.0230798,327.2802041973908
update-int,256,1x,2,2,False,70520,0.0234478,332.49858196256383
update-int,256,1x,2,3,False,70520,0.0236044,334.7192285876347
update-int,256,1x,2,4,False,70520,0.0233419,330.9968803176404
update-seq,64,2-stackful,0,0,True,198045,0.020463336,103.32669847761872
update-seq,64,2-stackful,0,1,True,198045,0.020673447999999997,104.38762907420029
update-seq,64,2-stackful,0,2,False,198045,0.020592685,103.9798278169103
update-seq,64,2-stackful,0,3,False,198045,0.020409047000000007,103.05257390997
update-seq,64,2-stackful,0,4,False,198045,0.020501143,103.51759953545911
update-seq,64,1x,0,0,True,198045,0.052056,262.84935241990456
update-seq,64,1x,0,1,True,198045,0.0526893,266.0471105051882
update-seq,64,1x,0,2,False,198045,0.051964,262.38481153273244
update-seq,64,1x,0,3,False,198045,0.0522227,263.69108031003054
update-seq,64,1x,0,4,False,198045,0.0531267,268.25569946224346
update-seq,64,2-stackless,0,0,True,198045,0.019747793,99.71366608599055
update-seq,64,2-stackless,0,1,True,198045,0.019729441000000004,99.62100027771469
update-seq,64,2-stackless,0,2,False,198045,0.019747262,99.71098487717438
update-seq,64,2-stackless,0,3,False,198045,0.019839272000000005,100.1755762579212
update-seq,64,2-stackless,0,4,False,198045,0.019740553000000008,99.67710873791314
update-seq,64,2-stackless,1,0,True,198045,0.019875744,100.3597364235401
update-seq,64,2-stackless,1,1,True,198045,0.019746147999999998,99.70535989295361
update-seq,64,2-stackless,1,2,False,198045,0.020034714000000002,101.16243278042872
update-seq,64,2-stackless,1,3,False,198045,0.020012379000000004,101.04965538135274
update-seq,64,2-stackless,1,4,False,198045,0.019813329000000005,100.04458077709613
update-seq,64,2-stackful,1,0,True,198045,0.020574497,103.88799010325936
update-seq,64,2-stackful,1,1,True,198045,0.020455262,103.2859299654119
update-seq,64,2-stackful,1,2,False,198045,0.020483140000000004,103.42669595294001
update-seq,64,2-stackful,1,3,False,198045,0.020379836,102.90507712893535
update-seq,64,2-stackful,1,4,False,198045,0.020279332999999997,102.39760155520209
update-seq,64,1x,1,0,True,198045,0.053156,268.4036456360928
update-seq,64,1x,1,1,True,198045,0.0517794,261.45270014390667
update-seq,64,1x,1,2,False,198045,0.0522071,263.61231033351004
update-seq,64,1x,1,3,False,198045,0.0520757,262.948824762049
update-seq,64,1x,1,4,False,198045,0.0519212,262.16869903304803
update-seq,64,2-stackful,2,0,True,198045,0.020377155,102.89153980156026
update-seq,64,2-stackful,2,1,True,198045,0.020408267000000004,103.04863541114395
update-seq,64,2-stackful,2,2,False,198045,0.020482474,103.42333308086546
update-seq,64,2-stackful,2,3,False,198045,0.020613447,104.08466257668712
update-seq,64,2-stackful,2,4,False,198045,0.020564990000000005,103.83998586179911
update-seq,64,2-stackless,2,0,True,198045,0.01965209,99.23042742810978
update-seq,64,2-stackless,2,1,True,198045,0.019827264,100.11494357343028
update-seq,64,2-stackless,2,2,False,198045,0.019906156,100.5132974828953
update-seq,64,2-stackless,2,3,False,198045,0.019895354000000004,100.45875432351235
update-seq,64,2-stackless,2,4,False,198045,0.019730946,99.6285995607059
update-seq,64,1x,2,0,True,198045,0.0525799,265.49471079805096
update-seq,64,1x,2,1,True,198045,0.0522298,263.72693074806233
update-seq,64,1x,2,2,False,198045,0.052315,264.15713600444343
update-seq,64,1x,2,3,False,198045,0.0522443,263.8001464313666
update-seq,64,1x,2,4,False,198045,0.0522278,263.7168320331238
assign-table,8,1x,0,0,True,219159,0.163985,748.2467067289045
assign-table,8,1x,0,1,True,219159,0.166048,757.6599637705958
assign-table,8,1x,0,2,False,219159,0.165318,754.3290487728087
assign-table,8,1x,0,3,False,219159,0.16482,752.056725938702
assign-table,8,1x,0,4,False,219159,0.164689,751.4589863980033
assign-table,8,2-stackless,0,0,True,219159,0.02005391,91.50393093598711
assign-table,8,2-stackless,0,1,True,219159,0.020127531,91.83985599496256
assign-table,8,2-stackless,0,2,False,219159,0.020121886000000005,91.81409843994544
assign-table,8,2-stackless,0,3,False,219159,0.020234865999999997,92.32961457206866
assign-table,8,2-stackless,0,4,False,219159,0.020051239999999998,91.49174800031027
assign-table,8,2-stackful,0,0,True,219159,0.020802616,94.92019948986808
assign-table,8,2-stackful,0,1,True,219159,0.020939565000000004,95.5450837063502
assign-table,8,2-stackful,0,2,False,219159,0.020801020999999996,94.91292166874277
assign-table,8,2-stackful,0,3,False,219159,0.02068269199999999,94.3729985991905
assign-table,8,2-stackful,0,4,False,219159,0.020839646000000003,95.08916357530379
assign-table,8,2-stackless,1,0,True,219159,0.020320243,92.71918105120027
assign-table,8,2-stackless,1,1,True,219159,0.020037819,91.43050935622082
assign-table,8,2-stackless,1,2,False,219159,0.020171964,92.04259920879362
assign-table,8,2-stackless,1,3,False,219159,0.020095512000000003,91.69375658768293
assign-table,8,2-stackless,1,4,False,219159,0.020104152,91.7331800199855
assign-table,8,2-stackful,1,0,True,219159,0.020904003,95.38281795408813
assign-table,8,2-stackful,1,1,True,219159,0.020851694000000004,95.14413736145904
assign-table,8,2-stackful,1,2,False,219159,0.021155428000000004,96.53004439699033
assign-table,8,2-stackful,1,3,False,219159,0.020884839000000002,95.29537459105035
assign-table,8,2-stackful,1,4,False,219159,0.020936599,95.5315501530852
assign-table,8,1x,1,0,True,219159,0.163866,747.7037219552927
assign-table,8,1x,1,1,True,219159,0.16382,747.4938286814596
assign-table,8,1x,1,2,False,219159,0.163666,746.7911425038442
assign-table,8,1x,1,3,False,219159,0.164695,751.4863637815467
assign-table,8,1x,1,4,False,219159,0.164679,751.4133574254308
assign-table,8,1x,2,0,True,219159,0.163345,745.3264524842695
assign-table,8,1x,2,1,True,219159,0.164377,750.0353624537436
assign-table,8,1x,2,2,False,219159,0.16464,751.2354044323984
assign-table,8,1x,2,3,False,219159,0.165898,756.9755291820094
assign-table,8,1x,2,4,False,219159,0.165181,753.7039318485665
assign-table,8,2-stackless,2,0,True,219159,0.020347427,92.84321885024114
assign-table,8,2-stackless,2,1,True,219159,0.020373436999999998,92.96189980790201
assign-table,8,2-stackless,2,2,False,219159,0.020313289999999998,92.68745522657065
assign-table,8,2-stackless,2,3,False,219159,0.020532625000000006,93.68825829648797
assign-table,8,2-stackless,2,4,False,219159,0.020188637999999995,92.11868095766086
assign-table,8,2-stackful,2,0,True,219159,0.020980235,95.73065673780224
assign-table,8,2-stackful,2,1,True,219159,0.02091932,95.45270785137731
assign-table,8,2-stackful,2,2,False,219159,0.02085504,95.15940481568177
assign-table,8,2-stackful,2,3,False,219159,0.020866917,95.21359834640603
assign-table,8,2-stackful,2,4,False,219159,0.021054261000000005,96.06842977016689
make-seq,64,2-stackless,0,0,True,66014,0.07884753100000001,1194.406201714788
make-seq,64,2-stackless,0,1,True,66014,0.07882323999999999,1194.0382343139331
make-seq,64,2-stackless,0,2,False,66014,0.07881761999999998,1193.9531008573933
make-seq,64,2-stackless,0,3,False,66014,0.078285685,1185.8951888993245
make-seq,64,2-stackless,0,4,False,66014,0.07848460099999999,1188.9084285151632
make-seq,64,2-stackful,0,0,True,66014,0.07942650999999999,1203.1767503862816
make-seq,64,2-stackful,0,1,True,66014,0.079842504,1209.4783530766201
make-seq,64,2-stackful,0,2,False,66014,0.079342003,1201.8966128397008
make-seq,64,2-stackful,0,3,False,66014,0.07961164300000004,1205.9812009573734
make-seq,64,2-stackful,0,4,False,66014,0.07897918199999998,1196.4004908049806
make-seq,64,1x,0,0,True,66014,0.0199238,301.811736904293
make-seq,64,1x,0,1,True,66014,0.0203874,308.8344896537098
make-seq,64,1x,0,2,False,66014,0.0201625,305.4276365619414
make-seq,64,1x,0,3,False,66014,0.0201733,305.5912382221953
make-seq,64,1x,0,4,False,66014,0.0201102,304.6353803738601
make-seq,64,1x,1,0,True,66014,0.0206017,312.0807707455994
make-seq,64,1x,1,1,True,66014,0.0203888,308.8556972763353
make-seq,64,1x,1,2,False,66014,0.0208673,316.104159723695
make-seq,64,1x,1,3,False,66014,0.0204645,310.0024237283001
make-seq,64,1x,1,4,False,66014,0.0205256,310.92798497288453
make-seq,64,2-stackful,1,0,True,66014,0.079451478,1203.5549731875058
make-seq,64,2-stackful,1,1,True,66014,0.07888674500000001,1195.0002272245283
make-seq,64,2-stackful,1,2,False,66014,0.078641503,1191.285227376011
make-seq,64,2-stackful,1,3,False,66014,0.07884470399999999,1194.3633774653858
make-seq,64,2-stackful,1,4,False,66014,0.07888808200000003,1195.020480504136
make-seq,64,2-stackless,1,0,True,66014,0.078734953,1192.7008361862636
make-seq,64,2-stackless,1,1,True,66014,0.07905893500000001,1197.6086133244467
make-seq,64,2-stackless,1,2,False,66014,0.07876343599999999,1193.132305268579
make-seq,64,2-stackless,1,3,False,66014,0.07846655899999999,1188.635122852728
make-seq,64,2-stackless,1,4,False,66014,0.07837965600000002,1187.3186899748541
make-seq,64,2-stackful,2,0,True,66014,0.079251049,1200.518814190929
make-seq,64,2-stackful,2,1,True,66014,0.07910893499999999,1198.366028418214
make-seq,64,2-stackful,2,2,False,66014,0.07921967900000002,1200.0436119610995
make-seq,64,2-stackful,2,3,False,66014,0.07932567300000001,1201.6492410700762
make-seq,64,2-stackful,2,4,False,66014,0.07897738399999998,1196.3732541582087
make-seq,64,2-stackless,2,0,True,66014,0.079201251,1199.76445905414
make-seq,64,2-stackless,2,1,True,66014,0.078476236,1188.781712969976
make-seq,64,2-stackless,2,2,False,66014,0.078993801,1196.6219438300966
make-seq,64,2-stackless,2,3,False,66014,0.07911640699999997,1198.4792165298265
make-seq,64,2-stackless,2,4,False,66014,0.07889933100000002,1195.1908837519316
make-seq,64,1x,2,0,True,66014,0.0234924,355.8699669767019
make-seq,64,1x,2,1,True,66014,0.0234355,355.00802859999396
make-seq,64,1x,2,2,False,66014,0.0235901,357.3499560699246
make-seq,64,1x,2,3,False,66014,0.0235224,356.3244160329627
make-seq,64,1x,2,4,False,66014,0.0235385,356.568303693156
add-float,0,1x,0,0,True,2893226,0.0191489,6.618528936211689
add-float,0,1x,0,1,True,2893226,0.0191276,6.611166911952264
add-float,0,1x,0,2,False,2893226,0.019152,6.619600404531136
add-float,0,1x,0,3,False,2893226,0.0190043,6.568550123633619
add-float,0,1x,0,4,False,2893226,0.0189486,6.5492982573777505
add-float,0,2-stackful,0,0,True,2893226,0.062923709,21.748632495352936
add-float,0,2-stackful,0,1,True,2893226,0.063171833,21.834392819641465
add-float,0,2-stackful,0,2,False,2893226,0.062764122,21.693473651902757
add-float,0,2-stackful,0,3,False,2893226,0.06304522000000001,21.790630942760785
add-float,0,2-stackful,0,4,False,2893226,0.06293587700000003,21.752838181324247
add-float,0,2-stackless,0,0,True,2893226,0.054452409,18.82065521324639
add-float,0,2-stackless,0,1,True,2893226,0.054388852,18.798687693253136
add-float,0,2-stackless,0,2,False,2893226,0.053946823000000005,18.64590702558321
add-float,0,2-stackless,0,3,False,2893226,0.054354024,18.78664991950162
add-float,0,2-stackless,0,4,False,2893226,0.05442408200000001,18.81086441225124
add-float,0,1x,1,0,True,2893226,0.0189789,6.55977099611299
add-float,0,1x,1,1,True,2893226,0.0192291,6.646248858540605
add-float,0,1x,1,2,False,2893226,0.0190292,6.57715643368337
add-float,0,1x,1,3,False,2893226,0.0194093,6.7085322750452265
add-float,0,1x,1,4,False,2893226,0.0192711,6.660765526094401
add-float,0,2-stackful,1,0,True,2893226,0.062867343,21.72915043622586
add-float,0,2-stackful,1,1,True,2893226,0.063301939,21.87936199937371
add-float,0,2-stackful,1,2,False,2893226,0.062945727,21.75624268550055
add-float,0,2-stackful,1,3,False,2893226,0.06310011000000001,21.80960284471383
add-float,0,2-stackful,1,4,False,2893226,0.06327189100000002,21.868976360643803
add-float,0,2-stackless,1,0,True,2893226,0.054140567,18.712871721738985
add-float,0,2-stackless,1,1,True,2893226,0.054588924,18.867839567320356
add-float,0,2-stackless,1,2,False,2893226,0.054550855999999995,18.854681936357544
add-float,0,2-stackless,1,3,False,2893226,0.05400835799999998,18.66717567172422
add-float,0,2-stackless,1,4,False,2893226,0.05439927800000002,18.802291283155903
add-float,0,1x,2,0,True,2893226,0.0192907,6.66753997095284
add-float,0,1x,2,1,True,2893226,0.0188678,6.52137095408378
add-float,0,1x,2,2,False,2893226,0.0189136,6.537201034416253
add-float,0,1x,2,3,False,2893226,0.0191628,6.623333261902112
add-float,0,1x,2,4,False,2893226,0.0191108,6.605360244930745
add-float,0,2-stackless,2,0,True,2893226,0.054533780000000004,18.848779874092106
add-float,0,2-stackless,2,1,True,2893226,0.054376023,18.794253542585334
add-float,0,2-stackless,2,2,False,2893226,0.05418774,18.72917635884649
add-float,0,2-stackless,2,3,False,2893226,0.054651652999999994,18.88952090158183
add-float,0,2-stackless,2,4,False,2893226,0.054768838999999986,18.93002447786657
add-float,0,2-stackful,2,0,True,2893226,0.063111864,21.813665437819235
add-float,0,2-stackful,2,1,True,2893226,0.063441437,21.927577382478937
add-float,0,2-stackful,2,2,False,2893226,0.06294404699999998,21.755662018798386
add-float,0,2-stackful,2,3,False,2893226,0.063435034,21.925364281946866
add-float,0,2-stackful,2,4,False,2893226,0.063293814,21.876553715471935
assign-string,0,2-stackless,0,0,True,1687935,0.046663254,27.645172355570566
assign-string,0,2-stackless,0,1,True,1687935,0.04621689599999999,27.380732077953233
assign-string,0,2-stackless,0,2,False,1687935,0.04651538899999999,27.557571233489437
assign-string,0,2-stackless,0,3,False,1687935,0.046725775,27.68221228898032
assign-string,0,2-stackless,0,4,False,1687935,0.04669562800000002,27.664352004075994
assign-string,0,1x,0,0,True,1687935,0.0175587,10.40247402891699
assign-string,0,1x,0,1,True,1687935,0.017501,10.368290248143442
assign-string,0,1x,0,2,False,1687935,0.0175841,10.417522001735849
assign-string,0,1x,0,3,False,1687935,0.0177799,10.533521729213506
assign-string,0,1x,0,4,False,1687935,0.0178132,10.553249977042954
assign-string,0,2-stackful,0,0,True,1687935,0.051218238,30.343726506056218
assign-string,0,2-stackful,0,1,True,1687935,0.05156858600000001,30.551286631298012
assign-string,0,2-stackful,0,2,False,1687935,0.05118659399999999,30.324979338659357
assign-string,0,2-stackful,0,3,False,1687935,0.05130087700000002,30.392685144866373
assign-string,0,2-stackful,0,4,False,1687935,0.051329818,30.409830947281737
assign-string,0,2-stackless,1,0,True,1687935,0.046684675,27.65786301012776
assign-string,0,2-stackless,1,1,True,1687935,0.046281775,27.419168984587678
assign-string,0,2-stackless,1,2,False,1687935,0.04606534999999999,27.290950184693127
assign-string,0,2-stackless,1,3,False,1687935,0.04631543499999999,27.43911051077203
assign-string,0,2-stackless,1,4,False,1687935,0.046326708999999994,27.445789677920057
assign-string,0,2-stackful,1,0,True,1687935,0.051004072,30.21684602783875
assign-string,0,2-stackful,1,1,True,1687935,0.051340188,30.41597454878298
assign-string,0,2-stackful,1,2,False,1687935,0.051500008000000014,30.510658289566848
assign-string,0,2-stackful,1,3,False,1687935,0.05112461600000001,30.28826110010161
assign-string,0,2-stackful,1,4,False,1687935,0.05104227,30.239476046174765
assign-string,0,1x,1,0,True,1687935,0.0176297,10.444537260024823
assign-string,0,1x,1,1,True,1687935,0.0176473,10.454964201820568
assign-string,0,1x,1,2,False,1687935,0.0178223,10.558641179903255
assign-string,0,1x,1,3,False,1687935,0.0177336,10.5060917630122
assign-string,0,1x,1,4,False,1687935,0.0176691,10.467879391090296
assign-string,0,1x,2,0,True,1687935,0.0176865,10.478187844911089
assign-string,0,1x,2,1,True,1687935,0.0177774,10.53204062952661
assign-string,0,1x,2,2,False,1687935,0.0176832,10.476232793324387
assign-string,0,1x,2,3,False,1687935,0.0176449,10.453542346121148
assign-string,0,1x,2,4,False,1687935,0.0178957,10.602126266710508
assign-string,0,2-stackless,2,0,True,1687935,0.046500397,27.548689374887065
assign-string,0,2-stackless,2,1,True,1687935,0.046007886000000005,27.25690621973003
assign-string,0,2-stackless,2,2,False,1687935,0.046312382999999985,27.43730238427427
assign-string,0,2-stackless,2,3,False,1687935,0.045945026,27.219665449202726
assign-string,0,2-stackless,2,4,False,1687935,0.04594163799999998,27.21765826290703
assign-string,0,2-stackful,2,0,True,1687935,0.051601335,30.570688444756463
assign-string,0,2-stackful,2,1,True,1687935,0.051221157999999996,30.345456430490508
assign-string,0,2-stackful,2,2,False,1687935,0.051361290000000004,30.428476215020133
assign-string,0,2-stackful,2,3,False,1687935,0.05093319499999999,30.1748556668355
assign-string,0,2-stackful,2,4,False,1687935,0.05085420999999998,30.128061803327725
push-shared-seq,256,1x,0,0,True,25526,0.0188398,738.063151296717
push-shared-seq,256,1x,0,1,True,25526,0.0187632,735.0622894303847
push-shared-seq,256,1x,0,2,False,25526,0.0183637,719.4115803494476
push-shared-seq,256,1x,0,3,False,25526,0.0186519,730.7020293034553
push-shared-seq,256,1x,0,4,False,25526,0.0186963,732.4414322651414
push-shared-seq,256,2-stackful,0,0,True,25526,0.06680375799999999,2617.0868134451143
push-shared-seq,256,2-stackful,0,1,True,25526,0.066261426,2595.840554728512
push-shared-seq,256,2-stackful,0,2,False,25526,0.066356061,2599.5479511086733
push-shared-seq,256,2-stackful,0,3,False,25526,0.066052058,2587.6384078978294
push-shared-seq,256,2-stackful,0,4,False,25526,0.06664867099999999,2611.011165086578
push-shared-seq,256,2-stackless,0,0,True,25526,0.0664622,2603.706025229178
push-shared-seq,256,2-stackless,0,1,True,25526,0.066677709,2612.148750293818
push-shared-seq,256,2-stackless,0,2,False,25526,0.06612636200000002,2590.549322259658
push-shared-seq,256,2-stackless,0,3,False,25526,0.06593621399999997,2583.1001331975226
push-shared-seq,256,2-stackless,0,4,False,25526,0.06622488199999998,2594.408916398965
push-shared-seq,256,2-stackless,1,0,True,25526,0.066547265,2607.0385097547596
push-shared-seq,256,2-stackless,1,1,True,25526,0.06610652499999999,2589.772193058058
push-shared-seq,256,2-stackless,1,2,False,25526,0.06595925300000002,2584.0027031262252
push-shared-seq,256,2-stackless,1,3,False,25526,0.066328309,2598.460745906135
push-shared-seq,256,2-stackless,1,4,False,25526,0.06578905099999999,2577.3349134216087
push-shared-seq,256,2-stackful,1,0,True,25526,0.066070889,2588.376126302593
push-shared-seq,256,2-stackful,1,1,True,25526,0.066583815,2608.4703831387606
push-shared-seq,256,2-stackful,1,2,False,25526,0.065926178,2582.706965446995
push-shared-seq,256,2-stackful,1,3,False,25526,0.06605003899999998,2587.5593120739627
push-shared-seq,256,2-stackful,1,4,False,25526,0.06634263999999995,2599.0221734701854
push-shared-seq,256,1x,1,0,True,25526,0.0200083,783.8400062681188
push-shared-seq,256,1x,1,1,True,25526,0.0199416,781.2269842513516
push-shared-seq,256,1x,1,2,False,25526,0.0199842,782.8958708767531
push-shared-seq,256,1x,1,3,False,25526,0.0201573,789.6771918827861
push-shared-seq,256,1x,1,4,False,25526,0.0200764,786.5078743242184
push-shared-seq,256,2-stackless,2,0,True,25526,0.066339079,2598.882668651571
push-shared-seq,256,2-stackless,2,1,True,25526,0.06676184599999999,2615.4448797304703
push-shared-seq,256,2-stackless,2,2,False,25526,0.06617205100000001,2592.3392227532713
push-shared-seq,256,2-stackless,2,3,False,25526,0.066139787,2591.075256601113
push-shared-seq,256,2-stackless,2,4,False,25526,0.06642515400000004,2602.2547206769586
push-shared-seq,256,1x,2,0,True,25526,0.0192459,753.9724202773642
push-shared-seq,256,1x,2,1,True,25526,0.0192877,755.6099663088615
push-shared-seq,256,1x,2,2,False,25526,0.0190964,748.1156467915067
push-shared-seq,256,1x,2,3,False,25526,0.0192306,753.3730314189454
push-shared-seq,256,1x,2,4,False,25526,0.0193736,758.9751625793309
push-shared-seq,256,2-stackful,2,0,True,25526,0.06691978999999999,2621.6324531849878
push-shared-seq,256,2-stackful,2,1,True,25526,0.06685000799999999,2618.898691530204
push-shared-seq,256,2-stackful,2,2,False,25526,0.066696956,2612.902765807412
push-shared-seq,256,2-stackful,2,3,False,25526,0.06720442599999998,2632.7832797931515
push-shared-seq,256,2-stackful,2,4,False,25526,0.06699605200000003,2624.620073650397
update-table,256,1x,0,0,True,68674,0.0470943,685.7660832338294
update-table,256,1x,0,1,True,68674,0.0470772,685.5170807001194
update-table,256,1x,0,2,False,68674,0.048307,703.4248769548883
update-table,256,1x,0,3,False,68674,0.0478348,696.5489122520896
update-table,256,1x,0,4,False,68674,0.0476789,694.2787663453418
update-table,256,2-stackful,0,0,True,68674,0.020688151,301.25157992835716
update-table,256,2-stackful,0,1,True,68674,0.020488967,298.35115181873783
update-table,256,2-stackful,0,2,False,68674,0.020700146000000003,301.4262457407462
update-table,256,2-stackful,0,3,False,68674,0.020641210999999993,300.5680606925473
update-table,256,2-stackful,0,4,False,68674,0.020660782000000003,300.85304482045615
update-table,256,2-stackless,0,0,True,68674,0.020368309999999997,296.59419867781105
update-table,256,2-stackless,0,1,True,68674,0.020329842,296.0340449078254
update-table,256,2-stackless,0,2,False,68674,0.020559194000000003,299.3737659084953
update-table,256,2-stackless,0,3,False,68674,0.020511617000000003,298.680970964266
update-table,256,2-stackless,0,4,False,68674,0.020359879999999997,296.4714447971575
update-table,256,2-stackless,1,0,True,68674,0.020498299,298.48704021900573
update-table,256,2-stackless,1,1,True,68674,0.020310526000000002,295.7527739755949
update-table,256,2-stackless,1,2,False,68674,0.020569103999999998,299.5180708856335
update-table,256,2-stackless,1,3,False,68674,0.020562243,299.4181640795643
update-table,256,2-stackless,1,4,False,68674,0.02041177100000001,297.2270582753299
update-table,256,2-stackful,1,0,True,68674,0.020574462,299.59609167952937
update-table,256,2-stackful,1,1,True,68674,0.020654701,300.76449602469637
update-table,256,2-stackful,1,2,False,68674,0.020661305999999997,300.8606750735358
update-table,256,2-stackful,1,3,False,68674,0.020548568999999996,299.21904942190633
update-table,256,2-stackful,1,4,False,68674,0.02070047200000001,301.4309928065936
update-table,256,1x,1,0,True,68674,0.0466164,678.8071176864606
update-table,256,1x,1,1,True,68674,0.0475216,691.9882342662435
update-table,256,1x,1,2,False,68674,0.0483228,703.6549494714156
update-table,256,1x,1,3,False,68674,0.0473714,689.8010892040655
update-table,256,1x,1,4,False,68674,0.0486705,708.7180009901855
update-table,256,2-stackful,2,0,True,68674,0.020391472,296.9314733377989
update-table,256,2-stackful,2,1,True,68674,0.020407436,297.16393394880157
update-table,256,2-stackful,2,2,False,68674,0.020459080999999997,297.91596528526077
update-table,256,2-stackful,2,3,False,68674,0.02063503800000001,300.47817223403337
update-table,256,2-stackful,2,4,False,68674,0.02083162699999999,303.3408131170456
update-table,256,2-stackless,2,0,True,68674,0.020443717,297.69224160526545
update-table,256,2-stackless,2,1,True,68674,0.020214314,294.35177796546
update-table,256,2-stackless,2,2,False,68674,0.020140368000000006,293.2750094650087
update-table,256,2-stackless,2,3,False,68674,0.020176662000000005,293.80350642164433
update-table,256,2-stackless,2,4,False,68674,0.020148410000000005,293.3921134636107
update-table,256,1x,2,0,True,68674,0.0461309,671.7374843463319
update-table,256,1x,2,1,True,68674,0.0473259,689.1385386026735
update-table,256,1x,2,2,False,68674,0.0479096,697.6381163176748
update-table,256,1x,2,3,False,68674,0.0473519,689.5171389463261
update-table,256,1x,2,4,False,68674,0.047067,685.3685528729942
const-string,8,1x,0,0,True,1125107,0.0211764,18.821676516100247
const-string,8,1x,0,1,True,1125107,0.0211311,18.781413678876763
const-string,8,1x,0,2,False,1125107,0.0208252,18.50952842707405
const-string,8,1x,0,3,False,1125107,0.0208649,18.544813959916702
const-string,8,1x,0,4,False,1125107,0.0212556,18.89206982091481
const-string,8,2-stackful,0,0,True,1125107,0.039238744000000006,34.87556650167496
const-string,8,2-stackful,0,1,True,1125107,0.038566542999999995,34.27811132630051
const-string,8,2-stackful,0,2,False,1125107,0.038712386,34.40773721966
const-string,8,2-stackful,0,3,False,1125107,0.03897552700000001,34.64161808610204
const-string,8,2-stackful,0,4,False,1125107,0.038696113000000004,34.39327370641193
const-string,8,2-stackless,0,0,True,1125107,0.035281569,31.358412133245995
const-string,8,2-stackless,0,1,True,1125107,0.035464615000000005,31.521104214976894
const-string,8,2-stackless,0,2,False,1125107,0.035128668,31.22251305875797
const-string,8,2-stackless,0,3,False,1125107,0.03531582900000001,31.38886257040442
const-string,8,2-stackless,0,4,False,1125107,0.035219234000000016,31.303008513856916
const-string,8,1x,1,0,True,1125107,0.0209089,18.58392135148035
const-string,8,1x,1,1,True,1125107,0.0213053,18.936243397294657
const-string,8,1x,1,2,False,1125107,0.02091,18.58489903626944
const-string,8,1x,1,3,False,1125107,0.0207715,18.461799633279323
const-string,8,1x,1,4,False,1125107,0.0206229,18.329723306316644
const-string,8,2-stackless,1,0,True,1125107,0.035456914,31.514259532648893
const-string,8,2-stackless,1,1,True,1125107,0.035131970000000005,31.225447890733953
const-string,8,2-stackless,1,2,False,1125107,0.035640321,31.67727247275148
const-string,8,2-stackless,1,3,False,1125107,0.03532243500000001,31.3947340119651
const-string,8,2-stackless,1,4,False,1125107,0.035064084999999995,31.165111407181712
const-string,8,2-stackful,1,0,True,1125107,0.03880231,34.487662062363846
const-string,8,2-stackful,1,1,True,1125107,0.03888243899999999,34.55888106642301
const-string,8,2-stackful,1,2,False,1125107,0.038980732000000004,34.64624431276315
const-string,8,2-stackful,1,3,False,1125107,0.03980137800000001,35.37563805042544
const-string,8,2-stackful,1,4,False,1125107,0.039064088,34.720331488471764
const-string,8,2-stackless,2,0,True,1125107,0.034432860999999995,30.604076767809634
const-string,8,2-stackless,2,1,True,1125107,0.034589446,30.743250197536767
const-string,8,2-stackless,2,2,False,1125107,0.034114650999999996,30.321250334412632
const-string,8,2-stackless,2,3,False,1125107,0.03445033700000001,30.61960951269525
const-string,8,2-stackless,2,4,False,1125107,0.034612828999999984,30.76403310973977
const-string,8,2-stackful,2,0,True,1125107,0.039273926,34.906836416447504
const-string,8,2-stackful,2,1,True,1125107,0.038760128000000005,34.45017051711527
const-string,8,2-stackful,2,2,False,1125107,0.03900162900000001,34.664817657342816
const-string,8,2-stackful,2,3,False,1125107,0.03933188200000001,34.95834796157167
const-string,8,2-stackful,2,4,False,1125107,0.038645026,34.347867358393465
const-string,8,1x,2,0,True,1125107,0.0205408,18.256752468876293
const-string,8,1x,2,1,True,1125107,0.0208585,18.5391256120529
const-string,8,1x,2,2,False,1125107,0.0209264,18.599475427670434
const-string,8,1x,2,3,False,1125107,0.0212602,18.896158320941918
const-string,8,1x,2,4,False,1125107,0.0208885,18.565789742664474
add-float,8,2-stackless,0,0,True,1258084,0.029848628000000002,23.725465072284525
add-float,8,2-stackless,0,1,True,1258084,0.030278878,24.06745336559403
add-float,8,2-stackless,0,2,False,1258084,0.030243690999999996,24.03948464490447
add-float,8,2-stackless,0,3,False,1258084,0.029957346999999995,23.811881400605998
add-float,8,2-stackless,0,4,False,1258084,0.030163076999999996,23.975407842401616
add-float,8,2-stackful,0,0,True,1258084,0.034011908,27.034687667914067
add-float,8,2-stackful,0,1,True,1258084,0.034019742,27.04091459711752
add-float,8,2-stackful,0,2,False,1258084,0.03403369299999999,27.052003681789127
add-float,8,2-stackful,0,3,False,1258084,0.03379721799999999,26.864039285135167
add-float,8,2-stackful,0,4,False,1258084,0.03397907,27.008586072154163
add-float,8,1x,0,0,True,1258084,0.0187329,14.890023241691333
add-float,8,1x,0,1,True,1258084,0.0188523,14.984929464169324
add-float,8,1x,0,2,False,1258084,0.0187516,14.904887114055978
add-float,8,1x,0,3,False,1258084,0.0189237,15.041682431379781
add-float,8,1x,0,4,False,1258084,0.0186164,14.79742211171909
add-float,8,2-stackless,1,0,True,1258084,0.030394281000000002,24.159182534711515
add-float,8,2-stackless,1,1,True,1258084,0.030542043,24.27663256189571
add-float,8,2-stackless,1,2,False,1258084,0.030240810999999992,24.037195449588417
add-float,8,2-stackless,1,3,False,1258084,0.03045532499999999,24.207703937097993
add-float,8,2-stackless,1,4,False,1258084,0.030313021999999995,24.094593047841
add-float,8,2-stackful,1,0,True,1258084,0.033916184,26.958600538596787
add-float,8,2-stackful,1,1,True,1258084,0.03385170999999999,26.907352768177635
add-float,8,2-stackful,1,2,False,1258084,0.033732679,26.81273984884952
add-float,8,2-stackful,1,3,False,1258084,0.0340396,27.056698916765495
add-float,8,2-stackful,1,4,False,1258084,0.03409915399999999,27.10403597851971
add-float,8,1x,1,0,True,1258084,0.0186841,14.851234098836008
add-float,8,1x,1,1,True,1258084,0.0187078,14.870072268624353
add-float,8,1x,1,2,False,1258084,0.0184993,14.704344066056002
add-float,8,1x,1,3,False,1258084,0.0187928,14.937635324827276
add-float,8,1x,1,4,False,1258084,0.018843,14.977537270961239
add-float,8,2-stackless,2,0,True,1258084,0.03014541,23.961365059884713
add-float,8,2-stackless,2,1,True,1258084,0.03003459,23.873278731785796
add-float,8,2-stackless,2,2,False,1258084,0.030085549000000003,23.91378397626868
add-float,8,2-stackless,2,3,False,1258084,0.030486990000000005,24.232873162682303
add-float,8,2-stackless,2,4,False,1258084,0.03043993099999999,24.195467870189898
add-float,8,2-stackful,2,0,True,1258084,0.033959426,26.992971852435925
add-float,8,2-stackful,2,1,True,1258084,0.03406374,27.075886824727124
add-float,8,2-stackful,2,2,False,1258084,0.033987734000000006,27.01547273472996
add-float,8,2-stackful,2,3,False,1258084,0.03385790600000001,26.9122777175451
add-float,8,2-stackful,2,4,False,1258084,0.03365584699999999,26.751669204917942
add-float,8,1x,2,0,True,1258084,0.0184891,14.696236499311652
add-float,8,1x,2,1,True,1258084,0.0186324,14.810139863474935
add-float,8,1x,2,2,False,1258084,0.0187665,14.916730520378607
add-float,8,1x,2,3,False,1258084,0.0187101,14.871900445439255
add-float,8,1x,2,4,False,1258084,0.0187128,14.874046566048055
add-int,256,1x,0,0,True,83254,0.0256209,307.7437720710116
add-int,256,1x,0,1,True,83254,0.0253471,304.4550411992217
add-int,256,1x,0,2,False,83254,0.0252844,303.70192423186876
add-int,256,1x,0,3,False,83254,0.0248234,298.1646527494174
add-int,256,1x,0,4,False,83254,0.0253359,304.3205131284983
add-int,256,2-stackless,0,0,True,83254,0.019571453,235.08123333413408
add-int,256,2-stackless,0,1,True,83254,0.019685763000000002,236.4542604559541
add-int,256,2-stackless,0,2,False,83254,0.019843312000000002,238.3466500108103
add-int,256,2-stackless,0,3,False,83254,0.01964834399999999,236.00480457395432
add-int,256,2-stackless,0,4,False,83254,0.01936905,232.65008287890072
add-int,256,2-stackful,0,0,True,83254,0.019482743,234.01569894539603
add-int,256,2-stackful,0,1,True,83254,0.019528654,234.5671559324477
add-int,256,2-stackful,0,2,False,83254,0.019825623,238.13417973911163
add-int,256,2-stackful,0,3,False,83254,0.019888124000000007,238.8849064309223
add-int,256,2-stackful,0,4,False,83254,0.019833813000000006,238.23255339082814
add-int,256,1x,1,0,True,83254,0.0250174,300.49487111730366
add-int,256,1x,1,1,True,83254,0.0251625,302.23773031926396
add-int,256,1x,1,2,False,83254,0.0248142,298.0541475484661
add-int,256,1x,1,3,False,83254,0.0248038,297.9292286256516
add-int,256,1x,1,4,False,83254,0.0247359,297.11365219689145
add-int,256,2-stackless,1,0,True,83254,0.019731454000000002,237.00307492733086
add-int,256,2-stackless,1,1,True,83254,0.019611528000000003,235.56259158719104
add-int,256,2-stackless,1,2,False,83254,0.019407752,233.11494943185912
add-int,256,2-stackless,1,3,False,83254,0.019694236000000004,236.55603334374328
add-int,256,2-stackless,1,4,False,83254,0.019429148000000007,233.37194609268033
add-int,256,2-stackful,1,0,True,83254,0.019427022999999998,233.34642179354742
add-int,256,2-stackful,1,1,True,83254,0.019470300000000003,233.86624066110943
add-int,256,2-stackful,1,2,False,83254,0.019388954,232.88915847887188
add-int,256,2-stackful,1,3,False,83254,0.019465432000000005,233.80776899608432
add-int,256,2-stackful,1,4,False,83254,0.01973834499999999,237.08584572513018
add-int,256,1x,2,0,True,83254,0.0256455,308.0392533692075
add-int,256,1x,2,1,True,83254,0.0257543,309.3460974848055
add-int,256,1x,2,2,False,83254,0.0258275,310.2253345184616
add-int,256,1x,2,3,False,83254,0.0257353,309.1178802219713
add-int,256,1x,2,4,False,83254,0.0255924,307.40144617676026
add-int,256,2-stackless,2,0,True,83254,0.019296089,231.77371657818242
add-int,256,2-stackless,2,1,True,83254,0.019534642,234.63908040454513
add-int,256,2-stackless,2,2,False,83254,0.019533328999999995,234.62330939053976
add-int,256,2-stackless,2,3,False,83254,0.01954858899999999,234.80660388690023
add-int,256,2-stackless,2,4,False,83254,0.019842088999999993,238.3319600259446
add-int,256,2-stackful,2,0,True,83254,0.019621901,235.68718620126361
add-int,256,2-stackful,2,1,True,83254,0.019606212,235.49873879933696
add-int,256,2-stackful,2,2,False,83254,0.019471137,233.87629423210896
add-int,256,2-stackful,2,3,False,83254,0.020081264,241.2047949648065
add-int,256,2-stackful,2,4,False,83254,0.01983465000000001,238.24260696182776
do-int,64,2-stackless,0,0,True,16419,0.029276912000000002,1783.1117607649676
do-int,64,2-stackless,0,1,True,16419,0.0292563,1781.8563858943905
do-int,64,2-stackless,0,2,False,16419,0.028819376999999993,1755.2455691576827
do-int,64,2-stackless,0,3,False,16419,0.028849134,1757.0579207016262
do-int,64,2-stackless,0,4,False,16419,0.028961342000000015,1763.8919544430241
do-int,64,1x,0,0,True,16419,0.0196791,1198.556550338023
do-int,64,1x,0,1,True,16419,0.0196563,1197.1679152201718
do-int,64,1x,0,2,False,16419,0.0199526,1215.2140812473353
do-int,64,1x,0,3,False,16419,0.0198518,1209.0748523052562
do-int,64,1x,0,4,False,16419,0.0199884,1217.394482002558
do-int,64,2-stackful,0,0,True,16419,0.031059007,1891.650344113527
do-int,64,2-stackful,0,1,True,16419,0.031237751,1902.5367561970888
do-int,64,2-stackful,0,2,False,16419,0.031002589000000004,1888.2142030574337
do-int,64,2-stackful,0,3,False,16419,0.031064734999999996,1891.9992082343624
do-int,64,2-stackful,0,4,False,16419,0.031330941000000015,1908.2124977160615
do-int,64,1x,1,0,True,16419,0.0203648,1240.3191424569097
do-int,64,1x,1,1,True,16419,0.0199492,1215.0070040806384
do-int,64,1x,1,2,False,16419,0.0198488,1208.8921371581705
do-int,64,1x,1,3,False,16419,0.019875,1210.4878494427187
do-int,64,1x,1,4,False,16419,0.0196776,1198.4651927644802
do-int,64,2-stackful,1,0,True,16419,0.031073142,1892.5112369815458
do-int,64,2-stackful,1,1,True,16419,0.031196151000000002,1900.0031061575005
do-int,64,2-stackful,1,2,False,16419,0.031066741999999994,1892.1214446677627
do-int,64,2-stackful,1,3,False,16419,0.030720008999999993,1871.0036543029412
do-int,64,2-stackful,1,4,False,16419,0.030838591999999998,1878.2259577318957
do-int,64,2-stackless,1,0,True,16419,0.028935215,1762.300688227054
do-int,64,2-stackless,1,1,True,16419,0.029167637000000003,1776.4563615323711
do-int,64,2-stackless,1,2,False,16419,0.028733732999999997,1750.0294171386806
do-int,64,2-stackless,1,3,False,16419,0.02886655199999999,1758.118764845605
do-int,64,2-stackless,1,4,False,16419,0.028962938000000008,1763.9891589012734
do-int,64,2-stackful,2,0,True,16419,0.030913164,1882.767769048054
do-int,64,2-stackful,2,1,True,16419,0.030788289,1875.162251050612
do-int,64,2-stackful,2,2,False,16419,0.031047643,1890.9582191363663
do-int,64,2-stackful,2,3,False,16419,0.030719713999999995,1870.9856873134781
do-int,64,2-stackful,2,4,False,16419,0.03085215999999999,1879.0523174371149
do-int,64,1x,2,0,True,16419,0.0200852,1223.290090748523
do-int,64,1x,2,1,True,16419,0.0198027,1206.0844143979537
do-int,64,1x,2,2,False,16419,0.0200819,1223.0891040867289
do-int,64,1x,2,3,False,16419,0.0196963,1199.6041171813142
do-int,64,1x,2,4,False,16419,0.0196464,1196.564955234789
do-int,64,2-stackless,2,0,True,16419,0.029003599,1766.4656190998235
do-int,64,2-stackless,2,1,True,16419,0.029220875000000004,1779.698824532554
do-int,64,2-stackless,2,2,False,16419,0.029254107,1781.722821121871
do-int,64,2-stackless,2,3,False,16419,0.029273226,1782.8872647542482
do-int,64,2-stackless,2,4,False,16419,0.029058240999999985,1769.7935927888414
take-seq,0,2-stackful,0,0,True,2320294,0.049958829999999996,21.53124991919127
take-seq,0,2-stackful,0,1,True,2320294,0.050317995,21.686042803196493
take-seq,0,2-stackful,0,2,False,2320294,0.05025835499999999,21.660339163916294
take-seq,0,2-stackful,0,3,False,2320294,0.05011252700000002,21.597490231841316
take-seq,0,2-stackful,0,4,False,2320294,0.05049192800000002,21.761004424439328
take-seq,0,1x,0,0,True,2320294,0.0160343,6.910460484748916
take-seq,0,1x,0,1,True,2320294,0.015889,6.847839110043814
take-seq,0,1x,0,2,False,2320294,0.0161168,6.94601632379345
take-seq,0,1x,0,3,False,2320294,0.0161053,6.941060055320576
take-seq,0,1x,0,4,False,2320294,0.0159575,6.877361230947457
take-seq,0,2-stackless,0,0,True,2320294,0.043611193,18.795546167856315
take-seq,0,2-stackless,0,1,True,2320294,0.043744316000000005,18.852919500718446
take-seq,0,2-stackless,0,2,False,2320294,0.043590192000000014,18.78649515966512
take-seq,0,2-stackless,0,3,False,2320294,0.04385180300000002,18.899244233704877
take-seq,0,2-stackless,0,4,False,2320294,0.043704943999999996,18.835950961386786
take-seq,0,1x,1,0,True,2320294,0.0155956,6.721389617005431
take-seq,0,1x,1,1,True,2320294,0.0162287,6.994242970933855
take-seq,0,1x,1,2,False,2320294,0.0161503,6.9604541493448675
take-seq,0,1x,1,3,False,2320294,0.0162807,7.016653924028592
take-seq,0,1x,1,4,False,2320294,0.0161096,6.942913268749565
take-seq,0,2-stackless,1,0,True,2320294,0.043327566,18.673308641060142
take-seq,0,2-stackless,1,1,True,2320294,0.043754658,18.857376694505092
take-seq,0,2-stackless,1,2,False,2320294,0.04355476499999998,18.77122683590958
take-seq,0,2-stackless,1,3,False,2320294,0.04368456599999998,18.827168453652845
take-seq,0,2-stackless,1,4,False,2320294,0.043592511,18.787494601977162
take-seq,0,2-stackful,1,0,True,2320294,0.050472456,21.75261238446507
take-seq,0,2-stackful,1,1,True,2320294,0.050089712,21.587657426170995
take-seq,0,2-stackful,1,2,False,2320294,0.050620444000000014,21.816392233053232
take-seq,0,2-stackful,1,3,False,2320294,0.050124641000000025,21.60271112195266
take-seq,0,2-stackful,1,4,False,2320294,0.050566397999999985,21.793099495150177
take-seq,0,2-stackless,2,0,True,2320294,0.043596497,18.78921248772785
take-seq,0,2-stackless,2,1,True,2320294,0.043309352999999995,18.665459204738706
take-seq,0,2-stackless,2,2,False,2320294,0.043715525000000005,18.840511159361704
take-seq,0,2-stackless,2,3,False,2320294,0.04344131299999998,18.72233130801527
take-seq,0,2-stackless,2,4,False,2320294,0.04384516299999999,18.896382527386614
take-seq,0,1x,2,0,True,2320294,0.015767,6.7952595662446225
take-seq,0,1x,2,1,True,2320294,0.0157204,6.7751759044328
take-seq,0,1x,2,2,False,2320294,0.0159023,6.85357114227766
take-seq,0,1x,2,3,False,2320294,0.0160448,6.9149857733545845
take-seq,0,1x,2,4,False,2320294,0.0160519,6.91804573041175
take-seq,0,2-stackful,2,0,True,2320294,0.050074253,21.58099490840385
take-seq,0,2-stackful,2,1,True,2320294,0.050382008,21.71363111743598
take-seq,0,2-stackful,2,2,False,2320294,0.050386099000000004,21.71539425607272
take-seq,0,2-stackful,2,3,False,2320294,0.050152948,21.614910869053663
take-seq,0,2-stackful,2,4,False,2320294,0.05038242700000001,21.71381169800034
get-table,64,2-stackful,0,0,True,228503,0.020895423,91.44485192754581
get-table,64,2-stackful,0,1,True,228503,0.021058924000000003,92.16038301466503
get-table,64,2-stackful,0,2,False,228503,0.020838840000000004,91.197227169884
get-table,64,2-stackful,0,3,False,228503,0.020772186999999998,90.90553296893256
get-table,64,2-stackful,0,4,False,228503,0.021177476,92.67920333649886
get-table,64,1x,0,0,True,228503,0.0269385,117.89123118733671
get-table,64,1x,0,1,True,228503,0.0267606,117.11268561025457
get-table,64,1x,0,2,False,228503,0.027099,118.5936289676722
get-table,64,1x,0,3,False,228503,0.0266047,116.4304188566452
get-table,64,1x,0,4,False,228503,0.0270827,118.52229511209919
get-table,64,2-stackless,0,0,True,228503,0.020315361,88.90632070476099
get-table,64,2-stackless,0,1,True,228503,0.020328181,88.96242500098467
get-table,64,2-stackless,0,2,False,228503,0.020634393,90.30250368704131
get-table,64,2-stackless,0,3,False,228503,0.020316975,88.91338406935576
get-table,64,2-stackless,0,4,False,228503,0.020302409999999993,88.84964311190659
get-table,64,2-stackful,1,0,True,228503,0.020738998,90.76028761110358
get-table,64,2-stackful,1,1,True,228503,0.020928982,91.59171652013322
get-table,64,2-stackful,1,2,False,228503,0.021163391000000004,92.61756300792551
get-table,64,2-stackful,1,3,False,228503,0.021162578,92.61400506776717
get-table,64,2-stackful,1,4,False,228503,0.021043965999999997,92.09492216732383
get-table,64,2-stackless,1,0,True,228503,0.020048228,87.73726384336311
get-table,64,2-stackless,1,1,True,228503,0.020287061,88.78247112729373
get-table,64,2-stackless,1,2,False,228503,0.020437654,89.44151280289536
get-table,64,2-stackless,1,3,False,228503,0.020409325000000006,89.31753631243356
get-table,64,2-stackless,1,4,False,228503,0.02043102699999999,89.41251099547922
get-table,64,1x,1,0,True,228503,0.0267773,117.18576998989073
get-table,64,1x,1,1,True,228503,0.026719,116.93063110768786
get-table,64,1x,1,2,False,228503,0.0270799,118.5100414436572
get-table,64,1x,1,3,False,228503,0.0266622,116.68205669072178
get-table,64,1x,1,4,False,228503,0.0272506,119.2570775876028
get-table,64,1x,2,0,True,228503,0.027443,120.0990796619738
get-table,64,1x,2,1,True,228503,0.0270347,118.31223222452222
get-table,64,1x,2,2,False,228503,0.0272857,119.41068607414344
get-table,64,1x,2,3,False,228503,0.0269302,117.85490781302653
get-table,64,1x,2,4,False,228503,0.026683,116.77308394200514
get-table,64,2-stackful,2,0,True,228503,0.020755069,90.83061929165044
get-table,64,2-stackful,2,1,True,228503,0.020772474,90.90678896994788
get-table,64,2-stackful,2,2,False,228503,0.020843933999999995,91.21952009382808
get-table,64,2-stackful,2,3,False,228503,0.021408718,93.69119005002122
get-table,64,2-stackful,2,4,False,228503,0.021232631000000002,92.92057872325528
get-table,64,2-stackless,2,0,True,228503,0.020376308,89.17304367995169
get-table,64,2-stackless,2,1,True,228503,0.020429656999999997,89.40651545056299
get-table,64,2-stackless,2,2,False,228503,0.020231449,88.53909576679519
get-table,64,2-stackless,2,3,False,228503,0.02057452,90.04048086896015
get-table,64,2-stackless,2,4,False,228503,0.02022795599999999,88.52380931541377
const-string,0,2-stackless,0,0,True,1848395,0.05053187,27.338242096521576
const-string,0,2-stackless,0,1,True,1848395,0.050277531,27.200642178755082
const-string,0,2-stackless,0,2,False,1848395,0.05069594000000001,27.427005591337352
const-string,0,2-stackless,0,3,False,1848395,0.050365297,27.24812445391813
const-string,0,2-stackless,0,4,False,1848395,0.05040144599999999,27.267681420908403
const-string,0,2-stackful,0,0,True,1848395,0.055952627,30.270925316287915
const-string,0,2-stackful,0,1,True,1848395,0.055588557999999996,30.073960381844785
const-string,0,2-stackful,0,2,False,1848395,0.056276375000000003,30.446076190424666
const-string,0,2-stackful,0,3,False,1848395,0.05655617299999999,30.597449679316373
const-string,0,2-stackful,0,4,False,1848395,0.05637604900000001,30.500000811514862
const-string,0,1x,0,0,True,1848395,0.019178,10.375487923306435
const-string,0,1x,0,1,True,1848395,0.0192725,10.426613359157539
const-string,0,1x,0,2,False,1848395,0.0192744,10.427641277973594
const-string,0,1x,0,3,False,1848395,0.0194711,10.534057925930334
const-string,0,1x,0,4,False,1848395,0.0195238,10.56256914782825
const-string,0,1x,1,0,True,1848395,0.0193275,10.456368903832784
const-string,0,1x,1,1,True,1848395,0.0194683,10.532543098201412
const-string,0,1x,1,2,False,1848395,0.0192723,10.426505157176901
const-string,0,1x,1,3,False,1848395,0.0192189,10.397615228346755
const-string,0,1x,1,4,False,1848395,0.0196559,10.634036556039158
const-string,0,2-stackful,1,0,True,1848395,0.056366635,30.49490774428626
const-string,0,2-stackful,1,1,True,1848395,0.056207986999999994,30.40907760516556
const-string,0,2-stackful,1,2,False,1848395,0.056427395000000005,30.52777950600386
const-string,0,2-stackful,1,3,False,1848395,0.05666194300000002,30.654672296776404
const-string,0,2-stackful,1,4,False,1848395,0.056353232,30.487656588553854
const-string,0,2-stackless,1,0,True,1848395,0.051062035,27.62506661184433
const-string,0,2-stackless,1,1,True,1848395,0.050604324,27.377440428047034
const-string,0,2-stackless,1,2,False,1848395,0.05044009899999999,27.288593076696262
const-string,0,2-stackless,1,3,False,1848395,0.051023684000000014,27.60431834104724
const-string,0,2-stackless,1,4,False,1848395,0.050769517999999986,27.46681201799398
const-string,0,2-stackful,2,0,True,1848395,0.056433014999999996,30.53081998165976
const-string,0,2-stackful,2,1,True,1848395,0.05635423999999999,30.488201926536263
const-string,0,2-stackful,2,2,False,1848395,0.056322393999999984,30.470972925159387
const-string,0,2-stackful,2,3,False,1848395,0.05635428000000001,30.488223566932398
const-string,0,2-stackful,2,4,False,1848395,0.056531933000000006,30.58433559926315
const-string,0,2-stackless,2,0,True,1848395,0.050538989,27.342093546022358
const-string,0,2-stackless,2,1,True,1848395,0.05085757700000001,27.514452809058675
const-string,0,2-stackless,2,2,False,1848395,0.05085723199999999,27.514266160642062
const-string,0,2-stackless,2,3,False,1848395,0.05070596299999999,27.432428133596982
const-string,0,2-stackless,2,4,False,1848395,0.050932145999999984,27.55479537652936
const-string,0,1x,2,0,True,1848395,0.0194505,10.522913121924697
const-string,0,1x,2,1,True,1848395,0.0195653,10.585021058810481
const-string,0,1x,2,2,False,1848395,0.0193386,10.462374113758152
const-string,0,1x,2,3,False,1848395,0.0194868,10.542551781410358
const-string,0,1x,2,4,False,1848395,0.0192478,10.413250414548838
take-seq,256,1x,0,0,True,25647,0.0415,1618.1229773462783
take-seq,256,1x,0,1,True,25647,0.0414422,1615.8693024525285
take-seq,256,1x,0,2,False,25647,0.0411831,1605.7667563457715
take-seq,256,1x,0,3,False,25647,0.0412247,1607.3887784146293
take-seq,256,1x,0,4,False,25647,0.0410312,1599.844036339533
take-seq,256,2-stackful,0,0,True,25647,0.019725889,769.1304636019808
take-seq,256,2-stackful,0,1,True,25647,0.019799151,771.9870160252661
take-seq,256,2-stackful,0,2,False,25647,0.019935014,777.2844387257769
take-seq,256,2-stackful,0,3,False,25647,0.02001042699999999,780.224860607478
take-seq,256,2-stackful,0,4,False,25647,0.019888595999999995,775.4745584278861
take-seq,256,2-stackless,0,0,True,25647,0.019901646,775.9833898701603
take-seq,256,2-stackless,0,1,True,25647,0.019845498000000003,773.7941279681836
take-seq,256,2-stackless,0,2,False,25647,0.020074654999999997,782.7291691035987
take-seq,256,2-stackless,0,3,False,25647,0.019987679999999994,779.3379342613168
take-seq,256,2-stackless,0,4,False,25647,0.019739717000000004,769.6696299762157
take-seq,256,2-stackless,1,0,True,25647,0.019741281,769.7306117674582
take-seq,256,2-stackless,1,1,True,25647,0.019784345000000002,771.4097165360471
take-seq,256,2-stackless,1,2,False,25647,0.019813354,772.5408039926697
take-seq,256,2-stackless,1,3,False,25647,0.020185942,787.0683510741998
take-seq,256,2-stackless,1,4,False,25647,0.020111317000000004,784.1586540336103
take-seq,256,2-stackful,1,0,True,25647,0.019912383,776.4020353257691
take-seq,256,2-stackful,1,1,True,25647,0.019872715,774.8553437049168
take-seq,256,2-stackful,1,2,False,25647,0.019938136999999995,777.4062073536865
take-seq,256,2-stackful,1,3,False,25647,0.019814558000000003,772.5877490544705
take-seq,256,2-stackful,1,4,False,25647,0.020103886,783.8689125433774
take-seq,256,1x,1,0,True,25647,0.0411523,1604.5658361601747
take-seq,256,1x,1,1,True,25647,0.0412799,1609.5410769290754
take-seq,256,1x,1,2,False,25647,0.0413226,1611.2059890045618
take-seq,256,1x,1,3,False,25647,0.0413513,1612.3250282684135
take-seq,256,1x,1,4,False,25647,0.0415857,1621.464498771786
take-seq,256,1x,2,0,True,25647,0.0410375,1600.0896791047685
take-seq,256,1x,2,1,True,25647,0.041482,1617.4211408741762
take-seq,256,1x,2,2,False,25647,0.0414084,1614.5514095215815
take-seq,256,1x,2,3,False,25647,0.0412905,1609.9543806293134
take-seq,256,1x,2,4,False,25647,0.041266,1608.9991032089524
take-seq,256,2-stackful,2,0,True,25647,0.019760329,770.4733107186025
take-seq,256,2-stackful,2,1,True,25647,0.019837919000000002,773.4986158225134
take-seq,256,2-stackful,2,2,False,25647,0.019833476000000003,773.3253791866497
take-seq,256,2-stackful,2,3,False,25647,0.019977292000000008,778.9328966350843
take-seq,256,2-stackful,2,4,False,25647,0.019703759,768.2675946504464
take-seq,256,2-stackless,2,0,True,25647,0.019819832000000003,772.7933871407963
take-seq,256,2-stackless,2,1,True,25647,0.019913895,776.4609895894257
take-seq,256,2-stackless,2,2,False,25647,0.019679011000000003,767.3026474831365
take-seq,256,2-stackless,2,3,False,25647,0.020216484,788.2592116036964
take-seq,256,2-stackless,2,4,False,25647,0.019919984,776.6984052715717
update-seq,0,1x,0,0,True,784311,0.058198,74.2027078544098
update-seq,0,1x,0,1,True,784311,0.0576521,73.5066829357232
update-seq,0,1x,0,2,False,784311,0.0570778,72.77444789120642
update-seq,0,1x,0,3,False,784311,0.0570636,72.75634282829132
update-seq,0,1x,0,4,False,784311,0.0568662,72.50465695368291
update-seq,0,2-stackful,0,0,True,784311,0.022429844,28.59815047857291
update-seq,0,2-stackful,0,1,True,784311,0.021967669000000002,28.00887530584169
update-seq,0,2-stackful,0,2,False,784311,0.021890443000000002,27.91041181368106
update-seq,0,2-stackful,0,3,False,784311,0.021913627000000005,27.939971516401023
update-seq,0,2-stackful,0,4,False,784311,0.022050409999999993,28.114370447437295
update-seq,0,2-stackless,0,0,True,784311,0.019713103000000003,25.134293666670498
update-seq,0,2-stackless,0,1,True,784311,0.019908698,25.3836781582816
update-seq,0,2-stackless,0,2,False,784311,0.019894653999999998,25.36577199605768
update-seq,0,2-stackless,0,3,False,784311,0.019742051999999996,25.171203769933097
update-seq,0,2-stackless,0,4,False,784311,0.019757628,25.191063238944757
update-seq,0,2-stackful,1,0,True,784311,0.022046558,28.109459130370478
update-seq,0,2-stackful,1,1,True,784311,0.022304297,28.438077497319302
update-seq,0,2-stackful,1,2,False,784311,0.022416696,28.581386720318854
update-seq,0,2-stackful,1,3,False,784311,0.022129995,28.21584167504982
update-seq,0,2-stackful,1,4,False,784311,0.022568401000000002,28.774811267469154
update-seq,0,2-stackless,1,0,True,784311,0.022381072000000002,28.53596596248172
update-seq,0,2-stackless,1,1,True,784311,0.0222955,28.42686128334296
update-seq,0,2-stackless,1,2,False,784311,0.022273050999999995,28.398238708879507
update-seq,0,2-stackless,1,3,False,784311,0.022213293999999995,28.32204826911773
update-seq,0,2-stackless,1,4,False,784311,0.022606987999999995,28.82400986343427
update-seq,0,1x,1,0,True,784311,0.0582932,74.32408827620677
update-seq,0,1x,1,1,True,784311,0.0570291,72.71235517543424
update-seq,0,1x,1,2,False,784311,0.0583612,74.41078857749031
update-seq,0,1x,1,3,False,784311,0.0573538,73.12634911406317
update-seq,0,1x,1,4,False,784311,0.057421,73.2120294118022
update-seq,0,2-stackless,2,0,True,784311,0.020072927,25.59307086092124
update-seq,0,2-stackless,2,1,True,784311,0.019827357,25.27996802288888
update-seq,0,2-stackless,2,2,False,784311,0.019673015000000002,25.083181289054984
update-seq,0,2-stackless,2,3,False,784311,0.020021378,25.52734565752616
update-seq,0,2-stackless,2,4,False,784311,0.019826488000000003,25.27886004403866
update-seq,0,2-stackful,2,0,True,784311,0.022171253,28.268445807849183
update-seq,0,2-stackful,2,1,True,784311,0.022363915,28.514090711465222
update-seq,0,2-stackful,2,2,False,784311,0.022429118000000005,28.597224825356275
update-seq,0,2-stackful,2,3,False,784311,0.022207726999999997,28.314950319452354
update-seq,0,2-stackful,2,4,False,784311,0.022672364,28.90736455309182
update-seq,0,1x,2,0,True,784311,0.0848934,108.23946113212743
update-seq,0,1x,2,1,True,784311,0.0843615,107.56128627546981
update-seq,0,1x,2,2,False,784311,0.0848715,108.21153853509641
update-seq,0,1x,2,3,False,784311,0.0849169,108.26942373624749
update-seq,0,1x,2,4,False,784311,0.0849316,108.2881663013779
const-int,64,2-stackful,0,0,True,415164,0.028978786,69.80081606304978
const-int,64,2-stackful,0,1,True,415164,0.029050702999999997,69.97404158356697
const-int,64,2-stackful,0,2,False,415164,0.028570698000000005,68.81785993005175
const-int,64,2-stackful,0,3,False,415164,0.028553573,68.77661117052538
const-int,64,2-stackful,0,4,False,415164,0.028804629999999998,69.38132882427185
const-int,64,1x,0,0,True,415164,0.0196965,47.442697343700324
const-int,64,1x,0,1,True,415164,0.0198017,47.69609118324325
const-int,64,1x,0,2,False,415164,0.0196433,47.31455521191626
const-int,64,1x,0,3,False,415164,0.0192206,46.29640334903797
const-int,64,1x,0,4,False,415164,0.019264,46.40094035128287
const-int,64,2-stackless,0,0,True,415164,0.027585276,66.44428707691418
const-int,64,2-stackless,0,1,True,415164,0.027715864000000003,66.75883265408369
const-int,64,2-stackless,0,2,False,415164,0.027692959999999996,66.70366409418928
const-int,64,2-stackless,0,3,False,415164,0.027433229000000003,66.07805349211397
const-int,64,2-stackless,0,4,False,415164,0.027551272,66.36238209478664
const-int,64,2-stackless,1,0,True,415164,0.02753818,66.33084756867166
const-int,64,2-stackless,1,1,True,415164,0.027783876,66.92265225308553
const-int,64,2-stackless,1,2,False,415164,0.027588681000000004,66.45248865508572
const-int,64,2-stackless,1,3,False,415164,0.027636820999999992,66.56844283223013
const-int,64,2-stackless,1,4,False,415164,0.027797965000000008,66.95658823982814
const-int,64,2-stackful,1,0,True,415164,0.028624376,68.94715341407252
const-int,64,2-stackful,1,1,True,415164,0.028874485000000002,69.54958763283908
const-int,64,2-stackful,1,2,False,415164,0.028641996000000003,68.98959447350927
const-int,64,2-stackful,1,3,False,415164,0.028550831999999998,68.77000896031448
const-int,64,2-stackful,1,4,False,415164,0.02873875799999999,69.2226638147816
const-int,64,1x,1,0,True,415164,0.0193519,46.6126639111291
const-int,64,1x,1,1,True,415164,0.0193674,46.649998554787985
const-int,64,1x,1,2,False,415164,0.0196186,47.2550606507308
const-int,64,1x,1,3,False,415164,0.0194367,46.816920542243544
const-int,64,1x,1,4,False,415164,0.0195343,47.05200836296018
const-int,64,2-stackless,2,0,True,415164,0.027421882,66.05072212426896
const-int,64,2-stackless,2,1,True,415164,0.027485072,66.20292703606286
const-int,64,2-stackless,2,2,False,415164,0.027506156999999996,66.25371419487237
const-int,64,2-stackless,2,3,False,415164,0.027955434,67.33588172384889
const-int,64,2-stackless,2,4,False,415164,0.027799269999999987,66.9597315759555
const-int,64,2-stackful,2,0,True,415164,0.028846536,69.48226724860537
const-int,64,2-stackful,2,1,True,415164,0.029079752,70.04401152315711
const-int,64,2-stackful,2,2,False,415164,0.028931891999999994,69.68786310951815
const-int,64,2-stackful,2,3,False,415164,0.028926078000000008,69.67385900511607
const-int,64,2-stackful,2,4,False,415164,0.028870800000000002,69.54071162239501
const-int,64,1x,2,0,True,415164,0.0193067,46.50379127284639
const-int,64,1x,2,1,True,415164,0.0193825,46.68636972377181
const-int,64,1x,2,2,False,415164,0.0193412,46.58689096357102
const-int,64,1x,2,3,False,415164,0.0198232,47.747877947028165
const-int,64,1x,2,4,False,415164,0.0197179,47.494243238816466
update-int,8,2-stackless,0,0,True,1146159,0.029465129000000003,25.707715072690615
update-int,8,2-stackless,0,1,True,1146159,0.029921269999999996,26.1056886522725
update-int,8,2-stackless,0,2,False,1146159,0.030103571000000003,26.264742500822315
update-int,8,2-stackless,0,3,False,1146159,0.03008358,26.247300767171048
update-int,8,2-stackless,0,4,False,1146159,0.030104190000000017,26.265282565507942
update-int,8,1x,0,0,True,1146159,0.0224763,19.61010645119918
update-int,8,1x,0,1,True,1146159,0.0228921,19.97288334341047
update-int,8,1x,0,2,False,1146159,0.0240163,20.953724570500253
update-int,8,1x,0,3,False,1146159,0.0241375,21.059469061447846
update-int,8,1x,0,4,False,1146159,0.0236951,20.673484219903173
update-int,8,2-stackful,0,0,True,1146159,0.039677125,34.61747017647639
update-int,8,2-stackful,0,1,True,1146159,0.039577775,34.530789358195506
update-int,8,2-stackful,0,2,False,1146159,0.03934826400000001,34.330545761975436
update-int,8,2-stackful,0,3,False,1146159,0.039015179,34.03993599491868
update-int,8,2-stackful,0,4,False,1146159,0.039076109,34.0930961585609
update-int,8,2-stackless,1,0,True,1146159,0.029647617,25.866932074869194
update-int,8,2-stackless,1,1,True,1146159,0.030072268000000003,26.237431281349274
update-int,8,2-stackless,1,2,False,1146159,0.029733721999999997,25.942056904844787
update-int,8,2-stackless,1,3,False,1146159,0.029500432999999993,25.738517081835933
update-int,8,2-stackless,1,4,False,1146159,0.029854145999999998,26.047124351856937
update-int,8,1x,1,0,True,1146159,0.0234577,20.46635763449923
update-int,8,1x,1,1,True,1146159,0.0230657,20.124345749586226
update-int,8,1x,1,2,False,1146159,0.0212726,18.559903119898724
update-int,8,1x,1,3,False,1146159,0.023563,20.558229704604685
update-int,8,1x,1,4,False,1146159,0.0226895,19.796119037585537
update-int,8,2-stackful,1,0,True,1146159,0.032788794999999996,28.607544851979522
update-int,8,2-stackful,1,1,True,1146159,0.033321184,29.072043233094185
update-int,8,2-stackful,1,2,False,1146159,0.033187816999999994,28.955683286524817
update-int,8,2-stackful,1,3,False,1146159,0.033190821999999995,28.95830508681605
update-int,8,2-stackful,1,4,False,1146159,0.03281313999999999,28.62878536049535
update-int,8,2-stackful,2,0,True,1146159,0.032971439,28.76689796092863
update-int,8,2-stackful,2,1,True,1146159,0.032945567999999995,28.744326049003668
update-int,8,2-stackful,2,2,False,1146159,0.03318858699999999,28.956355095584463
update-int,8,2-stackful,2,3,False,1146159,0.033310282,29.06253146378469
update-int,8,2-stackful,2,4,False,1146159,0.03308151000000001,28.862932629766032
update-int,8,1x,2,0,True,1146159,0.0248489,21.68015083422108
update-int,8,1x,2,1,True,1146159,0.0231886,20.23157345534084
update-int,8,1x,2,2,False,1146159,0.0225033,19.63366339225186
update-int,8,1x,2,3,False,1146159,0.0228727,19.955957245024468
update-int,8,1x,2,4,False,1146159,0.0220025,19.19672575968954
update-int,8,2-stackless,2,0,True,1146159,0.035773235,31.211406968841146
update-int,8,2-stackless,2,1,True,1146159,0.035795659,31.230971444625048
update-int,8,2-stackless,2,2,False,1146159,0.036171316999999995,31.558725272846083
update-int,8,2-stackless,2,3,False,1146159,0.035936712999999995,31.354038139560036
update-int,8,2-stackless,2,4,False,1146159,0.035632671000000005,31.088767788762297
get-table,8,1x,0,0,True,664212,0.0523934,78.88053814143677
get-table,8,1x,0,1,True,664212,0.0513211,77.26614394199443
get-table,8,1x,0,2,False,664212,0.0516051,77.69371827067262
get-table,8,1x,0,3,False,664212,0.0516039,77.69191161857961
get-table,8,1x,0,4,False,664212,0.0519317,78.18542874865254
get-table,8,2-stackful,0,0,True,664212,0.022745704,34.24464478208765
get-table,8,2-stackful,0,1,True,664212,0.022634178,34.076737547650445
get-table,8,2-stackful,0,2,False,664212,0.022707332000000004,34.18687407032695
get-table,8,2-stackful,0,3,False,664212,0.022359428,33.66308949552251
get-table,8,2-stackful,0,4,False,664212,0.022283790999999997,33.5492147085569
get-table,8,2-stackless,0,0,True,664212,0.020603541000000003,31.019525392495172
get-table,8,2-stackless,0,1,True,664212,0.020639312999999996,31.073381691387684
get-table,8,2-stackless,0,2,False,664212,0.020475319000000006,30.82648160527062
get-table,8,2-stackless,0,3,False,664212,0.020286175999999996,30.541718607914333
get-table,8,2-stackless,0,4,False,664212,0.020382886000000003,30.687319711176556
get-table,8,2-stackless,1,0,True,664212,0.020458823,30.80164616116541
get-table,8,2-stackless,1,1,True,664212,0.020348713,30.63587077619796
get-table,8,2-stackless,1,2,False,664212,0.020723854,31.200661836883405
get-table,8,2-stackless,1,3,False,664212,0.020411801999999993,30.730854004444353
get-table,8,2-stackless,1,4,False,664212,0.020523755000000005,30.899404105917995
get-table,8,1x,1,0,True,664212,0.0524112,78.9073368141497
get-table,8,1x,1,1,True,664212,0.0525597,79.13091001065925
get-table,8,1x,1,2,False,664212,0.0517669,77.93731519454631
get-table,8,1x,1,3,False,664212,0.0522583,78.67713922663246
get-table,8,1x,1,4,False,664212,0.0513364,77.28917875618025
get-table,8,2-stackful,1,0,True,664212,0.022552175,33.953278471331444
get-table,8,2-stackful,1,1,True,664212,0.022574556,33.98697403840942
get-table,8,2-stackful,1,2,False,664212,0.022854150000000004,34.40791494281947
get-table,8,2-stackful,1,3,False,664212,0.022786806999999992,34.30652713290334
get-table,8,2-stackful,1,4,False,664212,0.02272949099999999,34.2202354067677
get-table,8,2-stackless,2,0,True,664212,0.020648819000000002,31.08769338705113
get-table,8,2-stackless,2,1,True,664212,0.02059284,31.00341457245578
get-table,8,2-stackless,2,2,False,664212,0.020608983000000004,31.027718559736957
get-table,8,2-stackless,2,3,False,664212,0.020811620999999995,31.33279886542248
get-table,8,2-stackless,2,4,False,664212,0.020518975999999994,30.89220911395758
get-table,8,2-stackful,2,0,True,664212,0.02264387,34.0913292743883
get-table,8,2-stackful,2,1,True,664212,0.02247181,33.83228547511939
get-table,8,2-stackful,2,2,False,664212,0.022669586000000005,34.13004582874143
get-table,8,2-stackful,2,3,False,664212,0.02255217000000001,33.953270943614406
get-table,8,2-stackful,2,4,False,664212,0.022628354000000003,34.06796926282573
get-table,8,1x,2,0,True,664212,0.0517557,77.92045310834493
get-table,8,1x,2,1,True,664212,0.0526056,79.20001445321674
get-table,8,1x,2,2,False,664212,0.0524821,79.01407984197816
get-table,8,1x,2,3,False,664212,0.0521374,78.49511902826207
get-table,8,1x,2,4,False,664212,0.0522948,78.73209156112807
const-seq,256,1x,0,0,True,101818,0.0203062,199.43624899330177
const-seq,256,1x,0,1,True,101818,0.0201911,198.3058005460724
const-seq,256,1x,0,2,False,101818,0.0203596,199.9607142155611
const-seq,256,1x,0,3,False,101818,0.0202603,198.98544461686538
const-seq,256,1x,0,4,False,101818,0.0203271,199.64151721699503
const-seq,256,2-stackless,0,0,True,101818,0.020304489000000002,199.41944449900808
const-seq,256,2-stackless,0,1,True,101818,0.020199415,198.38746587047476
const-seq,256,2-stackless,0,2,False,101818,0.020263343999999996,199.01534109882334
const-seq,256,2-stackless,0,3,False,101818,0.020063119000000004,197.0488420515037
const-seq,256,2-stackless,0,4,False,101818,0.020026717,196.69132177021746
const-seq,256,2-stackful,0,0,True,101818,0.020372992,200.09224302186254
const-seq,256,2-stackful,0,1,True,101818,0.020401911,200.37626942190968
const-seq,256,2-stackful,0,2,False,101818,0.020408389,200.43989274980848
const-seq,256,2-stackful,0,3,False,101818,0.020485076999999997,201.19307980907104
const-seq,256,2-stackful,0,4,False,101818,0.020767849000000005,203.97030976841035
const-seq,256,1x,1,0,True,101818,0.0200199,196.62436897208744
const-seq,256,1x,1,1,True,101818,0.020034,196.76285136223458
const-seq,256,1x,1,2,False,101818,0.0201728,198.12606808226442
const-seq,256,1x,1,3,False,101818,0.0200116,196.54285096937673
const-seq,256,1x,1,4,False,101818,0.0202917,199.29383802471077
const-seq,256,2-stackful,1,0,True,101818,0.020489086,201.23245398652497
const-seq,256,2-stackful,1,1,True,101818,0.020407648,200.43261505824117
const-seq,256,2-stackful,1,2,False,101818,0.020393296999999998,200.29166748512048
const-seq,256,2-stackful,1,3,False,101818,0.020611972000000006,202.43937221316475
const-seq,256,2-stackful,1,4,False,101818,0.020586762999999994,202.19178337818454
const-seq,256,2-stackless,1,0,True,101818,0.019919198,195.6353297059459
const-seq,256,2-stackless,1,1,True,101818,0.020199285,198.3861890824805
const-seq,256,2-stackless,1,2,False,101818,0.020097032,197.3819167534228
const-seq,256,2-stackless,1,3,False,101818,0.020432457999999994,200.67628513622338
const-seq,256,2-stackless,1,4,False,101818,0.020193762000000004,198.33194523561653
const-seq,256,1x,2,0,True,101818,0.0201384,197.7882103360899
const-seq,256,1x,2,1,True,101818,0.0206464,202.77750495983028
const-seq,256,1x,2,2,False,101818,0.02043,200.65214402168576
const-seq,256,1x,2,3,False,101818,0.0201351,197.75579956392778
const-seq,256,1x,2,4,False,101818,0.0202447,198.8322300575537
const-seq,256,2-stackless,2,0,True,101818,0.019857999,195.03426702547682
const-seq,256,2-stackless,2,1,True,101818,0.019811413,194.57672513700916
const-seq,256,2-stackless,2,2,False,101818,0.020083920999999998,197.25314777347813
const-seq,256,2-stackless,2,3,False,101818,0.019985687999999995,196.2883576577815
const-seq,256,2-stackless,2,4,False,101818,0.020197068,198.36441493645523
const-seq,256,2-stackful,2,0,True,101818,0.020389549,200.25485670510125
const-seq,256,2-stackful,2,1,True,101818,0.020114555,197.55401795360348
const-seq,256,2-stackful,2,2,False,101818,0.020071580999999998,197.13195112848413
const-seq,256,2-stackful,2,3,False,101818,0.020053798000000005,196.95729635231496
const-seq,256,2-stackful,2,4,False,101818,0.020197412999999997,198.36780333536305
get-seq,0,1x,0,0,True,791462,0.0586699,74.12851153940429
get-seq,0,1x,0,1,True,791462,0.0576756,72.87222886253541
get-seq,0,1x,0,2,False,791462,0.0594588,75.12527449201605
get-seq,0,1x,0,3,False,791462,0.0579892,73.26845761388418
get-seq,0,1x,0,4,False,791462,0.0579029,73.15941889819095
get-seq,0,2-stackful,0,0,True,791462,0.02261528,28.57405661926915
get-seq,0,2-stackful,0,1,True,791462,0.022471252000000004,28.392079468123555
get-seq,0,2-stackful,0,2,False,791462,0.022469971,28.390460944429424
get-seq,0,2-stackful,0,3,False,791462,0.02251492699999999,28.44726215535299
get-seq,0,2-stackful,0,4,False,791462,0.022583726999999998,28.53418989161829
get-seq,0,2-stackless,0,0,True,791462,0.02007044,25.358690625702813
get-seq,0,2-stackless,0,1,True,791462,0.020037666,25.317281183430158
get-seq,0,2-stackless,0,2,False,791462,0.02009413,25.388622574425558
get-seq,0,2-stackless,0,3,False,791462,0.019878944000000003,25.11673839047232
get-seq,0,2-stackless,0,4,False,791462,0.020291639,25.638172142187496
get-seq,0,2-stackful,1,0,True,791462,0.022652580999999998,28.621185856048676
get-seq,0,2-stackful,1,1,True,791462,0.022558141999999996,28.501863639694637
get-seq,0,2-stackful,1,2,False,791462,0.022618426999999997,28.57803280511256
get-seq,0,2-stackful,1,3,False,791462,0.022293703999999998,28.167750315239388
get-seq,0,2-stackful,1,4,False,791462,0.022405434000000002,28.308919442752778
get-seq,0,2-stackless,1,0,True,791462,0.019869889,25.105297537974028
get-seq,0,2-stackless,1,1,True,791462,0.019964214999999997,25.224476980575183
get-seq,0,2-stackless,1,2,False,791462,0.020010688,25.28319489754404
get-seq,0,2-stackless,1,3,False,791462,0.020272198999999998,25.613610002754392
get-seq,0,2-stackless,1,4,False,791462,0.020099682999999993,25.395638704069167
get-seq,0,1x,1,0,True,791462,0.0587801,74.2677475355734
get-seq,0,1x,1,1,True,791462,0.0586042,74.0455006052091
get-seq,0,1x,1,2,False,791462,0.0576521,72.84253697587502
get-seq,0,1x,1,3,False,791462,0.0581491,73.47048879162865
get-seq,0,1x,1,4,False,791462,0.0579635,73.23598606123856
get-seq,0,2-stackful,2,0,True,791462,0.022614649,28.573259360525206
get-seq,0,2-stackful,2,1,True,791462,0.022384158000000005,28.282037545706558
get-seq,0,2-stackful,2,2,False,791462,0.022587548,28.53901766604082
get-seq,0,2-stackful,2,3,False,791462,0.022481410999999993,28.404915207552595
get-seq,0,2-stackful,2,4,False,791462,0.022474072999999997,28.395643758007328
get-seq,0,2-stackless,2,0,True,791462,0.020213948,25.54001076488827
get-seq,0,2-stackless,2,1,True,791462,0.020276400000000003,25.618917901301646
get-seq,0,2-stackless,2,2,False,791462,0.020227425,25.557038746016865
get-seq,0,2-stackless,2,3,False,791462,0.020211132,25.53645279242718
get-seq,0,2-stackless,2,4,False,791462,0.020003646,25.274297439422234
get-seq,0,1x,2,0,True,791462,0.057838,73.07741875162674
get-seq,0,1x,2,1,True,791462,0.0578313,73.06895340521719
get-seq,0,1x,2,2,False,791462,0.0571115,72.15949723423235
get-seq,0,1x,2,3,False,791462,0.0575435,72.70532255496789
get-seq,0,1x,2,4,False,791462,0.0572329,72.31288425723534
const-seq,64,1x,0,0,True,288013,0.0406846,141.25959592101745
const-seq,64,1x,0,1,True,288013,0.0390972,135.74803915101054
const-seq,64,1x,0,2,False,288013,0.039666,137.7229500057289
const-seq,64,1x,0,3,False,288013,0.040031,138.9902539121498
const-seq,64,1x,0,4,False,288013,0.0399865,138.83574699753137
const-seq,64,2-stackless,0,0,True,288013,0.020145251,69.9456309263818
const-seq,64,2-stackless,0,1,True,288013,0.020042949,69.59043168190325
const-seq,64,2-stackless,0,2,False,288013,0.019937092999999996,69.22289271664819
const-seq,64,2-stackless,0,3,False,288013,0.020092588999999994,69.76278501317647
const-seq,64,2-stackless,0,4,False,288013,0.020187596000000002,70.09265553985412
const-seq,64,2-stackful,0,0,True,288013,0.020739654,72.00943707402097
const-seq,64,2-stackful,0,1,True,288013,0.020694551,71.85283650390781
const-seq,64,2-stackful,0,2,False,288013,0.020735559,71.99521896581057
const-seq,64,2-stackful,0,3,False,288013,0.020647413999999996,71.68917375257365
const-seq,64,2-stackful,0,4,False,288013,0.02087810999999999,72.4901653744796
const-seq,64,1x,1,0,True,288013,0.034127,118.49117921760477
const-seq,64,1x,1,1,True,288013,0.0346239,120.21644856308569
const-seq,64,1x,1,2,False,288013,0.0341277,118.49360966345269
const-seq,64,1x,1,3,False,288013,0.0340765,118.31583991000406
const-seq,64,1x,1,4,False,288013,0.034482,119.72376246905522
const-seq,64,2-stackful,1,0,True,288013,0.020595695,71.50960199713208
const-seq,64,2-stackful,1,1,True,288013,0.020777331000000003,72.14025408575309
const-seq,64,2-stackful,1,2,False,288013,0.020736201999999995,71.99745150392516
const-seq,64,2-stackful,1,3,False,288013,0.020985543999999995,72.86318325908898
const-seq,64,2-stackful,1,4,False,288013,0.021016246000000002,72.96978261397925
const-seq,64,2-stackless,1,0,True,288013,0.019924261999999998,69.17834264425564
const-seq,64,2-stackless,1,1,True,288013,0.019973372999999996,69.34885925288093
const-seq,64,2-stackless,1,2,False,288013,0.020387191,70.7856624527365
const-seq,64,2-stackless,1,3,False,288013,0.020222064000000005,70.21233069340622
const-seq,64,2-stackless,1,4,False,288013,0.019910571999999988,69.13081006760108
const-seq,64,2-stackful,2,0,True,288013,0.020707577,71.8980636290723
const-seq,64,2-stackful,2,1,True,288013,0.020703454,71.88374830302799
const-seq,64,2-stackful,2,2,False,288013,0.02092289,72.64564446743724
const-seq,64,2-stackful,2,3,False,288013,0.020765791,72.10018644991719
const-seq,64,2-stackful,2,4,False,288013,0.020595413000000007,71.50862287466194
const-seq,64,1x,2,0,True,288013,0.0380533,132.1235499786468
const-seq,64,1x,2,1,True,288013,0.0402222,139.65411283518452
const-seq,64,1x,2,2,False,288013,0.0392476,136.2702378017659
const-seq,64,1x,2,3,False,288013,0.0381781,132.55686375267783
const-seq,64,1x,2,4,False,288013,0.0369264,128.21087937002844
const-seq,64,2-stackless,2,0,True,288013,0.019892214000000002,69.0670698892064
const-seq,64,2-stackless,2,1,True,288013,0.020284166,70.42795290490359
const-seq,64,2-stackless,2,2,False,288013,0.020133003999999996,69.90310854023949
const-seq,64,2-stackless,2,3,False,288013,0.020559372,71.38348616208296
const-seq,64,2-stackless,2,4,False,288013,0.020583377,71.46683309433949
assign-int,256,2-stackful,0,0,True,43331,0.029989139,692.0943204634095
assign-int,256,2-stackful,0,1,True,43331,0.030314805,699.6100943896979
assign-int,256,2-stackful,0,2,False,43331,0.030285192000000002,698.9266806674207
assign-int,256,2-stackful,0,3,False,43331,0.030029348999999997,693.0222935081119
assign-int,256,2-stackful,0,4,False,43331,0.030017888999999992,692.7578177286467
assign-int,256,1x,0,0,True,43331,0.0197269,455.2606678821167
assign-int,256,1x,0,1,True,43331,0.0200999,463.8688237058918
assign-int,256,1x,0,2,False,43331,0.0198823,458.84701483926057
assign-int,256,1x,0,3,False,43331,0.0198291,457.61925642149964
assign-int,256,1x,0,4,False,43331,0.0197585,455.98993791973413
assign-int,256,2-stackless,0,0,True,43331,0.029961652000000002,691.4599709215112
assign-int,256,2-stackless,0,1,True,43331,0.030325753000000004,699.8627541483004
assign-int,256,2-stackless,0,2,False,43331,0.030304299000000007,699.367635180356
assign-int,256,2-stackless,0,3,False,43331,0.030341811999999996,700.2333664120375
assign-int,256,2-stackless,0,4,False,43331,0.02998330399999999,691.9596593662733
assign-int,256,2-stackless,1,0,True,43331,0.030488968,703.62945697076
assign-int,256,2-stackless,1,1,True,43331,0.030473530999999998,703.2731993261176
assign-int,256,2-stackless,1,2,False,43331,0.030309223000000003,699.4812720684961
assign-int,256,2-stackless,1,3,False,43331,0.029797877,687.6803443262329
assign-int,256,2-stackless,1,4,False,43331,0.030181335000000004,696.5298516073943
assign-int,256,2-stackful,1,0,True,43331,0.030039174000000002,693.24903648658
assign-int,256,2-stackful,1,1,True,43331,0.030235642,697.7831575546376
assign-int,256,2-stackful,1,2,False,43331,0.030328430999999996,699.9245574761717
assign-int,256,2-stackful,1,3,False,43331,0.030186999000000006,696.6605663381877
assign-int,256,2-stackful,1,4,False,43331,0.030096797999999994,694.5788927096073
assign-int,256,1x,1,0,True,43331,0.0201292,464.5450139622903
assign-int,256,1x,1,1,True,43331,0.0200289,462.2302739378274
assign-int,256,1x,1,2,False,43331,0.0198442,457.96773672428515
assign-int,256,1x,1,3,False,43331,0.0197586,455.99224573630886
assign-int,256,1x,1,4,False,43331,0.0194936,449.87653181325146
assign-int,256,2-stackless,2,0,True,43331,0.030183906,696.5891855715307
assign-int,256,2-stackless,2,1,True,43331,0.030118642,695.0830121621933
assign-int,256,2-stackless,2,2,False,43331,0.030121637,695.1521312686068
assign-int,256,2-stackless,2,3,False,43331,0.030481360000000013,703.4538782857541
assign-int,256,2-stackless,2,4,False,43331,0.030307102000000002,699.4323232789459
assign-int,256,1x,2,0,True,43331,0.0199616,460.6771133830283
assign-int,256,1x,2,1,True,43331,0.0199449,460.29170801504694
assign-int,256,1x,2,2,False,43331,0.0199994,461.54946804827955
assign-int,256,1x,2,3,False,43331,0.0199119,459.5301285453832
assign-int,256,1x,2,4,False,43331,0.0202936,468.3390644111606
assign-int,256,2-stackful,2,0,True,43331,0.030161854000000002,696.0802658604694
assign-int,256,2-stackful,2,1,True,43331,0.030108696999999997,694.8534998038355
assign-int,256,2-stackful,2,2,False,43331,0.030138391,695.5387828575385
assign-int,256,2-stackful,2,3,False,43331,0.030209186,697.1726016016247
assign-int,256,2-stackful,2,4,False,43331,0.030167371999999998,696.2076111790634
get-int,8,2-stackful,0,0,True,1592725,0.043152865,27.0937324396867
get-int,8,2-stackful,0,1,True,1592725,0.042755340999999995,26.844145097239004
get-int,8,2-stackful,0,2,False,1592725,0.043293382000000005,27.181956709413118
get-int,8,2-stackful,0,3,False,1592725,0.043540647000000016,27.337203220895017
get-int,8,2-stackful,0,4,False,1592725,0.04340688300000001,27.253218854478963
get-int,8,1x,0,0,True,1592725,0.0200004,12.557346685711595
get-int,8,1x,0,1,True,1592725,0.0198056,12.435040575114975
get-int,8,1x,0,2,False,1592725,0.0197284,12.386570186315906
get-int,8,1x,0,3,False,1592725,0.0197109,12.375582727715079
get-int,8,1x,0,4,False,1592725,0.0197899,12.425183255113092
get-int,8,2-stackless,0,0,True,1592725,0.039326268,24.69118523285564
get-int,8,2-stackless,0,1,True,1592725,0.03915136400000001,24.581370920906
get-int,8,2-stackless,0,2,False,1592725,0.03908149999999999,24.537506474752384
get-int,8,2-stackless,0,3,False,1592725,0.03911315,24.557378078450455
get-int,8,2-stackless,0,4,False,1592725,0.038876684999999994,24.408912398562208
get-int,8,1x,1,0,True,1592725,0.0195875,12.29810544820983
get-int,8,1x,1,1,True,1592725,0.0195258,12.259366808457203
get-int,8,1x,1,2,False,1592725,0.0196734,12.352038173570453
get-int,8,1x,1,3,False,1592725,0.0201302,12.638842235790861
get-int,8,1x,1,4,False,1592725,0.0199867,12.548745075264092
get-int,8,2-stackful,1,0,True,1592725,0.043968901000000005,27.606084540645753
get-int,8,2-stackful,1,1,True,1592725,0.04388742,27.55492630554553
get-int,8,2-stackful,1,2,False,1592725,0.043564913,27.3524387449183
get-int,8,2-stackful,1,3,False,1592725,0.04355563199999998,27.34661162473119
get-int,8,2-stackful,1,4,False,1592725,0.04362592200000001,27.390743537019898
get-int,8,2-stackless,1,0,True,1592725,0.038808165,24.365891789229153
get-int,8,2-stackless,1,1,True,1592725,0.038817150999999994,24.371533692256975
get-int,8,2-stackless,1,2,False,1592725,0.038503965,24.17489836600794
get-int,8,2-stackless,1,3,False,1592725,0.039026508,24.502979484845156
get-int,8,2-stackless,1,4,False,1592725,0.03886252600000001,24.400022602771983
get-int,8,2-stackful,2,0,True,1592725,0.043466691,27.29076959299314
get-int,8,2-stackful,2,1,True,1592725,0.043626655,27.391203754571567
get-int,8,2-stackful,2,2,False,1592725,0.043422423,27.262975717716493
get-int,8,2-stackful,2,3,False,1592725,0.04332620300000001,27.202563531055272
get-int,8,2-stackful,2,4,False,1592725,0.043395455,27.24604373008523
get-int,8,2-stackless,2,0,True,1592725,0.038873353,24.406820386444615
get-int,8,2-stackless,2,1,True,1592725,0.039437791,24.761205481172205
get-int,8,2-stackless,2,2,False,1592725,0.039387618,24.72970412343625
get-int,8,2-stackless,2,3,False,1592725,0.039185775000000006,24.602976031643884
get-int,8,2-stackless,2,4,False,1592725,0.03968068699999999,24.91370889513255
get-int,8,1x,2,0,True,1592725,0.0201504,12.6515249022901
get-int,8,1x,2,1,True,1592725,0.0200268,12.573922051829411
get-int,8,1x,2,2,False,1592725,0.0196993,12.368299612299674
get-int,8,1x,2,3,False,1592725,0.0196525,12.338916008727182
get-int,8,1x,2,4,False,1592725,0.019833,12.452243796009983
make-seq,0,2-stackless,0,0,True,1307558,0.032851846,25.124580324543917
make-seq,0,2-stackless,0,1,True,1307558,0.032532521,24.880365536366263
make-seq,0,2-stackless,0,2,False,1307558,0.032865781999999996,25.13523836036336
make-seq,0,2-stackless,0,3,False,1307558,0.03293240300000001,25.18618906388857
make-seq,0,2-stackless,0,4,False,1307558,0.032938474999999995,25.19083283494881
make-seq,0,2-stackful,0,0,True,1307558,0.036720181,28.083022703390597
make-seq,0,2-stackful,0,1,True,1307558,0.036554985,27.956683374657185
make-seq,0,2-stackful,0,2,False,1307558,0.03701547300000001,28.308857427356955
make-seq,0,2-stackful,0,3,False,1307558,0.03690886900000001,28.227328347958565
make-seq,0,2-stackful,0,4,False,1307558,0.036361421000000005,27.80864864120751
make-seq,0,1x,0,0,True,1307558,0.0186419,14.257034869581311
make-seq,0,1x,0,1,True,1307558,0.0191369,14.635603162536576
make-seq,0,1x,0,2,False,1307558,0.0194544,14.878422219129094
make-seq,0,1x,0,3,False,1307558,0.0200797,15.356641923341067
make-seq,0,1x,0,4,False,1307558,0.0191511,14.646463101445596
make-seq,0,1x,1,0,True,1307558,0.0192551,14.726000682187712
make-seq,0,1x,1,1,True,1307558,0.0185997,14.224760966626336
make-seq,0,1x,1,2,False,1307558,0.0187655,14.351562225155595
make-seq,0,1x,1,3,False,1307558,0.0187601,14.347432389232447
make-seq,0,1x,1,4,False,1307558,0.018931,14.47813404835579
make-seq,0,2-stackless,1,0,True,1307558,0.033047736,25.27439394657828
make-seq,0,2-stackless,1,1,True,1307558,0.03286428500000001,25.134093478071343
make-seq,0,2-stackless,1,2,False,1307558,0.03305374200000001,25.278987241866144
make-seq,0,2-stackless,1,3,False,1307558,0.03264524199999999,24.966572802124258
make-seq,0,2-stackless,1,4,False,1307558,0.032372656,24.75810327343032
make-seq,0,2-stackful,1,0,True,1307558,0.036473568,27.89441692070256
make-seq,0,2-stackful,1,1,True,1307558,0.03691660099999999,28.233241661172958
make-seq,0,2-stackful,1,2,False,1307558,0.03710761900000001,28.379329253463332
make-seq,0,2-stackful,1,3,False,1307558,0.036670022999999996,28.044662645939983
make-seq,0,2-stackful,1,4,False,1307558,0.03676468500000002,28.117058669672797
make-seq,0,1x,2,0,True,1307558,0.0187547,14.343302553309298
make-seq,0,1x,2,1,True,1307558,0.0187304,14.324718291655131
make-seq,0,1x,2,2,False,1307558,0.0190657,14.581150511105434
make-seq,0,1x,2,3,False,1307558,0.0188002,14.378100244883974
make-seq,0,1x,2,4,False,1307558,0.0191267,14.627802361348406
make-seq,0,2-stackful,2,0,True,1307558,0.036648795,28.028427802055436
make-seq,0,2-stackful,2,1,True,1307558,0.036513199999999996,27.924726857240742
make-seq,0,2-stackful,2,2,False,1307558,0.036824512000000004,28.162813427779113
make-seq,0,2-stackful,2,3,False,1307558,0.03676212399999999,28.115100056747
make-seq,0,2-stackful,2,4,False,1307558,0.036687727,28.058202389492475
make-seq,0,2-stackless,2,0,True,1307558,0.032817884000000005,25.09860671572504
make-seq,0,2-stackless,2,1,True,1307558,0.03250426,24.858751963584023
make-seq,0,2-stackless,2,2,False,1307558,0.03285732699999999,25.12877210800591
make-seq,0,2-stackless,2,3,False,1307558,0.032923146000000014,25.179109454418093
make-seq,0,2-stackless,2,4,False,1307558,0.03284774500000001,25.121443943595626
add-int,8,2-stackless,0,0,True,1099542,0.025773737999999997,23.44043065203512
add-int,8,2-stackless,0,1,True,1099542,0.026205317,23.83293862353598
add-int,8,2-stackless,0,2,False,1099542,0.026109637000000005,23.745920574202717
add-int,8,2-stackless,0,3,False,1099542,0.0262897,23.909682395033567
add-int,8,2-stackless,0,4,False,1099542,0.025954170999999984,23.604528976610247
add-int,8,2-stackful,0,0,True,1099542,0.029263315,26.614094777643782
add-int,8,2-stackful,0,1,True,1099542,0.029269698,26.61989992196751
add-int,8,2-stackful,0,2,False,1099542,0.029510983999999997,26.839342198842786
add-int,8,2-stackful,0,3,False,1099542,0.029376261,26.71681572873069
add-int,8,2-stackful,0,4,False,1099542,0.029231737000000008,26.585375547273326
add-int,8,1x,0,0,True,1099542,0.016835,15.31092036502471
add-int,8,1x,0,1,True,1099542,0.0171832,15.627597672485454
add-int,8,1x,0,2,False,1099542,0.0171393,15.587671957960678
add-int,8,1x,0,3,False,1099542,0.0172305,15.670615583579345
add-int,8,1x,0,4,False,1099542,0.0170939,15.546382039067176
add-int,8,1x,1,0,True,1099542,0.0174363,15.857784422968836
add-int,8,1x,1,1,True,1099542,0.0172719,15.708267624156239
add-int,8,1x,1,2,False,1099542,0.0170236,15.482446327652786
add-int,8,1x,1,3,False,1099542,0.0171308,15.579941466537885
add-int,8,1x,1,4,False,1099542,0.0169832,15.445703756655044
add-int,8,2-stackless,1,0,True,1099542,0.026448404000000002,24.054018855123314
add-int,8,2-stackless,1,1,True,1099542,0.026252055000000003,23.875445412726393
add-int,8,2-stackless,1,2,False,1099542,0.026463999999999994,24.06820294267977
add-int,8,2-stackless,1,3,False,1099542,0.026339860999999992,23.95530229859341
add-int,8,2-stackless,1,4,False,1099542,0.02642404299999998,24.031863266705574
add-int,8,2-stackful,1,0,True,1099542,0.029201743000000002,26.558096916716234
add-int,8,2-stackful,1,1,True,1099542,0.029050796,26.420815212151968
add-int,8,2-stackful,1,2,False,1099542,0.029054458999999998,26.4241465992204
add-int,8,2-stackful,1,3,False,1099542,0.029363118999999993,26.704863479521467
add-int,8,2-stackful,1,4,False,1099542,0.029587516000000008,26.908945724674464
add-int,8,1x,2,0,True,1099542,0.0173384,15.76874735116985
add-int,8,1x,2,1,True,1099542,0.0170514,15.507729581953214
add-int,8,1x,2,2,False,1099542,0.0170253,15.483992425937345
add-int,8,1x,2,3,False,1099542,0.0170208,15.47989981283116
add-int,8,1x,2,4,False,1099542,0.0171501,15.59749422941552
add-int,8,2-stackless,2,0,True,1099542,0.025980643,23.628604455309574
add-int,8,2-stackless,2,1,True,1099542,0.026361778000000002,23.975235143359694
add-int,8,2-stackless,2,2,False,1099542,0.02621214999999999,23.839153029170316
add-int,8,2-stackless,2,3,False,1099542,0.026458676,24.063360926640364
add-int,8,2-stackless,2,4,False,1099542,0.025882499000000003,23.53934547293328
add-int,8,2-stackful,2,0,True,1099542,0.029227416,26.5814457292218
add-int,8,2-stackful,2,1,True,1099542,0.029614690000000003,26.933659651018335
add-int,8,2-stackful,2,2,False,1099542,0.029618725,26.93732936077021
add-int,8,2-stackful,2,3,False,1099542,0.029510149,26.838582791744198
add-int,8,2-stackful,2,4,False,1099542,0.029481237000000007,26.812288207271763
get-table,0,2-stackless,0,0,True,777140,0.019466075,25.048350361582212
get-table,0,2-stackless,0,1,True,777140,0.019599639999999998,25.22021772138868
get-table,0,2-stackless,0,2,False,777140,0.019483747000000003,25.071090151066738
get-table,0,2-stackless,0,3,False,777140,0.019992874,25.72621921404123
get-table,0,2-stackless,0,4,False,777140,0.01963322299999999,25.263431299379768
get-table,0,1x,0,0,True,777140,0.0672313,86.51118202640451
get-table,0,1x,0,1,True,777140,0.0679558,87.44344648325912
get-table,0,1x,0,2,False,777140,0.0681439,87.68548781429344
get-table,0,1x,0,3,False,777140,0.0669503,86.14959981470521
get-table,0,1x,0,4,False,777140,0.0678068,87.25171783719793
get-table,0,2-stackful,0,0,True,777140,0.022134178,28.481583755822633
get-table,0,2-stackful,0,1,True,777140,0.022019418000000002,28.333914095272412
get-table,0,2-stackful,0,2,False,777140,0.021917089,28.20224026558921
get-table,0,2-stackful,0,3,False,777140,0.021993722000000007,28.3008492678282
get-table,0,2-stackful,0,4,False,777140,0.02209990399999999,28.437481020150795
get-table,0,2-stackless,1,0,True,777140,0.01968686,25.3324497516535
get-table,0,2-stackless,1,1,True,777140,0.019990011000000002,25.722535193144097
get-table,0,2-stackless,1,2,False,777140,0.01972351,25.379609851506807
get-table,0,2-stackless,1,3,False,777140,0.019622483000000003,25.249611395630136
get-table,0,2-stackless,1,4,False,777140,0.019574676,25.188094809172092
get-table,0,1x,1,0,True,777140,0.0676649,87.06912525413696
get-table,0,1x,1,1,True,777140,0.0681978,87.75484468692899
get-table,0,1x,1,2,False,777140,0.0673986,86.72645855315645
get-table,0,1x,1,3,False,777140,0.067733,87.15675425277298
get-table,0,1x,1,4,False,777140,0.067605,86.99204776488149
get-table,0,2-stackful,1,0,True,777140,0.021787619,28.035642226625832
get-table,0,2-stackful,1,1,True,777140,0.022272047,28.658989371284452
get-table,0,2-stackful,1,2,False,777140,0.022395647999999997,28.818035360424116
get-table,0,2-stackful,1,3,False,777140,0.022244158,28.623102658465655
get-table,0,2-stackful,1,4,False,777140,0.021914264000000003,28.198605141930674
get-table,0,2-stackful,2,0,True,777140,0.022017335,28.331233754535862
get-table,0,2-stackful,2,1,True,777140,0.021911923999999996,28.195594101448897
get-table,0,2-stackful,2,2,False,777140,0.022394543000000003,28.816613480196622
get-table,0,2-stackful,2,3,False,777140,0.021989877000000005,28.29590163934427
get-table,0,2-stackful,2,4,False,777140,0.021929905,28.218731502689348
get-table,0,2-stackless,2,0,True,777140,0.020118716,25.88814885348843
get-table,0,2-stackless,2,1,True,777140,0.020382636000000003,26.227753043209724
get-table,0,2-stackless,2,2,False,777140,0.020325562,26.154311964382224
get-table,0,2-stackless,2,3,False,777140,0.020723909000000006,26.666892709164383
get-table,0,2-stackless,2,4,False,777140,0.020332269,26.16294232699385
get-table,0,1x,2,0,True,777140,0.06766,87.06282008389736
get-table,0,1x,2,1,True,777140,0.0673094,86.61167871940705
get-table,0,1x,2,2,False,777140,0.0675537,86.92603649278122
get-table,0,1x,2,3,False,777140,0.0680967,87.62475229688344
get-table,0,1x,2,4,False,777140,0.0672874,86.5833697918007
update-table,64,1x,0,0,True,202410,0.0609055,300.9016352946989
update-table,64,1x,0,1,True,202410,0.0615558,304.1144212242478
update-table,64,1x,0,2,False,202410,0.0608976,300.86260560249
update-table,64,1x,0,3,False,202410,0.0614353,303.51909490637814
update-table,64,1x,0,4,False,202410,0.0617725,305.18502050293955
update-table,64,2-stackless,0,0,True,202410,0.020541667,101.48543550219851
update-table,64,2-stackless,0,1,True,202410,0.020586873,101.70877427004595
update-table,64,2-stackless,0,2,False,202410,0.020841154,102.96504125290252
update-table,64,2-stackless,0,3,False,202410,0.020420182999999995,100.8852477644385
update-table,64,2-stackless,0,4,False,202410,0.020682695,102.18217973420286
update-table,64,2-stackful,0,0,True,202410,0.021083730000000002,104.16348006521419
update-table,64,2-stackful,0,1,True,202410,0.021148828,104.4850946099501
update-table,64,2-stackful,0,2,False,202410,0.020962158,103.56285756632577
update-table,64,2-stackful,0,3,False,202410,0.021334427000000003,105.40204041302309
update-table,64,2-stackful,0,4,False,202410,0.021302428999999998,105.24395533817497
update-table,64,2-stackful,1,0,True,202410,0.020935519000000003,103.43124845610397
update-table,64,2-stackful,1,1,True,202410,0.021204518,104.76022923768589
update-table,64,2-stackful,1,2,False,202410,0.021366984000000006,105.56288720913
update-table,64,2-stackful,1,3,False,202410,0.020970912000000008,103.60610641766715
update-table,64,2-stackful,1,4,False,202410,0.021218880999999995,104.8311891704955
update-table,64,1x,1,0,True,202410,0.0608526,300.6402845709204
update-table,64,1x,1,1,True,202410,0.0607436,300.1017736277852
update-table,64,1x,1,2,False,202410,0.0614814,303.74685045205274
update-table,64,1x,1,3,False,202410,0.0616546,304.6025394002273
update-table,64,1x,1,4,False,202410,0.0613129,302.91438170050884
update-table,64,2-stackless,1,0,True,202410,0.020458959999999998,101.07682426757572
update-table,64,2-stackless,1,1,True,202410,0.020316335,100.37219010918433
update-table,64,2-stackless,1,2,False,202410,0.020339541999999995,100.48684353539844
update-table,64,2-stackless,1,3,False,202410,0.020444505999999994,101.00541475223552
update-table,64,2-stackless,1,4,False,202410,0.020675476999999998,102.14651944073907
update-table,64,2-stackless,2,0,True,202410,0.020691558000000002,102.22596709648735
update-table,64,2-stackless,2,1,True,202410,0.020432258,100.94490390790969
update-table,64,2-stackless,2,2,False,202410,0.020292723,100.25553579368608
update-table,64,2-stackless,2,3,False,202410,0.020715261999999998,102.34307593498345
update-table,64,2-stackless,2,4,False,202410,0.020357159,100.57387974902426
update-table,64,2-stackful,2,0,True,202410,0.021172583999999998,104.60246035274935
update-table,64,2-stackful,2,1,True,202410,0.021058351000000003,104.03809594387631
update-table,64,2-stackful,2,2,False,202410,0.020978932999999998,103.64573390642755
update-table,64,2-stackful,2,3,False,202410,0.021066746999999997,104.07957610789978
update-table,64,2-stackful,2,4,False,202410,0.020935867999999996,103.43297267921544
update-table,64,1x,2,0,True,202410,0.0663942,328.01837853860974
update-table,64,1x,2,1,True,202410,0.0666576,329.3196976433971
update-table,64,1x,2,2,False,202410,0.0663614,327.8563312089324
update-table,64,1x,2,3,False,202410,0.0661561,326.8420532582382
update-table,64,1x,2,4,False,202410,0.067391,332.9430364112445
do-int,8,1x,0,0,True,121600,0.0191959,157.8610197368421
do-int,8,1x,0,1,True,121600,0.0189352,155.7171052631579
do-int,8,1x,0,2,False,121600,0.0194335,159.81496710526315
do-int,8,1x,0,3,False,121600,0.0189554,155.88322368421052
do-int,8,1x,0,4,False,121600,0.018956,155.88815789473685
do-int,8,2-stackful,0,0,True,121600,0.032907395,270.62002467105265
do-int,8,2-stackful,0,1,True,121600,0.032856955,270.2052220394737
do-int,8,2-stackful,0,2,False,121600,0.032481572,267.11819078947366
do-int,8,2-stackful,0,3,False,121600,0.03247320000000001,267.04934210526324
do-int,8,2-stackful,0,4,False,121600,0.032512282,267.370740131579
do-int,8,2-stackless,0,0,True,121600,0.030336643,249.4789720394737
do-int,8,2-stackless,0,1,True,121600,0.030533508999999997,251.09793585526313
do-int,8,2-stackless,0,2,False,121600,0.030372532000000008,249.77411184210533
do-int,8,2-stackless,0,3,False,121600,0.030356910999999986,249.6456496710525
do-int,8,2-stackless,0,4,False,121600,0.030415193999999993,250.1249506578947
do-int,8,2-stackful,1,0,True,121600,0.032687286999999995,268.8099259868421
do-int,8,2-stackful,1,1,True,121600,0.032585723,267.9746957236842
do-int,8,2-stackful,1,2,False,121600,0.032317254000000004,265.76689144736844
do-int,8,2-stackful,1,3,False,121600,0.03259402799999998,268.0429934210525
do-int,8,2-stackful,1,4,False,121600,0.032829102,269.9761677631579
do-int,8,2-stackless,1,0,True,121600,0.030184128,248.22473684210527
do-int,8,2-stackless,1,1,True,121600,0.030451194999999997,250.42101151315785
do-int,8,2-stackless,1,2,False,121600,0.030551692,251.24746710526315
do-int,8,2-stackless,1,3,False,121600,0.030295616999999997,249.1415871710526
do-int,8,2-stackless,1,4,False,121600,0.03068744000000001,252.3638157894738
do-int,8,1x,1,0,True,121600,0.0187188,153.9375
do-int,8,1x,1,1,True,121600,0.0188825,155.28371710526315
do-int,8,1x,1,2,False,121600,0.0187168,153.92105263157896
do-int,8,1x,1,3,False,121600,0.0189596,155.91776315789474
do-int,8,1x,1,4,False,121600,0.0188859,155.31167763157896
do-int,8,2-stackful,2,0,True,121600,0.032537962,267.58192434210525
do-int,8,2-stackful,2,1,True,121600,0.032490666,267.1929769736842
do-int,8,2-stackful,2,2,False,121600,0.032651712,268.51736842105265
do-int,8,2-stackful,2,3,False,121600,0.03243412200000001,266.7279769736843
do-int,8,2-stackful,2,4,False,121600,0.03251705799999999,267.4100164473683
do-int,8,2-stackless,2,0,True,121600,0.030307884,249.24246710526316
do-int,8,2-stackless,2,1,True,121600,0.030322553999999998,249.36310855263156
do-int,8,2-stackless,2,2,False,121600,0.030714059999999994,252.58273026315786
do-int,8,2-stackless,2,3,False,121600,0.030295102000000004,249.13735197368425
do-int,8,2-stackless,2,4,False,121600,0.030498986000000006,250.81402960526322
do-int,8,1x,2,0,True,121600,0.0188158,154.73519736842104
do-int,8,1x,2,1,True,121600,0.0191984,157.8815789473684
do-int,8,1x,2,2,False,121600,0.0190464,156.6315789473684
do-int,8,1x,2,3,False,121600,0.0189101,155.51069078947367
do-int,8,1x,2,4,False,121600,0.0190057,156.296875
assign-table,0,2-stackless,0,0,True,787635,0.020046494,25.451502282148457
assign-table,0,2-stackless,0,1,True,787635,0.020013542999999998,25.40966691424327
assign-table,0,2-stackless,0,2,False,787635,0.019754350999999996,25.080590628908055
assign-table,0,2-stackless,0,3,False,787635,0.019688087,24.996460289347223
assign-table,0,2-stackless,0,4,False,787635,0.019670970999999995,24.974729411465965
assign-table,0,1x,0,0,True,787635,0.0685545,87.03841246262546
assign-table,0,1x,0,1,True,787635,0.0687496,87.28611603090263
assign-table,0,1x,0,2,False,787635,0.0693055,87.9918998013039
assign-table,0,1x,0,3,False,787635,0.0685881,87.08107181626006
assign-table,0,1x,0,4,False,787635,0.0681175,86.48358694065145
assign-table,0,2-stackful,0,0,True,787635,0.022189386,28.172168580624273
assign-table,0,2-stackful,0,1,True,787635,0.022552924999999998,28.633726281843742
assign-table,0,2-stackful,0,2,False,787635,0.022304826,28.318733931326058
assign-table,0,2-stackful,0,3,False,787635,0.02227233499999999,28.277482590286095
assign-table,0,2-stackful,0,4,False,787635,0.022035789,27.97715820145118
assign-table,0,2-stackless,1,0,True,787635,0.019782774,25.116677141061533
assign-table,0,2-stackless,1,1,True,787635,0.019988301000000003,25.377619074825272
assign-table,0,2-stackless,1,2,False,787635,0.019940437999999998,25.31685107949748
assign-table,0,2-stackless,1,3,False,787635,0.01994399899999999,25.321372209208565
assign-table,0,2-stackless,1,4,False,787635,0.020106949,25.52825737810026
assign-table,0,2-stackful,1,0,True,787635,0.022267554,28.271412519758517
assign-table,0,2-stackful,1,1,True,787635,0.022203474999999997,28.190056307807545
assign-table,0,2-stackful,1,2,False,787635,0.022011705,27.946580586185224
assign-table,0,2-stackful,1,3,False,787635,0.022324648000000002,28.343900410723247
assign-table,0,2-stackful,1,4,False,787635,0.0222537,28.25382315412596
assign-table,0,1x,1,0,True,787635,0.068239,86.6378462104909
assign-table,0,1x,1,1,True,787635,0.0689684,87.56390967897566
assign-table,0,1x,1,2,False,787635,0.0686483,87.15750315818876
assign-table,0,1x,1,3,False,787635,0.0686671,87.18137208224621
assign-table,0,1x,1,4,False,787635,0.0683367,86.7618884381725
assign-table,0,2-stackless,2,0,True,787635,0.019978865,25.365638906346213
assign-table,0,2-stackless,2,1,True,787635,0.019982350999999995,25.3700648142858
assign-table,0,2-stackless,2,2,False,787635,0.019833552000000004,25.18114608924185
assign-table,0,2-stackless,2,3,False,787635,0.019888458999999997,25.250857313349453
assign-table,0,2-stackless,2,4,False,787635,0.019656437,24.95627670177176
assign-table,0,1x,2,0,True,787635,0.0684982,86.96693265281507
assign-table,0,1x,2,1,True,787635,0.0683188,86.73916217537311
assign-table,0,1x,2,2,False,787635,0.0688506,87.4143480165305
assign-table,0,1x,2,3,False,787635,0.0690085,87.61482158614079
assign-table,0,1x,2,4,False,787635,0.0687098,87.23558501082354
assign-table,0,2-stackful,2,0,True,787635,0.02208742,28.04271013857942
assign-table,0,2-stackful,2,1,True,787635,0.022027281000000003,27.966356243691564
assign-table,0,2-stackful,2,2,False,787635,0.022004813000000005,27.937830340195653
assign-table,0,2-stackful,2,3,False,787635,0.02200420700000001,27.937060948281896
assign-table,0,2-stackful,2,4,False,787635,0.022320314999999993,28.338399131577436
update-string,0,2-stackful,0,0,True,1974822,0.060154153,30.46054429209316
update-string,0,2-stackful,0,1,True,1974822,0.059720195,30.24079891757333
update-string,0,2-stackful,0,2,False,1974822,0.060136828,30.451771349519095
update-string,0,2-stackful,0,3,False,1974822,0.06063355200000001,30.703299841707256
update-string,0,2-stackful,0,4,False,1974822,0.06007673400000002,30.421341265187458
update-string,0,1x,0,0,True,1974822,0.0205977,10.430155224116401
update-string,0,1x,0,1,True,1974822,0.0203944,10.327209237085672
update-string,0,1x,0,2,False,1974822,0.0210213,10.644655568957607
update-string,0,1x,0,3,False,1974822,0.0208577,10.561812659571343
update-string,0,1x,0,4,False,1974822,0.0207801,10.52251797883556
update-string,0,2-stackless,0,0,True,1974822,0.054223068,27.45719259761133
update-string,0,2-stackless,0,1,True,1974822,0.054247767,27.469699547604797
update-string,0,2-stackless,0,2,False,1974822,0.053820470999999995,27.25332764168112
update-string,0,2-stackless,0,3,False,1974822,0.054152698,27.421559006330696
update-string,0,2-stackless,0,4,False,1974822,0.054155817999999994,27.423138895556153
update-string,0,2-stackful,1,0,True,1974822,0.05955693,30.158125643728905
update-string,0,2-stackful,1,1,True,1974822,0.059916086,30.339993174068347
update-string,0,2-stackful,1,2,False,1974822,0.05998085500000001,30.372790560364436
update-string,0,2-stackful,1,3,False,1974822,0.059914667000000005,30.339274628295616
update-string,0,2-stackful,1,4,False,1974822,0.060508269,30.639859693683785
update-string,0,1x,1,0,True,1974822,0.0212424,10.756615026569483
update-string,0,1x,1,1,True,1974822,0.0207919,10.528493200906208
update-string,0,1x,1,2,False,1974822,0.0206825,10.473095803064783
update-string,0,1x,1,3,False,1974822,0.0207001,10.482007998695579
update-string,0,1x,1,4,False,1974822,0.0207927,10.528898300707608
update-string,0,2-stackless,1,0,True,1974822,0.054241614,27.46658382375728
update-string,0,2-stackless,1,1,True,1974822,0.05432894800000001,27.5108075563266
update-string,0,2-stackless,1,2,False,1974822,0.05418695900000001,27.4389079117004
update-string,0,2-stackless,1,3,False,1974822,0.05381212599999999,27.249101944377763
update-string,0,2-stackless,1,4,False,1974822,0.053817737999999976,27.25194371948458
update-string,0,2-stackful,2,0,True,1974822,0.059921696,30.342833936425663
update-string,0,2-stackful,2,1,True,1974822,0.060188658000000006,30.478016752902292
update-string,0,2-stackful,2,2,False,1974822,0.05952229399999999,30.140586847827294
update-string,0,2-stackful,2,3,False,1974822,0.06012183300000001,30.444178260116615
update-string,0,2-stackful,2,4,False,1974822,0.059752553999999986,30.257184698165194
update-string,0,1x,2,0,True,1974822,0.0208453,10.555533612649647
update-string,0,1x,2,1,True,1974822,0.0209174,10.592043232250806
update-string,0,1x,2,2,False,1974822,0.0206874,10.475577039348357
update-string,0,1x,2,3,False,1974822,0.0207695,10.517150406467014
update-string,0,1x,2,4,False,1974822,0.0203929,10.326449674958047
update-string,0,2-stackless,2,0,True,1974822,0.054159828,27.425169458310673
update-string,0,2-stackless,2,1,True,1974822,0.054515216,27.60512896858552
update-string,0,2-stackless,2,2,False,1974822,0.054326848999999997,27.509744675722672
update-string,0,2-stackless,2,3,False,1974822,0.05434619900000001,27.51954302716904
update-string,0,2-stackless,2,4,False,1974822,0.053534746999999966,27.10864422211215
make-table,0,1x,0,0,True,802791,0.0238409,29.697517784828182
make-table,0,1x,0,1,True,802791,0.0234608,29.22404461435168
make-table,0,1x,0,2,False,802791,0.0233097,29.03582626113148
make-table,0,1x,0,3,False,802791,0.0233536,29.090510481557466
make-table,0,1x,0,4,False,802791,0.0234026,29.15154753852497
make-table,0,2-stackless,0,0,True,802791,0.020177791,25.134550586640856
make-table,0,2-stackless,0,1,True,802791,0.020029164999999998,24.949413981970395
make-table,0,2-stackless,0,2,False,802791,0.020090838,25.02623721491646
make-table,0,2-stackless,0,3,False,802791,0.020178516,25.13545368595313
make-table,0,2-stackless,0,4,False,802791,0.019980388,24.888654705894808
make-table,0,2-stackful,0,0,True,802791,0.022741222000000002,28.32769923927897
make-table,0,2-stackful,0,1,True,802791,0.022711558,28.290748152383372
make-table,0,2-stackful,0,2,False,802791,0.022496746999999997,28.023167922908947
make-table,0,2-stackful,0,3,False,802791,0.023060249000000005,28.725096569343705
make-table,0,2-stackful,0,4,False,802791,0.022677520999999992,28.248349819566975
make-table,0,1x,1,0,True,802791,0.0238112,29.66052185438053
make-table,0,1x,1,1,True,802791,0.0231727,28.86517163246723
make-table,0,1x,1,2,False,802791,0.0233396,29.073071322423893
make-table,0,1x,1,3,False,802791,0.0234054,29.155035370351687
make-table,0,1x,1,4,False,802791,0.0231525,28.840009417145932
make-table,0,2-stackless,1,0,True,802791,0.020249595000000002,25.223993542528508
make-table,0,2-stackless,1,1,True,802791,0.020032349999999997,24.953381390673282
make-table,0,2-stackless,1,2,False,802791,0.020224962000000006,25.193309342032993
make-table,0,2-stackless,1,3,False,802791,0.020198070999999998,25.159812454300056
make-table,0,2-stackless,1,4,False,802791,0.020283733999999998,25.266518932075716
make-table,0,2-stackful,1,0,True,802791,0.022616452,28.17227896177212
make-table,0,2-stackful,1,1,True,802791,0.022820459,28.426401143012317
make-table,0,2-stackful,1,2,False,802791,0.022643488000000003,28.2059564693675
make-table,0,2-stackful,1,3,False,802791,0.02251951599999999,28.051530223931245
make-table,0,2-stackful,1,4,False,802791,0.022390605000000008,27.890951692283554
make-table,0,2-stackless,2,0,True,802791,0.019954699,24.856655094538926
make-table,0,2-stackless,2,1,True,802791,0.020553776,25.60289788998631
make-table,0,2-stackless,2,2,False,802791,0.019996799000000003,24.909097137362032
make-table,0,2-stackless,2,3,False,802791,0.020300287,25.287138246442723
make-table,0,2-stackless,2,4,False,802791,0.019969159,24.87466725461546
make-table,0,2-stackful,2,0,True,802791,0.022362843,27.856369839721673
make-table,0,2-stackful,2,1,True,802791,0.022582441,28.12991301596555
make-table,0,2-stackful,2,2,False,802791,0.022763237,28.35512231701651
make-table,0,2-stackful,2,3,False,802791,0.02251662800000001,28.047932774532864
make-table,0,2-stackful,2,4,False,802791,0.022933033000000005,28.56662942160538
make-table,0,1x,2,0,True,802791,0.0232648,28.979896386481663
make-table,0,1x,2,1,True,802791,0.0232508,28.96245722734809
make-table,0,1x,2,2,False,802791,0.0231317,28.814099809290337
make-table,0,1x,2,3,False,802791,0.0232789,28.99746011103762
make-table,0,1x,2,4,False,802791,0.0232404,28.94950242342029
const-int,8,1x,0,0,True,1362361,0.0201431,14.78543499116607
const-int,8,1x,0,1,True,1362361,0.0203225,14.917118150035122
const-int,8,1x,0,2,False,1362361,0.0199302,14.629162167736744
const-int,8,1x,0,3,False,1362361,0.0200322,14.704032191173999
const-int,8,1x,0,4,False,1362361,0.0200378,14.708142702264672
const-int,8,2-stackful,0,0,True,1362361,0.035091018999999994,25.757504068304943
const-int,8,2-stackful,0,1,True,1362361,0.035262489999999994,25.883367183881507
const-int,8,2-stackful,0,2,False,1362361,0.035037005999999996,25.71785745481557
const-int,8,2-stackful,0,3,False,1362361,0.03526291300000001,25.883677674272832
const-int,8,2-stackful,0,4,False,1362361,0.035190306000000005,25.830382695922747
const-int,8,2-stackless,0,0,True,1362361,0.030723405000000002,22.55158874923754
const-int,8,2-stackless,0,1,True,1362361,0.030885920000000004,22.670877983148376
const-int,8,2-stackless,0,2,False,1362361,0.031196085,22.89854524608382
const-int,8,2-stackless,0,3,False,1362361,0.03105927900000001,22.798126928178366
const-int,8,2-stackless,0,4,False,1362361,0.030711623999999993,22.54294126153053
const-int,8,1x,1,0,True,1362361,0.0198003,14.53381299082989
const-int,8,1x,1,1,True,1362361,0.0200027,14.682378605964205
const-int,8,1x,1,2,False,1362361,0.0200747,14.735228034272854
const-int,8,1x,1,3,False,1362361,0.0202077,14.832852672676331
const-int,8,1x,1,4,False,1362361,0.0201737,14.807895998197248
const-int,8,2-stackful,1,0,True,1362361,0.035402005,25.985773961527084
const-int,8,2-stackful,1,1,True,1362361,0.034813409999999996,25.553733555203056
const-int,8,2-stackful,1,2,False,1362361,0.035268277,25.88761495668182
const-int,8,2-stackful,1,3,False,1362361,0.03522048000000001,25.8525310105031
const-int,8,2-stackful,1,4,False,1362361,0.03507126700000002,25.74300570847229
const-int,8,2-stackless,1,0,True,1362361,0.030924997,22.699561276343054
const-int,8,2-stackless,1,1,True,1362361,0.03132199199999999,22.990963481779055
const-int,8,2-stackless,1,2,False,1362361,0.030982259999999998,22.74159345430469
const-int,8,2-stackless,1,3,False,1362361,0.03129254599999999,22.96934953364049
const-int,8,2-stackless,1,4,False,1362361,0.03100995000000001,22.761918463608403
const-int,8,1x,2,0,True,1362361,0.0198413,14.563907804172315
const-int,8,1x,2,1,True,1362361,0.0198288,14.554732556202064
const-int,8,1x,2,2,False,1362361,0.0201467,14.788077462581503
const-int,8,1x,2,3,False,1362361,0.0202784,14.884747875196075
const-int,8,1x,2,4,False,1362361,0.0201719,14.80657476248953
const-int,8,2-stackless,2,0,True,1362361,0.031113859,22.83818973091567
const-int,8,2-stackless,2,1,True,1362361,0.031299582000000006,22.974514097217998
const-int,8,2-stackless,2,2,False,1362361,0.031463953,23.095165671947452
const-int,8,2-stackless,2,3,False,1362361,0.030738155000000003,22.562415541842437
const-int,8,2-stackless,2,4,False,1362361,0.030766510999999996,22.583229408357987
const-int,8,2-stackful,2,0,True,1362361,0.035170721,25.816006917402948
const-int,8,2-stackful,2,1,True,1362361,0.034812088,25.552763180977728
const-int,8,2-stackful,2,2,False,1362361,0.034882365,25.60434789310616
const-int,8,2-stackful,2,3,False,1362361,0.035411223000000006,25.992540156390273
const-int,8,2-stackful,2,4,False,1362361,0.03523098499999999,25.860241888897285
do-int,0,2-stackful,0,0,True,3036976,0.066449906,21.880286837959865
do-int,0,2-stackful,0,1,True,3036976,0.06626956,21.82090342498591
do-int,0,2-stackful,0,2,False,3036976,0.066027421,21.74117312747944
do-int,0,2-stackful,0,3,False,3036976,0.066684735,21.957610135871995
do-int,0,2-stackful,0,4,False,3036976,0.06587094500000001,21.68964950661448
do-int,0,1x,0,0,True,3036976,0.0202526,6.668673048453462
do-int,0,1x,0,1,True,3036976,0.0197974,6.518787109282392
do-int,0,1x,0,2,False,3036976,0.0201605,6.638346829214323
do-int,0,1x,0,3,False,3036976,0.0199089,6.5555012617814565
do-int,0,1x,0,4,False,3036976,0.0200232,6.593137384029377
do-int,0,2-stackless,0,0,True,3036976,0.057036486000000004,18.780683811791732
do-int,0,2-stackless,0,1,True,3036976,0.056464021999999996,18.592185779538593
do-int,0,2-stackless,0,2,False,3036976,0.05735168299999999,18.884470275695293
do-int,0,2-stackless,0,3,False,3036976,0.05765527000000001,18.98443385789022
do-int,0,2-stackless,0,4,False,3036976,0.05829548799999998,19.195241582416184
do-int,0,1x,1,0,True,3036976,0.0200617,6.605814468076139
do-int,0,1x,1,1,True,3036976,0.0198411,6.533176422862742
do-int,0,1x,1,2,False,3036976,0.0201567,6.637095584555163
do-int,0,1x,1,3,False,3036976,0.0203396,6.697319965650041
do-int,0,1x,1,4,False,3036976,0.0201488,6.634494312763749
do-int,0,2-stackful,1,0,True,3036976,0.06607594600000001,21.75715119250202
do-int,0,2-stackful,1,1,True,3036976,0.06639219599999999,21.86128438288613
do-int,0,2-stackful,1,2,False,3036976,0.065686309,21.628853504275305
do-int,0,2-stackful,1,3,False,3036976,0.06605599399999998,21.75058149949159
do-int,0,2-stackful,1,4,False,3036976,0.06646580699999999,21.88552263830863
do-int,0,2-stackless,1,0,True,3036976,0.057540282,18.946571194504006
do-int,0,2-stackless,1,1,True,3036976,0.057098604,18.801137710670087
do-int,0,2-stackless,1,2,False,3036976,0.05729944899999999,18.867270930030394
do-int,0,2-stackless,1,3,False,3036976,0.057166565,18.823515562849362
do-int,0,2-stackless,1,4,False,3036976,0.056712311000000015,18.673941117743443
do-int,0,1x,2,0,True,3036976,0.0199825,6.579735895179942
do-int,0,1x,2,1,True,3036976,0.0200132,6.5898446349263216
do-int,0,1x,2,2,False,3036976,0.0204287,6.726658360158263
do-int,0,1x,2,3,False,3036976,0.0198773,6.545096174615802
do-int,0,1x,2,4,False,3036976,0.0205407,6.76353715011248
do-int,0,2-stackful,2,0,True,3036976,0.065969967,21.72225496678275
do-int,0,2-stackful,2,1,True,3036976,0.06633135100000001,21.841249650968596
do-int,0,2-stackful,2,2,False,3036976,0.06661155499999999,21.933513797935838
do-int,0,2-stackful,2,3,False,3036976,0.06595657099999999,21.71784400008429
do-int,0,2-stackful,2,4,False,3036976,0.06597295800000003,21.72323982803948
do-int,0,2-stackless,2,0,True,3036976,0.057084404,18.79646200694375
do-int,0,2-stackless,2,1,True,3036976,0.057266293999999995,18.856353820379216
do-int,0,2-stackless,2,2,False,3036976,0.05689685800000001,18.734707814615593
do-int,0,2-stackless,2,3,False,3036976,0.05672807599999999,18.6791321367044
do-int,0,2-stackless,2,4,False,3036976,0.057204631000000006,18.836049741585054
const-string,256,1x,0,0,True,152261,0.0205917,135.23949008610217
const-string,256,1x,0,1,True,152261,0.0203785,133.83926284472057
const-string,256,1x,0,2,False,152261,0.0208297,136.80259554317914
const-string,256,1x,0,3,False,152261,0.0204246,134.1420324311544
const-string,256,1x,0,4,False,152261,0.0205648,135.06281976343251
const-string,256,2-stackless,0,0,True,152261,0.030329519,199.1942716782367
const-string,256,2-stackless,0,1,True,152261,0.030544954,200.60917766204085
const-string,256,2-stackless,0,2,False,152261,0.030501078,200.3210145736597
const-string,256,2-stackless,0,3,False,152261,0.030370414999999998,199.46286311005443
const-string,256,2-stackless,0,4,False,152261,0.030296873999999988,198.97987009148756
const-string,256,2-stackful,0,0,True,152261,0.030490701000000002,200.25286186219716
const-string,256,2-stackful,0,1,True,152261,0.030626839999999995,201.14697788665512
const-string,256,2-stackful,0,2,False,152261,0.030707619999999998,201.67751426826302
const-string,256,2-stackful,0,3,False,152261,0.030696763999999988,201.6062156428763
const-string,256,2-stackful,0,4,False,152261,0.030948563000000012,203.25994837811396
const-string,256,2-stackful,1,0,True,152261,0.031147511,204.5665731868305
const-string,256,2-stackful,1,1,True,152261,0.031079029,204.11680601073158
const-string,256,2-stackful,1,2,False,152261,0.031314081,205.66054997668476
const-string,256,2-stackful,1,3,False,152261,0.030451173000000012,199.9932550029227
const-string,256,2-stackful,1,4,False,152261,0.03068713399999999,201.54296898089459
const-string,256,1x,1,0,True,152261,0.0204509,134.3147621518314
const-string,256,1x,1,1,True,152261,0.0208388,136.8623613400674
const-string,256,1x,1,2,False,152261,0.0204391,134.23726364597633
const-string,256,1x,1,3,False,152261,0.0205324,134.85002725583044
const-string,256,1x,1,4,False,152261,0.020524,134.7948588279336
const-string,256,2-stackless,1,0,True,152261,0.030637086,201.2142702333493
const-string,256,2-stackless,1,1,True,152261,0.03038844,199.58124536158306
const-string,256,2-stackless,1,2,False,152261,0.03058266500000001,200.85685106494773
const-string,256,2-stackless,1,3,False,152261,0.030155843,198.05362502544972
const-string,256,2-stackless,1,4,False,152261,0.030140786000000003,197.95473561844466
const-string,256,2-stackless,2,0,True,152261,0.030154569,198.04525781388537
const-string,256,2-stackless,2,1,True,152261,0.030505702000000003,200.35138347968294
const-string,256,2-stackless,2,2,False,152261,0.030314007000000004,199.09239398138726
const-string,256,2-stackless,2,3,False,152261,0.030113404999999996,197.7749062465109
const-string,256,2-stackless,2,4,False,152261,0.03032055800000001,199.13541878747685
const-string,256,2-stackful,2,0,True,152261,0.030968209,203.38897682269263
const-string,256,2-stackful,2,1,True,152261,0.030266546,198.78068579610013
const-string,256,2-stackful,2,2,False,152261,0.030430016000000004,199.8543028089925
const-string,256,2-stackful,2,3,False,152261,0.030928677,203.12934369273813
const-string,256,2-stackful,2,4,False,152261,0.030792826999999995,202.23712572490655
const-string,256,1x,2,0,True,152261,0.0202923,133.27312969177925
const-string,256,1x,2,1,True,152261,0.0203953,133.94959970051426
const-string,256,1x,2,2,False,152261,0.0203703,133.78540795082128
const-string,256,1x,2,3,False,152261,0.0201858,132.57367283808722
const-string,256,1x,2,4,False,152261,0.0202568,133.03997740721525
make-seq,256,2-stackless,0,0,True,13166,0.060575741,4600.922147956859
make-seq,256,2-stackless,0,1,True,13166,0.060001727,4557.323940452681
make-seq,256,2-stackless,0,2,False,13166,0.060396019999999995,4587.271760595472
make-seq,256,2-stackless,0,3,False,13166,0.060135049999999995,4567.450250645602
make-seq,256,2-stackless,0,4,False,13166,0.06005861500000004,4561.64476682364
make-seq,256,1x,0,0,True,13166,0.0187424,1423.5454959744798
make-seq,256,1x,0,1,True,13166,0.0188624,1432.659881512988
make-seq,256,1x,0,2,False,13166,0.0190207,1444.6832751025368
make-seq,256,1x,0,3,False,13166,0.0190925,1450.1367157830775
make-seq,256,1x,0,4,False,13166,0.019004,1443.4148564484278
make-seq,256,2-stackful,0,0,True,13166,0.060369304000000006,4585.242594561751
make-seq,256,2-stackful,0,1,True,13166,0.060323663000000007,4581.776013975392
make-seq,256,2-stackful,0,2,False,13166,0.06051754699999999,4596.5021266899585
make-seq,256,2-stackful,0,3,False,13166,0.060265017000000004,4577.321661856297
make-seq,256,2-stackful,0,4,False,13166,0.060647938999999984,4606.405818016101
make-seq,256,2-stackful,1,0,True,13166,0.060203163999999997,4572.623727783685
make-seq,256,2-stackful,1,1,True,13166,0.060599928,4602.759228315358
make-seq,256,2-stackful,1,2,False,13166,0.060504732000000006,4595.52878626766
make-seq,256,2-stackful,1,3,False,13166,0.06021141999999999,4573.250797508734
make-seq,256,2-stackful,1,4,False,13166,0.060078769000000004,4563.17552787483
make-seq,256,2-stackless,1,0,True,13166,0.060713422999999996,4611.3795382044655
make-seq,256,2-stackless,1,1,True,13166,0.060134982999999996,4567.4451617803425
make-seq,256,2-stackless,1,2,False,13166,0.06032401599999998,4581.802825459516
make-seq,256,2-stackless,1,3,False,13166,0.060182341,4571.042154033115
make-seq,256,2-stackless,1,4,False,13166,0.06025934399999999,4576.890779279963
make-seq,256,1x,1,0,True,13166,0.0192371,1461.1195503569802
make-seq,256,1x,1,1,True,13166,0.0188825,1434.186541090688
make-seq,256,1x,1,2,False,13166,0.0189387,1438.4551116512228
make-seq,256,1x,1,3,False,13166,0.0188951,1435.1435515722314
make-seq,256,1x,1,4,False,13166,0.018813,1428.9077927996354
make-seq,256,2-stackless,2,0,True,13166,0.060419887,4589.08453592587
make-seq,256,2-stackless,2,1,True,13166,0.060460394,4592.161172717606
make-seq,256,2-stackless,2,2,False,13166,0.06069523399999999,4609.998025216466
make-seq,256,2-stackless,2,3,False,13166,0.06014568000000001,4568.257633297889
make-seq,256,2-stackless,2,4,False,13166,0.06042930300000002,4589.799711377793
make-seq,256,1x,2,0,True,13166,0.0189159,1436.7233783989063
make-seq,256,1x,2,1,True,13166,0.0187518,1424.259456174996
make-seq,256,1x,2,2,False,13166,0.0191105,1451.5038736138538
make-seq,256,1x,2,3,False,13166,0.0188464,1431.4446301078535
make-seq,256,1x,2,4,False,13166,0.0190162,1444.3414856448428
make-seq,256,2-stackful,2,0,True,13166,0.060770947,4615.748670818775
make-seq,256,2-stackful,2,1,True,13166,0.059758357,4538.839207048458
make-seq,256,2-stackful,2,2,False,13166,0.059932631999999986,4552.0759532128195
make-seq,256,2-stackful,2,3,False,13166,0.05984060100000002,4545.085903083702
make-seq,256,2-stackful,2,4,False,13166,0.06033111600000002,4582.342093270547
add-float4,256,2-stackful,0,0,True,53292,0.020779897999999998,389.9252795916835
add-float4,256,2-stackful,0,1,True,53292,0.021121638000000005,396.3378743526234
add-float4,256,2-stackful,0,2,False,53292,0.020883067000000005,391.8611986789763
add-float4,256,2-stackful,0,3,False,53292,0.02074685500000001,389.30524281318037
add-float4,256,2-stackful,0,4,False,53292,0.020610722999999997,386.7507881107858
add-float4,256,1x,0,0,True,53292,0.0200465,376.16340163626813
add-float4,256,1x,0,1,True,53292,0.0199759,374.8386249343241
add-float4,256,1x,0,2,False,53292,0.0204023,382.8398258650454
add-float4,256,1x,0,3,False,53292,0.0200734,376.6681678300683
add-float4,256,1x,0,4,False,53292,0.019954,374.4276814531262
add-float4,256,2-stackless,0,0,True,53292,0.020618315,386.89324851760114
add-float4,256,2-stackless,0,1,True,53292,0.020837773000000004,391.01127749005485
add-float4,256,2-stackless,0,2,False,53292,0.020907915,392.3274600315244
add-float4,256,2-stackless,0,3,False,53292,0.020796573999999998,390.2381971027546
add-float4,256,2-stackless,0,4,False,53292,0.02057450100000001,386.07109885161015
add-float4,256,2-stackful,1,0,True,53292,0.020719334,388.7888238384748
add-float4,256,2-stackful,1,1,True,53292,0.020946784999999996,393.0568377992944
add-float4,256,2-stackful,1,2,False,53292,0.020740353000000003,389.1832357577123
add-float4,256,2-stackful,1,3,False,53292,0.021294733000000003,399.58592284020125
add-float4,256,2-stackful,1,4,False,53292,0.020715939000000003,388.72511821661794
add-float4,256,2-stackless,1,0,True,53292,0.020585943000000002,386.2858027471291
add-float4,256,2-stackless,1,1,True,53292,0.020576876999999997,386.1156834046385
add-float4,256,2-stackless,1,2,False,53292,0.020775797,389.8483262028072
add-float4,256,2-stackless,1,3,False,53292,0.020897802999999993,392.13771297755744
add-float4,256,2-stackless,1,4,False,53292,0.020530031000000004,385.2366396457255
add-float4,256,1x,1,0,True,53292,0.0199685,374.69976731967273
add-float4,256,1x,1,1,True,53292,0.02003,375.85378668468064
add-float4,256,1x,1,2,False,53292,0.0198954,373.3280792614276
add-float4,256,1x,1,3,False,53292,0.0203616,382.07610898446296
add-float4,256,1x,1,4,False,53292,0.0204489,383.7142535464985
add-float4,256,2-stackless,2,0,True,53292,0.020673034,387.9200255197778
add-float4,256,2-stackless,2,1,True,53292,0.021111759999999997,396.1525182016062
add-float4,256,2-stackless,2,2,False,53292,0.020637296,387.24941829918185
add-float4,256,2-stackless,2,3,False,53292,0.020737539,389.13043233505965
add-float4,256,2-stackless,2,4,False,53292,0.020570134000000004,385.98915409442327
add-float4,256,2-stackful,2,0,True,53292,0.021076126,395.4838624934324
add-float4,256,2-stackful,2,1,True,53292,0.020885328,391.90362530961494
add-float4,256,2-stackful,2,2,False,53292,0.020881516999999995,391.8321136380694
add-float4,256,2-stackful,2,3,False,53292,0.020853885000000003,391.3136117991444
add-float4,256,2-stackful,2,4,False,53292,0.02094526699999999,393.0283532237482
add-float4,256,1x,2,0,True,53292,0.0204047,382.8848607670945
add-float4,256,1x,2,1,True,53292,0.0199354,374.07866096224575
add-float4,256,1x,2,2,False,53292,0.0200712,376.6268858365233
add-float4,256,1x,2,3,False,53292,0.0199288,373.95481498161075
add-float4,256,1x,2,4,False,53292,0.0200108,375.49350746828793
add-int,0,2-stackful,0,0,True,2647324,0.057990276,21.905243181416402
add-int,0,2-stackful,0,1,True,2647324,0.0577433,21.811950482827186
add-int,0,2-stackful,0,2,False,2647324,0.057514624000000014,21.72557042507831
add-int,0,2-stackful,0,3,False,2647324,0.05735304199999999,21.6645344506377
add-int,0,2-stackful,0,4,False,2647324,0.05781106400000002,21.837547651893015
add-int,0,1x,0,0,True,2647324,0.0172715,6.524135315511059
add-int,0,1x,0,1,True,2647324,0.0173804,6.565271194610104
add-int,0,1x,0,2,False,2647324,0.0175706,6.637117330557197
add-int,0,1x,0,3,False,2647324,0.0175523,6.630204689716861
add-int,0,1x,0,4,False,2647324,0.0177867,6.7187469308630146
add-int,0,2-stackless,0,0,True,2647324,0.050039051,18.901747953782763
add-int,0,2-stackless,0,1,True,2647324,0.050113992,18.930056162373777
add-int,0,2-stackless,0,2,False,2647324,0.04967743600000002,18.76515152659819
add-int,0,2-stackless,0,3,False,2647324,0.049878950000000005,18.84127141218831
add-int,0,2-stackless,0,4,False,2647324,0.04973708800000001,18.78768446929806
add-int,0,2-stackful,1,0,True,2647324,0.057591635999999995,21.75466093307808
add-int,0,2-stackful,1,1,True,2647324,0.057119697,21.576390725124693
add-int,0,2-stackful,1,2,False,2647324,0.05705747900000001,21.55288850174743
add-int,0,2-stackful,1,3,False,2647324,0.05761644300000002,21.764031527686075
add-int,0,2-stackful,1,4,False,2647324,0.056914542999999984,21.498895866165224
add-int,0,2-stackless,1,0,True,2647324,0.049855512,18.832417943553565
add-int,0,2-stackless,1,1,True,2647324,0.049748511999999995,18.791999770334115
add-int,0,2-stackless,1,2,False,2647324,0.04984529,18.82855668592133
add-int,0,2-stackless,1,3,False,2647324,0.04999425599999999,18.8848270933214
add-int,0,2-stackless,1,4,False,2647324,0.04948928500000002,18.69407937978125
add-int,0,1x,1,0,True,2647324,0.017543,6.626691708306199
add-int,0,1x,1,1,True,2647324,0.0176999,6.6859591043635005
add-int,0,1x,1,2,False,2647324,0.0176318,6.660235014678974
add-int,0,1x,1,3,False,2647324,0.0175234,6.619288005548245
add-int,0,1x,1,4,False,2647324,0.0174869,6.605500497861237
add-int,0,2-stackful,2,0,True,2647324,0.056929686,21.504615982025623
add-int,0,2-stackful,2,1,True,2647324,0.057493934999999996,21.717755363529356
add-int,0,2-stackful,2,2,False,2647324,0.057722669000000004,21.80415733019457
add-int,0,2-stackful,2,3,False,2647324,0.05799602399999998,21.907414430572146
add-int,0,2-stackful,2,4,False,2647324,0.057634551000000006,21.770871642458577
add-int,0,1x,2,0,True,2647324,0.0175883,6.6438033274355535
add-int,0,1x,2,1,True,2647324,0.0177752,6.714402921591766
add-int,0,1x,2,2,False,2647324,0.0175781,6.639950380081924
add-int,0,1x,2,3,False,2647324,0.0173464,6.552428036764672
add-int,0,1x,2,4,False,2647324,0.0173693,6.561078281313508
add-int,0,2-stackless,2,0,True,2647324,0.049673653,18.76372253641791
add-int,0,2-stackless,2,1,True,2647324,0.050008920000000005,18.890366271752157
add-int,0,2-stackless,2,2,False,2647324,0.04987853299999999,18.841113894634727
add-int,0,2-stackless,2,3,False,2647324,0.04979371499999999,18.809074748689614
add-int,0,2-stackless,2,4,False,2647324,0.049636858000000006,18.749823595449598
assign-seq,0,2-stackful,0,0,True,782908,0.022303159,28.487586025433384
assign-seq,0,2-stackful,0,1,True,782908,0.022156877999999998,28.30074287144849
assign-seq,0,2-stackful,0,2,False,782908,0.022358452000000008,28.55821118190133
assign-seq,0,2-stackful,0,3,False,782908,0.022092411000000006,28.2183998630746
assign-seq,0,2-stackful,0,4,False,782908,0.022081165,28.204035467768882
assign-seq,0,1x,0,0,True,782908,0.0857713,109.55476250083024
assign-seq,0,1x,0,1,True,782908,0.0842585,107.62247926959489
assign-seq,0,1x,0,2,False,782908,0.0846462,108.1176843256168
assign-seq,0,1x,0,3,False,782908,0.0843625,107.7553173552959
assign-seq,0,1x,0,4,False,782908,0.0846483,108.12036663311653
assign-seq,0,2-stackless,0,0,True,782908,0.019761014,25.240531454525946
assign-seq,0,2-stackless,0,1,True,782908,0.020207254000000004,25.8105090253261
assign-seq,0,2-stackless,0,2,False,782908,0.019803724,25.29508447991335
assign-seq,0,2-stackless,0,3,False,782908,0.019596378000000005,25.030243655704123
assign-seq,0,2-stackless,0,4,False,782908,0.019661945,25.113991682292173
assign-seq,0,2-stackful,1,0,True,782908,0.022046983000000003,28.16037516540897
assign-seq,0,2-stackful,1,1,True,782908,0.022404354,28.616841314688315
assign-seq,0,2-stackful,1,2,False,782908,0.022118439000000004,28.25164514859984
assign-seq,0,2-stackful,1,3,False,782908,0.022302730999999992,28.487039345619145
assign-seq,0,2-stackful,1,4,False,782908,0.021934873999999993,28.017179540891128
assign-seq,0,2-stackless,1,0,True,782908,0.019826693,25.324422537513986
assign-seq,0,2-stackless,1,1,True,782908,0.019958892000000002,25.49327890377925
assign-seq,0,2-stackless,1,2,False,782908,0.019920867000000002,25.444709978694814
assign-seq,0,2-stackless,1,3,False,782908,0.019898067999999998,25.415589060272723
assign-seq,0,2-stackless,1,4,False,782908,0.020034473999999997,25.58981898256244
assign-seq,0,1x,1,0,True,782908,0.0568262,72.58349640059879
assign-seq,0,1x,1,1,True,782908,0.0562177,71.80626587031938
assign-seq,0,1x,1,2,False,782908,0.0567465,72.48169644453755
assign-seq,0,1x,1,3,False,782908,0.0576009,73.5730124101427
assign-seq,0,1x,1,4,False,782908,0.0571775,73.03220812662535
assign-seq,0,2-stackless,2,0,True,782908,0.019598327,25.032733092521728
assign-seq,0,2-stackless,2,1,True,782908,0.019645626000000003,25.09314759844069
assign-seq,0,2-stackless,2,2,False,782908,0.019896836,25.414015439872884
assign-seq,0,2-stackless,2,3,False,782908,0.019726505000000005,25.196453478569644
assign-seq,0,2-stackless,2,4,False,782908,0.019766446000000007,25.247469689925264
assign-seq,0,1x,2,0,True,782908,0.0568784,72.65017090130641
assign-seq,0,1x,2,1,True,782908,0.0570028,72.80906568843338
assign-seq,0,1x,2,2,False,782908,0.055915,71.41963040357233
assign-seq,0,1x,2,3,False,782908,0.057592,73.56164453550097
assign-seq,0,1x,2,4,False,782908,0.0567342,72.46598578632484
assign-seq,0,2-stackful,2,0,True,782908,0.022166029,28.3124313457009
assign-seq,0,2-stackful,2,1,True,782908,0.021856364,27.916899559079738
assign-seq,0,2-stackful,2,2,False,782908,0.02265457700000001,28.93644847159565
assign-seq,0,2-stackful,2,3,False,782908,0.022135916000000005,28.273968333444035
assign-seq,0,2-stackful,2,4,False,782908,0.022168320000000005,28.315357615454182
take-seq,8,2-stackless,0,0,True,410935,0.020029459,48.74118534561427
take-seq,8,2-stackless,0,1,True,410935,0.020204576,49.167328166255004
take-seq,8,2-stackless,0,2,False,410935,0.020146812,49.02676092326037
take-seq,8,2-stackless,0,3,False,410935,0.020137859,49.00497402265565
take-seq,8,2-stackless,0,4,False,410935,0.020208030000000002,49.1757333884921
take-seq,8,1x,0,0,True,410935,0.0209081,50.87933614805261
take-seq,8,1x,0,1,True,410935,0.0211822,51.54635161278548
take-seq,8,1x,0,2,False,410935,0.0211782,51.53661771326365
take-seq,8,1x,0,3,False,410935,0.0209946,51.089831725212015
take-seq,8,1x,0,4,False,410935,0.0206775,50.318176840619564
take-seq,8,2-stackful,0,0,True,410935,0.020604752,50.141146410016184
take-seq,8,2-stackful,0,1,True,410935,0.020813719,50.649662355360334
take-seq,8,2-stackful,0,2,False,410935,0.020958635000000003,51.00231180113644
take-seq,8,2-stackful,0,3,False,410935,0.021092405,51.327837735894974
take-seq,8,2-stackful,0,4,False,410935,0.021272178000000003,51.76531081557911
take-seq,8,2-stackful,1,0,True,410935,0.020724023999999997,50.43139182595787
take-seq,8,2-stackful,1,1,True,410935,0.020720773,50.42348059912152
take-seq,8,2-stackful,1,2,False,410935,0.021238581000000006,51.68355336002046
take-seq,8,2-stackful,1,3,False,410935,0.021258504999999997,51.732037913538626
take-seq,8,2-stackful,1,4,False,410935,0.021026941999999993,51.16853516979569
take-seq,8,1x,1,0,True,410935,0.0207395,50.46905228320781
take-seq,8,1x,1,1,True,410935,0.0205571,50.025186465012716
take-seq,8,1x,1,2,False,410935,0.0206968,50.365142905812355
take-seq,8,1x,1,3,False,410935,0.0211484,51.46410016182608
take-seq,8,1x,1,4,False,410935,0.0209463,50.97229488848601
take-seq,8,2-stackless,1,0,True,410935,0.020167068,49.07605339043888
take-seq,8,2-stackless,1,1,True,410935,0.020057331000000005,48.80901115748234
take-seq,8,2-stackless,1,2,False,410935,0.020142788000000002,49.016968620341416
take-seq,8,2-stackless,1,3,False,410935,0.02024513299999999,49.26602260698162
take-seq,8,2-stackless,1,4,False,410935,0.02000585299999999,48.683740737586206
take-seq,8,1x,2,0,True,410935,0.0209543,50.99176268752966
take-seq,8,1x,2,1,True,410935,0.0207735,50.551790429143296
take-seq,8,1x,2,2,False,410935,0.0209261,50.92313869590081
take-seq,8,1x,2,3,False,410935,0.0208426,50.719943543382776
take-seq,8,1x,2,4,False,410935,0.0211403,51.44438901529439
take-seq,8,2-stackless,2,0,True,410935,0.020061985,48.82033654957597
take-seq,8,2-stackless,2,1,True,410935,0.020195962999999997,49.14636864710963
take-seq,8,2-stackless,2,2,False,410935,0.020147574,49.028615231119275
take-seq,8,2-stackless,2,3,False,410935,0.020300583000000004,49.40095878910291
take-seq,8,2-stackless,2,4,False,410935,0.019948969999999996,48.545317385961276
take-seq,8,2-stackful,2,0,True,410935,0.020909552999999997,50.8828719870539
take-seq,8,2-stackful,2,1,True,410935,0.02101312,51.13489967999805
take-seq,8,2-stackful,2,2,False,410935,0.021003679999999997,51.111927677126545
take-seq,8,2-stackful,2,3,False,410935,0.020808110000000005,50.63601299475587
take-seq,8,2-stackful,2,4,False,410935,0.02111963,51.394089089515376
take-table,8,2-stackful,0,0,True,596334,0.067866126,113.80556198372054
take-table,8,2-stackful,0,1,True,596334,0.06806309899999999,114.13586848980603
take-table,8,2-stackful,0,2,False,596334,0.067534113,113.2488051997706
take-table,8,2-stackful,0,3,False,596334,0.06713529200000001,112.58001723866158
take-table,8,2-stackful,0,4,False,596334,0.06768487100000004,113.50161318992382
take-table,8,2-stackless,0,0,True,596334,0.06671840400000001,111.88093249756011
take-table,8,2-stackless,0,1,True,596334,0.06715557199999998,112.61402502624365
take-table,8,2-stackless,0,2,False,596334,0.067223109,112.72727867269013
take-table,8,2-stackless,0,3,False,596334,0.06762292799999997,113.39774019257659
take-table,8,2-stackless,0,4,False,596334,0.067306215,112.86664017144754
take-table,8,1x,0,0,True,596334,0.0198182,33.23338934221426
take-table,8,1x,0,1,True,596334,0.0188751,31.651893066637154
take-table,8,1x,0,2,False,596334,0.0190395,31.927577498515934
take-table,8,1x,0,3,False,596334,0.0189394,31.75971854698877
take-table,8,1x,0,4,False,596334,0.0187907,31.51036164297189
take-table,8,2-stackful,1,0,True,596334,0.067817607,113.72419986115163
take-table,8,2-stackful,1,1,True,596334,0.067604842,113.36741155124477
take-table,8,2-stackful,1,2,False,596334,0.06688629500000001,112.16247103133482
take-table,8,2-stackful,1,3,False,596334,0.06721876299999999,112.71999081051891
take-table,8,2-stackful,1,4,False,596334,0.067604206,113.36634503482948
take-table,8,1x,1,0,True,596334,0.0192197,32.22975714951688
take-table,8,1x,1,1,True,596334,0.0195999,32.867319321051625
take-table,8,1x,1,2,False,596334,0.0196459,32.944457300774395
take-table,8,1x,1,3,False,596334,0.0196691,32.98336167315632
take-table,8,1x,1,4,False,596334,0.0196976,33.03115368233239
take-table,8,2-stackless,1,0,True,596334,0.066899996,112.18544641090395
take-table,8,2-stackless,1,1,True,596334,0.06812436899999999,114.23861292497155
take-table,8,2-stackless,1,2,False,596334,0.068066124,114.14094115042913
take-table,8,2-stackless,1,3,False,596334,0.066772836,111.97221020434857
take-table,8,2-stackless,1,4,False,596334,0.06706969000000002,112.47000841810129
take-table,8,2-stackless,2,0,True,596334,0.067873401,113.81776152290495
take-table,8,2-stackless,2,1,True,596334,0.06743932499999998,113.08985400798879
take-table,8,2-stackless,2,2,False,596334,0.067663311,113.46545895421022
take-table,8,2-stackless,2,3,False,596334,0.06763095400000002,113.41119909312569
take-table,8,2-stackless,2,4,False,596334,0.06766001799999999,113.45993688100961
take-table,8,2-stackful,2,0,True,596334,0.067819671,113.72766100876355
take-table,8,2-stackful,2,1,True,596334,0.067824978,113.73656038394591
take-table,8,2-stackful,2,2,False,596334,0.06843458,114.75880966035812
take-table,8,2-stackful,2,3,False,596334,0.06824243700000002,114.43660264214353
take-table,8,2-stackful,2,4,False,596334,0.06750478199999999,113.19961967622169
take-table,8,1x,2,0,True,596334,0.0196477,32.9474757434592
take-table,8,1x,2,1,True,596334,0.0193039,32.37095319066161
take-table,8,1x,2,2,False,596334,0.0195383,32.76402150472722
take-table,8,1x,2,3,False,596334,0.019657,32.963071030664025
take-table,8,1x,2,4,False,596334,0.0197378,33.09856556895968
const-table,256,1x,0,0,True,101745,0.0224587,220.73517126148704
const-table,256,1x,0,1,True,101745,0.0226382,222.49938571919995
const-table,256,1x,0,2,False,101745,0.0227471,223.56970858518847
const-table,256,1x,0,3,False,101745,0.0226865,222.97410192147035
const-table,256,1x,0,4,False,101745,0.0228941,225.01449702688092
const-table,256,2-stackful,0,0,True,101745,0.020280618,199.3279080053074
const-table,256,2-stackful,0,1,True,101745,0.020704667,203.4956705489213
const-table,256,2-stackful,0,2,False,101745,0.020364835999999997,200.15564401199072
const-table,256,2-stackful,0,3,False,101745,0.020191065,198.44773698953264
const-table,256,2-stackful,0,4,False,101745,0.02040849,200.58469703670943
const-table,256,2-stackless,0,0,True,101745,0.020038138,196.94469507101087
const-table,256,2-stackless,0,1,True,101745,0.020282534,199.3467393975134
const-table,256,2-stackless,0,2,False,101745,0.020046219000000004,197.02411912133277
const-table,256,2-stackless,0,3,False,101745,0.019913436999999992,195.71907219027955
const-table,256,2-stackless,0,4,False,101745,0.02006236,197.1827608236277
const-table,256,2-stackful,1,0,True,101745,0.020584758,202.3171458056907
const-table,256,2-stackful,1,1,True,101745,0.020611874,202.58365521647255
const-table,256,2-stackful,1,2,False,101745,0.020706373,203.5124379576392
const-table,256,2-stackful,1,3,False,101745,0.020526724999999996,201.74676888299174
const-table,256,2-stackful,1,4,False,101745,0.020405589000000002,200.5561845790948
const-table,256,1x,1,0,True,101745,0.022778,223.8734090127279
const-table,256,1x,1,1,True,101745,0.0230695,226.73841466411125
const-table,256,1x,1,2,False,101745,0.0232677,228.68642193719595
const-table,256,1x,1,3,False,101745,0.0230318,226.36788048552754
const-table,256,1x,1,4,False,101745,0.0231778,227.80284043441938
const-table,256,2-stackless,1,0,True,101745,0.020287006000000003,199.39069241731784
const-table,256,2-stackless,1,1,True,101745,0.020077525000000002,197.33180991694928
const-table,256,2-stackless,1,2,False,101745,0.020411574000000002,200.61500810850657
const-table,256,2-stackless,1,3,False,101745,0.020315468000000003,199.67043097940933
const-table,256,2-stackless,1,4,False,101745,0.020388903,200.3921863482235
const-table,256,2-stackless,2,0,True,101745,0.020445482,200.9482726423903
const-table,256,2-stackless,2,1,True,101745,0.020112368000000002,197.6742640916016
const-table,256,2-stackless,2,2,False,101745,0.02035618,200.07056857830852
const-table,256,2-stackless,2,3,False,101745,0.02038284199999999,200.33261585335882
const-table,256,2-stackless,2,4,False,101745,0.020505523999999997,201.53839500712562
const-table,256,1x,2,0,True,101745,0.0224298,220.45112781954887
const-table,256,1x,2,1,True,101745,0.0227286,223.38788146837683
const-table,256,1x,2,2,False,101745,0.0234974,230.9440267335004
const-table,256,1x,2,3,False,101745,0.0231145,227.18069684013957
const-table,256,1x,2,4,False,101745,0.0230216,226.26762985896113
const-table,256,2-stackful,2,0,True,101745,0.020467242,201.16214064573197
const-table,256,2-stackful,2,1,True,101745,0.020548033,201.9561944075876
const-table,256,2-stackful,2,2,False,101745,0.020636926,202.82987861811392
const-table,256,2-stackful,2,3,False,101745,0.020588201,202.35098530640326
const-table,256,2-stackful,2,4,False,101745,0.020448937,200.98223008501645
assign-table,64,2-stackful,0,0,True,35736,0.020493146,573.4594246698008
assign-table,64,2-stackful,0,1,True,35736,0.020464927,572.6697727781509
assign-table,64,2-stackful,0,2,False,35736,0.020317369000000002,568.5406592791583
assign-table,64,2-stackful,0,3,False,35736,0.020176860999999997,564.6088258338929
assign-table,64,2-stackful,0,4,False,35736,0.020549517000000003,575.0368535930155
assign-table,64,2-stackless,0,0,True,35736,0.020513292,574.0231699126931
assign-table,64,2-stackless,0,1,True,35736,0.020485656,573.2498321020819
assign-table,64,2-stackless,0,2,False,35736,0.020038313000000002,560.7318390418626
assign-table,64,2-stackless,0,3,False,35736,0.01994693,558.1746698007612
assign-table,64,2-stackless,0,4,False,35736,0.020030350000000002,560.5090105216029
assign-table,64,1x,0,0,True,35736,0.165045,4618.451981195433
assign-table,64,1x,0,1,True,35736,0.163605,4578.156480859638
assign-table,64,1x,0,2,False,35736,0.163987,4588.845981643161
assign-table,64,1x,0,3,False,35736,0.16437,4599.563465413029
assign-table,64,1x,0,4,False,35736,0.163819,4584.1448399373185
assign-table,64,2-stackful,1,0,True,35736,0.020363054000000002,569.8190620102979
assign-table,64,2-stackful,1,1,True,35736,0.020404856999999995,570.9888347884486
assign-table,64,2-stackful,1,2,False,35736,0.020323769999999998,568.7197783747481
assign-table,64,2-stackful,1,3,False,35736,0.02043355599999999,571.7919185135436
assign-table,64,2-stackful,1,4,False,35736,0.020339623,569.1633926572644
assign-table,64,2-stackless,1,0,True,35736,0.020214038,565.6491493172151
assign-table,64,2-stackless,1,1,True,35736,0.020091855999999998,562.2301320796955
assign-table,64,2-stackless,1,2,False,35736,0.020365375999999998,569.8840385045891
assign-table,64,2-stackless,1,3,False,35736,0.020101162,562.4905417506156
assign-table,64,2-stackless,1,4,False,35736,0.020051107,561.0898533691516
assign-table,64,1x,1,0,True,35736,0.163969,4588.342287888963
assign-table,64,1x,1,1,True,35736,0.164297,4597.520707409894
assign-table,64,1x,1,2,False,35736,0.164597,4605.915603313186
assign-table,64,1x,1,3,False,35736,0.163905,4586.551376762928
assign-table,64,1x,1,4,False,35736,0.163616,4578.464293709425
assign-table,64,2-stackless,2,0,True,35736,0.02063115,577.3211887172599
assign-table,64,2-stackless,2,1,True,35736,0.020562935000000004,575.4123293037834
assign-table,64,2-stackless,2,2,False,35736,0.020124206,563.1353816879338
assign-table,64,2-stackless,2,3,False,35736,0.020002461,559.7285930154466
assign-table,64,2-stackless,2,4,False,35736,0.02004876500000001,561.0243172151335
assign-table,64,2-stackful,2,0,True,35736,0.020656274000000002,578.0242332661743
assign-table,64,2-stackful,2,1,True,35736,0.020480733000000004,573.112071860309
assign-table,64,2-stackful,2,2,False,35736,0.020571382,575.6487015894336
assign-table,64,2-stackful,2,3,False,35736,0.020238797999999995,566.3420080591
assign-table,64,2-stackful,2,4,False,35736,0.020353923999999995,569.5635773449742
assign-table,64,1x,2,0,True,35736,0.162713,4553.195657040519
assign-table,64,1x,2,1,True,35736,0.164888,4614.058652339378
assign-table,64,1x,2,2,False,35736,0.164102,4592.064025072756
assign-table,64,1x,2,3,False,35736,0.162346,4542.92590105216
assign-table,64,1x,2,4,False,35736,0.16249,4546.95545108574
add-float4,0,2-stackless,0,0,True,2360913,0.044414655,18.81249118455445
add-float4,0,2-stackless,0,1,True,2360913,0.044651590000000005,18.912848546303913
add-float4,0,2-stackless,0,2,False,2360913,0.044973709,19.04928686486965
add-float4,0,2-stackless,0,3,False,2360913,0.04502810600000001,19.07232752752855
add-float4,0,2-stackless,0,4,False,2360913,0.044903513000000006,19.01955429954429
add-float4,0,1x,0,0,True,2360913,0.015504,6.566951005818511
add-float4,0,1x,0,1,True,2360913,0.0154206,6.531625688875447
add-float4,0,1x,0,2,False,2360913,0.0155826,6.600243210995068
add-float4,0,1x,0,3,False,2360913,0.0157045,6.651875778565326
add-float4,0,1x,0,4,False,2360913,0.0157587,6.674832998928804
add-float4,0,2-stackful,0,0,True,2360913,0.051853496,21.96332351086211
add-float4,0,2-stackful,0,1,True,2360913,0.052250819999999996,22.131616031594557
add-float4,0,2-stackful,0,2,False,2360913,0.051553177000000006,21.836118908235928
add-float4,0,2-stackful,0,3,False,2360913,0.051670593999999986,21.885852634129247
add-float4,0,2-stackful,0,4,False,2360913,0.051695192,21.8962714848027
add-float4,0,2-stackful,1,0,True,2360913,0.052085938000000005,22.06177779528513
add-float4,0,2-stackful,1,1,True,2360913,0.05215801999999999,22.092309204108748
add-float4,0,2-stackful,1,2,False,2360913,0.051661915,21.882176513916438
add-float4,0,2-stackful,1,3,False,2360913,0.051833448000000004,21.954831880717336
add-float4,0,2-stackful,1,4,False,2360913,0.051928053,21.99490324294034
add-float4,0,1x,1,0,True,2360913,0.0155771,6.5979136037626125
add-float4,0,1x,1,1,True,2360913,0.0156457,6.626970159425611
add-float4,0,1x,1,2,False,2360913,0.0154287,6.535056564981429
add-float4,0,1x,1,3,False,2360913,0.0157909,6.688471790362457
add-float4,0,1x,1,4,False,2360913,0.0156709,6.637643996199776
add-float4,0,2-stackless,1,0,True,2360913,0.044858154,19.000341816915743
add-float4,0,2-stackless,1,1,True,2360913,0.044681254000000004,18.925413177020925
add-float4,0,2-stackless,1,2,False,2360913,0.04479326700000001,18.972857957917135
add-float4,0,2-stackless,1,3,False,2360913,0.04445539099999998,18.829745526412868
add-float4,0,2-stackless,1,4,False,2360913,0.04442178100000002,18.81550950839782
add-float4,0,2-stackless,2,0,True,2360913,0.045058738,19.08530216911847
add-float4,0,2-stackless,2,1,True,2360913,0.044508083,18.852064010829707
add-float4,0,2-stackless,2,2,False,2360913,0.04465168599999998,18.912889208539234
add-float4,0,2-stackless,2,3,False,2360913,0.044916179,19.02491917321816
add-float4,0,2-stackless,2,4,False,2360913,0.04463436500000001,18.90555264001681
add-float4,0,1x,2,0,True,2360913,0.015779,6.683431367441325
add-float4,0,1x,2,1,True,2360913,0.0157886,6.687497590974339
add-float4,0,1x,2,2,False,2360913,0.015419,6.530947984953278
add-float4,0,1x,2,3,False,2360913,0.0158159,6.699060914146349
add-float4,0,1x,2,4,False,2360913,0.0157707,6.679915778345071
add-float4,0,2-stackful,2,0,True,2360913,0.051444979,21.79029002762914
add-float4,0,2-stackful,2,1,True,2360913,0.051622059000000005,21.86529490921521
add-float4,0,2-stackful,2,2,False,2360913,0.05179052000000001,21.936649084485538
add-float4,0,2-stackful,2,3,False,2360913,0.05158538500000001,21.849761088189194
add-float4,0,2-stackful,2,4,False,2360913,0.05219048400000004,22.106059816689577
assign-int,8,2-stackful,0,0,True,629430,0.030232119999999998,48.03094863606755
assign-int,8,2-stackful,0,1,True,629430,0.030698967,48.77264668032982
assign-int,8,2-stackful,0,2,False,629430,0.030867787999999993,49.040859190060836
assign-int,8,2-stackful,0,3,False,629430,0.030770805999999998,48.886780102632535
assign-int,8,2-stackful,0,4,False,629430,0.03061891900000001,48.64547129942965
assign-int,8,1x,0,0,True,629430,0.0196928,31.286719730549862
assign-int,8,1x,0,1,True,629430,0.0200722,31.88948731391894
assign-int,8,1x,0,2,False,629430,0.0202499,32.17180623738938
assign-int,8,1x,0,3,False,629430,0.0201804,32.0613888756494
assign-int,8,1x,0,4,False,629430,0.0197105,31.314840411165658
assign-int,8,2-stackless,0,0,True,629430,0.028557066,45.36972498927601
assign-int,8,2-stackless,0,1,True,629430,0.028847861,45.83172235196924
assign-int,8,2-stackless,0,2,False,629430,0.029251572999999996,46.47311535834008
assign-int,8,2-stackless,0,3,False,629430,0.028755694999999998,45.685294631650855
assign-int,8,2-stackless,0,4,False,629430,0.028750157000000012,45.67649619497007
assign-int,8,2-stackless,1,0,True,629430,0.028547397,45.3543634717125
assign-int,8,2-stackless,1,1,True,629430,0.0289062,45.9244077975311
assign-int,8,2-stackless,1,2,False,629430,0.028374427999999993,45.07956087253546
assign-int,8,2-stackless,1,3,False,629430,0.028905769999999997,45.923724639753424
assign-int,8,2-stackless,1,4,False,629430,0.02879441399999999,45.74680901768265
assign-int,8,1x,1,0,True,629430,0.0197156,31.32294298015665
assign-int,8,1x,1,1,True,629430,0.0200732,31.891076052936786
assign-int,8,1x,1,2,False,629430,0.0200959,31.92714042864179
assign-int,8,1x,1,3,False,629430,0.0202044,32.099518612077595
assign-int,8,1x,1,4,False,629430,0.0200625,31.87407654544588
assign-int,8,2-stackful,1,0,True,629430,0.030607571,48.627442289055175
assign-int,8,2-stackful,1,1,True,629430,0.030983183,49.224191729024675
assign-int,8,2-stackful,1,2,False,629430,0.031152578,49.49331617495194
assign-int,8,2-stackful,1,3,False,629430,0.030693656,48.76420888740606
assign-int,8,2-stackful,1,4,False,629430,0.030663353000000004,48.71606532894842
assign-int,8,2-stackful,2,0,True,629430,0.030664082999999998,48.717225108431435
assign-int,8,2-stackful,2,1,True,629430,0.030994228,49.24173935147673
assign-int,8,2-stackful,2,2,False,629430,0.030551264,48.53798516117757
assign-int,8,2-stackful,2,3,False,629430,0.030653408000000007,48.70026531941599
assign-int,8,2-stackful,2,4,False,629430,0.030561134000000004,48.553666015283675
assign-int,8,2-stackless,2,0,True,629430,0.028994152,46.0641405716283
assign-int,8,2-stackless,2,1,True,629430,0.02895689,46.00494097834549
assign-int,8,2-stackless,2,2,False,629430,0.029236161999999996,46.44863130133612
assign-int,8,2-stackless,2,3,False,629430,0.028890839,45.900003177478034
assign-int,8,2-stackless,2,4,False,629430,0.028947727000000006,45.99038336272502
assign-int,8,1x,2,0,True,629430,0.0203466,32.32543730041466
assign-int,8,1x,2,1,True,629430,0.019757,31.38871677549529
assign-int,8,1x,2,2,False,629430,0.0195954,31.131976550212098
assign-int,8,1x,2,3,False,629430,0.0205221,32.60426099804585
assign-int,8,1x,2,4,False,629430,0.0203784,32.37595920118202
get-seq,8,2-stackless,0,0,True,663852,0.020605514999999998,31.039320511198273
get-seq,8,2-stackless,0,1,True,663852,0.020649223,31.105160487578555
get-seq,8,2-stackless,0,2,False,663852,0.020841972,31.395509842555267
get-seq,8,2-stackless,0,3,False,663852,0.020842423,31.396189210848203
get-seq,8,2-stackless,0,4,False,663852,0.020961897000000007,31.57616004772149
get-seq,8,2-stackful,0,0,True,663852,0.022683332,34.16926061833059
get-seq,8,2-stackful,0,1,True,663852,0.022430952000000004,33.78908551906148
get-seq,8,2-stackful,0,2,False,663852,0.022250675999999997,33.517524990509926
get-seq,8,2-stackful,0,3,False,663852,0.02221968099999999,33.47083536691912
get-seq,8,2-stackful,0,4,False,663852,0.022885424,34.473683893397926
get-seq,8,1x,0,0,True,663852,0.0679921,102.42056964504137
get-seq,8,1x,0,1,True,663852,0.0713129,107.42288943921236
get-seq,8,1x,0,2,False,663852,0.0717902,108.1418749962341
get-seq,8,1x,0,3,False,663852,0.072458,109.147822104927
get-seq,8,1x,0,4,False,663852,0.0699742,105.40632550628754
get-seq,8,2-stackless,1,0,True,663852,0.020324403,30.615864680681838
get-seq,8,2-stackless,1,1,True,663852,0.020328859000000005,30.622577020179204
get-seq,8,2-stackless,1,2,False,663852,0.020240398,30.48932292137404
get-seq,8,2-stackless,1,3,False,663852,0.020462441999999997,30.82380108819435
get-seq,8,2-stackless,1,4,False,663852,0.020461581000000006,30.822504112362406
get-seq,8,1x,1,0,True,663852,0.0577599,87.00719437464977
get-seq,8,1x,1,1,True,663852,0.0567955,85.55446093406361
get-seq,8,1x,1,2,False,663852,0.0573461,86.38386266818507
get-seq,8,1x,1,3,False,663852,0.0561696,84.61163030313986
get-seq,8,1x,1,4,False,663852,0.0566132,85.27985153317306
get-seq,8,2-stackful,1,0,True,663852,0.022317056999999998,33.61751866379855
get-seq,8,2-stackful,1,1,True,663852,0.022308683,33.60490440640384
get-seq,8,2-stackful,1,2,False,663852,0.022221631000000006,33.47377276862916
get-seq,8,2-stackful,1,3,False,663852,0.022585900000000006,34.022492965299506
get-seq,8,2-stackful,1,4,False,663852,0.022580231999999992,34.01395491766236
get-seq,8,1x,2,0,True,663852,0.0562075,84.66872134150383
get-seq,8,1x,2,1,True,663852,0.0569704,85.81792327205461
get-seq,8,1x,2,2,False,663852,0.0575833,86.74117122491158
get-seq,8,1x,2,3,False,663852,0.0558757,84.16891114284509
get-seq,8,1x,2,4,False,663852,0.0572116,86.18125726818629
get-seq,8,2-stackless,2,0,True,663852,0.020440594000000003,30.79089013816333
get-seq,8,2-stackless,2,1,True,663852,0.020544197,30.946953537836748
get-seq,8,2-stackless,2,2,False,663852,0.020598740000000004,31.029114923205782
get-seq,8,2-stackless,2,3,False,663852,0.020307541,30.59046444086935
get-seq,8,2-stackless,2,4,False,663852,0.02078803800000001,31.31426583033569
get-seq,8,2-stackful,2,0,True,663852,0.022498015,33.89010652976868
get-seq,8,2-stackful,2,1,True,663852,0.022378977,33.71079246579057
get-seq,8,2-stackful,2,2,False,663852,0.022464989999999997,33.84035899567976
get-seq,8,2-stackful,2,3,False,663852,0.022605858000000006,34.052556895211595
get-seq,8,2-stackful,2,4,False,663852,0.022379945,33.71225062212662
update-int,64,2-stackless,0,0,True,229255,0.020509421,89.46117205731609
update-int,64,2-stackless,0,1,True,229255,0.020722407,90.3902074109616
update-int,64,2-stackless,0,2,False,229255,0.020903381,91.17960786024297
update-int,64,2-stackless,0,3,False,229255,0.020780786999999995,90.64485834551044
update-int,64,2-stackless,0,4,False,229255,0.020892513,91.13220213299601
update-int,64,1x,0,0,True,229255,0.0198801,86.71610215698676
update-int,64,1x,0,1,True,229255,0.0194809,84.97480970971189
update-int,64,1x,0,2,False,229255,0.0194324,84.76325489084208
update-int,64,1x,0,3,False,229255,0.0197436,86.1206952956315
update-int,64,1x,0,4,False,229255,0.0192846,84.11855793766766
update-int,64,2-stackful,0,0,True,229255,0.021413508,93.40475889293582
update-int,64,2-stackful,0,1,True,229255,0.021438636,93.51436609888552
update-int,64,2-stackful,0,2,False,229255,0.021464136999999994,93.62560031406073
update-int,64,2-stackful,0,3,False,229255,0.021427638,93.4663933174849
update-int,64,2-stackful,0,4,False,229255,0.020918554000000006,91.24579180388653
update-int,64,2-stackful,1,0,True,229255,0.021318442,92.9900852762208
update-int,64,2-stackful,1,1,True,229255,0.021631590999999995,94.35602713136026
update-int,64,2-stackful,1,2,False,229255,0.021459036,93.60334998146169
update-int,64,2-stackful,1,3,False,229255,0.02162032,94.30686353623695
update-int,64,2-stackful,1,4,False,229255,0.021306665000000002,92.9387145318532
update-int,64,2-stackless,1,0,True,229255,0.020534062,89.56865499116704
update-int,64,2-stackless,1,1,True,229255,0.020963805,91.44317463086955
update-int,64,2-stackless,1,2,False,229255,0.020941789000000002,91.34714182896776
update-int,64,2-stackless,1,3,False,229255,0.020796833999999993,90.71485463784865
update-int,64,2-stackless,1,4,False,229255,0.020576335,89.75304791607599
update-int,64,1x,1,0,True,229255,0.0194282,84.74493467972346
update-int,64,1x,1,1,True,229255,0.0196419,85.67708446925913
update-int,64,1x,1,2,False,229255,0.0199472,87.0087893393819
update-int,64,1x,1,3,False,229255,0.0198199,86.45351246428649
update-int,64,1x,1,4,False,229255,0.0199464,87.00529977535932
update-int,64,1x,2,0,True,229255,0.0195424,85.24306994394888
update-int,64,1x,2,1,True,229255,0.0197415,86.11153519007219
update-int,64,1x,2,2,False,229255,0.0198169,86.44042659920176
update-int,64,1x,2,3,False,229255,0.0197533,86.16300625940546
update-int,64,1x,2,4,False,229255,0.0197994,86.3640923862075
update-int,64,2-stackless,2,0,True,229255,0.020582952999999998,89.78191533445289
update-int,64,2-stackless,2,1,True,229255,0.020913514,91.22380755054415
update-int,64,2-stackless,2,2,False,229255,0.020976729999999992,91.49955289960957
update-int,64,2-stackless,2,3,False,229255,0.020846197999999996,90.93017818586289
update-int,64,2-stackless,2,4,False,229255,0.020910863000000002,91.21224400776428
update-int,64,2-stackful,2,0,True,229255,0.021463642,93.62344114632178
update-int,64,2-stackful,2,1,True,229255,0.021674976,94.54527055026062
update-int,64,2-stackful,2,2,False,229255,0.021335925,93.06634533597959
update-int,64,2-stackful,2,3,False,229255,0.021324031000000007,93.01446424287369
update-int,64,2-stackful,2,4,False,229255,0.021649106,94.43242677367996
get-int,256,2-stackful,0,0,True,149063,0.039663142,266.0830789666114
get-int,256,2-stackful,0,1,True,149063,0.040321858,270.5021232633182
get-int,256,2-stackful,0,2,False,149063,0.039980378999999996,268.2112865030222
get-int,256,2-stackful,0,3,False,149063,0.039737907,266.58464541838015
get-int,256,2-stackful,0,4,False,149063,0.03963251699999998,265.87762892199925
get-int,256,2-stackless,0,0,True,149063,0.039292516,263.5967074324279
get-int,256,2-stackless,0,1,True,149063,0.039912888,267.7585182104211
get-int,256,2-stackless,0,2,False,149063,0.039522323,265.13838444147774
get-int,256,2-stackless,0,3,False,149063,0.03915510100000001,262.67484888939583
get-int,256,2-stackless,0,4,False,149063,0.039556518999999984,265.36779079986303
get-int,256,1x,0,0,True,149063,0.0194805,130.68635409189403
get-int,256,1x,0,1,True,149063,0.0193671,129.92560192670214
get-int,256,1x,0,2,False,149063,0.0194408,130.420023748348
get-int,256,1x,0,3,False,149063,0.0191583,128.52485190825357
get-int,256,1x,0,4,False,149063,0.0195198,130.95000100628593
get-int,256,2-stackful,1,0,True,149063,0.039582609000000005,265.5428174664404
get-int,256,2-stackful,1,1,True,149063,0.039218511,263.100239496052
get-int,256,2-stackful,1,2,False,149063,0.039520415,265.1255844844126
get-int,256,2-stackful,1,3,False,149063,0.03977037100000001,266.8024325285283
get-int,256,2-stackful,1,4,False,149063,0.03964056199999999,265.93159939086155
get-int,256,2-stackless,1,0,True,149063,0.039587974,265.57880895996993
get-int,256,2-stackless,1,1,True,149063,0.039760814,266.7383186974635
get-int,256,2-stackless,1,2,False,149063,0.039490598,264.92555496669195
get-int,256,2-stackless,1,3,False,149063,0.03936841399999999,264.1058746972756
get-int,256,2-stackless,1,4,False,149063,0.039674492000000006,266.15922126885954
get-int,256,1x,1,0,True,149063,0.0194951,130.78429925601927
get-int,256,1x,1,1,True,149063,0.0192515,129.1500909011626
get-int,256,1x,1,2,False,149063,0.0193116,129.55327613156854
get-int,256,1x,1,3,False,149063,0.0193169,129.58883156786058
get-int,256,1x,1,4,False,149063,0.0196421,131.7704594701569
get-int,256,2-stackless,2,0,True,149063,0.039732116,266.5457960728014
get-int,256,2-stackless,2,1,True,149063,0.039487937,264.9077034542442
get-int,256,2-stackless,2,2,False,149063,0.039562446,265.40755251135425
get-int,256,2-stackless,2,3,False,149063,0.03956657999999999,265.435285751662
get-int,256,2-stackless,2,4,False,149063,0.039780643000000004,266.87134298920597
get-int,256,2-stackful,2,0,True,149063,0.039730452,266.5346330075203
get-int,256,2-stackful,2,1,True,149063,0.039947288,267.98929311767506
get-int,256,2-stackful,2,2,False,149063,0.039843764000000004,267.2947948182983
get-int,256,2-stackful,2,3,False,149063,0.039605632,265.6972689399784
get-int,256,2-stackful,2,4,False,149063,0.04005660899999999,268.7226810140678
get-int,256,1x,2,0,True,149063,0.0195025,130.8339426953704
get-int,256,1x,2,1,True,149063,0.0195761,131.32769365972777
get-int,256,1x,2,2,False,149063,0.0193776,129.99604194199767
get-int,256,1x,2,3,False,149063,0.0192819,129.3540315168754
get-int,256,1x,2,4,False,149063,0.0192419,129.0856886014638
assign-seq,8,1x,0,0,True,213054,0.134261,630.1735710195537
assign-seq,8,1x,0,1,True,213054,0.133634,627.2306551390727
assign-seq,8,1x,0,2,False,213054,0.135091,634.0692969857407
assign-seq,8,1x,0,3,False,213054,0.135007,633.6750307433796
assign-seq,8,1x,0,4,False,213054,0.134083,629.3381020774077
assign-seq,8,2-stackless,0,0,True,213054,0.019990973999999998,93.8305500014081
assign-seq,8,2-stackless,0,1,True,213054,0.019566483000000003,91.83813962657356
assign-seq,8,2-stackless,0,2,False,213054,0.019526907999999996,91.65238859631829
assign-seq,8,2-stackless,0,3,False,213054,0.019438131999999997,91.23570550189152
assign-seq,8,2-stackless,0,4,False,213054,0.019580996000000003,91.90625850723292
assign-seq,8,2-stackful,0,0,True,213054,0.020395018999999997,95.72699409539364
assign-seq,8,2-stackful,0,1,True,213054,0.020306219,95.31019835346908
assign-seq,8,2-stackful,0,2,False,213054,0.020409723999999997,95.79601415603554
assign-seq,8,2-stackful,0,3,False,213054,0.020148804000000006,94.57134810893017
assign-seq,8,2-stackful,0,4,False,213054,0.020284756,95.20945863490007
assign-seq,8,2-stackless,1,0,True,213054,0.01966985,92.32330770602758
assign-seq,8,2-stackless,1,1,True,213054,0.019491276999999998,91.48514930487104
assign-seq,8,2-stackless,1,2,False,213054,0.019636091,92.1648549194101
assign-seq,8,2-stackless,1,3,False,213054,0.019474032999999995,91.40421207768921
assign-seq,8,2-stackless,1,4,False,213054,0.019845111,93.14592075248528
assign-seq,8,1x,1,0,True,213054,0.135638,636.6367212068302
assign-seq,8,1x,1,1,True,213054,0.135674,636.8056924535564
assign-seq,8,1x,1,2,False,213054,0.135743,637.1295540097816
assign-seq,8,1x,1,3,False,213054,0.133772,627.878378251523
assign-seq,8,1x,1,4,False,213054,0.134438,631.0043463159575
assign-seq,8,2-stackful,1,0,True,213054,0.020485967,96.1538717883729
assign-seq,8,2-stackful,1,1,True,213054,0.020388817000000004,95.69788410449935
assign-seq,8,2-stackful,1,2,False,213054,0.020350331,95.51724445445755
assign-seq,8,2-stackful,1,3,False,213054,0.02037052300000001,95.61201854928801
assign-seq,8,2-stackful,1,4,False,213054,0.02033194399999999,95.43094239019213
assign-seq,8,2-stackful,2,0,True,213054,0.020535916,96.38831469955974
assign-seq,8,2-stackful,2,1,True,213054,0.02031499,95.35136632027562
assign-seq,8,2-stackful,2,2,False,213054,0.020433219000000002,95.90629136275312
assign-seq,8,2-stackful,2,3,False,213054,0.020187508,94.75301097374374
assign-seq,8,2-stackful,2,4,False,213054,0.020215383000000003,94.883846348813
assign-seq,8,2-stackless,2,0,True,213054,0.019586256,91.9309470838379
assign-seq,8,2-stackless,2,1,True,213054,0.019956588,93.66915429891013
assign-seq,8,2-stackless,2,2,False,213054,0.019699823999999998,92.46399504351008
assign-seq,8,2-stackless,2,3,False,213054,0.019493670000000005,91.49638119913263
assign-seq,8,2-stackless,2,4,False,213054,0.019450224000000002,91.29246106620859
assign-seq,8,1x,2,0,True,213054,0.13388,628.3852919917016
assign-seq,8,1x,2,1,True,213054,0.133489,626.5500765064256
assign-seq,8,1x,2,2,False,213054,0.133111,624.7758784158007
assign-seq,8,1x,2,3,False,213054,0.133377,626.0243881832774
assign-seq,8,1x,2,4,False,213054,0.133502,626.6110939010767
take-table,256,1x,0,0,True,22059,0.0198935,901.8314520150506
take-table,256,1x,0,1,True,22059,0.0199054,902.3709143660184
take-table,256,1x,0,2,False,22059,0.0200309,908.0602021850492
take-table,256,1x,0,3,False,22059,0.0201717,914.4430844553243
take-table,256,1x,0,4,False,22059,0.0202768,919.2075796726959
take-table,256,2-stackless,0,0,True,22059,0.075046972,3402.1021805158894
take-table,256,2-stackless,0,1,True,22059,0.075206771,3409.3463438959157
take-table,256,2-stackless,0,2,False,22059,0.07587617499999999,3439.692415794006
take-table,256,2-stackless,0,3,False,22059,0.075263565,3411.920984632123
take-table,256,2-stackless,0,4,False,22059,0.075532129,3424.095788567025
take-table,256,2-stackful,0,0,True,22059,0.078418609,3554.9485017453194
take-table,256,2-stackful,0,1,True,22059,0.078010505,3536.447935083186
take-table,256,2-stackful,0,2,False,22059,0.07778594900000002,3526.268144521511
take-table,256,2-stackful,0,3,False,22059,0.07815148899999996,3542.8391586200632
take-table,256,2-stackful,0,4,False,22059,0.07718229500000001,3498.9027154449436
take-table,256,2-stackless,1,0,True,22059,0.07484633,3393.006482614806
take-table,256,2-stackless,1,1,True,22059,0.075079444,3403.5742327394714
take-table,256,2-stackless,1,2,False,22059,0.07503068999999998,3401.3640690874468
take-table,256,2-stackless,1,3,False,22059,0.07574721000000004,3433.8460492316076
take-table,256,2-stackless,1,4,False,22059,0.07523610000000003,3410.6759145926844
take-table,256,2-stackful,1,0,True,22059,0.078369358,3552.7158076068727
take-table,256,2-stackful,1,1,True,22059,0.07762068800000001,3518.776372455687
take-table,256,2-stackful,1,2,False,22059,0.07859475299999999,3562.933632530939
take-table,256,2-stackful,1,3,False,22059,0.07898300000000003,3580.534022394489
take-table,256,2-stackful,1,4,False,22059,0.07792211900000001,3532.441135137586
take-table,256,1x,1,0,True,22059,0.0203421,922.1678226574187
take-table,256,1x,1,1,True,22059,0.0202002,915.735074119407
take-table,256,1x,1,2,False,22059,0.0200217,907.6431388548891
take-table,256,1x,1,3,False,22059,0.0196765,891.9941973797543
take-table,256,1x,1,4,False,22059,0.019764,895.9608323133415
take-table,256,2-stackless,2,0,True,22059,0.07533591299999999,3415.200734394124
take-table,256,2-stackless,2,1,True,22059,0.07511412199999999,3405.14628949635
take-table,256,2-stackless,2,2,False,22059,0.075249748,3411.2946189763816
take-table,256,2-stackless,2,3,False,22059,0.07598139000000001,3444.4621243030065
take-table,256,2-stackless,2,4,False,22059,0.07503800799999999,3401.6958157668064
take-table,256,1x,2,0,True,22059,0.0203716,923.505145292171
take-table,256,1x,2,1,True,22059,0.0199741,905.4852894510177
take-table,256,1x,2,2,False,22059,0.0202158,916.4422684618523
take-table,256,1x,2,3,False,22059,0.0199443,904.1343669250646
take-table,256,1x,2,4,False,22059,0.0198145,898.2501473321547
take-table,256,2-stackful,2,0,True,22059,0.077443299,3510.734802121583
take-table,256,2-stackful,2,1,True,22059,0.07756120600000001,3516.0798766943203
take-table,256,2-stackful,2,2,False,22059,0.07810417900000002,3540.6944557776883
take-table,256,2-stackful,2,3,False,22059,0.07738756599999999,3508.2082596672553
take-table,256,2-stackful,2,4,False,22059,0.077624621,3518.9546670293303
assign-string,64,2-stackful,0,0,True,61708,0.043765039,709.2279607182213
assign-string,64,2-stackful,0,1,True,61708,0.043526616,705.3642315421015
assign-string,64,2-stackful,0,2,False,61708,0.04354300900000001,705.6298859143062
assign-string,64,2-stackful,0,3,False,61708,0.043605280999999996,706.6390257341025
assign-string,64,2-stackful,0,4,False,61708,0.043205965999999985,700.1679847021453
assign-string,64,2-stackless,0,0,True,61708,0.043503659,704.9922052246062
assign-string,64,2-stackless,0,1,True,61708,0.043661193,707.545099500875
assign-string,64,2-stackless,0,2,False,61708,0.043187292,699.8653659168989
assign-string,64,2-stackless,0,3,False,61708,0.043383172,703.0396707072017
assign-string,64,2-stackless,0,4,False,61708,0.043406261,703.4138361314579
assign-string,64,1x,0,0,True,61708,0.0192621,312.1491540805082
assign-string,64,1x,0,1,True,61708,0.0192907,312.6126272120309
assign-string,64,1x,0,2,False,61708,0.01912,309.84637324171905
assign-string,64,1x,0,3,False,61708,0.0191767,310.76521682763985
assign-string,64,1x,0,4,False,61708,0.0192496,311.9465871523951
assign-string,64,2-stackful,1,0,True,61708,0.043688149,707.9819310300123
assign-string,64,2-stackful,1,1,True,61708,0.043600925000000006,706.5684352109938
assign-string,64,2-stackful,1,2,False,61708,0.043703514,708.2309262980489
assign-string,64,2-stackful,1,3,False,61708,0.04387047799999999,710.9366370648861
assign-string,64,2-stackful,1,4,False,61708,0.04382290899999999,710.1657645686133
assign-string,64,1x,1,0,True,61708,0.0191569,310.4443508135088
assign-string,64,1x,1,1,True,61708,0.0192238,311.5284890127698
assign-string,64,1x,1,2,False,61708,0.0192031,311.1930381798146
assign-string,64,1x,1,3,False,61708,0.020194,327.2509237051922
assign-string,64,1x,1,4,False,61708,0.0191572,310.4492124197835
assign-string,64,2-stackless,1,0,True,61708,0.043414459,703.5466876255915
assign-string,64,2-stackless,1,1,True,61708,0.04356398599999999,705.9698256303882
assign-string,64,2-stackless,1,2,False,61708,0.043572623000000005,706.1097912750374
assign-string,64,2-stackless,1,3,False,61708,0.043706891,708.2856517793479
assign-string,64,2-stackless,1,4,False,61708,0.043042460000000005,697.5183120503016
assign-string,64,2-stackless,2,0,True,61708,0.043409712,703.4697608089713
assign-string,64,2-stackless,2,1,True,61708,0.04338174400000001,703.0165294613341
assign-string,64,2-stackless,2,2,False,61708,0.04289490400000001,695.1271147987297
assign-string,64,2-stackless,2,3,False,61708,0.04362091900000001,706.8924450638492
assign-string,64,2-stackless,2,4,False,61708,0.04315859799999999,699.4003694820767
assign-string,64,2-stackful,2,0,True,61708,0.043121184,698.7940623582032
assign-string,64,2-stackful,2,1,True,61708,0.043884256999999996,711.1599306410837
assign-string,64,2-stackful,2,2,False,61708,0.04339519400000001,703.2344914759839
assign-string,64,2-stackful,2,3,False,61708,0.043446209999999985,704.0612238283527
assign-string,64,2-stackful,2,4,False,61708,0.043543652000000016,705.6403059570885
assign-string,64,1x,2,0,True,61708,0.0193825,314.1002787320931
assign-string,64,1x,2,1,True,61708,0.0199638,323.52045115706227
assign-string,64,1x,2,2,False,61708,0.0192283,311.6014131068905
assign-string,64,1x,2,3,False,61708,0.0192021,311.17683282556555
assign-string,64,1x,2,4,False,61708,0.0196491,318.4206261748882
const-int,256,2-stackful,0,0,True,157039,0.03106983,197.8478594489267
const-int,256,2-stackful,0,1,True,157039,0.030970757,197.21697794815302
const-int,256,2-stackful,0,2,False,157039,0.031184320999999994,198.5769203828348
const-int,256,2-stackful,0,3,False,157039,0.031507942,200.6376887270041
const-int,256,2-stackful,0,4,False,157039,0.030943262,197.04189405179605
const-int,256,1x,0,0,True,157039,0.0200907,127.93446213997797
const-int,256,1x,0,1,True,157039,0.0200584,127.72878074873121
const-int,256,1x,0,2,False,157039,0.0203757,129.74929794509643
const-int,256,1x,0,3,False,157039,0.0202377,128.8705353447233
const-int,256,1x,0,4,False,157039,0.0203295,129.45510350931934
const-int,256,2-stackless,0,0,True,157039,0.030384954000000002,193.48667528448348
const-int,256,2-stackless,0,1,True,157039,0.030396278000000002,193.55878476047354
const-int,256,2-stackless,0,2,False,157039,0.030509390000000004,194.27906443622288
const-int,256,2-stackless,0,3,False,157039,0.030806292,196.16969033170105
const-int,256,2-stackless,0,4,False,157039,0.030703175,195.51305726602945
const-int,256,2-stackless,1,0,True,157039,0.030540655,194.4781551079668
const-int,256,2-stackless,1,1,True,157039,0.030709746000000003,195.5549003750661
const-int,256,2-stackless,1,2,False,157039,0.030680538,195.3689083603436
const-int,256,2-stackless,1,3,False,157039,0.030701788000000008,195.50422506511126
const-int,256,2-stackless,1,4,False,157039,0.030500814,194.2244537981011
const-int,256,1x,1,0,True,157039,0.0200852,127.89943899286165
const-int,256,1x,1,1,True,157039,0.0204147,129.9976438973758
const-int,256,1x,1,2,False,157039,0.020058,127.72623361075911
const-int,256,1x,1,3,False,157039,0.0199254,126.88185737300925
const-int,256,1x,1,4,False,157039,0.0198383,126.32721807958532
const-int,256,2-stackful,1,0,True,157039,0.030539156,194.46860970841638
const-int,256,2-stackful,1,1,True,157039,0.030985610999999996,197.31156591674676
const-int,256,2-stackful,1,2,False,157039,0.031096141,198.01540381688625
const-int,256,2-stackful,1,3,False,157039,0.031064757,197.8155553715956
const-int,256,2-stackful,1,4,False,157039,0.03097375499999999,197.23606874725382
const-int,256,1x,2,0,True,157039,0.0201268,128.16434134195964
const-int,256,1x,2,1,True,157039,0.0202215,128.7673762568534
const-int,256,1x,2,2,False,157039,0.0205535,130.88150077369315
const-int,256,1x,2,3,False,157039,0.0201857,128.5394074083508
const-int,256,1x,2,4,False,157039,0.0201896,128.56424200357873
const-int,256,2-stackless,2,0,True,157039,0.030552282,194.5521940409707
const-int,256,2-stackless,2,1,True,157039,0.030681472,195.37485592750846
const-int,256,2-stackless,2,2,False,157039,0.030715981999999996,195.59461025605103
const-int,256,2-stackless,2,3,False,157039,0.030942111000000008,197.03456466228138
const-int,256,2-stackless,2,4,False,157039,0.030727483,195.66784684059374
const-int,256,2-stackful,2,0,True,157039,0.031055595000000002,197.75721317634472
const-int,256,2-stackful,2,1,True,157039,0.031195873000000002,198.65048172746899
const-int,256,2-stackful,2,2,False,157039,0.030672813,195.3197167582575
const-int,256,2-stackful,2,3,False,157039,0.030729166000000002,195.67856392361136
const-int,256,2-stackful,2,4,False,157039,0.031113132999999987,198.12360623794083
update-seq,8,1x,0,0,True,525826,0.0894594,170.13118407990476
update-seq,8,1x,0,1,True,525826,0.0887677,168.81572991826192
update-seq,8,1x,0,2,False,525826,0.0887924,168.86270363199995
update-seq,8,1x,0,3,False,525826,0.0889548,169.17155104540285
update-seq,8,1x,0,4,False,525826,0.0877721,166.92232791836082
update-seq,8,2-stackful,0,0,True,525826,0.022322925,42.453064321657735
update-seq,8,2-stackful,0,1,True,525826,0.022640112,43.0562809750754
update-seq,8,2-stackful,0,2,False,525826,0.022341785999999995,42.48893360160965
update-seq,8,2-stackful,0,3,False,525826,0.022116225000000003,42.059968506692336
update-seq,8,2-stackful,0,4,False,525826,0.02207629600000001,41.98403274086866
update-seq,8,2-stackless,0,0,True,525826,0.020345007000000002,38.69151962816597
update-seq,8,2-stackless,0,1,True,525826,0.020203246999999997,38.42192474316598
update-seq,8,2-stackless,0,2,False,525826,0.020088762000000003,38.20420062910545
update-seq,8,2-stackless,0,3,False,525826,0.020220291,38.454338507415
update-seq,8,2-stackless,0,4,False,525826,0.020139486999999998,38.300667901549176
update-seq,8,2-stackful,1,0,True,525826,0.021667487,41.20657213602979
update-seq,8,2-stackful,1,1,True,525826,0.021587234,41.05394940531659
update-seq,8,2-stackful,1,2,False,525826,0.021893268999999993,41.63595752207002
update-seq,8,2-stackful,1,3,False,525826,0.021840110999999995,41.53486324373461
update-seq,8,2-stackful,1,4,False,525826,0.021896880999999993,41.64282671454054
update-seq,8,1x,1,0,True,525826,0.0899045,170.97766181208232
update-seq,8,1x,1,1,True,525826,0.0888776,169.02473441784926
update-seq,8,1x,1,2,False,525826,0.0891556,169.55342641862518
update-seq,8,1x,1,3,False,525826,0.0881046,167.55466637252627
update-seq,8,1x,1,4,False,525826,0.0890737,169.39767147307285
update-seq,8,2-stackless,1,0,True,525826,0.020367013,38.7333699740979
update-seq,8,2-stackless,1,1,True,525826,0.020134637999999996,38.29144621985219
update-seq,8,2-stackless,1,2,False,525826,0.020004915999999998,38.044744839547675
update-seq,8,2-stackless,1,3,False,525826,0.020233037999999995,38.47858036688942
update-seq,8,2-stackless,1,4,False,525826,0.020237708000000007,38.48746163179456
update-seq,8,2-stackless,2,0,True,525826,0.020092181,38.210702780007075
update-seq,8,2-stackless,2,1,True,525826,0.020207640000000002,38.43027921784013
update-seq,8,2-stackless,2,2,False,525826,0.020076678,38.18121964299978
update-seq,8,2-stackless,2,3,False,525826,0.020495918999999994,38.97851951025623
update-seq,8,2-stackless,2,4,False,525826,0.020166300999999998,38.35166195661682
update-seq,8,1x,2,0,True,525826,0.094849,180.38096252372458
update-seq,8,1x,2,1,True,525826,0.0952106,181.06864247869066
update-seq,8,1x,2,2,False,525826,0.0940854,178.92877111439907
update-seq,8,1x,2,3,False,525826,0.0945818,179.87280963664787
update-seq,8,1x,2,4,False,525826,0.0942142,179.17371906296
update-seq,8,2-stackful,2,0,True,525826,0.021921557,41.68975478580367
update-seq,8,2-stackful,2,1,True,525826,0.021743204,41.35056843898932
update-seq,8,2-stackful,2,2,False,525826,0.021567908000000004,41.01719580241373
update-seq,8,2-stackful,2,3,False,525826,0.021532900000000008,40.950618645711714
update-seq,8,2-stackful,2,4,False,525826,0.021843173000000007,41.540686462822315
make-table,8,1x,0,0,True,368323,0.0226781,61.57122960010643
make-table,8,1x,0,1,True,368323,0.0233037,63.269738789052
make-table,8,1x,0,2,False,368323,0.0223658,60.72333250978082
make-table,8,1x,0,3,False,368323,0.0224073,60.836005353996356
make-table,8,1x,0,4,False,368323,0.0224521,60.957637725583254
make-table,8,2-stackless,0,0,True,368323,0.114274192,310.2553791101832
make-table,8,2-stackless,0,1,True,368323,0.113382831,307.83532660192276
make-table,8,2-stackless,0,2,False,368323,0.11292011099999999,306.57903796396096
make-table,8,2-stackless,0,3,False,368323,0.11373184199999997,308.7828943617422
make-table,8,2-stackless,0,4,False,368323,0.113844693,309.089285762768
make-table,8,2-stackful,0,0,True,368323,0.114421204,310.6545179095522
make-table,8,2-stackful,0,1,True,368323,0.11414169299999999,309.89564322619003
make-table,8,2-stackful,0,2,False,368323,0.114154758,309.93111480955577
make-table,8,2-stackful,0,3,False,368323,0.11349055700000005,308.12780358544006
make-table,8,2-stackful,0,4,False,368323,0.11388742000000002,309.2052899221608
make-table,8,1x,1,0,True,368323,0.0193092,52.42463815726957
make-table,8,1x,1,1,True,368323,0.020409,55.410604279396075
make-table,8,1x,1,2,False,368323,0.0200865,54.53501410446809
make-table,8,1x,1,3,False,368323,0.019966,54.207855604998876
make-table,8,1x,1,4,False,368323,0.0203899,55.35874762097398
make-table,8,2-stackless,1,0,True,368323,0.113901381,309.24319415295815
make-table,8,2-stackless,1,1,True,368323,0.113838037,309.0712146675608
make-table,8,2-stackless,1,2,False,368323,0.11405111899999998,309.64973406493755
make-table,8,2-stackless,1,3,False,368323,0.114320688,310.3816161358373
make-table,8,2-stackless,1,4,False,368323,0.11377668299999999,308.9046380486692
make-table,8,2-stackful,1,0,True,368323,0.114888853,311.92418882339683
make-table,8,2-stackful,1,1,True,368323,0.11395563599999999,309.39049692796806
make-table,8,2-stackful,1,2,False,368323,0.11392417599999999,309.30508276702784
make-table,8,2-stackful,1,3,False,368323,0.11408279500000001,309.7357346676695
make-table,8,2-stackful,1,4,False,368323,0.11476175599999999,311.5791194142098
make-table,8,2-stackless,2,0,True,368323,0.11311025499999999,307.09528050108196
make-table,8,2-stackless,2,1,True,368323,0.112856168,306.40543218859534
make-table,8,2-stackless,2,2,False,368323,0.11364849500000002,308.55660656543307
make-table,8,2-stackless,2,3,False,368323,0.11292479899999996,306.5917659228448
make-table,8,2-stackless,2,4,False,368323,0.113720565,308.75227721320687
make-table,8,2-stackful,2,0,True,368323,0.114842921,311.79948306242073
make-table,8,2-stackful,2,1,True,368323,0.114666797,311.3213049415866
make-table,8,2-stackful,2,2,False,368323,0.11499315200000002,312.20736147348936
make-table,8,2-stackful,2,3,False,368323,0.11515530299999999,312.64760278342646
make-table,8,2-stackful,2,4,False,368323,0.11495107199999999,312.093113924463
make-table,8,1x,2,0,True,368323,0.0202336,54.93439182456702
make-table,8,1x,2,1,True,368323,0.0204847,55.6161304072784
make-table,8,1x,2,2,False,368323,0.0200473,54.42858577932956
make-table,8,1x,2,3,False,368323,0.0209027,56.75100387431684
make-table,8,1x,2,4,False,368323,0.0200708,54.49238847424679
add-int,64,1x,0,0,True,279757,0.0189825,67.8535300278456
add-int,64,1x,0,1,True,279757,0.0187986,67.19617382228148
add-int,64,1x,0,2,False,279757,0.0188591,67.41243293286674
add-int,64,1x,0,3,False,279757,0.0188271,67.29804794875552
add-int,64,1x,0,4,False,279757,0.018987,67.86961541623623
add-int,64,2-stackless,0,0,True,279757,0.021988318,78.59791890819533
add-int,64,2-stackless,0,1,True,279757,0.021453209999999997,76.68515890576464
add-int,64,2-stackless,0,2,False,279757,0.021730789999999993,77.6773771523143
add-int,64,2-stackless,0,3,False,279757,0.021467724000000007,76.73703964512062
add-int,64,2-stackless,0,4,False,279757,0.021430222999999998,76.60299116733451
add-int,64,2-stackful,0,0,True,279757,0.021439722,76.63694563496178
add-int,64,2-stackful,0,1,True,279757,0.021544265,77.01063780352234
add-int,64,2-stackful,0,2,False,279757,0.021759744999999997,77.7808776902812
add-int,64,2-stackful,0,3,False,279757,0.021503492,76.8648934611109
add-int,64,2-stackful,0,4,False,279757,0.021862358,78.14767101448757
add-int,64,1x,1,0,True,279757,0.0186352,66.61209549716361
add-int,64,1x,1,1,True,279757,0.0189366,67.68945906626108
add-int,64,1x,1,2,False,279757,0.0191835,68.57201070929413
add-int,64,1x,1,3,False,279757,0.0191327,68.39042454701759
add-int,64,1x,1,4,False,279757,0.0192675,68.87227129258606
add-int,64,2-stackful,1,0,True,279757,0.021572152,77.1103207426445
add-int,64,2-stackful,1,1,True,279757,0.021234421,75.90309089674253
add-int,64,2-stackful,1,2,False,279757,0.021423583999999996,76.57925985766217
add-int,64,2-stackful,1,3,False,279757,0.021475271000000004,76.76401662871707
add-int,64,2-stackful,1,4,False,279757,0.021432429000000003,76.61087658217669
add-int,64,2-stackless,1,0,True,279757,0.021617375,77.27197174690892
add-int,64,2-stackless,1,1,True,279757,0.021470469,76.74685173203888
add-int,64,2-stackless,1,2,False,279757,0.021194389999999994,75.75999885615013
add-int,64,2-stackless,1,3,False,279757,0.021260876999999997,75.99765868235646
add-int,64,2-stackless,1,4,False,279757,0.021467161,76.73502718430638
add-int,64,2-stackful,2,0,True,279757,0.021459124,76.7062986806407
add-int,64,2-stackful,2,1,True,279757,0.022202173999999998,79.36235375701054
add-int,64,2-stackful,2,2,False,279757,0.022484560000000008,80.37175119836147
add-int,64,2-stackful,2,3,False,279757,0.021822808,78.00629832318762
add-int,64,2-stackful,2,4,False,279757,0.021743682,77.72346000278813
add-int,64,1x,2,0,True,279757,0.0189124,67.60295542202698
add-int,64,1x,2,1,True,279757,0.0185647,66.3600910790436
add-int,64,1x,2,2,False,279757,0.0189984,67.91036506682585
add-int,64,1x,2,3,False,279757,0.0187697,67.09286988350604
add-int,64,1x,2,4,False,279757,0.0189119,67.60116815665023
add-int,64,2-stackless,2,0,True,279757,0.021871359,78.17984536579961
add-int,64,2-stackless,2,1,True,279757,0.021582566,77.1475459059112
add-int,64,2-stackless,2,2,False,279757,0.021606027,77.23140797191849
add-int,64,2-stackless,2,3,False,279757,0.021554372000000002,77.04676558584774
add-int,64,2-stackless,2,4,False,279757,0.021680414999999995,77.497310165608
assign-table,256,1x,0,0,True,9193,0.207968,22622.430109866204
assign-table,256,1x,0,1,True,9193,0.207803,22604.481670836507
assign-table,256,1x,0,2,False,9193,0.207384,22558.903513542915
assign-table,256,1x,0,3,False,9193,0.206733,22488.088763189382
assign-table,256,1x,0,4,False,9193,0.206642,22478.18992711846
assign-table,256,2-stackful,0,0,True,9193,0.020090249,2185.385510714674
assign-table,256,2-stackful,0,1,True,9193,0.020377779000000002,2216.662569346242
assign-table,256,2-stackful,0,2,False,9193,0.020032539000000002,2179.107908191015
assign-table,256,2-stackful,0,3,False,9193,0.020233171000000008,2200.93233982378
assign-table,256,2-stackful,0,4,False,9193,0.020259655999999987,2203.81333623409
assign-table,256,2-stackless,0,0,True,9193,0.020088688,2185.2157076036115
assign-table,256,2-stackless,0,1,True,9193,0.020123091,2188.9580115305125
assign-table,256,2-stackless,0,2,False,9193,0.020288571999999998,2206.9587729794403
assign-table,256,2-stackless,0,3,False,9193,0.02005181100000001,2181.2042858696846
assign-table,256,2-stackless,0,4,False,9193,0.02001745399999999,2177.466985750026
assign-table,256,2-stackful,1,0,True,9193,0.020094467,2185.844338083324
assign-table,256,2-stackful,1,1,True,9193,0.020194977,2196.7776569128687
assign-table,256,2-stackful,1,2,False,9193,0.020534066999999996,2233.6633307951697
assign-table,256,2-stackful,1,3,False,9193,0.020168064999999992,2193.850212117915
assign-table,256,2-stackful,1,4,False,9193,0.020225980000000005,2200.1501142173397
assign-table,256,2-stackless,1,0,True,9193,0.02022775,2200.3426520178396
assign-table,256,2-stackless,1,1,True,9193,0.020265029,2204.397802675949
assign-table,256,2-stackless,1,2,False,9193,0.020313337,2209.652670510171
assign-table,256,2-stackless,1,3,False,9193,0.020072847000000005,2183.4925486783427
assign-table,256,2-stackless,1,4,False,9193,0.020416345000000002,2220.8577178287833
assign-table,256,1x,1,0,True,9193,0.207136,22531.926465789187
assign-table,256,1x,1,1,True,9193,0.206902,22506.472315892526
assign-table,256,1x,1,2,False,9193,0.204951,22294.245621668662
assign-table,256,1x,1,3,False,9193,0.206238,22434.243446100292
assign-table,256,1x,1,4,False,9193,0.206646,22478.625040791907
assign-table,256,2-stackful,2,0,True,9193,0.020139503,2190.7432829326663
assign-table,256,2-stackful,2,1,True,9193,0.019857067,2160.0203415642336
assign-table,256,2-stackful,2,2,False,9193,0.019886354000000002,2163.206135102796
assign-table,256,2-stackful,2,3,False,9193,0.020012466,2176.9243989992387
assign-table,256,2-stackful,2,4,False,9193,0.020001172999999997,2175.6959643206783
assign-table,256,2-stackless,2,0,True,9193,0.020183332000000002,2195.5109322310454
assign-table,256,2-stackless,2,1,True,9193,0.019966504,2171.924725334494
assign-table,256,2-stackless,2,2,False,9193,0.019945265999999996,2169.6144892853254
assign-table,256,2-stackless,2,3,False,9193,0.020128546999999997,2189.5515065810937
assign-table,256,2-stackless,2,4,False,9193,0.019977291000000008,2173.098118133363
assign-table,256,1x,2,0,True,9193,0.206274,22438.159469161317
assign-table,256,1x,2,1,True,9193,0.207986,22624.388121396714
assign-table,256,1x,2,2,False,9193,0.207277,22547.2642227782
assign-table,256,1x,2,3,False,9193,0.208268,22655.063635374743
assign-table,256,1x,2,4,False,9193,0.20651,22463.831175894702
update-table,0,2-stackful,0,0,True,778474,0.022319257999999998,28.670524641799208
update-table,0,2-stackful,0,1,True,778474,0.021949459,28.195494004937867
update-table,0,2-stackful,0,2,False,778474,0.021753678999999998,27.944001983367457
update-table,0,2-stackful,0,3,False,778474,0.021824444,28.03490418434013
update-table,0,2-stackful,0,4,False,778474,0.021962727,28.21253760562331
update-table,0,2-stackless,0,0,True,778474,0.019666573,25.2629798811521
update-table,0,2-stackless,0,1,True,778474,0.019846881999999996,25.49459840662629
update-table,0,2-stackless,0,2,False,778474,0.019743278999999996,25.36151367932647
update-table,0,2-stackless,0,3,False,778474,0.019576758,25.147606728034592
update-table,0,2-stackless,0,4,False,778474,0.019504816999999994,25.055193879307456
update-table,0,1x,0,0,True,778474,0.0676802,86.93957665895071
update-table,0,1x,0,1,True,778474,0.067535,86.75305790559479
update-table,0,1x,0,2,False,778474,0.0672585,86.39787584427997
update-table,0,1x,0,3,False,778474,0.0671745,86.28997243324761
update-table,0,1x,0,4,False,778474,0.0679541,87.2914188527812
update-table,0,2-stackless,1,0,True,778474,0.019582951,25.155562035469394
update-table,0,2-stackless,1,1,True,778474,0.019524218,25.080115713562687
update-table,0,2-stackless,1,2,False,778474,0.019599178000000002,25.176406662264892
update-table,0,2-stackless,1,3,False,778474,0.019862760000000007,25.514994720440257
update-table,0,2-stackless,1,4,False,778474,0.019777533,25.40551514886817
update-table,0,1x,1,0,True,778474,0.0670697,86.15535008234058
update-table,0,1x,1,1,True,778474,0.0683119,87.75103600120235
update-table,0,1x,1,2,False,778474,0.0680917,87.46817491656753
update-table,0,1x,1,3,False,778474,0.0682754,87.70414939997995
update-table,0,1x,1,4,False,778474,0.06803,87.38891729203544
update-table,0,2-stackful,1,0,True,778474,0.021894415,28.124786441165664
update-table,0,2-stackful,1,1,True,778474,0.022178809,28.4901088539887
update-table,0,2-stackful,1,2,False,778474,0.022100639999999998,28.389695738072174
update-table,0,2-stackful,1,3,False,778474,0.022017111000000006,28.282397356880264
update-table,0,2-stackful,1,4,False,778474,0.022149026000000002,28.45185067195565
update-table,0,2-stackless,2,0,True,778474,0.019689275000000003,25.292142062548017
update-table,0,2-stackless,2,1,True,778474,0.019602018000000002,25.180054825209325
update-table,0,2-stackless,2,2,False,778474,0.019914678999999998,25.581688020409153
update-table,0,2-stackless,2,3,False,778474,0.019454618000000007,24.99071003013589
update-table,0,2-stackless,2,4,False,778474,0.019558233999999994,25.12381145677311
update-table,0,1x,2,0,True,778474,0.0672126,86.33891433753729
update-table,0,1x,2,1,True,778474,0.0685012,87.99420404535026
update-table,0,1x,2,2,False,778474,0.0674579,86.6540179890401
update-table,0,1x,2,3,False,778474,0.0672394,86.37334066391428
update-table,0,1x,2,4,False,778474,0.0678176,87.11607580985364
update-table,0,2-stackful,2,0,True,778474,0.021990829,28.2486364348713
update-table,0,2-stackful,2,1,True,778474,0.022077668999999998,28.360188008848073
update-table,0,2-stackful,2,2,False,778474,0.02236699899999999,28.731851031633674
update-table,0,2-stackful,2,3,False,778474,0.02235237000000001,28.713059138776647
update-table,0,2-stackful,2,4,False,778474,0.022172258,28.481693672492593
const-int,0,1x,0,0,True,2970930,0.0194942,6.561649045921647
const-int,0,1x,0,1,True,2970930,0.0194634,6.55128192182246
const-int,0,1x,0,2,False,2970930,0.0195757,6.589081533391901
const-int,0,1x,0,3,False,2970930,0.0198475,6.68056803761785
const-int,0,1x,0,4,False,2970930,0.0196537,6.615335938578156
const-int,0,2-stackless,0,0,True,2970930,0.055929976,18.825746820019322
const-int,0,2-stackless,0,1,True,2970930,0.056272290999999995,18.940968316318457
const-int,0,2-stackless,0,2,False,2970930,0.055252692000000006,18.59777645383769
const-int,0,2-stackless,0,3,False,2970930,0.05576595200000001,18.770537171862014
const-int,0,2-stackless,0,4,False,2970930,0.055912057000000015,18.81971537532019
const-int,0,2-stackful,0,0,True,2970930,0.064518969,21.716758388787348
const-int,0,2-stackful,0,1,True,2970930,0.06391981700000002,21.51508685832383
const-int,0,2-stackful,0,2,False,2970930,0.06446944199999999,21.700087851278887
const-int,0,2-stackful,0,3,False,2970930,0.064370485,21.666779425970994
const-int,0,2-stackful,0,4,False,2970930,0.06413797499999996,21.58851773687026
const-int,0,2-stackful,1,0,True,2970930,0.064811651,21.81527366851457
const-int,0,2-stackful,1,1,True,2970930,0.065030362,21.88889068406189
const-int,0,2-stackful,1,2,False,2970930,0.06441402900000001,21.68143611596369
const-int,0,2-stackful,1,3,False,2970930,0.06459113799999999,21.74105010888846
const-int,0,2-stackful,1,4,False,2970930,0.06438120200000003,21.670386713924607
const-int,0,1x,1,0,True,2970930,0.0195293,6.573463528255462
const-int,0,1x,1,1,True,2970930,0.0197461,6.646437310875719
const-int,0,1x,1,2,False,2970930,0.0197499,6.647716371641203
const-int,0,1x,1,3,False,2970930,0.0199749,6.7234502327553995
const-int,0,1x,1,4,False,2970930,0.0197436,6.645595823530006
const-int,0,2-stackless,1,0,True,2970930,0.055604806,18.716296243937084
const-int,0,2-stackless,1,1,True,2970930,0.055893279000000004,18.813394795569067
const-int,0,2-stackless,1,2,False,2970930,0.055443488999999985,18.661997758277707
const-int,0,2-stackless,1,3,False,2970930,0.05622495499999999,18.925035258319785
const-int,0,2-stackless,1,4,False,2970930,0.05565096399999997,18.731832793098448
const-int,0,1x,2,0,True,2970930,0.0194413,6.543843173686354
const-int,0,1x,2,1,True,2970930,0.0199751,6.723517551743057
const-int,0,1x,2,2,False,2970930,0.0195225,6.571174682675122
const-int,0,1x,2,3,False,2970930,0.0195375,6.5762236067494015
const-int,0,1x,2,4,False,2970930,0.0196426,6.611599734763189
const-int,0,2-stackful,2,0,True,2970930,0.06473445500000001,21.7892898856587
const-int,0,2-stackful,2,1,True,2970930,0.06464981,21.760798807107538
const-int,0,2-stackful,2,2,False,2970930,0.06445647899999998,21.695724571093894
const-int,0,2-stackful,2,3,False,2970930,0.06505037799999999,21.89562796834661
const-int,0,2-stackful,2,4,False,2970930,0.06509746100000002,21.911475867825907
const-int,0,2-stackless,2,0,True,2970930,0.055801291999999995,18.78243243698101
const-int,0,2-stackless,2,1,True,2970930,0.056223135,18.924422655532105
const-int,0,2-stackless,2,2,False,2970930,0.05587447000000001,18.807063781374858
const-int,0,2-stackless,2,3,False,2970930,0.05592518299999999,18.824133520480117
const-int,0,2-stackless,2,4,False,2970930,0.05624849899999998,18.932960049546768
make-table,64,2-stackful,0,0,True,52141,0.069365381,1330.3423601388542
make-table,64,2-stackful,0,1,True,52141,0.06880556500000001,1319.605780479853
make-table,64,2-stackful,0,2,False,52141,0.068963674,1322.6381158780998
make-table,64,2-stackful,0,3,False,52141,0.06892782400000003,1321.9505571431316
make-table,64,2-stackful,0,4,False,52141,0.06881272399999999,1319.7430812604282
make-table,64,2-stackless,0,0,True,52141,0.069017178,1323.6642565351642
make-table,64,2-stackless,0,1,True,52141,0.06869767400000001,1317.5365643159896
make-table,64,2-stackless,0,2,False,52141,0.06872268099999998,1318.0161676991233
make-table,64,2-stackless,0,3,False,52141,0.06897020199999998,1322.7633148577893
make-table,64,2-stackless,0,4,False,52141,0.06968097700000003,1336.3951017433503
make-table,64,1x,0,0,True,52141,0.0196902,377.6337239408527
make-table,64,1x,0,1,True,52141,0.0195909,375.7292725494333
make-table,64,1x,0,2,False,52141,0.0193987,372.0431138643294
make-table,64,1x,0,3,False,52141,0.0198113,379.9562724151819
make-table,64,1x,0,4,False,52141,0.0197106,378.02497075238296
make-table,64,2-stackless,1,0,True,52141,0.068764096,1318.8104562628257
make-table,64,2-stackless,1,1,True,52141,0.06901209000000001,1323.5666749774653
make-table,64,2-stackless,1,2,False,52141,0.068876472,1320.9656891889301
make-table,64,2-stackless,1,3,False,52141,0.06864605499999998,1316.5465756314607
make-table,64,2-stackless,1,4,False,52141,0.06838794400000003,1311.5963253485747
make-table,64,1x,1,0,True,52141,0.0192687,369.5498743790875
make-table,64,1x,1,1,True,52141,0.0195732,375.38980840413495
make-table,64,1x,1,2,False,52141,0.0193616,371.3315816727719
make-table,64,1x,1,3,False,52141,0.0193765,371.61734527531115
make-table,64,1x,1,4,False,52141,0.0193614,371.3277459197177
make-table,64,2-stackful,1,0,True,52141,0.069621094,1335.246619742621
make-table,64,2-stackful,1,1,True,52141,0.069125418,1325.7401660881073
make-table,64,2-stackful,1,2,False,52141,0.06884185199999998,1320.3017203352445
make-table,64,2-stackful,1,3,False,52141,0.06897846399999999,1322.921769816459
make-table,64,2-stackful,1,4,False,52141,0.06924914600000004,1328.1131163575697
make-table,64,2-stackless,2,0,True,52141,0.069389345,1330.8019600698108
make-table,64,2-stackless,2,1,True,52141,0.069104452,1325.3380640954335
make-table,64,2-stackless,2,2,False,52141,0.06824181100000001,1308.793674843214
make-table,64,2-stackless,2,3,False,52141,0.06808110499999998,1305.711532191557
make-table,64,2-stackless,2,4,False,52141,0.06811769099999998,1306.4132064977655
make-table,64,1x,2,0,True,52141,0.0202212,387.81764829980244
make-table,64,1x,2,1,True,52141,0.0205685,394.47843347845264
make-table,64,1x,2,2,False,52141,0.0206398,395.8458794422815
make-table,64,1x,2,3,False,52141,0.0207925,398.7744768991772
make-table,64,1x,2,4,False,52141,0.0203494,390.2763660075564
make-table,64,2-stackful,2,0,True,52141,0.068385601,1311.5513895015438
make-table,64,2-stackful,2,1,True,52141,0.06913182899999999,1325.86312115226
make-table,64,2-stackful,2,2,False,52141,0.069188415,1326.9483707638901
make-table,64,2-stackful,2,3,False,52141,0.06823416199999999,1308.6469764676547
make-table,64,2-stackful,2,4,False,52141,0.06891559600000002,1321.7160392013968
push-shared-seq,0,1x,0,0,True,588689,0.0840117,142.7098179174403
push-shared-seq,0,1x,0,1,True,588689,0.0841899,143.0125244398995
push-shared-seq,0,1x,0,2,False,588689,0.0834966,141.83482280117346
push-shared-seq,0,1x,0,3,False,588689,0.0828583,140.75054910147804
push-shared-seq,0,1x,0,4,False,588689,0.0815759,138.57214930124394
push-shared-seq,0,2-stackless,0,0,True,588689,0.020078911,34.10784132198835
push-shared-seq,0,2-stackless,0,1,True,588689,0.020091727,34.129611730472284
push-shared-seq,0,2-stackless,0,2,False,588689,0.020032021000000004,34.02818975724025
push-shared-seq,0,2-stackless,0,3,False,588689,0.020042512999999998,34.046012410627675
push-shared-seq,0,2-stackless,0,4,False,588689,0.020204643999999994,34.32142268668175
push-shared-seq,0,2-stackful,0,0,True,588689,0.021689267999999998,36.84333833314364
push-shared-seq,0,2-stackful,0,1,True,588689,0.022053946000000005,37.46281313223112
push-shared-seq,0,2-stackful,0,2,False,588689,0.022176117999999995,37.67034546254473
push-shared-seq,0,2-stackful,0,3,False,588689,0.021734756000000008,36.92060833479139
push-shared-seq,0,2-stackful,0,4,False,588689,0.021579890000000004,36.657539040138346
push-shared-seq,0,1x,1,0,True,588689,0.0840582,142.78880699316616
push-shared-seq,0,1x,1,1,True,588689,0.0826734,140.43646135735509
push-shared-seq,0,1x,1,2,False,588689,0.0829537,140.91260410845115
push-shared-seq,0,1x,1,3,False,588689,0.0842496,143.11393622099274
push-shared-seq,0,1x,1,4,False,588689,0.0837756,142.3087572555288
push-shared-seq,0,2-stackful,1,0,True,588689,0.021891182000000002,37.186327585533284
push-shared-seq,0,2-stackful,1,1,True,588689,0.021783466999999997,37.003353213666294
push-shared-seq,0,2-stackful,1,2,False,588689,0.021806086999999995,37.041777576954885
push-shared-seq,0,2-stackful,1,3,False,588689,0.021743019000000002,36.93464460861338
push-shared-seq,0,2-stackful,1,4,False,588689,0.021547464999999988,36.602459023355266
push-shared-seq,0,2-stackless,1,0,True,588689,0.020228498,34.36194323318424
push-shared-seq,0,2-stackless,1,1,True,588689,0.020393653999999997,34.642492045885
push-shared-seq,0,2-stackless,1,2,False,588689,0.020137244999999998,34.20693269281403
push-shared-seq,0,2-stackless,1,3,False,588689,0.020190770000000004,34.29785506438884
push-shared-seq,0,2-stackless,1,4,False,588689,0.020084499000000006,34.117333600593874
push-shared-seq,0,2-stackless,2,0,True,588689,0.020034551,34.03248744243565
push-shared-seq,0,2-stackless,2,1,True,588689,0.020045616000000002,34.051283445078816
push-shared-seq,0,2-stackless,2,2,False,588689,0.020060011000000003,34.075736084757835
push-shared-seq,0,2-stackless,2,3,False,588689,0.020555644999999997,34.91766450536701
push-shared-seq,0,2-stackless,2,4,False,588689,0.020021735,34.010717033951714
push-shared-seq,0,1x,2,0,True,588689,0.0835583,141.9396319618678
push-shared-seq,0,1x,2,1,True,588689,0.0828384,140.71674517444694
push-shared-seq,0,1x,2,2,False,588689,0.0817425,138.8551510220167
push-shared-seq,0,1x,2,3,False,588689,0.08231,139.81915748383273
push-shared-seq,0,1x,2,4,False,588689,0.0825706,140.26183604585782
push-shared-seq,0,2-stackful,2,0,True,588689,0.021886281,37.17800230682075
push-shared-seq,0,2-stackful,2,1,True,588689,0.021604905,36.70003176549927
push-shared-seq,0,2-stackful,2,2,False,588689,0.021847172999999998,37.111569946100566
push-shared-seq,0,2-stackful,2,3,False,588689,0.021864136000000006,37.14038482118743
push-shared-seq,0,2-stackful,2,4,False,588689,0.021722097999999995,36.89910631929592
get-string,8,2-stackless,0,0,True,1289999,0.043005493,33.33761731598241
get-string,8,2-stackless,0,1,True,1289999,0.042814393,33.18947766626176
get-string,8,2-stackless,0,2,False,1289999,0.042501556999999995,32.946968951138714
get-string,8,2-stackless,0,3,False,1289999,0.042816088,33.1907916207687
get-string,8,2-stackless,0,4,False,1289999,0.042841725,33.21066527958549
get-string,8,1x,0,0,True,1289999,0.0209391,16.231873047963603
get-string,8,1x,0,1,True,1289999,0.0212068,16.439392588676426
get-string,8,1x,0,2,False,1289999,0.0211257,16.37652432288707
get-string,8,1x,0,3,False,1289999,0.0213369,16.540245380035177
get-string,8,1x,0,4,False,1289999,0.0212865,16.501175582306654
get-string,8,2-stackful,0,0,True,1289999,0.046802921,36.28136223361413
get-string,8,2-stackful,0,1,True,1289999,0.046548631,36.08423804979694
get-string,8,2-stackful,0,2,False,1289999,0.046684576000000005,36.189621852420046
get-string,8,2-stackful,0,3,False,1289999,0.045839553000000005,35.53456475547656
get-string,8,2-stackful,0,4,False,1289999,0.04622005200000001,35.82952544924454
get-string,8,1x,1,0,True,1289999,0.0211626,16.40512899622403
get-string,8,1x,1,1,True,1289999,0.02095,16.240322666916796
get-string,8,1x,1,2,False,1289999,0.021056,16.3224932732506
get-string,8,1x,1,3,False,1289999,0.0210984,16.35536151578412
get-string,8,1x,1,4,False,1289999,0.0209769,16.261175396259997
get-string,8,2-stackless,1,0,True,1289999,0.043016147,33.34587623711336
get-string,8,2-stackless,1,1,True,1289999,0.042343250000000006,32.82425025135679
get-string,8,2-stackless,1,2,False,1289999,0.04168994499999999,32.31781187427276
get-string,8,2-stackless,1,3,False,1289999,0.042033929,32.58446634454755
get-string,8,2-stackless,1,4,False,1289999,0.041946861,32.51697171858273
get-string,8,2-stackful,1,0,True,1289999,0.04587726,35.56379501069381
get-string,8,2-stackful,1,1,True,1289999,0.046628367999999996,36.14604972561994
get-string,8,2-stackful,1,2,False,1289999,0.046158196,35.781575024476766
get-string,8,2-stackful,1,3,False,1289999,0.04649937999999998,36.04605895043328
get-string,8,2-stackful,1,4,False,1289999,0.04614838900000001,35.7739726930021
get-string,8,2-stackful,2,0,True,1289999,0.045819809999999996,35.51926009244968
get-string,8,2-stackful,2,1,True,1289999,0.04601756,35.67255478492619
get-string,8,2-stackful,2,2,False,1289999,0.04694332700000001,36.390204178452855
get-string,8,2-stackful,2,3,False,1289999,0.046615849999999986,36.13634584212855
get-string,8,2-stackful,2,4,False,1289999,0.04685494700000001,36.321692497436054
get-string,8,2-stackless,2,0,True,1289999,0.042893823000000005,33.25105135740416
get-string,8,2-stackless,2,1,True,1289999,0.04280841,33.18483967817029
get-string,8,2-stackless,2,2,False,1289999,0.04320346100000001,33.491081000837994
get-string,8,2-stackless,2,3,False,1289999,0.042670389,33.077846571974085
get-string,8,2-stackless,2,4,False,1289999,0.042572743999999996,33.00215271484706
get-string,8,1x,2,0,True,1289999,0.0210877,16.347066935710803
get-string,8,1x,2,1,True,1289999,0.021271,16.489160069116334
get-string,8,1x,2,2,False,1289999,0.0210519,16.31931497621316
get-string,8,1x,2,3,False,1289999,0.0210889,16.347997168990055
get-string,8,1x,2,4,False,1289999,0.0209674,16.25381104946593
assign-seq,256,2-stackful,0,0,True,9200,0.020110878999999998,2185.9651086956524
assign-seq,256,2-stackful,0,1,True,9200,0.020028307999999998,2176.99
assign-seq,256,2-stackful,0,2,False,9200,0.020102979,2185.1064130434784
assign-seq,256,2-stackful,0,3,False,9200,0.020045438999999998,2178.852065217391
assign-seq,256,2-stackful,0,4,False,9200,0.020456272999999997,2223.507934782608
assign-seq,256,2-stackless,0,0,True,9200,0.020153115,2190.55597826087
assign-seq,256,2-stackless,0,1,True,9200,0.020474695999999997,2225.510434782608
assign-seq,256,2-stackless,0,2,False,9200,0.020156152000000004,2190.886086956522
assign-seq,256,2-stackless,0,3,False,9200,0.020292853000000007,2205.7448913043486
assign-seq,256,2-stackless,0,4,False,9200,0.020296219000000004,2206.1107608695656
assign-seq,256,1x,0,0,True,9200,0.208785,22694.021739130436
assign-seq,256,1x,0,1,True,9200,0.206473,22442.717391304348
assign-seq,256,1x,0,2,False,9200,0.20724,22526.08695652174
assign-seq,256,1x,0,3,False,9200,0.208723,22687.282608695652
assign-seq,256,1x,0,4,False,9200,0.208834,22699.347826086956
assign-seq,256,2-stackless,1,0,True,9200,0.020052441,2179.613152173913
assign-seq,256,2-stackless,1,1,True,9200,0.020053598000000002,2179.7389130434785
assign-seq,256,2-stackless,1,2,False,9200,0.020129973000000002,2188.0405434782615
assign-seq,256,2-stackless,1,3,False,9200,0.020163283000000004,2191.6611956521742
assign-seq,256,2-stackless,1,4,False,9200,0.02029727199999999,2206.2252173913034
assign-seq,256,2-stackful,1,0,True,9200,0.020191427,2194.7203260869564
assign-seq,256,2-stackful,1,1,True,9200,0.020078785999999998,2182.4767391304345
assign-seq,256,2-stackful,1,2,False,9200,0.020419338000000002,2219.493260869566
assign-seq,256,2-stackful,1,3,False,9200,0.020371436999999992,2214.2866304347817
assign-seq,256,2-stackful,1,4,False,9200,0.020069034000000013,2181.4167391304363
assign-seq,256,1x,1,0,True,9200,0.160573,17453.58695652174
assign-seq,256,1x,1,1,True,9200,0.16037,17431.521739130436
assign-seq,256,1x,1,2,False,9200,0.161315,17534.239130434784
assign-seq,256,1x,1,3,False,9200,0.160497,17445.32608695652
assign-seq,256,1x,1,4,False,9200,0.16175,17581.521739130436
assign-seq,256,1x,2,0,True,9200,0.16081,17479.347826086956
assign-seq,256,1x,2,1,True,9200,0.158833,17264.456521739132
assign-seq,256,1x,2,2,False,9200,0.160674,17464.565217391304
assign-seq,256,1x,2,3,False,9200,0.159921,17382.717391304348
assign-seq,256,1x,2,4,False,9200,0.16077,17475.0
assign-seq,256,2-stackful,2,0,True,9200,0.020232491,2199.183804347826
assign-seq,256,2-stackful,2,1,True,9200,0.020291277,2205.573586956522
assign-seq,256,2-stackful,2,2,False,9200,0.020397946,2217.1680434782606
assign-seq,256,2-stackful,2,3,False,9200,0.020243126,2200.3397826086957
assign-seq,256,2-stackful,2,4,False,9200,0.020196945000000008,2195.320108695653
assign-seq,256,2-stackless,2,0,True,9200,0.020222835,2198.1342391304347
assign-seq,256,2-stackless,2,1,True,9200,0.020107255,2185.571195652174
assign-seq,256,2-stackless,2,2,False,9200,0.020241600999999998,2200.1740217391302
assign-seq,256,2-stackless,2,3,False,9200,0.020023474,2176.4645652173913
assign-seq,256,2-stackless,2,4,False,9200,0.02039035,2216.342391304348
