case,width,engine,round,batch,warmup,iterations,seconds,ns_per_iteration
update-table,8,2-stackful,0,0,True,122370,0.035043156,286.37048296151016
update-table,8,2-stackful,0,1,True,122370,0.03471518900000001,283.6903571136717
update-table,8,2-stackful,0,2,False,122370,0.034541488999999995,282.2708915583884
update-table,8,2-stackful,0,3,False,122370,0.03500274099999999,286.0402141047642
update-table,8,2-stackful,0,4,False,122370,0.03461927000000001,282.9065130342405
update-table,8,2-stackless,0,0,True,122370,0.03412964,278.90528724360547
update-table,8,2-stackless,0,1,True,122370,0.03418037,279.3198496363488
update-table,8,2-stackless,0,2,False,122370,0.034210296,279.5644030399608
update-table,8,2-stackless,0,3,False,122370,0.034120533999999994,278.8308735801258
update-table,8,2-stackless,0,4,False,122370,0.034103994,278.69570973277763
update-table,8,1x,0,0,True,122370,0.0188983,154.4357277110403
update-table,8,1x,0,1,True,122370,0.018645,152.36577592547192
update-table,8,1x,0,2,False,122370,0.0188468,154.01487292637086
update-table,8,1x,0,3,False,122370,0.0187867,153.52373947863038
update-table,8,1x,0,4,False,122370,0.0188401,153.960120944676
update-table,8,2-stackful,1,0,True,122370,0.034460730999999994,281.61094222440136
update-table,8,2-stackful,1,1,True,122370,0.034534418,282.2131077878565
update-table,8,2-stackful,1,2,False,122370,0.03448483299999999,281.80790226362666
update-table,8,2-stackful,1,3,False,122370,0.03445538099999999,281.56722235842113
update-table,8,2-stackful,1,4,False,122370,0.034746905999999994,283.949546457465
update-table,8,1x,1,0,True,122370,0.0191017,156.09789981204543
update-table,8,1x,1,1,True,122370,0.0190788,155.91076244177495
update-table,8,1x,1,2,False,122370,0.0191528,156.51548582168832
update-table,8,1x,1,3,False,122370,0.0188141,153.74765056794965
update-table,8,1x,1,4,False,122370,0.0189177,154.59426329982838
update-table,8,2-stackless,1,0,True,122370,0.034433757,281.3905123804854
update-table,8,2-stackless,1,1,True,122370,0.034471161,281.69617553321893
update-table,8,2-stackless,1,2,False,122370,0.034923665000000007,285.3940099697639
update-table,8,2-stackless,1,3,False,122370,0.03478441900000001,284.2561003513934
update-table,8,2-stackless,1,4,False,122370,0.03488802200000002,285.1027375990849
update-table,8,1x,2,0,True,122370,0.0190662,155.80779602843833
update-table,8,1x,2,1,True,122370,0.0191103,156.16817847511646
update-table,8,1x,2,2,False,122370,0.0187345,153.09716433766445
update-table,8,1x,2,3,False,122370,0.0189381,154.7609708261829
update-table,8,1x,2,4,False,122370,0.0187081,152.88142518591158
update-table,8,2-stackless,2,0,True,122370,0.034385844,280.99897033586666
update-table,8,2-stackless,2,1,True,122370,0.034483738,281.7989539919915
update-table,8,2-stackless,2,2,False,122370,0.034450075999999996,281.52387022963137
update-table,8,2-stackless,2,3,False,122370,0.034380945999999996,280.9589441856664
update-table,8,2-stackless,2,4,False,122370,0.03434620600000002,280.67505107460994
update-table,8,2-stackful,2,0,True,122370,0.034528972,282.1686034158699
update-table,8,2-stackful,2,1,True,122370,0.03497150499999999,285.7849554629402
update-table,8,2-stackful,2,2,False,122370,0.034746731,283.94811636839097
update-table,8,2-stackful,2,3,False,122370,0.034512591999999995,282.03474707853223
update-table,8,2-stackful,2,4,False,122370,0.034428397,281.3467107951295
take-seq,0,2-stackful,0,0,True,2789128,0.142559484,51.11256421361802
take-seq,0,2-stackful,0,1,True,2789128,0.142192098,50.98084347509329
take-seq,0,2-stackful,0,2,False,2789128,0.142053453,50.93113439039011
take-seq,0,2-stackful,0,3,False,2789128,0.14213724300000002,50.96117603781541
take-seq,0,2-stackful,0,4,False,2789128,0.14204975200000003,50.929807452365054
take-seq,0,1x,0,0,True,2789128,0.0185963,6.667424370627666
take-seq,0,1x,0,1,True,2789128,0.0183897,6.593351040181735
take-seq,0,1x,0,2,False,2789128,0.0183751,6.588116429220889
take-seq,0,1x,0,3,False,2789128,0.0185072,6.635478902366618
take-seq,0,1x,0,4,False,2789128,0.0186048,6.67047191810487
take-seq,0,2-stackless,0,0,True,2789128,0.13412661599999998,48.08908590785363
take-seq,0,2-stackless,0,1,True,2789128,0.13345047699999998,47.84666641330193
take-seq,0,2-stackless,0,2,False,2789128,0.13337743100000005,47.82047686588785
take-seq,0,2-stackless,0,3,False,2789128,0.133419536,47.835572981949916
take-seq,0,2-stackless,0,4,False,2789128,0.13345309100000002,47.847603623784934
take-seq,0,2-stackless,1,0,True,2789128,0.13477810099999998,48.32266608058145
take-seq,0,2-stackless,1,1,True,2789128,0.13422317,48.1237038959847
take-seq,0,2-stackless,1,2,False,2789128,0.13430941900000004,48.1546271809684
take-seq,0,2-stackless,1,3,False,2789128,0.134112483,48.08401873273654
take-seq,0,2-stackless,1,4,False,2789128,0.13420543100000004,48.117343843667285
take-seq,0,2-stackful,1,0,True,2789128,0.14228532,51.01426682461329
take-seq,0,2-stackful,1,1,True,2789128,0.142102131,50.94858715698957
take-seq,0,2-stackful,1,2,False,2789128,0.142145578,50.96416442701805
take-seq,0,2-stackful,1,3,False,2789128,0.142059286,50.93322572502947
take-seq,0,2-stackful,1,4,False,2789128,0.14230584700000004,51.02162647250324
take-seq,0,1x,1,0,True,2789128,0.0183964,6.595753224663766
take-seq,0,1x,1,1,True,2789128,0.0183527,6.580085245280962
take-seq,0,1x,1,2,False,2789128,0.0181837,6.519492830734194
take-seq,0,1x,1,3,False,2789128,0.0182456,6.541686147068187
take-seq,0,1x,1,4,False,2789128,0.0183463,6.577790621298126
take-seq,0,2-stackless,2,0,True,2789128,0.13445014100000002,48.205080942861
take-seq,0,2-stackless,2,1,True,2789128,0.13453671900000003,48.23612218585882
take-seq,0,2-stackless,2,2,False,2789128,0.13434067299999997,48.16583283377456
take-seq,0,2-stackless,2,3,False,2789128,0.133526141,47.87379460533901
take-seq,0,2-stackless,2,4,False,2789128,0.13346809300000007,47.85298236581471
take-seq,0,1x,2,0,True,2789128,0.0184487,6.614504605023505
take-seq,0,1x,2,1,True,2789128,0.0181559,6.5095255578087485
take-seq,0,1x,2,2,False,2789128,0.0183306,6.572161621840231
take-seq,0,1x,2,3,False,2789128,0.0182091,6.528599619666075
take-seq,0,1x,2,4,False,2789128,0.0185231,6.641179608823976
take-seq,0,2-stackful,2,0,True,2789128,0.14227848599999998,51.0118165964416
take-seq,0,2-stackful,2,1,True,2789128,0.14244280699999998,51.07073142573592
take-seq,0,2-stackful,2,2,False,2789128,0.142262063,51.005928376180655
take-seq,0,2-stackful,2,3,False,2789128,0.14399941500000007,51.628829870841386
take-seq,0,2-stackful,2,4,False,2789128,0.14402432799999998,51.63776205322953
push-shared-seq,64,2-stackful,0,0,True,78236,0.20352658299999998,2601.4441305792725
push-shared-seq,64,2-stackful,0,1,True,78236,0.20576941599999998,2630.111662150416
push-shared-seq,64,2-stackful,0,2,False,78236,0.20356794100000003,2601.972761899893
push-shared-seq,64,2-stackful,0,3,False,78236,0.203603168,2602.4230277621555
push-shared-seq,64,2-stackful,0,4,False,78236,0.20354364599999997,2601.662227107725
push-shared-seq,64,1x,0,0,True,78236,0.0196013,250.5406718134874
push-shared-seq,64,1x,0,1,True,78236,0.0192192,245.65673091671354
push-shared-seq,64,1x,0,2,False,78236,0.0196128,250.68766296845442
push-shared-seq,64,1x,0,3,False,78236,0.0191279,244.489748964671
push-shared-seq,64,1x,0,4,False,78236,0.0191597,244.8962114627537
push-shared-seq,64,2-stackless,0,0,True,78236,0.215142197,2749.9130451454575
push-shared-seq,64,2-stackless,0,1,True,78236,0.21523696300000003,2751.124328953423
push-shared-seq,64,2-stackless,0,2,False,78236,0.215084913,2749.1808502479676
push-shared-seq,64,2-stackless,0,3,False,78236,0.21503347799999994,2748.5234163300775
push-shared-seq,64,2-stackless,0,4,False,78236,0.21519330199999998,2750.566261056291
push-shared-seq,64,2-stackless,1,0,True,78236,0.215231477,2751.054207781584
push-shared-seq,64,2-stackless,1,1,True,78236,0.215188022,2750.498772943402
push-shared-seq,64,2-stackless,1,2,False,78236,0.21503278599999998,2748.5145712971007
push-shared-seq,64,2-stackless,1,3,False,78236,0.21482908199999995,2745.9108594508916
push-shared-seq,64,2-stackless,1,4,False,78236,0.21502807199999996,2748.454317705404
push-shared-seq,64,2-stackful,1,0,True,78236,0.204405869,2612.683023160693
push-shared-seq,64,2-stackful,1,1,True,78236,0.205955753,2632.493391788946
push-shared-seq,64,2-stackful,1,2,False,78236,0.20384511400000005,2605.5155427169084
push-shared-seq,64,2-stackful,1,3,False,78236,0.20400346600000008,2607.539572575286
push-shared-seq,64,2-stackful,1,4,False,78236,0.20387536800000006,2605.902244491028
push-shared-seq,64,1x,1,0,True,78236,0.0206042,263.35957871056803
push-shared-seq,64,1x,1,1,True,78236,0.0207601,265.35226749833834
push-shared-seq,64,1x,1,2,False,78236,0.0203436,260.02863132061964
push-shared-seq,64,1x,1,3,False,78236,0.0203112,259.61449971879955
push-shared-seq,64,1x,1,4,False,78236,0.0202868,259.3026228334782
push-shared-seq,64,1x,2,0,True,78236,0.0193999,247.96640932563014
push-shared-seq,64,1x,2,1,True,78236,0.019606,250.60074645943044
push-shared-seq,64,1x,2,2,False,78236,0.0193406,247.2084462395828
push-shared-seq,64,1x,2,3,False,78236,0.0194009,247.9791911651925
push-shared-seq,64,1x,2,4,False,78236,0.019284,246.4849941203538
push-shared-seq,64,2-stackless,2,0,True,78236,0.215880558,2759.3506569865535
push-shared-seq,64,2-stackless,2,1,True,78236,0.215802371,2758.351283296692
push-shared-seq,64,2-stackless,2,2,False,78236,0.21560418400000003,2755.8180888593492
push-shared-seq,64,2-stackless,2,3,False,78236,0.21574176299999992,2757.576601564496
push-shared-seq,64,2-stackless,2,4,False,78236,0.21567893800000004,2756.7735824939928
push-shared-seq,64,2-stackful,2,0,True,78236,0.20401012799999999,2607.624725190449
push-shared-seq,64,2-stackful,2,1,True,78236,0.20582604,2630.8354210337952
push-shared-seq,64,2-stackful,2,2,False,78236,0.204549423,2614.5179073572267
push-shared-seq,64,2-stackful,2,3,False,78236,0.2044810749999999,2613.644294186818
push-shared-seq,64,2-stackful,2,4,False,78236,0.203579866,2602.1251853366734
update-string,0,2-stackless,0,0,True,1954462,0.13297441599999998,68.03632713247941
update-string,0,2-stackless,0,1,True,1954462,0.132173694,67.62663791877254
update-string,0,2-stackless,0,2,False,1954462,0.13256666899999997,67.82770348054859
update-string,0,2-stackless,0,3,False,1954462,0.13255055800000004,67.81946029137433
update-string,0,2-stackless,0,4,False,1954462,0.13245702699999995,67.7716051783048
update-string,0,1x,0,0,True,1954462,0.0196343,10.045884749869785
update-string,0,1x,0,1,True,1954462,0.0195637,10.009762277291653
update-string,0,1x,0,2,False,1954462,0.0196037,10.030228267420906
update-string,0,1x,0,3,False,1954462,0.0195031,9.978756302245836
update-string,0,1x,0,4,False,1954462,0.0194117,9.931991514800492
update-string,0,2-stackful,0,0,True,1954462,0.141029475,72.15769608209318
update-string,0,2-stackful,0,1,True,1954462,0.14115532499999997,72.22208720353733
update-string,0,2-stackful,0,2,False,1954462,0.14104412,72.16518919272926
update-string,0,2-stackful,0,3,False,1954462,0.14185021700000006,72.57762852385979
update-string,0,2-stackful,0,4,False,1954462,0.14115486700000002,72.22185286795037
update-string,0,2-stackful,1,0,True,1954462,0.141045771,72.16603392647184
update-string,0,2-stackful,1,1,True,1954462,0.140487412,71.88034968190735
update-string,0,2-stackful,1,2,False,1954462,0.141223734,72.25708865150614
update-string,0,2-stackful,1,3,False,1954462,0.14297063399999999,73.15088960542595
update-string,0,2-stackful,1,4,False,1954462,0.14220856300000007,72.76097616633122
update-string,0,2-stackless,1,0,True,1954462,0.134660417,68.89896912807718
update-string,0,2-stackless,1,1,True,1954462,0.13408997599999997,68.60710313119415
update-string,0,2-stackless,1,2,False,1954462,0.134146349,68.63594636273307
update-string,0,2-stackless,1,3,False,1954462,0.13408208800000004,68.60306723794069
update-string,0,2-stackless,1,4,False,1954462,0.13432442499999997,68.72705890418948
update-string,0,1x,1,0,True,1954462,0.0197534,10.106822235479635
update-string,0,1x,1,1,True,1954462,0.0196276,10.042456696523136
update-string,0,1x,1,2,False,1954462,0.019422,9.937261507258775
update-string,0,1x,1,3,False,1954462,0.0194205,9.936494032628929
update-string,0,1x,1,4,False,1954462,0.0195096,9.982082025641839
update-string,0,2-stackless,2,0,True,1954462,0.134017803,68.57017583355419
update-string,0,2-stackless,2,1,True,1954462,0.133312906,68.2095154574507
update-string,0,2-stackless,2,2,False,1954462,0.13272263500000003,67.9075034459611
update-string,0,2-stackless,2,3,False,1954462,0.13247655899999994,67.78159872128491
update-string,0,2-stackless,2,4,False,1954462,0.13273055600000006,67.91155622365646
update-string,0,2-stackful,2,0,True,1954462,0.140474498,71.87374223699412
update-string,0,2-stackful,2,1,True,1954462,0.140567378,71.92126426607425
update-string,0,2-stackful,2,2,False,1954462,0.14065809499999998,71.96767959673811
update-string,0,2-stackful,2,3,False,1954462,0.140936901,72.11033061783755
update-string,0,2-stackful,2,4,False,1954462,0.14044961900000008,71.86101290278353
update-string,0,1x,2,0,True,1954462,0.0195654,10.010632081872147
update-string,0,1x,2,1,True,1954462,0.0195434,9.999375787301057
update-string,0,1x,2,2,False,1954462,0.0194275,9.940075580901548
update-string,0,1x,2,3,False,1954462,0.0193929,9.922372499439744
update-string,0,1x,2,4,False,1954462,0.0194273,9.939973250950901
const-string,64,1x,0,0,True,229679,0.0112458,48.96311809090078
const-string,64,1x,0,1,True,229679,0.011165,48.61132275915517
const-string,64,1x,0,2,False,229679,0.0112121,48.816391572586085
const-string,64,1x,0,3,False,229679,0.0111305,48.46111311874399
const-string,64,1x,0,4,False,229679,0.0113003,49.20040578372424
const-string,64,2-stackless,0,0,True,229679,0.234125408,1019.359227443519
const-string,64,2-stackless,0,1,True,229679,0.233681607,1017.4269611065879
const-string,64,2-stackless,0,2,False,229679,0.23344507400000003,1016.3971194580263
const-string,64,2-stackless,0,3,False,229679,0.23376597899999996,1017.7943085784942
const-string,64,2-stackless,0,4,False,229679,0.234264295,1019.9639279167882
const-string,64,2-stackful,0,0,True,229679,0.232350705,1011.6323434010075
const-string,64,2-stackful,0,1,True,229679,0.23266409799999999,1012.9968260049895
const-string,64,2-stackful,0,2,False,229679,0.23191407599999997,1009.7313032536713
const-string,64,2-stackful,0,3,False,229679,0.231812409,1009.2886550359415
const-string,64,2-stackful,0,4,False,229679,0.23185491499999988,1009.4737220207328
const-string,64,2-stackless,1,0,True,229679,0.232535084,1012.4351116122937
const-string,64,2-stackless,1,1,True,229679,0.23262340199999998,1012.8196395839409
const-string,64,2-stackless,1,2,False,229679,0.23224676000000005,1011.179776993108
const-string,64,2-stackless,1,3,False,229679,0.23391934000000003,1018.4620274382944
const-string,64,2-stackless,1,4,False,229679,0.23243005699999997,1011.9778342817583
const-string,64,1x,1,0,True,229679,0.0112075,48.79636362053127
const-string,64,1x,1,1,True,229679,0.0111492,48.54253109774947
const-string,64,1x,1,2,False,229679,0.0112359,48.9200144549567
const-string,64,1x,1,3,False,229679,0.0111813,48.68229137187118
const-string,64,1x,1,4,False,229679,0.0111444,48.52163236517052
const-string,64,2-stackful,1,0,True,229679,0.231713821,1008.8594124843804
const-string,64,2-stackful,1,1,True,229679,0.231640637,1008.5407764749933
const-string,64,2-stackful,1,2,False,229679,0.23164653799999996,1008.5664688543575
const-string,64,2-stackful,1,3,False,229679,0.231602953,1008.3767040086382
const-string,64,2-stackful,1,4,False,229679,0.23153465900000003,1008.0793585830661
const-string,64,2-stackful,2,0,True,229679,0.231644161,1008.5561196278284
const-string,64,2-stackful,2,1,True,229679,0.231639681,1008.536614144088
const-string,64,2-stackful,2,2,False,229679,0.23160447899999997,1008.383348064037
const-string,64,2-stackful,2,3,False,229679,0.23151847199999998,1008.0088819613459
const-string,64,2-stackful,2,4,False,229679,0.23151738,1008.0041274996844
const-string,64,2-stackless,2,0,True,229679,0.234647081,1021.6305408853226
const-string,64,2-stackless,2,1,True,229679,0.23452710000000002,1021.1081552949988
const-string,64,2-stackless,2,2,False,229679,0.23447479599999999,1020.8804287723301
const-string,64,2-stackless,2,3,False,229679,0.23456861799999995,1021.2889206240011
const-string,64,2-stackless,2,4,False,229679,0.23452311199999998,1021.0907919313476
const-string,64,1x,2,0,True,229679,0.0112995,49.19692266162775
const-string,64,1x,2,1,True,229679,0.0111321,48.46807936293697
const-string,64,1x,2,2,False,229679,0.0111421,48.51161838914311
const-string,64,1x,2,3,False,229679,0.0111132,48.385790603407365
const-string,64,1x,2,4,False,229679,0.0111568,48.57562075766614
do-int,8,2-stackless,0,0,True,97677,0.029278836,299.75158942227955
do-int,8,2-stackless,0,1,True,97677,0.02928236,299.7876675164061
do-int,8,2-stackless,0,2,False,97677,0.029249144000000005,299.4476079322666
do-int,8,2-stackless,0,3,False,97677,0.0292419,299.3734451303787
do-int,8,2-stackless,0,4,False,97677,0.02931901799999999,300.16296569304944
do-int,8,1x,0,0,True,97677,0.0199474,204.21798376281006
do-int,8,1x,0,1,True,97677,0.0198862,203.59142889318878
do-int,8,1x,0,2,False,97677,0.019868,203.40510048424912
do-int,8,1x,0,3,False,97677,0.0199078,203.81256590599628
do-int,8,1x,0,4,False,97677,0.0200568,205.33800178138148
do-int,8,2-stackful,0,0,True,97677,0.030898439,316.33280096645063
do-int,8,2-stackful,0,1,True,97677,0.030575492999999995,313.02653644153685
do-int,8,2-stackful,0,2,False,97677,0.030550049999999995,312.76605546853403
do-int,8,2-stackful,0,3,False,97677,0.030543927,312.7033692680979
do-int,8,2-stackful,0,4,False,97677,0.030552858000000002,312.79480328019906
do-int,8,2-stackful,1,0,True,97677,0.030596915000000002,313.24585112155376
do-int,8,2-stackful,1,1,True,97677,0.030585976999999997,313.13386979534584
do-int,8,2-stackful,1,2,False,97677,0.030582006000000002,313.09321539359314
do-int,8,2-stackful,1,3,False,97677,0.030562083000000004,312.88924721275225
do-int,8,2-stackful,1,4,False,97677,0.030567545000000015,312.94516621108363
do-int,8,1x,1,0,True,97677,0.0199154,203.8903733734656
do-int,8,1x,1,1,True,97677,0.0199016,203.7490913930608
do-int,8,1x,1,2,False,97677,0.0198941,203.67230770805818
do-int,8,1x,1,3,False,97677,0.0199151,203.8873020260655
do-int,8,1x,1,4,False,97677,0.0198804,203.5320495101201
do-int,8,2-stackless,1,0,True,97677,0.033162426,339.5111029208514
do-int,8,2-stackless,1,1,True,97677,0.033135724000000005,339.23773252659277
do-int,8,2-stackless,1,2,False,97677,0.033159487,339.481013954155
do-int,8,2-stackless,1,3,False,97677,0.033122668999999993,339.1040777255648
do-int,8,2-stackless,1,4,False,97677,0.033138572000000005,339.26688985124446
do-int,8,1x,2,0,True,97677,0.01996,204.34698035361447
do-int,8,1x,2,1,True,97677,0.019881,203.5381922049203
do-int,8,1x,2,2,False,97677,0.0198641,203.36517296804774
do-int,8,1x,2,3,False,97677,0.0198835,203.56378676658784
do-int,8,1x,2,4,False,97677,0.0198535,203.2566520265774
do-int,8,2-stackful,2,0,True,97677,0.03064615,313.74991041903417
do-int,8,2-stackful,2,1,True,97677,0.030545942000000003,312.723998484802
do-int,8,2-stackful,2,2,False,97677,0.030543407999999994,312.69805583709564
do-int,8,2-stackful,2,3,False,97677,0.030577420999999994,313.0462749674948
do-int,8,2-stackful,2,4,False,97677,0.030595584999999995,313.2322348147465
do-int,8,2-stackless,2,0,True,97677,0.028586672,292.6653357494599
do-int,8,2-stackless,2,1,True,97677,0.028537612999999996,292.16307830912086
do-int,8,2-stackless,2,2,False,97677,0.028483919000000003,291.6133685514502
do-int,8,2-stackless,2,3,False,97677,0.028520652999999993,291.9894448027682
do-int,8,2-stackless,2,4,False,97677,0.028545646000000008,292.2453187546711
do-int,64,2-stackless,0,0,True,17167,0.034966143000000005,2036.8231490650671
do-int,64,2-stackless,0,1,True,17167,0.035028299,2040.44381662492
do-int,64,2-stackless,0,2,False,17167,0.034951354000000004,2035.9616706471722
do-int,64,2-stackless,0,3,False,17167,0.034944901,2035.5857750334944
do-int,64,2-stackless,0,4,False,17167,0.035004146999999985,2039.036931321721
do-int,64,1x,0,0,True,17167,0.0200777,1169.5520475330577
do-int,64,1x,0,1,True,17167,0.0200056,1165.352129084872
do-int,64,1x,0,2,False,17167,0.0199564,1162.4861653171783
do-int,64,1x,0,3,False,17167,0.0199796,1163.8375953864972
do-int,64,1x,0,4,False,17167,0.0199595,1162.6667443350614
do-int,64,2-stackful,0,0,True,17167,0.036461993,2123.958350323295
do-int,64,2-stackful,0,1,True,17167,0.036464365000000006,2124.0965223976236
do-int,64,2-stackful,0,2,False,17167,0.036431483,2122.181103279548
do-int,64,2-stackful,0,3,False,17167,0.036449200000000015,2123.2131414923992
do-int,64,2-stackful,0,4,False,17167,0.03645902100000001,2123.785227471312
do-int,64,1x,1,0,True,17167,0.0201723,1175.062620143298
do-int,64,1x,1,1,True,17167,0.0200704,1169.1268130715907
do-int,64,1x,1,2,False,17167,0.0200814,1169.7675773285955
do-int,64,1x,1,3,False,17167,0.0200682,1168.99866022019
do-int,64,1x,1,4,False,17167,0.0200835,1169.8899050503874
do-int,64,2-stackless,1,0,True,17167,0.03476605,2025.1674724762627
do-int,64,2-stackless,1,1,True,17167,0.034710714000000004,2021.9440787557523
do-int,64,2-stackless,1,2,False,17167,0.034723675999999995,2022.6991320556879
do-int,64,2-stackless,1,3,False,17167,0.034666346000000015,2019.3595852507726
do-int,64,2-stackless,1,4,False,17167,0.03473230399999999,2023.2017242383638
do-int,64,2-stackful,1,0,True,17167,0.036458457,2123.7523737403158
do-int,64,2-stackful,1,1,True,17167,0.036439668,2122.657890138056
do-int,64,2-stackful,1,2,False,17167,0.036441432999999995,2122.7607036756563
do-int,64,2-stackful,1,3,False,17167,0.03641846400000001,2121.4227296557356
do-int,64,2-stackful,1,4,False,17167,0.036415792,2121.267082192579
do-int,64,1x,2,0,True,17167,0.020121,1172.0743286538125
do-int,64,1x,2,1,True,17167,0.0200836,1169.8957301799965
do-int,64,1x,2,2,False,17167,0.0200645,1168.783130424652
do-int,64,1x,2,3,False,17167,0.0200681,1168.9928350905807
do-int,64,1x,2,4,False,17167,0.0200629,1168.6899283509058
do-int,64,2-stackless,2,0,True,17167,0.034727438,2022.9182734315839
do-int,64,2-stackless,2,1,True,17167,0.034679154000000004,2020.1056678511097
do-int,64,2-stackless,2,2,False,17167,0.03469463299999999,2021.0073396633065
do-int,64,2-stackless,2,3,False,17167,0.034724262000000006,2022.7332673151982
do-int,64,2-stackless,2,4,False,17167,0.03468075600000001,2020.1989864274485
do-int,64,2-stackful,2,0,True,17167,0.036424428,2121.7701403856236
do-int,64,2-stackful,2,1,True,17167,0.036475577,2124.7496359293996
do-int,64,2-stackful,2,2,False,17167,0.036434118,2122.3345954447486
do-int,64,2-stackful,2,3,False,17167,0.036450942,2123.3146152501895
do-int,64,2-stackful,2,4,False,17167,0.03642620699999999,2121.8737694413694
const-table,0,2-stackless,0,0,True,293449,0.020137432,68.62327695783594
const-table,0,2-stackless,0,1,True,293449,0.02007493,68.41028594406524
const-table,0,2-stackless,0,2,False,293449,0.020048553000000004,68.32039979689829
const-table,0,2-stackless,0,3,False,293449,0.020163031999999997,68.71051528544993
const-table,0,2-stackless,0,4,False,293449,0.020080720999999996,68.43002020794071
const-table,0,1x,0,0,True,293449,0.0204534,69.70001601641171
const-table,0,1x,0,1,True,293449,0.0205495,70.02750051968144
const-table,0,1x,0,2,False,293449,0.0207488,70.70666453114511
const-table,0,1x,0,3,False,293449,0.0207712,70.78299806780736
const-table,0,1x,0,4,False,293449,0.0205122,69.90039155015012
const-table,0,2-stackful,0,0,True,293449,0.020862169,71.0929974203354
const-table,0,2-stackful,0,1,True,293449,0.020860339,71.08676124300986
const-table,0,2-stackful,0,2,False,293449,0.020890029000000004,71.18793725655907
const-table,0,2-stackful,0,3,False,293449,0.020819454,70.94743549986539
const-table,0,2-stackful,0,4,False,293449,0.020861906,71.09210118282904
const-table,0,2-stackless,1,0,True,293449,0.019808640000000002,67.50283694952105
const-table,0,2-stackless,1,1,True,293449,0.019773102999999997,67.38173583825467
const-table,0,2-stackless,1,2,False,293449,0.019835310000000002,67.59372156660953
const-table,0,2-stackless,1,3,False,293449,0.019744206000000007,67.28326216821324
const-table,0,2-stackless,1,4,False,293449,0.019731730000000003,67.24074711449009
const-table,0,2-stackful,1,0,True,293449,0.020852324000000002,71.0594481494229
const-table,0,2-stackful,1,1,True,293449,0.021009184,71.59398737088898
const-table,0,2-stackful,1,2,False,293449,0.020852476,71.0599661269931
const-table,0,2-stackful,1,3,False,293449,0.020815680000000003,70.93457466203668
const-table,0,2-stackful,1,4,False,293449,0.020870472,71.12129194510801
const-table,0,1x,1,0,True,293449,0.0206148,70.25002641004059
const-table,0,1x,1,1,True,293449,0.0207893,70.84467829162818
const-table,0,1x,1,2,False,293449,0.0201995,68.83478900933382
const-table,0,1x,1,3,False,293449,0.0208163,70.93668746528357
const-table,0,1x,1,4,False,293449,0.0207976,70.87296259315929
const-table,0,2-stackless,2,0,True,293449,0.020132875999999997,68.60775126171838
const-table,0,2-stackless,2,1,True,293449,0.020086137000000004,68.44847656662658
const-table,0,2-stackless,2,2,False,293449,0.020116393999999996,68.55158477282252
const-table,0,2-stackless,2,3,False,293449,0.02013139,68.60268734942017
const-table,0,2-stackless,2,4,False,293449,0.020079898000000013,68.42721563201786
const-table,0,2-stackful,2,0,True,293449,0.02089805,71.21527079662906
const-table,0,2-stackful,2,1,True,293449,0.020870440999999997,71.12118630494565
const-table,0,2-stackful,2,2,False,293449,0.020860006,71.08562646320144
const-table,0,2-stackful,2,3,False,293449,0.020866068,71.10628422656066
const-table,0,2-stackful,2,4,False,293449,0.020852031000000007,71.05844967950141
const-table,0,1x,2,0,True,293449,0.0205886,70.16074343412313
const-table,0,1x,2,1,True,293449,0.0204124,69.56029838234242
const-table,0,1x,2,2,False,293449,0.0204547,69.70444608773586
const-table,0,1x,2,3,False,293449,0.0203506,69.34969960708675
const-table,0,1x,2,4,False,293449,0.0204974,69.84995689199827
add-int,64,1x,0,0,True,245290,0.0158535,64.63166048350932
add-int,64,1x,0,1,True,245290,0.0156766,63.910473317297885
add-int,64,1x,0,2,False,245290,0.0157657,64.27371682498267
add-int,64,1x,0,3,False,245290,0.0156726,63.894166089119
add-int,64,1x,0,4,False,245290,0.0157055,64.02829304089038
add-int,64,2-stackful,0,0,True,245290,0.249975214,1019.1007134412329
add-int,64,2-stackful,0,1,True,245290,0.249816447,1018.4534510171634
add-int,64,2-stackful,0,2,False,245290,0.2511493759999999,1023.887545354478
add-int,64,2-stackful,0,3,False,245290,0.24977909199999992,1018.3011618900074
add-int,64,2-stackful,0,4,False,245290,0.24982891299999999,1018.5042724937829
add-int,64,2-stackless,0,0,True,245290,0.254045639,1035.6950507562476
add-int,64,2-stackless,0,1,True,245290,0.25408383999999995,1035.850788862163
add-int,64,2-stackless,0,2,False,245290,0.25700210700000004,1047.7480003261446
add-int,64,2-stackless,0,3,False,245290,0.254179535,1036.240918912308
add-int,64,2-stackless,0,4,False,245290,0.25409984699999977,1035.916046312527
add-int,64,1x,1,0,True,245290,0.0158136,64.46899588242489
add-int,64,1x,1,1,True,245290,0.0156932,63.978148314240286
add-int,64,1x,1,2,False,245290,0.0157826,64.34261486403848
add-int,64,1x,1,3,False,245290,0.0157813,64.33731501488036
add-int,64,1x,1,4,False,245290,0.015721,64.09148355008357
add-int,64,2-stackless,1,0,True,245290,0.249232963,1016.0746993354804
add-int,64,2-stackless,1,1,True,245290,0.24924519,1016.1245464552163
add-int,64,2-stackless,1,2,False,245290,0.249307979,1016.3805250927473
add-int,64,2-stackless,1,3,False,245290,0.24913103299999995,1015.6591503934117
add-int,64,2-stackless,1,4,False,245290,0.249192321,1015.9090097435688
add-int,64,2-stackful,1,0,True,245290,0.249824895,1018.4878918830772
add-int,64,2-stackful,1,1,True,245290,0.25072672499999993,1022.164478780219
add-int,64,2-stackful,1,2,False,245290,0.249796056,1018.3703208447145
add-int,64,2-stackful,1,3,False,245290,0.2497795439999999,1018.3030046067915
add-int,64,2-stackful,1,4,False,245290,0.24977532699999982,1018.2858127114837
add-int,64,2-stackless,2,0,True,245290,0.249230771,1016.0657629744384
add-int,64,2-stackless,2,1,True,245290,0.249141056,1015.7000122304212
add-int,64,2-stackless,2,2,False,245290,0.24925568900000006,1016.1673488523791
add-int,64,2-stackless,2,3,False,245290,0.24920764100000004,1015.9714664274941
add-int,64,2-stackless,2,4,False,245290,0.24969111499999996,1017.942496636634
add-int,64,2-stackful,2,0,True,245290,0.249821631,1018.4745851848832
add-int,64,2-stackful,2,1,True,245290,0.24973379,1018.1164743772678
add-int,64,2-stackful,2,2,False,245290,0.250926095,1022.9772718007258
add-int,64,2-stackful,2,3,False,245290,0.250629907,1021.7697704757634
add-int,64,2-stackful,2,4,False,245290,0.2501759509999999,1019.9190794569689
add-int,64,1x,2,0,True,245290,0.0158023,64.42292796281951
add-int,64,1x,2,1,True,245290,0.0156837,63.939418647315414
add-int,64,1x,2,2,False,245290,0.015725,64.10779077826247
add-int,64,1x,2,3,False,245290,0.0156971,63.9940478617147
add-int,64,1x,2,4,False,245290,0.015699,64.00179379509969
get-string,64,2-stackless,0,0,True,205192,0.25124225,1224.4251725213458
get-string,64,2-stackless,0,1,True,205192,0.25128610100000004,1224.6388796834185
get-string,64,2-stackless,0,2,False,205192,0.25140708700000003,1225.2285030605483
get-string,64,2-stackless,0,3,False,205192,0.2512882099999999,1224.6491578619045
get-string,64,2-stackless,0,4,False,205192,0.2511157209999999,1223.8085354204838
get-string,64,2-stackful,0,0,True,205192,0.249880615,1217.7892656633787
get-string,64,2-stackful,0,1,True,205192,0.249804615,1217.4188808530546
get-string,64,2-stackful,0,2,False,205192,0.24975796600000005,1217.1915376817813
get-string,64,2-stackful,0,3,False,205192,0.249796107,1217.3774172482358
get-string,64,2-stackful,0,4,False,205192,0.25000875999999994,1218.4137783149438
get-string,64,1x,0,0,True,205192,0.00972606,47.39980116183867
get-string,64,1x,0,1,True,205192,0.00969841,47.265049319661586
get-string,64,1x,0,2,False,205192,0.0095987,46.77911419548521
get-string,64,1x,0,3,False,205192,0.00972197,47.37986861086202
get-string,64,1x,0,4,False,205192,0.00970477,47.29604468010449
get-string,64,1x,1,0,True,205192,0.00966145,47.08492533821981
get-string,64,1x,1,1,True,205192,0.00962515,46.90801785644665
get-string,64,1x,1,2,False,205192,0.00963124,46.93769737611603
get-string,64,1x,1,3,False,205192,0.00970329,47.288831923271864
get-string,64,1x,1,4,False,205192,0.0097148,47.34492572809856
get-string,64,2-stackful,1,0,True,205192,0.249875438,1217.7640356349175
get-string,64,2-stackful,1,1,True,205192,0.249688273,1216.8518899372295
get-string,64,2-stackful,1,2,False,205192,0.24982153899999998,1217.5013597021325
get-string,64,2-stackful,1,3,False,205192,0.2496995620000001,1216.9069067020162
get-string,64,2-stackful,1,4,False,205192,0.2496752849999999,1216.7885931225385
get-string,64,2-stackless,1,0,True,205192,0.248780389,1212.4273314749114
get-string,64,2-stackless,1,1,True,205192,0.24880194600000002,1212.532389176966
get-string,64,2-stackless,1,2,False,205192,0.24877034600000003,1212.3783870716209
get-string,64,2-stackless,1,3,False,205192,0.24856112500000005,1211.3587518031895
get-string,64,2-stackless,1,4,False,205192,0.24863570999999995,1211.7222406331628
get-string,64,2-stackful,2,0,True,205192,0.24984801299999998,1217.6303803267183
get-string,64,2-stackful,2,1,True,205192,0.24992757599999998,1218.0181293617684
get-string,64,2-stackful,2,2,False,205192,0.24974869,1217.146331240984
get-string,64,2-stackful,2,3,False,205192,0.25005929000000005,1218.6600354789664
get-string,64,2-stackful,2,4,False,205192,0.24969096199999996,1216.8649947366368
get-string,64,2-stackless,2,0,True,205192,0.25106713199999997,1223.5717376895784
get-string,64,2-stackless,2,1,True,205192,0.250865642,1222.5897793286288
get-string,64,2-stackless,2,2,False,205192,0.251078629,1223.6277681391086
get-string,64,2-stackless,2,3,False,205192,0.2510184099999999,1223.3342917852544
get-string,64,2-stackless,2,4,False,205192,0.25113718600000023,1223.9131447619802
get-string,64,1x,2,0,True,205192,0.00975887,47.55970018324301
get-string,64,1x,2,1,True,205192,0.00972229,47.38142812585286
get-string,64,1x,2,2,False,205192,0.00977654,47.64581465164334
get-string,64,1x,2,3,False,205192,0.00973208,47.4291395376038
get-string,64,1x,2,4,False,205192,0.00970755,47.30959296658739
update-int,0,2-stackful,0,0,True,3165158,0.17057099499999998,53.8901991622535
update-int,0,2-stackful,0,1,True,3165158,0.170504999,53.869348386399665
update-int,0,2-stackful,0,2,False,3165158,0.170625368,53.90737776755537
update-int,0,2-stackful,0,3,False,3165158,0.17045525100000003,53.85363100357076
update-int,0,2-stackful,0,4,False,3165158,0.17061948700000007,53.905519724449796
update-int,0,1x,0,0,True,3165158,0.0202046,6.383441205778669
update-int,0,1x,0,1,True,3165158,0.020448,6.460341000354485
update-int,0,1x,0,2,False,3165158,0.0203315,6.423533991036151
update-int,0,1x,0,3,False,3165158,0.0200844,6.345465218481984
update-int,0,1x,0,4,False,3165158,0.020029,6.327962142806141
update-int,0,2-stackless,0,0,True,3165158,0.162905781,51.46845149594428
update-int,0,2-stackless,0,1,True,3165158,0.16220314400000002,51.246460366275564
update-int,0,2-stackless,0,2,False,3165158,0.16214894100000005,51.229335470772725
update-int,0,2-stackless,0,3,False,3165158,0.162394178,51.30681564711777
update-int,0,2-stackless,0,4,False,3165158,0.16235472799999995,51.29435181434859
update-int,0,2-stackful,1,0,True,3165158,0.170790274,53.95947816823046
update-int,0,2-stackful,1,1,True,3165158,0.17065188199999998,53.91575460056021
update-int,0,2-stackful,1,2,False,3165158,0.17054543399999994,53.88212342006305
update-int,0,2-stackful,1,3,False,3165158,0.17049991600000003,53.86774246340942
update-int,0,2-stackful,1,4,False,3165158,0.17059114500000006,53.89656535313563
update-int,0,2-stackless,1,0,True,3165158,0.16239377,51.30668674360016
update-int,0,2-stackless,1,1,True,3165158,0.16246365599999998,51.32876652603124
update-int,0,2-stackless,1,2,False,3165158,0.16233947799999998,51.28953372943783
update-int,0,2-stackless,1,3,False,3165158,0.16245558599999999,51.32621689027847
update-int,0,2-stackless,1,4,False,3165158,0.16222871900000002,51.25454053162592
update-int,0,1x,1,0,True,3165158,0.0199886,6.31519816704253
update-int,0,1x,1,1,True,3165158,0.019858,6.273936403806697
update-int,0,1x,1,2,False,3165158,0.0198766,6.279812887697865
update-int,0,1x,1,3,False,3165158,0.0199062,6.28916471152467
update-int,0,1x,1,4,False,3165158,0.0199182,6.292955991454455
update-int,0,2-stackful,2,0,True,3165158,0.170696503,53.929852159039136
update-int,0,2-stackful,2,1,True,3165158,0.17053587499999998,53.879103349659
update-int,0,2-stackful,2,2,False,3165158,0.17055954,53.886580069620535
update-int,0,2-stackful,2,3,False,3165158,0.17056569200000005,53.888523732464556
update-int,0,2-stackful,2,4,False,3165158,0.170687735,53.92708199717044
update-int,0,2-stackless,2,0,True,3165158,0.159816233,50.49233971890187
update-int,0,2-stackless,2,1,True,3165158,0.15976056699999996,50.474752603187575
update-int,0,2-stackless,2,2,False,3165158,0.15985522500000005,50.504658851153735
update-int,0,2-stackless,2,3,False,3165158,0.15973197899999997,50.465720510634846
update-int,0,2-stackless,2,4,False,3165158,0.15988292999999998,50.5134119686916
update-int,0,1x,2,0,True,3165158,0.0201378,6.36233641416953
update-int,0,1x,2,1,True,3165158,0.0200315,6.3287519927915135
update-int,0,1x,2,2,False,3165158,0.0198789,6.280539549684407
update-int,0,1x,2,3,False,3165158,0.0199023,6.2879325455474895
update-int,0,1x,2,4,False,3165158,0.0199103,6.29046006550068
update-string,256,2-stackful,0,0,True,35858,0.247103438,6891.166211166267
update-string,256,2-stackful,0,1,True,35858,0.247068112,6890.181047465001
update-string,256,2-stackful,0,2,False,35858,0.24690979999999996,6885.766077304924
update-string,256,2-stackful,0,3,False,35858,0.247360817,6898.343939985499
update-string,256,2-stackful,0,4,False,35858,0.2469613850000001,6887.204668414303
update-string,256,2-stackless,0,0,True,35858,0.243056572,6778.308104188744
update-string,256,2-stackless,0,1,True,35858,0.24292214499999998,6774.559233643817
update-string,256,2-stackless,0,2,False,35858,0.242929899,6774.775475486642
update-string,256,2-stackless,0,3,False,35858,0.2429459810000001,6775.22396675777
update-string,256,2-stackless,0,4,False,35858,0.24295757000000007,6775.547158235263
update-string,256,1x,0,0,True,35858,0.0166364,463.9522561213676
update-string,256,1x,0,1,True,35858,0.0166595,464.5964638295499
update-string,256,1x,0,2,False,35858,0.0166413,464.08890624128514
update-string,256,1x,0,3,False,35858,0.0166024,463.00407161581796
update-string,256,1x,0,4,False,35858,0.0167981,468.46171007864353
update-string,256,1x,1,0,True,35858,0.0166894,465.4303084388421
update-string,256,1x,1,1,True,35858,0.01729,482.1797088515812
update-string,256,1x,1,2,False,35858,0.0166474,464.2590216966925
update-string,256,1x,1,3,False,35858,0.0166463,464.22834513916
update-string,256,1x,1,4,False,35858,0.016915,471.7217915109599
update-string,256,2-stackful,1,0,True,35858,0.247103948,6891.1804339338505
update-string,256,2-stackful,1,1,True,35858,0.246991773,6888.0521222600255
update-string,256,2-stackful,1,2,False,35858,0.24774800599999997,6909.141781471359
update-string,256,2-stackful,1,3,False,35858,0.24709758800000003,6891.003067655754
update-string,256,2-stackful,1,4,False,35858,0.24684455900000002,6883.9466506776735
update-string,256,2-stackless,1,0,True,35858,0.245064864,6834.31490880696
update-string,256,2-stackless,1,1,True,35858,0.24520325699999998,6838.1743822856815
update-string,256,2-stackless,1,2,False,35858,0.24494746799999995,6831.0409950359735
update-string,256,2-stackless,1,3,False,35858,0.24494400699999996,6830.944475430865
update-string,256,2-stackless,1,4,False,35858,0.24511112600000007,6835.605053265661
update-string,256,2-stackful,2,0,True,35858,0.24709098799999998,6890.819008310557
update-string,256,2-stackful,2,1,True,35858,0.24697734300000002,6887.64970160076
update-string,256,2-stackful,2,2,False,35858,0.24702823599999996,6889.0689943666675
update-string,256,2-stackful,2,3,False,35858,0.24703816999999995,6889.3460315689645
update-string,256,2-stackful,2,4,False,35858,0.24690804200000005,6885.717050588434
update-string,256,2-stackless,2,0,True,35858,0.248100158,6918.962518824251
update-string,256,2-stackless,2,1,True,35858,0.24794604699999997,6914.664705226169
update-string,256,2-stackless,2,2,False,35858,0.24794599,6914.663115622734
update-string,256,2-stackless,2,3,False,35858,0.24869737800000002,6935.617658542028
update-string,256,2-stackless,2,4,False,35858,0.24793739199999998,6914.423336493947
update-string,256,1x,2,0,True,35858,0.016632,463.8295498912377
update-string,256,1x,2,1,True,35858,0.0166399,464.04986334988007
update-string,256,1x,2,2,False,35858,0.0166201,463.4976853142952
update-string,256,1x,2,3,False,35858,0.0166392,464.0303419041776
update-string,256,1x,2,4,False,35858,0.0166507,464.35105136928996
get-seq,256,2-stackless,0,0,True,53812,0.252223814,4687.129525013008
get-seq,256,2-stackless,0,1,True,53812,0.25201640999999997,4683.275291756485
get-seq,256,2-stackless,0,2,False,53812,0.25208202300000004,4684.49459228425
get-seq,256,2-stackless,0,3,False,53812,0.25233265299999985,4689.152103620007
get-seq,256,2-stackless,0,4,False,53812,0.25216569,4686.04939418717
get-seq,256,2-stackful,0,0,True,53812,0.249997013,4645.748401843455
get-seq,256,2-stackful,0,1,True,53812,0.25000719199999993,4645.9375603954495
get-seq,256,2-stackful,0,2,False,53812,0.24975924799999993,4641.329963576896
get-seq,256,2-stackful,0,3,False,53812,0.24984906399999995,4642.999033672786
get-seq,256,2-stackful,0,4,False,53812,0.24974219400000008,4641.01304541738
get-seq,256,1x,0,0,True,53812,0.0108498,201.62417304690405
get-seq,256,1x,0,1,True,53812,0.0107646,200.0408830744072
get-seq,256,1x,0,2,False,53812,0.0107532,199.82903441611538
get-seq,256,1x,0,3,False,53812,0.0106796,198.46130974503828
get-seq,256,1x,0,4,False,53812,0.0107527,199.81974280829556
get-seq,256,2-stackless,1,0,True,53812,0.25227723500000004,4688.1222589756935
get-seq,256,2-stackless,1,1,True,53812,0.25227332199999997,4688.049542852895
get-seq,256,2-stackless,1,2,False,53812,0.2523532620000001,4689.535085111129
get-seq,256,2-stackless,1,3,False,53812,0.25256803400000005,4693.526239500484
get-seq,256,2-stackless,1,4,False,53812,0.25278144599999997,4697.492120716568
get-seq,256,1x,1,0,True,53812,0.011054,205.41886568051737
get-seq,256,1x,1,1,True,53812,0.0108442,201.52010703932208
get-seq,256,1x,1,2,False,53812,0.010826,201.18189251468075
get-seq,256,1x,1,3,False,53812,0.0107696,200.13379915260538
get-seq,256,1x,1,4,False,53812,0.0107791,200.3103397011819
get-seq,256,2-stackful,1,0,True,53812,0.25092864000000004,4663.061027280161
get-seq,256,2-stackful,1,1,True,53812,0.250001784,4645.837062365272
get-seq,256,2-stackful,1,2,False,53812,0.24978725499999999,4641.850423697317
get-seq,256,2-stackful,1,3,False,53812,0.24981776099999997,4642.417323273618
get-seq,256,2-stackful,1,4,False,53812,0.24998730700000005,4645.568033152458
get-seq,256,1x,2,0,True,53812,0.0108456,201.54612354121758
get-seq,256,1x,2,1,True,53812,0.010816,200.9960603582844
get-seq,256,1x,2,2,False,53812,0.010809,200.86597784880695
get-seq,256,1x,2,3,False,53812,0.0107886,200.48688024975843
get-seq,256,1x,2,4,False,53812,0.0108164,201.00349364454024
get-seq,256,2-stackful,2,0,True,53812,0.250339051,4652.104567754403
get-seq,256,2-stackful,2,1,True,53812,0.24990180999999995,4643.979223964914
get-seq,256,2-stackful,2,2,False,53812,0.250051476,4646.760499516837
get-seq,256,2-stackful,2,3,False,53812,0.250644238,4657.7759235858175
get-seq,256,2-stackful,2,4,False,53812,0.25012701299999995,4648.164219876607
get-seq,256,2-stackless,2,0,True,53812,0.250128171,4648.185739240318
get-seq,256,2-stackless,2,1,True,53812,0.24992121100000003,4644.33975693154
get-seq,256,2-stackless,2,2,False,53812,0.24987224200000002,4643.429755444883
get-seq,256,2-stackless,2,3,False,53812,0.25043584600000013,4653.9033301122445
get-seq,256,2-stackless,2,4,False,53812,0.24975409199999987,4641.234148517057
const-table,8,2-stackful,0,0,True,251092,0.047459584,189.01272840233858
const-table,8,2-stackful,0,1,True,251092,0.04750704100000001,189.20173083969226
const-table,8,2-stackful,0,2,False,251092,0.047240940999999995,188.14195991907346
const-table,8,2-stackful,0,3,False,251092,0.04711478999999999,187.63955044366205
const-table,8,2-stackful,0,4,False,251092,0.047129177999999994,187.69685214980962
const-table,8,1x,0,0,True,251092,0.0190866,76.01436923518074
const-table,8,1x,0,1,True,251092,0.0191947,76.44488872604464
const-table,8,1x,0,2,False,251092,0.018974,75.56592802638077
const-table,8,1x,0,3,False,251092,0.0191332,76.19995858091855
const-table,8,1x,0,4,False,251092,0.0191674,76.33616363723257
const-table,8,2-stackless,0,0,True,251092,0.047144296,187.7570611568668
const-table,8,2-stackless,0,1,True,251092,0.047123721,187.67511907985917
const-table,8,2-stackless,0,2,False,251092,0.04712818399999999,187.69289344144772
const-table,8,2-stackless,0,3,False,251092,0.047078660999999994,187.49566294425944
const-table,8,2-stackless,0,4,False,251092,0.047088193,187.53362512545203
const-table,8,2-stackless,1,0,True,251092,0.047179936,187.89900116292037
const-table,8,2-stackless,1,1,True,251092,0.04706364899999999,187.43587609322478
const-table,8,2-stackless,1,2,False,251092,0.047195712,187.9618307234002
const-table,8,2-stackless,1,3,False,251092,0.04707049599999999,187.46314498271548
const-table,8,2-stackless,1,4,False,251092,0.047126951,187.68798289073328
const-table,8,2-stackful,1,0,True,251092,0.047109976,187.62037818807448
const-table,8,2-stackful,1,1,True,251092,0.047107081,187.60884854953562
const-table,8,2-stackful,1,2,False,251092,0.047077162000000006,187.4896930208848
const-table,8,2-stackful,1,3,False,251092,0.047105067,187.60082758510825
const-table,8,2-stackful,1,4,False,251092,0.04708963599999999,187.5393720230035
const-table,8,1x,1,0,True,251092,0.0191847,76.40506268618674
const-table,8,1x,1,1,True,251092,0.0192477,76.65596673729151
const-table,8,1x,1,2,False,251092,0.0191866,76.41262963375974
const-table,8,1x,1,3,False,251092,0.0190612,75.91321109394167
const-table,8,1x,1,4,False,251092,0.0189455,75.45242381278575
const-table,8,2-stackful,2,0,True,251092,0.047188165000000004,187.93177401111947
const-table,8,2-stackful,2,1,True,251092,0.047113612,187.63485893616684
const-table,8,2-stackful,2,2,False,251092,0.04712363900000001,187.67479250633238
const-table,8,2-stackful,2,3,False,251092,0.04705915199999999,187.41796632310067
const-table,8,2-stackful,2,4,False,251092,0.04711273799999999,187.63137814028318
const-table,8,2-stackless,2,0,True,251092,0.047081533,187.50710098290665
const-table,8,2-stackless,2,1,True,251092,0.047128947,187.69593216828892
const-table,8,2-stackless,2,2,False,251092,0.04710462200000001,187.59905532633462
const-table,8,2-stackless,2,3,False,251092,0.04725934499999998,188.21525576282787
const-table,8,2-stackless,2,4,False,251092,0.047887963000000006,190.71879231516738
const-table,8,1x,2,0,True,251092,0.019232,76.5934398547146
const-table,8,1x,2,1,True,251092,0.0193468,77.05064279228331
const-table,8,1x,2,2,False,251092,0.0195193,77.73764197983209
const-table,8,1x,2,3,False,251092,0.0192623,76.71411275548405
const-table,8,1x,2,4,False,251092,0.0192116,76.51219473340448
add-int,0,1x,0,0,True,2521623,0.0159837,6.33865569912711
add-int,0,1x,0,1,True,2521623,0.0167173,6.6295794414946245
add-int,0,1x,0,2,False,2521623,0.0165598,6.567119668562667
add-int,0,1x,0,3,False,2521623,0.0163074,6.4670254038767885
add-int,0,1x,0,4,False,2521623,0.0161727,6.413607426645459
add-int,0,2-stackless,0,0,True,2521623,0.128610847,51.00320190607398
add-int,0,2-stackless,0,1,True,2521623,0.12732964600000002,50.495116042326714
add-int,0,2-stackless,0,2,False,2521623,0.12726902300000004,50.47107478001273
add-int,0,2-stackless,0,3,False,2521623,0.12751264399999995,50.567687556783845
add-int,0,2-stackless,0,4,False,2521623,0.127331674,50.49592028626008
add-int,0,2-stackful,0,0,True,2521623,0.136003936,53.93507911372953
add-int,0,2-stackful,0,1,True,2521623,0.13583607600000003,53.86851087573362
add-int,0,2-stackful,0,2,False,2521623,0.13588411700000003,53.88756249447282
add-int,0,2-stackful,0,3,False,2521623,0.13588084499999997,53.886264917475756
add-int,0,2-stackful,0,4,False,2521623,0.1359627160000001,53.9187324988708
add-int,0,2-stackless,1,0,True,2521623,0.128712095,51.04335382410456
add-int,0,2-stackless,1,1,True,2521623,0.12863749000000002,51.013767720234156
add-int,0,2-stackless,1,2,False,2521623,0.128753469,51.0597615107413
add-int,0,2-stackless,1,3,False,2521623,0.128852221,51.09892359008463
add-int,0,2-stackless,1,4,False,2521623,0.12865800699999996,51.02190414665474
add-int,0,2-stackful,1,0,True,2521623,0.13588187399999999,53.886672987992256
add-int,0,2-stackful,1,1,True,2521623,0.135919685,53.90166769576578
add-int,0,2-stackful,1,2,False,2521623,0.13624781199999997,54.03179301584732
add-int,0,2-stackful,1,3,False,2521623,0.135890727,53.890183822086016
add-int,0,2-stackful,1,4,False,2521623,0.13602197700000007,53.94223363286267
add-int,0,1x,1,0,True,2521623,0.015908,6.308635351121083
add-int,0,1x,1,1,True,2521623,0.0159332,6.318628914790198
add-int,0,1x,1,2,False,2521623,0.0158042,6.267471386484022
add-int,0,1x,1,3,False,2521623,0.0158553,6.287736112813057
add-int,0,1x,1,4,False,2521623,0.0157899,6.261800435671788
add-int,0,1x,2,0,True,2521623,0.0159119,6.310181974069875
add-int,0,1x,2,1,True,2521623,0.0158454,6.283810069943049
add-int,0,1x,2,2,False,2521623,0.0157826,6.25890547476764
add-int,0,1x,2,3,False,2521623,0.0158229,6.274887245238483
add-int,0,1x,2,4,False,2521623,0.015844,6.283254871961431
add-int,0,2-stackless,2,0,True,2521623,0.127432305,50.53582752060875
add-int,0,2-stackless,2,1,True,2521623,0.128340017,50.8957988565301
add-int,0,2-stackless,2,2,False,2521623,0.128691663,51.03525110613284
add-int,0,2-stackless,2,3,False,2521623,0.12763737799999997,50.61715331752604
add-int,0,2-stackless,2,4,False,2521623,0.12750527599999995,50.564765629120586
add-int,0,2-stackful,2,0,True,2521623,0.135985319,53.92769617028398
add-int,0,2-stackful,2,1,True,2521623,0.13592593700000002,53.904147051323704
add-int,0,2-stackful,2,2,False,2521623,0.135911846,53.898558983638715
add-int,0,2-stackful,2,3,False,2521623,0.13589498099999997,53.89187083081014
add-int,0,2-stackful,2,4,False,2521623,0.13610753100000006,53.97616178151931
update-int,256,2-stackless,0,0,True,61921,0.23125864599999998,3734.7369390029226
update-int,256,2-stackless,0,1,True,61921,0.23134959600000002,3736.205746031234
update-int,256,2-stackless,0,2,False,61921,0.23111762800000007,3732.459553301789
update-int,256,2-stackless,0,3,False,61921,0.23108817599999998,3731.9839149884524
update-int,256,2-stackless,0,4,False,61921,0.23162401499999996,3740.637505854233
update-int,256,1x,0,0,True,61921,0.0199901,322.8323185995058
update-int,256,1x,0,1,True,61921,0.0200049,323.07133282731223
update-int,256,1x,0,2,False,61921,0.0199431,322.0732869301206
update-int,256,1x,0,3,False,61921,0.0199835,322.7257311735922
update-int,256,1x,0,4,False,61921,0.0199634,322.40112401285506
update-int,256,2-stackful,0,0,True,61921,0.237005985,3827.554222315531
update-int,256,2-stackful,0,1,True,61921,0.23680630999999996,3824.3295489413927
update-int,256,2-stackful,0,2,False,61921,0.23728285800000004,3832.0256132814397
update-int,256,2-stackful,0,3,False,61921,0.23714822400000002,3829.851326690461
update-int,256,2-stackful,0,4,False,61921,0.23750196999999995,3835.564186624892
update-int,256,1x,1,0,True,61921,0.0199862,322.76933512055683
update-int,256,1x,1,1,True,61921,0.0199911,322.84846820949275
update-int,256,1x,1,2,False,61921,0.0200164,323.2570533421618
update-int,256,1x,1,3,False,61921,0.0199497,322.1798743560343
update-int,256,1x,1,4,False,61921,0.0199656,322.43665315482633
update-int,256,2-stackful,1,0,True,61921,0.237434075,3834.467708854831
update-int,256,2-stackful,1,1,True,61921,0.237167463,3830.162029036999
update-int,256,2-stackful,1,2,False,61921,0.237067545,3828.5483923063257
update-int,256,2-stackful,1,3,False,61921,0.23822726500000002,3847.2774180003557
update-int,256,2-stackful,1,4,False,61921,0.23697199000000002,3827.005216324026
update-int,256,2-stackless,1,0,True,61921,0.23399025299999998,3778.85132669046
update-int,256,2-stackless,1,1,True,61921,0.234626712,3789.129891313125
update-int,256,2-stackless,1,2,False,61921,0.23393460900000002,3777.9526977923488
update-int,256,2-stackless,1,3,False,61921,0.23394601999999998,3778.136980991909
update-int,256,2-stackless,1,4,False,61921,0.23385415199999993,3776.65334862163
update-int,256,2-stackful,2,0,True,61921,0.23684596600000002,3824.9699778750346
update-int,256,2-stackful,2,1,True,61921,0.23701720799999998,3827.735469388414
update-int,256,2-stackful,2,2,False,61921,0.23691707799999995,3826.1184089404233
update-int,256,2-stackful,2,3,False,61921,0.23680820800000002,3824.360200901149
update-int,256,2-stackful,2,4,False,61921,0.237011117,3827.637102113984
update-int,256,2-stackless,2,0,True,61921,0.23126006,3734.7597745514445
update-int,256,2-stackless,2,1,True,61921,0.23105683600000002,3731.4777862114634
update-int,256,2-stackless,2,2,False,61921,0.23104025500000003,3731.2100095282703
update-int,256,2-stackless,2,3,False,61921,0.23142802900000004,3737.472408391338
update-int,256,2-stackless,2,4,False,61921,0.2311399489999999,3732.820028746304
update-int,256,1x,2,0,True,61921,0.0199657,322.438268115825
update-int,256,1x,2,1,True,61921,0.0199581,322.3155310799244
update-int,256,1x,2,2,False,61921,0.0198877,321.17859853684536
update-int,256,1x,2,3,False,61921,0.0198955,321.3045654947433
update-int,256,1x,2,4,False,61921,0.0199056,321.4676765556112
add-float,8,1x,0,0,True,1369573,0.0193875,14.155871939648343
add-float,8,1x,0,1,True,1369573,0.0194541,14.204500234744698
add-float,8,1x,0,2,False,1369573,0.0196252,14.329429683558306
add-float,8,1x,0,3,False,1369573,0.0195016,14.239182577343449
add-float,8,1x,0,4,False,1369573,0.0193675,14.141268848027815
add-float,8,2-stackful,0,0,True,1369573,0.244558587,178.56557262738093
add-float,8,2-stackful,0,1,True,1369573,0.244612188,178.60470964307854
add-float,8,2-stackful,0,2,False,1369573,0.244581434,178.58225446909364
add-float,8,2-stackful,0,3,False,1369573,0.244688189,178.6602021213911
add-float,8,2-stackful,0,4,False,1369573,0.24472918799999988,178.69013772905853
add-float,8,2-stackless,0,0,True,1369573,0.24445862,178.49258126437948
add-float,8,2-stackless,0,1,True,1369573,0.24414271199999998,178.2619195909966
add-float,8,2-stackless,0,2,False,1369573,0.24424926699999994,178.33972121237784
add-float,8,2-stackless,0,3,False,1369573,0.244100871,178.23136919317187
add-float,8,2-stackless,0,4,False,1369573,0.24405476500000012,178.19770468605918
add-float,8,1x,1,0,True,1369573,0.0193931,14.15996080530209
add-float,8,1x,1,1,True,1369573,0.0192961,14.089135810942535
add-float,8,1x,1,2,False,1369573,0.0193529,14.130608591144831
add-float,8,1x,1,3,False,1369573,0.0193206,14.10702459817768
add-float,8,1x,1,4,False,1369573,0.0193123,14.100964315155162
add-float,8,2-stackful,1,0,True,1369573,0.244588992,178.58777297741705
add-float,8,2-stackful,1,1,True,1369573,0.24462783,178.61613072103495
add-float,8,2-stackful,1,2,False,1369573,0.24464539899999999,178.628958806869
add-float,8,2-stackful,1,3,False,1369573,0.24462112000000003,178.61123138379628
add-float,8,2-stackful,1,4,False,1369573,0.24482488699999994,178.7600127923082
add-float,8,2-stackless,1,0,True,1369573,0.240169768,175.36105632923545
add-float,8,2-stackless,1,1,True,1369573,0.240017639,175.2499786429785
add-float,8,2-stackless,1,2,False,1369573,0.239973793,175.2179642852188
add-float,8,2-stackless,1,3,False,1369573,0.240051338,175.27458412220452
add-float,8,2-stackless,1,4,False,1369573,0.24002642500000004,175.25639378112743
add-float,8,2-stackless,2,0,True,1369573,0.24209171599999998,176.76437546592987
add-float,8,2-stackless,2,1,True,1369573,0.242366806,176.96523368962443
add-float,8,2-stackless,2,2,False,1369573,0.243237368,177.6008785219919
add-float,8,2-stackless,2,3,False,1369573,0.24225273599999997,176.88194495656674
add-float,8,2-stackless,2,4,False,1369573,0.24208969999999985,176.76290347429443
add-float,8,1x,2,0,True,1369573,0.019332,14.11534836040138
add-float,8,1x,2,1,True,1369573,0.0193386,14.120167380636154
add-float,8,1x,2,2,False,1369573,0.0193047,14.09541514033936
add-float,8,1x,2,3,False,1369573,0.0193101,14.099357975076904
add-float,8,1x,2,4,False,1369573,0.0196786,14.368419938185113
add-float,8,2-stackful,2,0,True,1369573,0.245559839,179.29664136194273
add-float,8,2-stackful,2,1,True,1369573,0.244618021,178.60896863474966
add-float,8,2-stackful,2,2,False,1369573,0.24473180400000005,178.69204781344263
add-float,8,2-stackful,2,3,False,1369573,0.24461225399999997,178.60475783328087
add-float,8,2-stackful,2,4,False,1369573,0.244627221,178.6156860568951
get-int,0,1x,0,0,True,2691501,0.0167883,6.237523225887711
get-int,0,1x,0,1,True,2691501,0.0169064,6.281402087534056
get-int,0,1x,0,2,False,2691501,0.0168007,6.242130320590629
get-int,0,1x,0,3,False,2691501,0.0168762,6.270181582693077
get-int,0,1x,0,4,False,2691501,0.0167685,6.230166735958856
get-int,0,2-stackful,0,0,True,2691501,0.14510378599999998,53.91184547209902
get-int,0,2-stackful,0,1,True,2691501,0.14514908399999998,53.928675486280696
get-int,0,2-stackful,0,2,False,2691501,0.14508798299999998,53.90597402713206
get-int,0,2-stackful,0,3,False,2691501,0.144963862,53.859858123775545
get-int,0,2-stackful,0,4,False,2691501,0.14493626400000004,53.8496043657424
get-int,0,2-stackless,0,0,True,2691501,0.135853892,50.475140822908855
get-int,0,2-stackless,0,1,True,2691501,0.13584137,50.470488400338695
get-int,0,2-stackless,0,2,False,2691501,0.135867909,50.48034869762263
get-int,0,2-stackless,0,3,False,2691501,0.135885926,50.48704273191799
get-int,0,2-stackless,0,4,False,2691501,0.13589213300000003,50.48934888004873
get-int,0,2-stackful,1,0,True,2691501,0.14500664,53.87575185742082
get-int,0,2-stackful,1,1,True,2691501,0.144988975,53.86918860516864
get-int,0,2-stackful,1,2,False,2691501,0.14564016800000001,54.111132784271675
get-int,0,2-stackful,1,3,False,2691501,0.14507032899999994,53.89941486181872
get-int,0,2-stackful,1,4,False,2691501,0.14505975299999996,53.895485455885016
get-int,0,2-stackless,1,0,True,2691501,0.137259372,50.99733271509095
get-int,0,2-stackless,1,1,True,2691501,0.13720701899999999,50.97788148694725
get-int,0,2-stackless,1,2,False,2691501,0.13716294299999998,50.96150549451773
get-int,0,2-stackless,1,3,False,2691501,0.13716231899999998,50.961273653623
get-int,0,2-stackless,1,4,False,2691501,0.13711887899999997,50.94513396056697
get-int,0,1x,1,0,True,2691501,0.0168136,6.246923185241246
get-int,0,1x,1,1,True,2691501,0.0168908,6.275606065165868
get-int,0,1x,1,2,False,2691501,0.0168848,6.2733768257934885
get-int,0,1x,1,3,False,2691501,0.0168622,6.264980024157524
get-int,0,1x,1,4,False,2691501,0.0171012,6.353778059157325
get-int,0,2-stackful,2,0,True,2691501,0.145096732,53.9092246296769
get-int,0,2-stackful,2,1,True,2691501,0.145054771,53.89363444412616
get-int,0,2-stackful,2,2,False,2691501,0.145013858,53.87843363238579
get-int,0,2-stackful,2,3,False,2691501,0.144997714,53.87243549231451
get-int,0,2-stackful,2,4,False,2691501,0.14504291599999997,53.88922983866622
get-int,0,2-stackless,2,0,True,2691501,0.13588785,50.487757574676735
get-int,0,2-stackless,2,1,True,2691501,0.135751325,50.4370330904577
get-int,0,2-stackless,2,2,False,2691501,0.135831288,50.466742535113305
get-int,0,2-stackless,2,3,False,2691501,0.13588809800000007,50.487849716570814
get-int,0,2-stackless,2,4,False,2691501,0.13590131900000002,50.49276184552784
get-int,0,1x,2,0,True,2691501,0.0170567,6.337244533812174
get-int,0,1x,2,1,True,2691501,0.0169093,6.282479553230707
get-int,0,1x,2,2,False,2691501,0.0169203,6.28656649208007
get-int,0,1x,2,3,False,2691501,0.0168842,6.273153901856251
get-int,0,1x,2,4,False,2691501,0.0168268,6.2518275118604825
get-string,0,2-stackless,0,0,True,2010798,0.138537009,68.89653212306756
get-string,0,2-stackless,0,1,True,2010798,0.137961907,68.61052527404543
get-string,0,2-stackless,0,2,False,2010798,0.13790134799999998,68.58040837518237
get-string,0,2-stackless,0,3,False,2010798,0.13795193999999994,68.60556853547693
get-string,0,2-stackless,0,4,False,2010798,0.13833322699999995,68.79518827848443
get-string,0,1x,0,0,True,2010798,0.0201337,10.012790941705731
get-string,0,1x,0,1,True,2010798,0.0199905,9.94157543423059
get-string,0,1x,0,2,False,2010798,0.0201942,10.042878498983985
get-string,0,1x,0,3,False,2010798,0.0201796,10.035617700037498
get-string,0,1x,0,4,False,2010798,0.0199947,9.943664157215196
get-string,0,2-stackful,0,0,True,2010798,0.144789529,72.00600408395076
get-string,0,2-stackful,0,1,True,2010798,0.144459219,71.84173596751141
get-string,0,2-stackful,0,2,False,2010798,0.14451954100000003,71.87173500272033
get-string,0,2-stackful,0,3,False,2010798,0.144724491,71.97365971121913
get-string,0,2-stackful,0,4,False,2010798,0.14451911400000006,71.87152264921691
get-string,0,1x,1,0,True,2010798,0.0202337,10.06252244133921
get-string,0,1x,1,1,True,2010798,0.0200305,9.96146803408398
get-string,0,1x,1,2,False,2010798,0.01996,9.926407326842378
get-string,0,1x,1,3,False,2010798,0.0199929,9.942768990221792
get-string,0,1x,1,4,False,2010798,0.0199893,9.940978656234988
get-string,0,2-stackful,1,0,True,2010798,0.144566062,71.8948705936648
get-string,0,2-stackful,1,1,True,2010798,0.144624838,71.92410077988937
get-string,0,2-stackful,1,2,False,2010798,0.144589301,71.90642769686463
get-string,0,2-stackful,1,3,False,2010798,0.14513642000000004,72.17851818034434
get-string,0,2-stackful,1,4,False,2010798,0.14555254900000003,72.38546537245414
get-string,0,2-stackless,1,0,True,2010798,0.138340634,68.79887189066231
get-string,0,2-stackless,1,1,True,2010798,0.138242471,68.7500539586771
get-string,0,2-stackless,1,2,False,2010798,0.138058823,68.65872305423021
get-string,0,2-stackless,1,3,False,2010798,0.13848043799999998,68.86839851640988
get-string,0,2-stackless,1,4,False,2010798,0.13919887799999997,69.22568950237665
get-string,0,2-stackful,2,0,True,2010798,0.144809546,72.01595883823238
get-string,0,2-stackful,2,1,True,2010798,0.14523247599999997,72.22628826963224
get-string,0,2-stackful,2,2,False,2010798,0.145022824,72.12202518602068
get-string,0,2-stackful,2,3,False,2010798,0.145273225,72.2465533584179
get-string,0,2-stackful,2,4,False,2010798,0.14459812500000002,71.9108160043923
get-string,0,1x,2,0,True,2010798,0.0232455,11.560335747300325
get-string,0,1x,2,1,True,2010798,0.0234491,11.661589080554089
get-string,0,1x,2,2,False,2010798,0.0235665,11.719973861123792
get-string,0,1x,2,3,False,2010798,0.0238314,11.851712603652878
get-string,0,1x,2,4,False,2010798,0.0232418,11.558495681813886
get-string,0,2-stackless,2,0,True,2010798,0.136833983,68.0495917541195
get-string,0,2-stackless,2,1,True,2010798,0.13655481500000002,67.91075732122273
get-string,0,2-stackless,2,2,False,2010798,0.136426914,67.8471502358765
get-string,0,2-stackless,2,3,False,2010798,0.136711747,67.98880195822753
get-string,0,2-stackless,2,4,False,2010798,0.136271413,67.76981725663144
update-seq,64,2-stackful,0,0,True,77465,0.136693826,1764.5882140321435
update-seq,64,2-stackful,0,1,True,77465,0.13670650100000004,1764.7518363131742
update-seq,64,2-stackful,0,2,False,77465,0.13646381400000002,1761.6189763118832
update-seq,64,2-stackful,0,3,False,77465,0.13651245199999995,1762.246846963144
update-seq,64,2-stackful,0,4,False,77465,0.13650197099999994,1762.1115471503251
update-seq,64,1x,0,0,True,77465,0.0199203,257.1522623120119
update-seq,64,1x,0,1,True,77465,0.0195727,252.66507454979669
update-seq,64,1x,0,2,False,77465,0.0198869,256.7210998515459
update-seq,64,1x,0,3,False,77465,0.0196765,254.005034531724
update-seq,64,1x,0,4,False,77465,0.0193716,250.0690634480088
update-seq,64,2-stackless,0,0,True,77465,0.13606607199999998,1756.4845026786286
update-seq,64,2-stackless,0,1,True,77465,0.13624334600000002,1758.7729426192477
update-seq,64,2-stackless,0,2,False,77465,0.13714002199999997,1770.3481830504095
update-seq,64,2-stackless,0,3,False,77465,0.13661705899999999,1763.597224553024
update-seq,64,2-stackless,0,4,False,77465,0.136048379,1756.2561027560835
update-seq,64,2-stackful,1,0,True,77465,0.13673815,1765.1603950171045
update-seq,64,2-stackful,1,1,True,77465,0.13709301100000001,1769.741315432776
update-seq,64,2-stackful,1,2,False,77465,0.13654248599999996,1762.6345575421153
update-seq,64,2-stackful,1,3,False,77465,0.13652920000000002,1762.4630478280517
update-seq,64,2-stackful,1,4,False,77465,0.136582596,1763.1523397663461
update-seq,64,1x,1,0,True,77465,0.0198526,256.2783192409475
update-seq,64,1x,1,1,True,77465,0.0197695,255.2055767120635
update-seq,64,1x,1,2,False,77465,0.0195966,252.97360098108823
update-seq,64,1x,1,3,False,77465,0.0197703,255.21590395662557
update-seq,64,1x,1,4,False,77465,0.019528,252.08803975989156
update-seq,64,2-stackless,1,0,True,77465,0.137193806,1771.0424837023172
update-seq,64,2-stackless,1,1,True,77465,0.137018601,1768.7807525979474
update-seq,64,2-stackless,1,2,False,77465,0.137069989,1769.4441231523915
update-seq,64,2-stackless,1,3,False,77465,0.13707738999999997,1769.5396630736457
update-seq,64,2-stackless,1,4,False,77465,0.13709049500000003,1769.7088362486288
update-seq,64,1x,2,0,True,77465,0.0198492,256.23442845155876
update-seq,64,1x,2,1,True,77465,0.0197134,254.48137868714903
update-seq,64,1x,2,2,False,77465,0.0195943,252.9439101529723
update-seq,64,1x,2,3,False,77465,0.0197194,254.55883302136448
update-seq,64,1x,2,4,False,77465,0.0196358,253.47963596462918
update-seq,64,2-stackful,2,0,True,77465,0.13656595,1762.937455625121
update-seq,64,2-stackful,2,1,True,77465,0.13645196199999998,1761.4659781836954
update-seq,64,2-stackful,2,2,False,77465,0.13640534699999995,1760.8642225521196
update-seq,64,2-stackful,2,3,False,77465,0.13642684900000002,1761.1417930678374
update-seq,64,2-stackful,2,4,False,77465,0.136452095,1761.4676950881044
update-seq,64,2-stackless,2,0,True,77465,0.135276548,1746.2924933841089
update-seq,64,2-stackless,2,1,True,77465,0.135247617,1745.9190214935777
update-seq,64,2-stackless,2,2,False,77465,0.13524880700000003,1745.9343832698642
update-seq,64,2-stackless,2,3,False,77465,0.135367275,1747.4636932808364
update-seq,64,2-stackless,2,4,False,77465,0.13524290300000008,1745.858168204997
get-table,256,2-stackful,0,0,True,53311,0.247654051,4645.458742098253
get-table,256,2-stackful,0,1,True,53311,0.24757326500000001,4643.943370036202
get-table,256,2-stackful,0,2,False,53311,0.247857231,4649.269963047026
get-table,256,2-stackful,0,3,False,53311,0.24755643800000005,4643.627731612614
get-table,256,2-stackful,0,4,False,53311,0.24763987799999998,4645.19288702144
get-table,256,2-stackless,0,0,True,53311,0.24998252799999998,4689.135975689819
get-table,256,2-stackless,0,1,True,53311,0.249914187,4687.854045131398
get-table,256,2-stackless,0,2,False,53311,0.25041788800000003,4697.302395378065
get-table,256,2-stackless,0,3,False,53311,0.24993085199999998,4688.166644782502
get-table,256,2-stackless,0,4,False,53311,0.2501010800000001,4691.359756898203
get-table,256,1x,0,0,True,53311,0.0118202,221.72159591829077
get-table,256,1x,0,1,True,53311,0.0118363,222.02359738140348
get-table,256,1x,0,2,False,53311,0.0118446,222.17928757667272
get-table,256,1x,0,3,False,53311,0.0116934,219.3430999230928
get-table,256,1x,0,4,False,53311,0.0116841,219.1686518729718
get-table,256,2-stackless,1,0,True,53311,0.25038339400000004,4696.65536193281
get-table,256,2-stackless,1,1,True,53311,0.24979878599999994,4685.689369923654
get-table,256,2-stackless,1,2,False,53311,0.24992731,4688.1002044606175
get-table,256,2-stackless,1,3,False,53311,0.250217598,4693.545384629814
get-table,256,2-stackless,1,4,False,53311,0.249856694,4686.775599782409
get-table,256,2-stackful,1,0,True,53311,0.24760601499999998,4644.557689782596
get-table,256,2-stackful,1,1,True,53311,0.247536537,4643.254431543209
get-table,256,2-stackful,1,2,False,53311,0.248074807,4653.351222074243
get-table,256,2-stackful,1,3,False,53311,0.24760243699999995,4644.490574177936
get-table,256,2-stackful,1,4,False,53311,0.24775830899999995,4647.414398529383
get-table,256,1x,1,0,True,53311,0.011606,217.70366340905255
get-table,256,1x,1,1,True,53311,0.011733,220.08591097522088
get-table,256,1x,1,2,False,53311,0.0117098,219.650728742661
get-table,256,1x,1,3,False,53311,0.0117183,219.8101705089006
get-table,256,1x,1,4,False,53311,0.0116968,219.40687662958865
get-table,256,2-stackful,2,0,True,53311,0.24773265,4646.9330907317435
get-table,256,2-stackful,2,1,True,53311,0.248171706,4655.16883945152
get-table,256,2-stackful,2,2,False,53311,0.24763185,4645.04229896269
get-table,256,2-stackful,2,3,False,53311,0.247413965,4640.955243758323
get-table,256,2-stackful,2,4,False,53311,0.24753742299999992,4643.271051002605
get-table,256,2-stackless,2,0,True,53311,0.24787299999999998,4649.565755660182
get-table,256,2-stackless,2,1,True,53311,0.247597121,4644.390857421546
get-table,256,2-stackless,2,2,False,53311,0.24751154999999997,4642.785729024028
get-table,256,2-stackless,2,3,False,53311,0.24746593100000003,4641.930014443549
get-table,256,2-stackless,2,4,False,53311,0.24788654300000001,4649.8197932884395
get-table,256,1x,2,0,True,53311,0.0115957,217.51045750407982
get-table,256,1x,2,1,True,53311,0.0117119,219.6901202378496
get-table,256,1x,2,2,False,53311,0.0116589,218.6959539307085
get-table,256,1x,2,3,False,53311,0.011761,220.611130911069
get-table,256,1x,2,4,False,53311,0.0117165,219.7764063701675
do-int,0,2-stackful,0,0,True,3165309,0.17102809,54.032036050824736
do-int,0,2-stackful,0,1,True,3165309,0.17118658299999998,54.082107939540805
do-int,0,2-stackful,0,2,False,3165309,0.17060425,53.898134431741106
do-int,0,2-stackful,0,3,False,3165309,0.17052199700000004,53.87214865910406
do-int,0,2-stackful,0,4,False,3165309,0.17054462199999998,53.87929646047194
do-int,0,2-stackless,0,0,True,3165309,0.16213093099999998,51.221201784723064
do-int,0,2-stackless,0,1,True,3165309,0.16200901599999998,51.182685797816255
do-int,0,2-stackless,0,2,False,3165309,0.161990927,51.176971031896095
do-int,0,2-stackless,0,3,False,3165309,0.16214507100000003,51.22566896312494
do-int,0,2-stackless,0,4,False,3165309,0.16271702599999993,51.4063638020806
do-int,0,1x,0,0,True,3165309,0.019941,6.299858876337192
do-int,0,1x,0,1,True,3165309,0.0199577,6.305134822540232
do-int,0,1x,0,2,False,3165309,0.0197648,6.244192905021279
do-int,0,1x,0,3,False,3165309,0.0197883,6.251617140696216
do-int,0,1x,0,4,False,3165309,0.0197833,6.250037516084528
do-int,0,2-stackful,1,0,True,3165309,0.170672145,53.91958415434323
do-int,0,2-stackful,1,1,True,3165309,0.170593629,53.89477899314095
do-int,0,2-stackful,1,2,False,3165309,0.170517154,53.870618634705174
do-int,0,2-stackful,1,3,False,3165309,0.17064093000000002,53.909722557892465
do-int,0,2-stackful,1,4,False,3165309,0.17057882200000007,53.89010109281592
do-int,0,2-stackless,1,0,True,3165309,0.160437754,50.68628497249399
do-int,0,2-stackless,1,1,True,3165309,0.160280945,50.63674510134714
do-int,0,2-stackless,1,2,False,3165309,0.16128312,50.95335716039098
do-int,0,2-stackless,1,3,False,3165309,0.16027258200000005,50.63410302122164
do-int,0,2-stackless,1,4,False,3165309,0.16043517399999996,50.685469886194355
do-int,0,1x,1,0,True,3165309,0.0200242,6.326143829875693
do-int,0,1x,1,1,True,3165309,0.0197597,6.242581687917356
do-int,0,1x,1,2,False,3165309,0.01968,6.217402471607038
do-int,0,1x,1,3,False,3165309,0.0200137,6.322826618191146
do-int,0,1x,1,4,False,3165309,0.020002,6.319130296599795
do-int,0,2-stackful,2,0,True,3165309,0.17067112199999998,53.919260963147664
do-int,0,2-stackful,2,1,True,3165309,0.17073072299999997,53.93809040444392
do-int,0,2-stackful,2,2,False,3165309,0.17046547799999995,53.85429289841843
do-int,0,2-stackful,2,3,False,3165309,0.170707477,53.93074641369926
do-int,0,2-stackful,2,4,False,3165309,0.17075010600000007,53.944213977213614
do-int,0,1x,2,0,True,3165309,0.0201874,6.377702777201215
do-int,0,1x,2,1,True,3165309,0.0199047,6.288390801656331
do-int,0,1x,2,2,False,3165309,0.0198547,6.272594555539444
do-int,0,1x,2,3,False,3165309,0.0199782,6.311611283448157
do-int,0,1x,2,4,False,3165309,0.019968,6.308388849240311
do-int,0,2-stackless,2,0,True,3165309,0.16208582,51.20695009555149
do-int,0,2-stackless,2,1,True,3165309,0.16211775,51.21703757832174
do-int,0,2-stackless,2,2,False,3165309,0.161955799,51.16587322122422
do-int,0,2-stackless,2,3,False,3165309,0.16213988000000001,51.22402899685307
do-int,0,2-stackless,2,4,False,3165309,0.16200836800000007,51.18248107846661
update-string,8,1x,0,0,True,674585,0.0196119,29.072540895513537
update-string,8,1x,0,1,True,674585,0.0194622,28.85062668158942
update-string,8,1x,0,2,False,674585,0.0192468,28.531319255542297
update-string,8,1x,0,3,False,674585,0.0193896,28.74300495860418
update-string,8,1x,0,4,False,674585,0.0192936,28.600695242260056
update-string,8,2-stackful,0,0,True,674585,0.192900738,285.9546802849159
update-string,8,2-stackful,0,1,True,674585,0.192540887,285.42123972516436
update-string,8,2-stackful,0,2,False,674585,0.19247283300000007,285.32035696020523
update-string,8,2-stackful,0,3,False,674585,0.19241847199999995,285.2397726009323
update-string,8,2-stackful,0,4,False,674585,0.192450994,285.28798298212973
update-string,8,2-stackless,0,0,True,674585,0.188388275,279.2654372688394
update-string,8,2-stackless,0,1,True,674585,0.188413552,279.3029077136313
update-string,8,2-stackless,0,2,False,674585,0.18838185300000004,279.2559173417731
update-string,8,2-stackless,0,3,False,674585,0.18831964899999998,279.1637065751536
update-string,8,2-stackless,0,4,False,674585,0.18879188299999994,279.86374289377903
update-string,8,1x,1,0,True,674585,0.0195288,28.949354047303157
update-string,8,1x,1,1,True,674585,0.0194157,28.78169541273524
update-string,8,1x,1,2,False,674585,0.0194237,28.793554555763915
update-string,8,1x,1,3,False,674585,0.0195613,28.997531815857158
update-string,8,1x,1,4,False,674585,0.0195082,28.918816754004315
update-string,8,2-stackless,1,0,True,674585,0.18905155899999998,280.24868474691846
update-string,8,2-stackless,1,1,True,674585,0.18887231399999999,279.98297323539657
update-string,8,2-stackless,1,2,False,674585,0.188806372,279.885221284197
update-string,8,2-stackless,1,3,False,674585,0.18881304099999996,279.8951073623042
update-string,8,2-stackless,1,4,False,674585,0.189018209,280.19924694441767
update-string,8,2-stackful,1,0,True,674585,0.19257470100000001,285.4713653579608
update-string,8,2-stackful,1,1,True,674585,0.193003988,286.10773734962976
update-string,8,2-stackful,1,2,False,674585,0.19243864299999996,285.26967394768633
update-string,8,2-stackful,1,3,False,674585,0.192731372,285.70361333264157
update-string,8,2-stackful,1,4,False,674585,0.192824161,285.84116308545254
update-string,8,2-stackless,2,0,True,674585,0.18891011000000002,280.0390017566356
update-string,8,2-stackless,2,1,True,674585,0.189018505,280.1996857327097
update-string,8,2-stackless,2,2,False,674585,0.18883167499999998,279.92273027120376
update-string,8,2-stackless,2,3,False,674585,0.188890279,280.00960442346036
update-string,8,2-stackless,2,4,False,674585,0.189131673,280.3674451699934
update-string,8,1x,2,0,True,674585,0.0194899,28.891688964326214
update-string,8,1x,2,1,True,674585,0.0195265,28.945944543682412
update-string,8,1x,2,2,False,674585,0.0194333,28.807785527398327
update-string,8,1x,2,3,False,674585,0.0196069,29.065128931120615
update-string,8,1x,2,4,False,674585,0.019491,28.89331959649266
update-string,8,2-stackful,2,0,True,674585,0.192702811,285.6612747096363
update-string,8,2-stackful,2,1,True,674585,0.19264486699999997,285.57537893667956
update-string,8,2-stackful,2,2,False,674585,0.192318298,285.0912753767131
update-string,8,2-stackful,2,3,False,674585,0.19239256699999996,285.20137121341264
update-string,8,2-stackful,2,4,False,674585,0.19271172300000006,285.67448579497034
update-table,256,1x,0,0,True,35069,0.019795,564.4586386837377
update-table,256,1x,0,1,True,35069,0.0197797,564.022355926887
update-table,256,1x,0,2,False,35069,0.0198052,564.7494938549717
update-table,256,1x,0,3,False,35069,0.0200859,572.7537141064759
update-table,256,1x,0,4,False,35069,0.0198687,566.5602098719667
update-table,256,2-stackless,0,0,True,35069,0.23936519,6825.549345575865
update-table,256,2-stackless,0,1,True,35069,0.239409281,6826.8066098263425
update-table,256,2-stackless,0,2,False,35069,0.23915181199999996,6819.464826484929
update-table,256,2-stackless,0,3,False,35069,0.23905545699999997,6816.717243149219
update-table,256,2-stackless,0,4,False,35069,0.23906114600000006,6816.879466195217
update-table,256,2-stackful,0,0,True,35069,0.239245034,6822.12307165873
update-table,256,2-stackful,0,1,True,35069,0.23956271099999998,6831.1816989363815
update-table,256,2-stackful,0,2,False,35069,0.23921101800000005,6821.15309817788
update-table,256,2-stackful,0,3,False,35069,0.2391098100000001,6818.267130514132
update-table,256,2-stackful,0,4,False,35069,0.2390789510000001,6817.387179560298
update-table,256,2-stackful,1,0,True,35069,0.23920365999999998,6820.943283241609
update-table,256,2-stackful,1,1,True,35069,0.23917201200000002,6820.040833784825
update-table,256,2-stackful,1,2,False,35069,0.23913211,6818.903019761043
update-table,256,2-stackful,1,3,False,35069,0.23982708800000008,6838.720465368277
update-table,256,2-stackful,1,4,False,35069,0.23915866800000007,6819.660326784341
update-table,256,2-stackless,1,0,True,35069,0.240735381,6864.6206336080295
update-table,256,2-stackless,1,1,True,35069,0.240624198,6861.450226695943
update-table,256,2-stackless,1,2,False,35069,0.24057636099999996,6860.086144458068
update-table,256,2-stackless,1,3,False,35069,0.24065563499999998,6862.346659442812
update-table,256,2-stackless,1,4,False,35069,0.24059496599999997,6860.616669993441
update-table,256,1x,1,0,True,35069,0.0199464,568.7758419116599
update-table,256,1x,1,1,True,35069,0.0198295,565.442413527617
update-table,256,1x,1,2,False,35069,0.0197535,563.2752573497961
update-table,256,1x,1,3,False,35069,0.0199285,568.2654196013573
update-table,256,1x,1,4,False,35069,0.0198722,566.6600131169979
update-table,256,1x,2,0,True,35069,0.0201216,573.7717072057943
update-table,256,1x,2,1,True,35069,0.0198251,565.3169465910063
update-table,256,1x,2,2,False,35069,0.0198626,566.3862670734837
update-table,256,1x,2,3,False,35069,0.0198743,566.7198950640167
update-table,256,1x,2,4,False,35069,0.0198712,566.6314979041318
update-table,256,2-stackless,2,0,True,35069,0.240539856,6859.045196612393
update-table,256,2-stackless,2,1,True,35069,0.24039407399999999,6854.888191850352
update-table,256,2-stackless,2,2,False,35069,0.23938051800000004,6825.986426758676
update-table,256,2-stackless,2,3,False,35069,0.23918266500000007,6820.3446063474885
update-table,256,2-stackless,2,4,False,35069,0.23916099200000007,6819.726596139042
update-table,256,2-stackful,2,0,True,35069,0.239280211,6823.12615130172
update-table,256,2-stackful,2,1,True,35069,0.23920010599999997,6820.8419401750825
update-table,256,2-stackful,2,2,False,35069,0.23929244800000005,6823.4750919615635
update-table,256,2-stackful,2,3,False,35069,0.23950921300000005,6829.656192078475
update-table,256,2-stackful,2,4,False,35069,0.23919360600000006,6820.656591291456
get-table,0,1x,0,0,True,292417,0.0205285,70.20282678503644
get-table,0,1x,0,1,True,292417,0.0205318,70.21411203862976
get-table,0,1x,0,2,False,292417,0.0203483,69.58658354336444
get-table,0,1x,0,3,False,292417,0.0200463,68.55381185088419
get-table,0,1x,0,4,False,292417,0.0206528,70.6279046703851
get-table,0,2-stackful,0,0,True,292417,0.020761734,71.00043431127465
get-table,0,2-stackful,0,1,True,292417,0.020757669000000003,70.98653293071197
get-table,0,2-stackful,0,2,False,292417,0.020788405999999995,71.09164651849926
get-table,0,2-stackful,0,3,False,292417,0.020784201999999995,71.07726978937612
get-table,0,2-stackful,0,4,False,292417,0.020777221,71.05339634836552
get-table,0,2-stackless,0,0,True,292417,0.020175166,68.99450442347744
get-table,0,2-stackless,0,1,True,292417,0.020177447,69.00230492755209
get-table,0,2-stackless,0,2,False,292417,0.020130520000000006,68.84182520168119
get-table,0,2-stackless,0,3,False,292417,0.020130096,68.84037521758312
get-table,0,2-stackless,0,4,False,292417,0.020162106,68.94984217743838
get-table,0,2-stackful,1,0,True,292417,0.020842888,71.27796263555129
get-table,0,2-stackful,1,1,True,292417,0.020802196999999998,71.13880861919792
get-table,0,2-stackful,1,2,False,292417,0.020816651,71.1882380299367
get-table,0,2-stackful,1,3,False,292417,0.020749338000000006,70.95804279504956
get-table,0,2-stackful,1,4,False,292417,0.020772723000000007,71.03801420574045
get-table,0,2-stackless,1,0,True,292417,0.019979177,68.32426637302208
get-table,0,2-stackless,1,1,True,292417,0.019953657,68.23699374523369
get-table,0,2-stackless,1,2,False,292417,0.019872995999999997,67.96115136944842
get-table,0,2-stackless,1,3,False,292417,0.019868809999999994,67.94683619625395
get-table,0,2-stackless,1,4,False,292417,0.019907004000000006,68.07745103738841
get-table,0,1x,1,0,True,292417,0.0206906,70.75717212063594
get-table,0,1x,1,1,True,292417,0.0206843,70.73562754559414
get-table,0,1x,1,2,False,292417,0.0203108,69.45834202525845
get-table,0,1x,1,3,False,292417,0.0203335,69.53597089088528
get-table,0,1x,1,4,False,292417,0.0205403,70.24318011606712
get-table,0,1x,2,0,True,292417,0.0207528,70.96988205200108
get-table,0,1x,2,1,True,292417,0.0204025,69.7719352842003
get-table,0,1x,2,2,False,292417,0.0205304,70.20932435528714
get-table,0,1x,2,3,False,292417,0.0205426,70.25104559584429
get-table,0,1x,2,4,False,292417,0.0208709,71.37375733968955
get-table,0,2-stackful,2,0,True,292417,0.020746767000000003,70.9492505565682
get-table,0,2-stackful,2,1,True,292417,0.020776560000000003,71.05113587787305
get-table,0,2-stackful,2,2,False,292417,0.020779413999999996,71.06089591234435
get-table,0,2-stackful,2,3,False,292417,0.020816504000000007,71.18773532318575
get-table,0,2-stackful,2,4,False,292417,0.020851587000000005,71.30771124797808
get-table,0,2-stackless,2,0,True,292417,0.020105202,68.75524336820362
get-table,0,2-stackless,2,1,True,292417,0.020045048000000003,68.54953029406636
get-table,0,2-stackless,2,2,False,292417,0.020040824,68.5350851694669
get-table,0,2-stackless,2,3,False,292417,0.020061342000000003,68.60525208862687
get-table,0,2-stackless,2,4,False,292417,0.0201601,68.94298211116316
const-seq,0,2-stackful,0,0,True,294826,0.020980991,71.16397807520367
const-seq,0,2-stackful,0,1,True,294826,0.020978516,71.15558329319667
const-seq,0,2-stackful,0,2,False,294826,0.020916628,70.94566964921682
const-seq,0,2-stackful,0,3,False,294826,0.021019795999999993,71.2955980815803
const-seq,0,2-stackful,0,4,False,294826,0.020985646999999996,71.1797704408702
const-seq,0,1x,0,0,True,294826,0.0226009,76.65843582316349
const-seq,0,1x,0,1,True,294826,0.0229009,77.67598515734704
const-seq,0,1x,0,2,False,294826,0.0230578,78.20816345912505
const-seq,0,1x,0,3,False,294826,0.0228473,77.49418300963958
const-seq,0,1x,0,4,False,294826,0.0226469,76.81446005440498
const-seq,0,2-stackless,0,0,True,294826,0.02025888,68.71469951768161
const-seq,0,2-stackless,0,1,True,294826,0.020287006,68.81009815959244
const-seq,0,2-stackless,0,2,False,294826,0.020256312,68.705989295381
const-seq,0,2-stackless,0,3,False,294826,0.020221366000000005,68.5874583652731
const-seq,0,2-stackless,0,4,False,294826,0.020176698000000007,68.4359520530754
const-seq,0,2-stackful,1,0,True,294826,0.021007755,71.2547570431373
const-seq,0,2-stackful,1,1,True,294826,0.021045377999999997,71.38236790513726
const-seq,0,2-stackful,1,2,False,294826,0.020932255000000004,70.99867379403446
const-seq,0,2-stackful,1,3,False,294826,0.020970365000000005,71.12793647778692
const-seq,0,2-stackful,1,4,False,294826,0.02097130600000001,71.13112819086514
const-seq,0,1x,1,0,True,294826,0.0212917,72.21785052878647
const-seq,0,1x,1,1,True,294826,0.020945,71.04190268158167
const-seq,0,1x,1,2,False,294826,0.0203227,68.93116617937359
const-seq,0,1x,1,3,False,294826,0.0203079,68.88096707888721
const-seq,0,1x,1,4,False,294826,0.0204638,69.40975354955125
const-seq,0,2-stackless,1,0,True,294826,0.019928125999999997,67.59283780941978
const-seq,0,2-stackless,1,1,True,294826,0.020175521999999998,68.43196325968536
const-seq,0,2-stackless,1,2,False,294826,0.020103453,68.18751738313446
const-seq,0,2-stackless,1,3,False,294826,0.019889686999999996,67.46245921323084
const-seq,0,2-stackless,1,4,False,294826,0.019920592999999986,67.56728714563839
const-seq,0,1x,2,0,True,294826,0.0211854,71.85729888137409
const-seq,0,1x,2,1,True,294826,0.0210625,71.44044283747024
const-seq,0,1x,2,2,False,294826,0.0209895,71.19283916615224
const-seq,0,1x,2,3,False,294826,0.0211187,71.63106374607395
const-seq,0,1x,2,4,False,294826,0.021013,71.27254719732996
const-seq,0,2-stackful,2,0,True,294826,0.021038778,71.35998181978523
const-seq,0,2-stackful,2,1,True,294826,0.020970568999999998,71.12862841133413
const-seq,0,2-stackful,2,2,False,294826,0.021191076999999996,71.87655430660796
const-seq,0,2-stackful,2,3,False,294826,0.021101463,71.57259875316288
const-seq,0,2-stackful,2,4,False,294826,0.020930892000000006,70.99405072822617
const-seq,0,2-stackless,2,0,True,294826,0.020530443000000002,69.63579535047792
const-seq,0,2-stackless,2,1,True,294826,0.020376905,69.115020384905
const-seq,0,2-stackless,2,2,False,294826,0.020191969999999997,68.48775209784753
const-seq,0,2-stackless,2,3,False,294826,0.02016681,68.40241362702068
const-seq,0,2-stackless,2,4,False,294826,0.020209695000000014,68.54787230434228
make-seq,0,1x,0,0,True,1288461,0.0182355,14.15293128779218
make-seq,0,1x,0,1,True,1288461,0.0180884,14.038764075901405
make-seq,0,1x,0,2,False,1288461,0.0176008,13.660328096853533
make-seq,0,1x,0,3,False,1288461,0.0179784,13.953390905894707
make-seq,0,1x,0,4,False,1288461,0.0181558,14.091074545523691
make-seq,0,2-stackless,0,0,True,1288461,0.08248839,64.02086675498909
make-seq,0,2-stackless,0,1,True,1288461,0.082467514,64.00466447956127
make-seq,0,2-stackless,0,2,False,1288461,0.08234939700000002,63.91299154572782
make-seq,0,2-stackless,0,3,False,1288461,0.08229151500000001,63.868068183670296
make-seq,0,2-stackless,0,4,False,1288461,0.08244998399999998,63.99105910074109
make-seq,0,2-stackful,0,0,True,1288461,0.087990293,68.29100221116511
make-seq,0,2-stackful,0,1,True,1288461,0.08740040800000001,67.83318082580692
make-seq,0,2-stackful,0,2,False,1288461,0.087349823,67.79392080939974
make-seq,0,2-stackful,0,3,False,1288461,0.08735206299999998,67.79565931758896
make-seq,0,2-stackful,0,4,False,1288461,0.087327569,67.77664904098766
make-seq,0,2-stackless,1,0,True,1288461,0.082929492,64.3632147189554
make-seq,0,2-stackless,1,1,True,1288461,0.082990726,64.41073963433895
make-seq,0,2-stackless,1,2,False,1288461,0.08291348700000001,64.35079292271944
make-seq,0,2-stackless,1,3,False,1288461,0.08301509599999998,64.42965367209406
make-seq,0,2-stackless,1,4,False,1288461,0.083043859,64.45197720381137
make-seq,0,2-stackful,1,0,True,1288461,0.087939507,68.25158619469273
make-seq,0,2-stackful,1,1,True,1288461,0.087356446,67.79906105035387
make-seq,0,2-stackful,1,2,False,1288461,0.08755945199999998,67.95661801172095
make-seq,0,2-stackful,1,3,False,1288461,0.08732747199999996,67.77657375737407
make-seq,0,2-stackful,1,4,False,1288461,0.08742467199999998,67.85201259487093
make-seq,0,1x,1,0,True,1288461,0.0189197,14.68395240523384
make-seq,0,1x,1,1,True,1288461,0.0179287,13.914817755446226
make-seq,0,1x,1,2,False,1288461,0.0179174,13.906047602527357
make-seq,0,1x,1,3,False,1288461,0.018802,14.592603113326675
make-seq,0,1x,1,4,False,1288461,0.0176779,13.720166927830954
make-seq,0,1x,2,0,True,1288461,0.0178568,13.859014747050939
make-seq,0,1x,2,1,True,1288461,0.01806,14.01672227564513
make-seq,0,1x,2,2,False,1288461,0.0175513,13.62191017035052
make-seq,0,1x,2,3,False,1288461,0.0183176,14.21665071740627
make-seq,0,1x,2,4,False,1288461,0.0180837,14.035116313182938
make-seq,0,2-stackful,2,0,True,1288461,0.08768440300000001,68.05359494777103
make-seq,0,2-stackful,2,1,True,1288461,0.08756334200000002,67.9596371174603
make-seq,0,2-stackful,2,2,False,1288461,0.087487648,67.9008895108195
make-seq,0,2-stackful,2,3,False,1288461,0.08795992599999997,68.26743378340514
make-seq,0,2-stackful,2,4,False,1288461,0.08759655300000002,67.98541282972478
make-seq,0,2-stackless,2,0,True,1288461,0.08362463599999999,64.902729690693
make-seq,0,2-stackless,2,1,True,1288461,0.08342871400000001,64.75067076147435
make-seq,0,2-stackless,2,2,False,1288461,0.08337924499999999,64.71227689468287
make-seq,0,2-stackless,2,3,False,1288461,0.08330548100000001,64.65502719911585
make-seq,0,2-stackless,2,4,False,1288461,0.083335879,64.67861968658733
add-float4,64,1x,0,0,True,199650,0.0146152,73.20410718757826
add-float4,64,1x,0,1,True,199650,0.0145749,73.00225394440271
add-float4,64,1x,0,2,False,199650,0.0145384,72.81943400951666
add-float4,64,1x,0,3,False,199650,0.0147169,73.71349862258953
add-float4,64,1x,0,4,False,199650,0.014551,72.88254445279239
add-float4,64,2-stackful,0,0,True,199650,0.249941212,1251.8968795391936
add-float4,64,2-stackful,0,1,True,199650,0.25115792400000003,1257.9911044327575
add-float4,64,2-stackful,0,2,False,199650,0.25151680499999995,1259.788655146506
add-float4,64,2-stackful,0,3,False,199650,0.2508178019999999,1256.2875131480087
add-float4,64,2-stackful,0,4,False,199650,0.24995968700000004,1251.9894164788382
add-float4,64,2-stackless,0,0,True,199650,0.24846305100000002,1244.493117956424
add-float4,64,2-stackless,0,1,True,199650,0.247538882,1239.8641723015276
add-float4,64,2-stackless,0,2,False,199650,0.24765795899999993,1240.4606010518405
add-float4,64,2-stackless,0,3,False,199650,0.247288077,1238.6079489105934
add-float4,64,2-stackless,0,4,False,199650,0.24750078400000008,1239.6733483596297
add-float4,64,2-stackless,1,0,True,199650,0.270269215,1353.7150763836714
add-float4,64,2-stackless,1,1,True,199650,0.268606854,1345.3887002253944
add-float4,64,2-stackless,1,2,False,199650,0.269520537,1349.9651239669422
add-float4,64,2-stackless,1,3,False,199650,0.268686337,1345.7868119208615
add-float4,64,2-stackless,1,4,False,199650,0.268946098,1347.0878938141748
add-float4,64,1x,1,0,True,199650,0.0146752,73.50463310793889
add-float4,64,1x,1,1,True,199650,0.0146351,73.3037816178312
add-float4,64,1x,1,2,False,199650,0.0146355,73.30578512396694
add-float4,64,1x,1,3,False,199650,0.0145559,72.90708740295517
add-float4,64,1x,1,4,False,199650,0.0145555,72.90508389681943
add-float4,64,2-stackful,1,0,True,199650,0.249892381,1251.652296518908
add-float4,64,2-stackful,1,1,True,199650,0.24967000900000003,1250.5384873528676
add-float4,64,2-stackful,1,2,False,199650,0.250826067,1256.3289105935387
add-float4,64,2-stackful,1,3,False,199650,0.2506648920000001,1255.5216228399704
add-float4,64,2-stackful,1,4,False,199650,0.25031022,1253.7451540195343
add-float4,64,1x,2,0,True,199650,0.0146288,73.27222639619333
add-float4,64,1x,2,1,True,199650,0.0146061,73.15852742299023
add-float4,64,1x,2,2,False,199650,0.0146311,73.28374655647383
add-float4,64,1x,2,3,False,199650,0.0145516,72.88554971199599
add-float4,64,1x,2,4,False,199650,0.0146055,73.15552216378663
add-float4,64,2-stackless,2,0,True,199650,0.248604634,1245.202273979464
add-float4,64,2-stackless,2,1,True,199650,0.24830166400000003,1243.6847683446033
add-float4,64,2-stackless,2,2,False,199650,0.24832841200000005,1243.8187427999
add-float4,64,2-stackless,2,3,False,199650,0.24828553200000003,1243.6039669421489
add-float4,64,2-stackless,2,4,False,199650,0.2496899549999999,1250.6383921863255
add-float4,64,2-stackful,2,0,True,199650,0.250391698,1254.1532582018533
add-float4,64,2-stackful,2,1,True,199650,0.25035062300000005,1253.94752316554
add-float4,64,2-stackful,2,2,False,199650,0.25041542800000005,1254.272116203356
add-float4,64,2-stackful,2,3,False,199650,0.2501291929999999,1252.8384322564484
add-float4,64,2-stackful,2,4,False,199650,0.24960347700000018,1250.2052441773112
const-string,256,2-stackful,0,0,True,64485,0.247964527,3845.3055284174616
const-string,256,2-stackful,0,1,True,64485,0.247332763,3835.5084593316274
const-string,256,2-stackful,0,2,False,64485,0.24707909700000003,3831.5747383112357
const-string,256,2-stackful,0,3,False,64485,0.24755347399999994,3838.9311312708373
const-string,256,2-stackful,0,4,False,64485,0.24716284499999996,3832.87345894394
const-string,256,2-stackless,0,0,True,64485,0.247497156,3838.057780879274
const-string,256,2-stackless,0,1,True,64485,0.24813201899999998,3847.9029076529423
const-string,256,2-stackless,0,2,False,64485,0.24735961900000003,3835.9249282778947
const-string,256,2-stackless,0,3,False,64485,0.24724088300000002,3834.0836318523693
const-string,256,2-stackless,0,4,False,64485,0.24762451000000008,3840.0327207877813
const-string,256,1x,0,0,True,64485,0.00829401,128.6192137706443
const-string,256,1x,0,1,True,64485,0.00825829,128.06528650073662
const-string,256,1x,0,2,False,64485,0.00819461,127.0777700240366
const-string,256,1x,0,3,False,64485,0.00818902,126.99108319764287
const-string,256,1x,0,4,False,64485,0.00828757,128.51934558424438
const-string,256,1x,1,0,True,64485,0.00843259,130.76824067612623
const-string,256,1x,1,1,True,64485,0.00837236,129.83422501356907
const-string,256,1x,1,2,False,64485,0.00832497,129.0993254245173
const-string,256,1x,1,3,False,64485,0.00820242,127.19888346127006
const-string,256,1x,1,4,False,64485,0.00821868,127.45103512444756
const-string,256,2-stackless,1,0,True,64485,0.250546226,3885.341180119407
const-string,256,2-stackless,1,1,True,64485,0.25122925300000004,3895.933209273475
const-string,256,2-stackless,1,2,False,64485,0.25390589399999997,3937.441172365666
const-string,256,2-stackless,1,3,False,64485,0.2514271410000001,3899.001953942779
const-string,256,2-stackless,1,4,False,64485,0.2521606460000001,3910.376769791426
const-string,256,2-stackful,1,0,True,64485,0.247806855,3842.860432658758
const-string,256,2-stackful,1,1,True,64485,0.24896760899999998,3860.860804838334
const-string,256,2-stackful,1,2,False,64485,0.248424262,3852.434860820346
const-string,256,2-stackful,1,3,False,64485,0.24774788299999995,3841.945925409009
const-string,256,2-stackful,1,4,False,64485,0.24750528699999996,3838.1838722183447
const-string,256,1x,2,0,True,64485,0.00827632,128.34488640769172
const-string,256,1x,2,1,True,64485,0.00821189,127.34573931922151
const-string,256,1x,2,2,False,64485,0.00824572,127.87035744746841
const-string,256,1x,2,3,False,64485,0.00825912,128.0781577110956
const-string,256,1x,2,4,False,64485,0.00827812,128.37279987594013
const-string,256,2-stackful,2,0,True,64485,0.247269486,3834.5271923703185
const-string,256,2-stackful,2,1,True,64485,0.248826231,3858.668387997209
const-string,256,2-stackful,2,2,False,64485,0.24820098899999998,3848.972458711328
const-string,256,2-stackful,2,3,False,64485,0.24723626900000006,3834.0120803287596
const-string,256,2-stackful,2,4,False,64485,0.24899479999999996,3861.282468791191
const-string,256,2-stackless,2,0,True,64485,0.24987236799999998,3874.8913390711014
const-string,256,2-stackless,2,1,True,64485,0.24981685899999997,3874.030534232767
const-string,256,2-stackless,2,2,False,64485,0.24802504599999997,3846.24402574242
const-string,256,2-stackless,2,3,False,64485,0.24878691200000003,3858.058649298287
const-string,256,2-stackless,2,4,False,64485,0.24868883000000008,3856.537644413431
const-int,8,2-stackless,0,0,True,1419266,0.179877214,126.73960624717283
const-int,8,2-stackless,0,1,True,1419266,0.17927354399999998,126.31426667023656
const-int,8,2-stackless,0,2,False,1419266,0.17935580800000006,126.37222902542587
const-int,8,2-stackless,0,3,False,1419266,0.17899146700000002,126.11551816220499
const-int,8,2-stackless,0,4,False,1419266,0.17917698400000004,126.24623150276271
const-int,8,1x,0,0,True,1419266,0.0203625,14.34720482277459
const-int,8,1x,0,1,True,1419266,0.020269,14.281325699340364
const-int,8,1x,0,2,False,1419266,0.0201119,14.170634680179754
const-int,8,1x,0,3,False,1419266,0.0200462,14.124343146386936
const-int,8,1x,0,4,False,1419266,0.0201305,14.183740045911055
const-int,8,2-stackful,0,0,True,1419266,0.18349812399999998,129.29086161438374
const-int,8,2-stackful,0,1,True,1419266,0.18342750800000002,129.2411063183364
const-int,8,2-stackful,0,2,False,1419266,0.18328674700000003,129.14192758792223
const-int,8,2-stackful,0,3,False,1419266,0.18336502599999993,129.19708215373294
const-int,8,2-stackful,0,4,False,1419266,0.1838979420000001,129.57256920126326
const-int,8,2-stackful,1,0,True,1419266,0.183460838,129.2645902882194
const-int,8,2-stackful,1,1,True,1419266,0.18321624799999997,129.0922547288528
const-int,8,2-stackful,1,2,False,1419266,0.183076154,128.9935459596721
const-int,8,2-stackful,1,3,False,1419266,0.1829160190000001,128.88071651121078
const-int,8,2-stackful,1,4,False,1419266,0.18342282999999993,129.23781024839596
const-int,8,1x,1,0,True,1419266,0.0200847,14.151469844271617
const-int,8,1x,1,1,True,1419266,0.0202812,14.289921691916808
const-int,8,1x,1,2,False,1419266,0.0203442,14.334310833909923
const-int,8,1x,1,3,False,1419266,0.0201314,14.184374176510957
const-int,8,1x,1,4,False,1419266,0.0200456,14.123920392653668
const-int,8,2-stackless,1,0,True,1419266,0.179141422,126.22117488899191
const-int,8,2-stackless,1,1,True,1419266,0.17903222500000002,126.14423582330588
const-int,8,2-stackless,1,2,False,1419266,0.179172336,126.24295657050898
const-int,8,2-stackless,1,3,False,1419266,0.17876338300000005,125.9548125580406
const-int,8,2-stackless,1,4,False,1419266,0.17897968099999995,126.10721386970444
const-int,8,1x,2,0,True,1419266,0.0204051,14.3772203378366
const-int,8,1x,2,1,True,1419266,0.020516,14.45535931953559
const-int,8,1x,2,2,False,1419266,0.0203554,14.342202236930921
const-int,8,1x,2,3,False,1419266,0.0201329,14.185431060844126
const-int,8,1x,2,4,False,1419266,0.0203565,14.342977285441911
const-int,8,2-stackful,2,0,True,1419266,0.184217485,129.79771586157915
const-int,8,2-stackful,2,1,True,1419266,0.18293740399999997,128.89578415885393
const-int,8,2-stackful,2,2,False,1419266,0.18289756399999996,128.86771331096494
const-int,8,2-stackful,2,3,False,1419266,0.18285372200000005,128.83682269567512
const-int,8,2-stackful,2,4,False,1419266,0.18293210199999999,128.89204842503096
const-int,8,2-stackless,2,0,True,1419266,0.179894165,126.7515497447272
const-int,8,2-stackless,2,1,True,1419266,0.17877688800000002,125.96432803998688
const-int,8,2-stackless,2,2,False,1419266,0.17898482599999999,126.11083898296725
const-int,8,2-stackless,2,3,False,1419266,0.17884348400000005,126.01125088602141
const-int,8,2-stackless,2,4,False,1419266,0.17912389799999995,126.20882766162224
get-seq,64,1x,0,0,True,171379,0.0196465,114.63773274438525
get-seq,64,1x,0,1,True,171379,0.0198612,115.89051167295877
get-seq,64,1x,0,2,False,171379,0.0196748,114.80286382812363
get-seq,64,1x,0,3,False,171379,0.0194718,113.61835464088365
get-seq,64,1x,0,4,False,171379,0.0193315,112.79970124694391
get-seq,64,2-stackful,0,0,True,171379,0.20896521799999998,1219.316357313323
get-seq,64,2-stackful,0,1,True,171379,0.208937269,1219.1532743218247
get-seq,64,2-stackful,0,2,False,171379,0.20863247499999998,1217.3747950449003
get-seq,64,2-stackful,0,3,False,171379,0.20872803000000006,1217.9323604408944
get-seq,64,2-stackful,0,4,False,171379,0.20908950900000012,1220.0415978620492
get-seq,64,2-stackless,0,0,True,171379,0.21216301999999998,1237.9755979437386
get-seq,64,2-stackless,0,1,True,171379,0.21163218599999997,1234.8781706043328
get-seq,64,2-stackless,0,2,False,171379,0.21112975900000003,1231.946498695873
get-seq,64,2-stackless,0,3,False,171379,0.211260039,1232.706685183132
get-seq,64,2-stackless,0,4,False,171379,0.21193496499999998,1236.644892314694
get-seq,64,2-stackful,1,0,True,171379,0.208802688,1218.3679914108495
get-seq,64,2-stackful,1,1,True,171379,0.20888014000000002,1218.8199254284366
get-seq,64,2-stackful,1,2,False,171379,0.20889685999999996,1218.9174869733163
get-seq,64,2-stackful,1,3,False,171379,0.20957558999999992,1222.8778905233426
get-seq,64,2-stackful,1,4,False,171379,0.208639252,1217.4143389796882
get-seq,64,2-stackless,1,0,True,171379,0.21014445099999998,1226.1972061921238
get-seq,64,2-stackless,1,1,True,171379,0.211227878,1232.5190250847536
get-seq,64,2-stackless,1,2,False,171379,0.210343165,1227.3567064809574
get-seq,64,2-stackless,1,3,False,171379,0.21082959899999998,1230.195058904533
get-seq,64,2-stackless,1,4,False,171379,0.21190192900000004,1236.4521265732676
get-seq,64,1x,1,0,True,171379,0.019463,113.56700645936783
get-seq,64,1x,1,1,True,171379,0.0192752,112.47118958565518
get-seq,64,1x,1,2,False,171379,0.0195332,113.97662490736904
get-seq,64,1x,1,3,False,171379,0.0194059,113.23382678157768
get-seq,64,1x,1,4,False,171379,0.0195701,114.19193716849789
get-seq,64,1x,2,0,True,171379,0.0196812,114.84020796013515
get-seq,64,1x,2,1,True,171379,0.0193313,112.79853424281855
get-seq,64,1x,2,2,False,171379,0.0192839,112.52195426510832
get-seq,64,1x,2,3,False,171379,0.0193491,112.90239760997555
get-seq,64,1x,2,4,False,171379,0.0194613,113.55708692430228
get-seq,64,2-stackful,2,0,True,171379,0.20908739099999998,1220.0292392883607
get-seq,64,2-stackful,2,1,True,171379,0.20871876,1217.8782697996837
get-seq,64,2-stackful,2,2,False,171379,0.20948807299999994,1222.3672270231473
get-seq,64,2-stackful,2,3,False,171379,0.20856717400000002,1216.99376236295
get-seq,64,2-stackful,2,4,False,171379,0.208815553,1218.4430589512133
get-seq,64,2-stackless,2,0,True,171379,0.21100107699999998,1231.195636571575
get-seq,64,2-stackless,2,1,True,171379,0.212864979,1242.0715431879053
get-seq,64,2-stackless,2,2,False,171379,0.212511422,1240.0085308001564
get-seq,64,2-stackless,2,3,False,171379,0.212728719,1241.2764632772976
get-seq,64,2-stackless,2,4,False,171379,0.2135377879999999,1245.9973975807998
do-int,256,2-stackless,0,0,True,4109,0.033778506,8220.614748113896
do-int,256,2-stackless,0,1,True,4109,0.033734034999999996,8209.791920175223
do-int,256,2-stackless,0,2,False,4109,0.033736087,8210.291311754685
do-int,256,2-stackless,0,3,False,4109,0.03373514200000001,8210.061328790462
do-int,256,2-stackless,0,4,False,4109,0.03376779699999999,8218.00851788756
do-int,256,2-stackful,0,0,True,4109,0.035092619,8540.42808469214
do-int,256,2-stackful,0,1,True,4109,0.034817084000000005,8473.371623266003
do-int,256,2-stackful,0,2,False,4109,0.034604325000000005,8421.592844974448
do-int,256,2-stackful,0,3,False,4109,0.03455014000000001,8408.405938184475
do-int,256,2-stackful,0,4,False,4109,0.034569092999999995,8413.018495984423
do-int,256,1x,0,0,True,4109,0.0195006,4745.826235093697
do-int,256,1x,0,1,True,4109,0.0194677,4737.819420783646
do-int,256,1x,0,2,False,4109,0.0194581,4735.483085908981
do-int,256,1x,0,3,False,4109,0.0194211,4726.478461912874
do-int,256,1x,0,4,False,4109,0.0194434,4731.905573132149
do-int,256,2-stackless,1,0,True,4109,0.032948945,8018.725967388659
do-int,256,2-stackless,1,1,True,4109,0.033115121,8059.1679240691155
do-int,256,2-stackless,1,2,False,4109,0.032934032,8015.096617181797
do-int,256,2-stackless,1,3,False,4109,0.03294793600000001,8018.480408858606
do-int,256,2-stackless,1,4,False,4109,0.032711009999999985,7960.82015088829
do-int,256,2-stackful,1,0,True,4109,0.035133969,8550.491360428328
do-int,256,2-stackful,1,1,True,4109,0.034596936,8419.794597225602
do-int,256,2-stackful,1,2,False,4109,0.034581404999999996,8416.01484546118
do-int,256,2-stackful,1,3,False,4109,0.03504260100000001,8528.255293258702
do-int,256,2-stackful,1,4,False,4109,0.035097339000000005,8541.576782672184
do-int,256,1x,1,0,True,4109,0.0197927,4816.914091019713
do-int,256,1x,1,1,True,4109,0.0197848,4814.991482112436
do-int,256,1x,1,2,False,4109,0.0197278,4801.119493794111
do-int,256,1x,1,3,False,4109,0.019719,4798.977853492333
do-int,256,1x,1,4,False,4109,0.0197176,4798.637137989778
do-int,256,2-stackful,2,0,True,4109,0.035122179,8547.62204916038
do-int,256,2-stackful,2,1,True,4109,0.035128937,8549.266731564858
do-int,256,2-stackful,2,2,False,4109,0.035095941000000005,8541.236553906061
do-int,256,2-stackful,2,3,False,4109,0.035101146999999985,8542.50352883913
do-int,256,2-stackful,2,4,False,4109,0.035092385000000004,8540.37113652957
do-int,256,1x,2,0,True,4109,0.0200506,4879.678753954733
do-int,256,1x,2,1,True,4109,0.0200177,4871.671939644682
do-int,256,1x,2,2,False,4109,0.0200002,4867.41299586274
do-int,256,1x,2,3,False,4109,0.0200218,4872.669749330737
do-int,256,1x,2,4,False,4109,0.0199815,4862.862010221465
do-int,256,2-stackless,2,0,True,4109,0.032525782999999996,7915.741786322706
do-int,256,2-stackless,2,1,True,4109,0.032371870000000004,7878.284254076419
do-int,256,2-stackless,2,2,False,4109,0.032423582000000006,7890.86931126795
do-int,256,2-stackless,2,3,False,4109,0.03272329900000001,7963.810902896084
do-int,256,2-stackless,2,4,False,4109,0.03265379900000001,7946.896811876371
const-string,8,1x,0,0,True,1124424,0.0201982,17.9631526897327
const-string,8,1x,0,1,True,1124424,0.0203717,18.117453914181837
const-string,8,1x,0,2,False,1124424,0.0203056,18.058668260371533
const-string,8,1x,0,3,False,1124424,0.0203116,18.064004325770348
const-string,8,1x,0,4,False,1124424,0.0203194,18.070941210788813
const-string,8,2-stackless,0,0,True,1124424,0.21452214,190.78402808904826
const-string,8,2-stackless,0,1,True,1124424,0.21445058999999997,190.72039550916733
const-string,8,2-stackless,0,2,False,1124424,0.21326075800000005,189.66222528156644
const-string,8,2-stackless,0,3,False,1124424,0.2119984330000001,188.53958382247274
const-string,8,2-stackless,0,4,False,1124424,0.21245136899999995,188.94239984205242
const-string,8,2-stackful,0,0,True,1124424,0.211581112,188.168441797756
const-string,8,2-stackful,0,1,True,1124424,0.2122249,188.74099094291833
const-string,8,2-stackful,0,2,False,1124424,0.21200180200000002,188.54258002319412
const-string,8,2-stackful,0,3,False,1124424,0.21178751500000004,188.35200511550806
const-string,8,2-stackful,0,4,False,1124424,0.21189056099999992,188.4436484813557
const-string,8,1x,1,0,True,1124424,0.0202891,18.043994080524783
const-string,8,1x,1,1,True,1124424,0.0202764,18.032699408763953
const-string,8,1x,1,2,False,1124424,0.0203871,18.131149815372137
const-string,8,1x,1,3,False,1124424,0.0201242,17.897341216480616
const-string,8,1x,1,4,False,1124424,0.0200864,17.863724004468065
const-string,8,2-stackful,1,0,True,1124424,0.213484195,189.86093768898564
const-string,8,2-stackful,1,1,True,1124424,0.214661195,190.90769585138702
const-string,8,2-stackful,1,2,False,1124424,0.21160027199999992,188.1854816332628
const-string,8,2-stackful,1,3,False,1124424,0.21165254,188.23196587764048
const-string,8,2-stackful,1,4,False,1124424,0.21212706000000003,188.6539775031483
const-string,8,2-stackless,1,0,True,1124424,0.211908894,188.45995282918187
const-string,8,2-stackless,1,1,True,1124424,0.213691056,190.04490832639644
const-string,8,2-stackless,1,2,False,1124424,0.214386513,190.6634089987407
const-string,8,2-stackless,1,3,False,1124424,0.214257712,190.5488605721685
const-string,8,2-stackless,1,4,False,1124424,0.21388378500000016,190.2163107511047
const-string,8,2-stackless,2,0,True,1124424,0.21566418499999998,191.79969922378032
const-string,8,2-stackless,2,1,True,1124424,0.214263196,190.55373773594303
const-string,8,2-stackless,2,2,False,1124424,0.21264077900000006,189.11085053325087
const-string,8,2-stackless,2,3,False,1124424,0.21288496699999993,189.3280177228518
const-string,8,2-stackless,2,4,False,1124424,0.21312219600000004,189.5389959659346
const-string,8,1x,2,0,True,1124424,0.0202668,18.024161704125845
const-string,8,1x,2,1,True,1124424,0.0203484,18.096732193549766
const-string,8,1x,2,2,False,1124424,0.0202839,18.039369490512474
const-string,8,1x,2,3,False,1124424,0.0202772,18.033410884150463
const-string,8,1x,2,4,False,1124424,0.0204096,18.151160060617702
const-string,8,2-stackful,2,0,True,1124424,0.214891387,191.11241577910113
const-string,8,2-stackful,2,1,True,1124424,0.21484743900000003,191.07333087874326
const-string,8,2-stackful,2,2,False,1124424,0.214813111,191.04280146990814
const-string,8,2-stackful,2,3,False,1124424,0.214921594,191.13928020035146
const-string,8,2-stackful,2,4,False,1124424,0.21496017,191.17358754348894
make-table,8,1x,0,0,True,216729,0.0118334,54.599984312205564
make-table,8,1x,0,1,True,216729,0.0113727,52.47428816632753
make-table,8,1x,0,2,False,216729,0.0117803,54.35497787559579
make-table,8,1x,0,3,False,216729,0.0112886,52.08624595693239
make-table,8,1x,0,4,False,216729,0.0112666,51.984736698826644
make-table,8,2-stackful,0,0,True,216729,0.247942624,1144.0214461378034
make-table,8,2-stackful,0,1,True,216729,0.24787859699999998,1143.7260218983154
make-table,8,2-stackful,0,2,False,216729,0.24831720899999998,1145.749802749055
make-table,8,2-stackful,0,3,False,216729,0.24810658100000005,1144.777953111951
make-table,8,2-stackful,0,4,False,216729,0.24806130799999992,1144.5690609009405
make-table,8,2-stackless,0,0,True,216729,0.251719837,1161.449722925866
make-table,8,2-stackless,0,1,True,216729,0.25178734999999997,1161.7612317687065
make-table,8,2-stackless,0,2,False,216729,0.250616709,1156.359827249699
make-table,8,2-stackless,0,3,False,216729,0.24961932100000006,1151.757821980446
make-table,8,2-stackless,0,4,False,216729,0.25172645300000007,1161.4802495282129
make-table,8,2-stackless,1,0,True,216729,0.252315849,1164.1997563777804
make-table,8,2-stackless,1,1,True,216729,0.25052409900000006,1155.9325194136459
make-table,8,2-stackless,1,2,False,216729,0.25281564199999995,1166.505829861255
make-table,8,2-stackless,1,3,False,216729,0.25257364999999987,1165.3892649345491
make-table,8,2-stackless,1,4,False,216729,0.25241050900000017,1164.6365230310673
make-table,8,1x,1,0,True,216729,0.0109912,50.714025349630184
make-table,8,1x,1,1,True,216729,0.0113934,52.56979915009067
make-table,8,1x,1,2,False,216729,0.0111755,51.564396089125125
make-table,8,1x,1,3,False,216729,0.0114246,52.71375773431336
make-table,8,1x,1,4,False,216729,0.011565,53.36157136331548
make-table,8,2-stackful,1,0,True,216729,0.247574782,1142.324202114161
make-table,8,2-stackful,1,1,True,216729,0.246148841,1135.744828795408
make-table,8,2-stackful,1,2,False,216729,0.24466754899999993,1128.910062797318
make-table,8,2-stackful,1,3,False,216729,0.245995497,1135.0372908101824
make-table,8,2-stackful,1,4,False,216729,0.24489750300000002,1129.9710837036116
make-table,8,2-stackless,2,0,True,216729,0.247118018,1140.2166668973696
make-table,8,2-stackless,2,1,True,216729,0.24736614599999998,1141.361543678972
make-table,8,2-stackless,2,2,False,216729,0.247087153,1140.0742540223043
make-table,8,2-stackless,2,3,False,216729,0.24694030300000003,1139.3966797244486
make-table,8,2-stackless,2,4,False,216729,0.24647251699999984,1137.2382883693451
make-table,8,2-stackful,2,0,True,216729,0.245012802,1130.5030798831722
make-table,8,2-stackful,2,1,True,216729,0.24601256600000002,1135.116048152301
make-table,8,2-stackful,2,2,False,216729,0.24472253,1129.1637482754961
make-table,8,2-stackful,2,3,False,216729,0.24494641900000003,1130.1967849249525
make-table,8,2-stackful,2,4,False,216729,0.24468286400000006,1128.9807270831318
make-table,8,1x,2,0,True,216729,0.0118336,54.60090712364289
make-table,8,1x,2,1,True,216729,0.0113727,52.47428816632753
make-table,8,1x,2,2,False,216729,0.0115556,53.318199225761205
make-table,8,1x,2,3,False,216729,0.0114938,53.03305049162779
make-table,8,1x,2,4,False,216729,0.0112477,51.897531017999434
add-float,256,2-stackful,0,0,True,54486,0.22120735600000002,4059.8934772235075
add-float,256,2-stackful,0,1,True,54486,0.22138198399999998,4063.0984840142414
add-float,256,2-stackful,0,2,False,54486,0.22027314199999998,4042.747531475975
add-float,256,2-stackful,0,3,False,54486,0.22106274699999995,4057.2394193003697
add-float,256,2-stackful,0,4,False,54486,0.2201784240000001,4041.0091399625608
add-float,256,2-stackless,0,0,True,54486,0.225403151,4136.900323018757
add-float,256,2-stackless,0,1,True,54486,0.225138075,4132.035293469882
add-float,256,2-stackless,0,2,False,54486,0.22473885399999993,4124.708255331644
add-float,256,2-stackless,0,3,False,54486,0.22437073499999993,4117.952042726571
add-float,256,2-stackless,0,4,False,54486,0.2242699589999999,4116.102466688689
add-float,256,1x,0,0,True,54486,0.0199202,365.60217303527514
add-float,256,1x,0,1,True,54486,0.0197916,363.24193370774145
add-float,256,1x,0,2,False,54486,0.0198052,363.4915391109643
add-float,256,1x,0,3,False,54486,0.0198366,364.0678339389935
add-float,256,1x,0,4,False,54486,0.0197906,363.22358036926914
add-float,256,2-stackless,1,0,True,54486,0.221604486,4067.1821385309986
add-float,256,2-stackless,1,1,True,54486,0.22113883899999998,4058.635961531402
add-float,256,2-stackless,1,2,False,54486,0.22139100399999995,4063.2640311272608
add-float,256,2-stackless,1,3,False,54486,0.221408104,4063.577873215138
add-float,256,2-stackless,1,4,False,54486,0.22096858499999994,4055.511232243144
add-float,256,2-stackful,1,0,True,54486,0.219908765,4036.0599970634657
add-float,256,2-stackful,1,1,True,54486,0.22021701199999996,4041.7173585875266
add-float,256,2-stackful,1,2,False,54486,0.220108931,4039.733711412106
add-float,256,2-stackful,1,3,False,54486,0.21979774399999996,4034.0223910729355
add-float,256,2-stackful,1,4,False,54486,0.22111541499999998,4058.2060529310274
add-float,256,1x,1,0,True,54486,0.0203546,373.57486326762836
add-float,256,1x,1,1,True,54486,0.0203825,374.08692141100465
add-float,256,1x,1,2,False,54486,0.0203729,373.91072936167086
add-float,256,1x,1,3,False,54486,0.0201954,370.6530117828433
add-float,256,1x,1,4,False,54486,0.0202234,371.1669052600668
add-float,256,1x,2,0,True,54486,0.0203748,373.9456007047682
add-float,256,1x,2,1,True,54486,0.0202793,372.19285688066657
add-float,256,1x,2,2,False,54486,0.020285,372.2974709099585
add-float,256,1x,2,3,False,54486,0.0203128,372.8076937194876
add-float,256,1x,2,4,False,54486,0.0202327,371.3375913078589
add-float,256,2-stackless,2,0,True,54486,0.222914763,4091.230095804427
add-float,256,2-stackless,2,1,True,54486,0.22483372600000004,4126.449473259187
add-float,256,2-stackless,2,2,False,54486,0.224995603,4129.420456631061
add-float,256,2-stackless,2,3,False,54486,0.22268553699999993,4087.0230334397816
add-float,256,2-stackless,2,4,False,54486,0.22260523999999993,4085.5493154204737
add-float,256,2-stackful,2,0,True,54486,0.223747583,4106.515123150901
add-float,256,2-stackful,2,1,True,54486,0.22089359099999997,4054.134841977755
add-float,256,2-stackful,2,2,False,54486,0.21988612400000002,4035.6444591271156
add-float,256,2-stackful,2,3,False,54486,0.21957520499999994,4029.938057482655
add-float,256,2-stackful,2,4,False,54486,0.21980687199999993,4034.18992034651
make-seq,256,1x,0,0,True,14514,0.0203317,1400.8336778283037
make-seq,256,1x,0,1,True,14514,0.0203346,1401.0334849111202
make-seq,256,1x,0,2,False,14514,0.0203446,1401.7224748518672
make-seq,256,1x,0,3,False,14514,0.0203308,1400.7716687336365
make-seq,256,1x,0,4,False,14514,0.0203227,1400.2135868816315
make-seq,256,2-stackless,0,0,True,14514,0.163240643,11247.116094805016
make-seq,256,2-stackless,0,1,True,14514,0.16321868700000003,11245.603348491115
make-seq,256,2-stackless,0,2,False,14514,0.16304325199999997,11233.516053465617
make-seq,256,2-stackless,0,3,False,14514,0.16268937500000002,11209.134284139454
make-seq,256,2-stackless,0,4,False,14514,0.16270479299999996,11210.196568830093
make-seq,256,2-stackful,0,0,True,14514,0.160646587,11068.388245831611
make-seq,256,2-stackful,0,1,True,14514,0.16054182400000003,11061.170180515366
make-seq,256,2-stackful,0,2,False,14514,0.16066754299999997,11069.832093151437
make-seq,256,2-stackful,0,3,False,14514,0.16104611799999996,11095.915529833263
make-seq,256,2-stackful,0,4,False,14514,0.16089470900000002,11085.483602039412
make-seq,256,1x,1,0,True,14514,0.0204768,1410.8309218685408
make-seq,256,1x,1,1,True,14514,0.0203874,1404.6713517982637
make-seq,256,1x,1,2,False,14514,0.0203837,1404.4164255201874
make-seq,256,1x,1,3,False,14514,0.020426,1407.3308529695466
make-seq,256,1x,1,4,False,14514,0.0204415,1408.3987873777044
make-seq,256,2-stackless,1,0,True,14514,0.162631852,11205.171007303294
make-seq,256,2-stackless,1,1,True,14514,0.16263643800000002,11205.486978090123
make-seq,256,2-stackless,1,2,False,14514,0.16255074200000003,11199.582609893898
make-seq,256,2-stackless,1,3,False,14514,0.162477402,11194.529557668458
make-seq,256,2-stackless,1,4,False,14514,0.16220057099999996,11175.456180239766
make-seq,256,2-stackful,1,0,True,14514,0.16061483599999998,11066.200633870743
make-seq,256,2-stackful,1,1,True,14514,0.16079863600000002,11078.864268981675
make-seq,256,2-stackful,1,2,False,14514,0.16059014099999996,11064.499173212069
make-seq,256,2-stackful,1,3,False,14514,0.16061877000000002,11066.471682513436
make-seq,256,2-stackful,1,4,False,14514,0.16070425300000002,11072.361375223923
make-seq,256,2-stackful,2,0,True,14514,0.161801233,11147.942193743971
make-seq,256,2-stackful,2,1,True,14514,0.16069910799999998,11072.006889899405
make-seq,256,2-stackful,2,2,False,14514,0.16082512600000004,11080.689403334713
make-seq,256,2-stackful,2,3,False,14514,0.16181281600000003,11148.74025079234
make-seq,256,2-stackful,2,4,False,14514,0.16075945700000005,11076.164875292825
make-seq,256,2-stackless,2,0,True,14514,0.16299952099999998,11230.503031555738
make-seq,256,2-stackless,2,1,True,14514,0.163730981,11280.89988976161
make-seq,256,2-stackless,2,2,False,14514,0.162803729,11217.013159707869
make-seq,256,2-stackless,2,3,False,14514,0.16285306399999994,11220.412291580538
make-seq,256,2-stackless,2,4,False,14514,0.16342328699999997,11259.700082678792
make-seq,256,1x,2,0,True,14514,0.0200205,1379.3923108722613
make-seq,256,1x,2,1,True,14514,0.0200131,1378.8824583161086
make-seq,256,1x,2,2,False,14514,0.0200449,1381.0734463276835
make-seq,256,1x,2,3,False,14514,0.0200343,1380.343116990492
make-seq,256,1x,2,4,False,14514,0.0199751,1376.2642965412706
update-seq,256,1x,0,0,True,35527,0.0198579,558.9523461029639
update-seq,256,1x,0,1,True,35527,0.0198212,557.9193289610719
update-seq,256,1x,0,2,False,35527,0.0197309,555.3776001351085
update-seq,256,1x,0,3,False,35527,0.0201304,566.6225687505278
update-seq,256,1x,0,4,False,35527,0.0200504,564.3707602668393
update-seq,256,2-stackful,0,0,True,35527,0.24266708399999998,6830.497480789258
update-seq,256,2-stackful,0,1,True,35527,0.24222746399999998,6818.123230219269
update-seq,256,2-stackful,0,2,False,35527,0.24214488099999998,6815.798716469163
update-seq,256,2-stackful,0,3,False,35527,0.242135149,6815.524783967124
update-seq,256,2-stackful,0,4,False,35527,0.242100341,6814.545022095871
update-seq,256,2-stackless,0,0,True,35527,0.242163943,6816.335266135615
update-seq,256,2-stackless,0,1,True,35527,0.24239908599999999,6822.953978664114
update-seq,256,2-stackless,0,2,False,35527,0.24217506200000005,6816.648239367243
update-seq,256,2-stackless,0,3,False,35527,0.24246137099999998,6824.707152306695
update-seq,256,2-stackless,0,4,False,35527,0.24219114200000003,6817.100852872464
update-seq,256,1x,1,0,True,35527,0.0198994,560.1204717538774
update-seq,256,1x,1,1,True,35527,0.0197592,556.1741773862133
update-seq,256,1x,1,2,False,35527,0.019847,558.6455371970613
update-seq,256,1x,1,3,False,35527,0.0198346,558.2965068820897
update-seq,256,1x,1,4,False,35527,0.019974,562.2202831649169
update-seq,256,2-stackless,1,0,True,35527,0.242034707,6812.697582120641
update-seq,256,2-stackless,1,1,True,35527,0.242399952,6822.978354490951
update-seq,256,2-stackless,1,2,False,35527,0.24208061100000006,6813.989669828583
update-seq,256,2-stackless,1,3,False,35527,0.24182660099999997,6806.839896416809
update-seq,256,2-stackless,1,4,False,35527,0.24197758300000005,6811.089678272864
update-seq,256,2-stackful,1,0,True,35527,0.24221044,6817.644045373941
update-seq,256,2-stackful,1,1,True,35527,0.24286469500000002,6836.059757367637
update-seq,256,2-stackful,1,2,False,35527,0.24226393699999998,6819.149857854589
update-seq,256,2-stackful,1,3,False,35527,0.24267796000000008,6830.803614152619
update-seq,256,2-stackful,1,4,False,35527,0.24271016700000003,6831.710164100544
update-seq,256,2-stackless,2,0,True,35527,0.246631298,6942.080614743716
update-seq,256,2-stackless,2,1,True,35527,0.247160253,6956.969431699834
update-seq,256,2-stackless,2,2,False,35527,0.24661481199999996,6941.616573310439
update-seq,256,2-stackless,2,3,False,35527,0.24646516499999993,6937.404368508457
update-seq,256,2-stackless,2,4,False,35527,0.24682725000000005,6947.596194443664
update-seq,256,2-stackful,2,0,True,35527,0.242214309,6817.7529484617335
update-seq,256,2-stackful,2,1,True,35527,0.24223633800000002,6818.3730120753235
update-seq,256,2-stackful,2,2,False,35527,0.242325391,6820.879640836547
update-seq,256,2-stackful,2,3,False,35527,0.24238239399999995,6822.484138823991
update-seq,256,2-stackful,2,4,False,35527,0.2423420930000001,6821.349762152731
update-seq,256,1x,2,0,True,35527,0.0198864,559.7545528752779
update-seq,256,1x,2,1,True,35527,0.0198512,558.763757142455
update-seq,256,1x,2,2,False,35527,0.0199944,562.7944943282574
update-seq,256,1x,2,3,False,35527,0.0197785,556.7174261829032
update-seq,256,1x,2,4,False,35527,0.0199943,562.7916795676527
make-seq,8,2-stackful,0,0,True,592385,0.24414664800000002,412.14184694075647
make-seq,8,2-stackful,0,1,True,592385,0.24373243,411.4426091140052
make-seq,8,2-stackful,0,2,False,592385,0.24427104199999994,412.35183537733053
make-seq,8,2-stackful,0,3,False,592385,0.243815487,411.5828169180516
make-seq,8,2-stackful,0,4,False,592385,0.24386403199999995,411.66476531309866
make-seq,8,2-stackless,0,0,True,592385,0.24522991,413.9704921630359
make-seq,8,2-stackless,0,1,True,592385,0.24460112699999997,412.90904901373256
make-seq,8,2-stackless,0,2,False,592385,0.24446078599999999,412.67214058424844
make-seq,8,2-stackless,0,3,False,592385,0.2450690590000001,413.6989609797684
make-seq,8,2-stackless,0,4,False,592385,0.24434804900000007,412.4818302286521
make-seq,8,1x,0,0,True,592385,0.0197925,33.41154823299037
make-seq,8,1x,0,1,True,592385,0.0197544,33.347231952193255
make-seq,8,1x,0,2,False,592385,0.0199624,33.69835495497016
make-seq,8,1x,0,3,False,592385,0.0198763,33.55301028891684
make-seq,8,1x,0,4,False,592385,0.0199867,33.73937557500612
make-seq,8,2-stackful,1,0,True,592385,0.244226532,412.27669843091905
make-seq,8,2-stackful,1,1,True,592385,0.24349022799999998,411.03375001055053
make-seq,8,2-stackful,1,2,False,592385,0.24382627699999998,411.6010314238206
make-seq,8,2-stackful,1,3,False,592385,0.243833972,411.61402128683204
make-seq,8,2-stackful,1,4,False,592385,0.24417696900000008,412.19303155886814
make-seq,8,1x,1,0,True,592385,0.0199735,33.71709276906066
make-seq,8,1x,1,1,True,592385,0.0199492,33.676072149024705
make-seq,8,1x,1,2,False,592385,0.0196003,33.08709707369363
make-seq,8,1x,1,3,False,592385,0.0199536,33.68349975100652
make-seq,8,1x,1,4,False,592385,0.019836,33.48498020712881
make-seq,8,2-stackless,1,0,True,592385,0.245171106,413.8712256387316
make-seq,8,2-stackless,1,1,True,592385,0.246094454,415.42992141934724
make-seq,8,2-stackless,1,2,False,592385,0.24697257399999994,416.9122682039551
make-seq,8,2-stackless,1,3,False,592385,0.24530641900000005,414.0996463448603
make-seq,8,2-stackless,1,4,False,592385,0.24558314199999998,414.5667800501363
make-seq,8,2-stackless,2,0,True,592385,0.246043925,415.3446238510428
make-seq,8,2-stackless,2,1,True,592385,0.24567964999999997,414.72969437105934
make-seq,8,2-stackless,2,2,False,592385,0.245375356,414.21601829891034
make-seq,8,2-stackless,2,3,False,592385,0.24762382299999997,418.011636013741
make-seq,8,2-stackless,2,4,False,592385,0.24648235699999999,416.08473712197303
make-seq,8,1x,2,0,True,592385,0.0199323,33.647543405049085
make-seq,8,1x,2,1,True,592385,0.0199087,33.607704448964775
make-seq,8,1x,2,2,False,592385,0.0198434,33.497472083189145
make-seq,8,1x,2,3,False,592385,0.019884,33.56600859238502
make-seq,8,1x,2,4,False,592385,0.0198097,33.44058340437385
make-seq,8,2-stackful,2,0,True,592385,0.244186129,412.208494475721
make-seq,8,2-stackful,2,1,True,592385,0.243779537,411.5221300336774
make-seq,8,2-stackful,2,2,False,592385,0.24442040000000004,412.60396532660354
make-seq,8,2-stackful,2,3,False,592385,0.244128899,412.1118850072166
make-seq,8,2-stackful,2,4,False,592385,0.24389389100000003,411.7151700330022
const-string,0,2-stackless,0,0,True,2009505,0.137232161,68.29152502730771
const-string,0,2-stackless,0,1,True,2009505,0.136156883,67.75642907084082
const-string,0,2-stackless,0,2,False,2009505,0.13616520800000004,67.7605718821302
const-string,0,2-stackless,0,3,False,2009505,0.13623753500000002,67.79656432803105
const-string,0,2-stackless,0,4,False,2009505,0.13614134600000005,67.74869731600572
const-string,0,2-stackful,0,0,True,2009505,0.144603556,71.95978910229137
const-string,0,2-stackful,0,1,True,2009505,0.14477311200000004,72.04416610060689
const-string,0,2-stackful,0,2,False,2009505,0.14494560499999998,72.13000465288714
const-string,0,2-stackful,0,3,False,2009505,0.14465148900000002,71.98364224025322
const-string,0,2-stackful,0,4,False,2009505,0.1446480950000001,71.98195326709816
const-string,0,1x,0,0,True,2009505,0.0200546,9.979870664666175
const-string,0,1x,0,1,True,2009505,0.0200889,9.996939544813275
const-string,0,1x,0,2,False,2009505,0.0200709,9.98798211499847
const-string,0,1x,0,3,False,2009505,0.0200927,9.998830557774179
const-string,0,1x,0,4,False,2009505,0.0201083,10.006593663613677
const-string,0,2-stackful,1,0,True,2009505,0.144890042,72.10235455995382
const-string,0,2-stackful,1,1,True,2009505,0.14460259700000003,71.95931187033624
const-string,0,2-stackful,1,2,False,2009505,0.144507773,71.91212413007183
const-string,0,2-stackful,1,3,False,2009505,0.14487822599999994,72.09647450491536
const-string,0,2-stackful,1,4,False,2009505,0.14445538999999996,71.88605651640577
const-string,0,1x,1,0,True,2009505,0.0200616,9.983354109594154
const-string,0,1x,1,1,True,2009505,0.0201309,10.017840214381154
const-string,0,1x,1,2,False,2009505,0.0199992,9.952301686236163
const-string,0,1x,1,3,False,2009505,0.0199863,9.945882194868886
const-string,0,1x,1,4,False,2009505,0.019972,9.938766014516013
const-string,0,2-stackless,1,0,True,2009505,0.137900903,68.62431444559729
const-string,0,2-stackless,1,1,True,2009505,0.13792177200000003,68.6346995901976
const-string,0,2-stackless,1,2,False,2009505,0.13756105000000002,68.45519170143892
const-string,0,2-stackless,1,3,False,2009505,0.13762108899999997,68.48506920858618
const-string,0,2-stackless,1,4,False,2009505,0.13756490099999996,68.45710809378427
const-string,0,2-stackful,2,0,True,2009505,0.144807983,72.0615191303331
const-string,0,2-stackful,2,1,True,2009505,0.14456227,71.93924374410614
const-string,0,2-stackful,2,2,False,2009505,0.144552793,71.93452765730864
const-string,0,2-stackful,2,3,False,2009505,0.14478381499999998,72.04949228790173
const-string,0,2-stackful,2,4,False,2009505,0.144551286,71.93377772137914
const-string,0,1x,2,0,True,2009505,0.0202361,10.070191415298792
const-string,0,1x,2,1,True,2009505,0.0201048,10.004851941149687
const-string,0,1x,2,2,False,2009505,0.0199682,9.936875001555109
const-string,0,1x,2,3,False,2009505,0.0200136,9.959467630088007
const-string,0,1x,2,4,False,2009505,0.0200556,9.980368299655886
const-string,0,2-stackless,2,0,True,2009505,0.136622639,67.98820555310886
const-string,0,2-stackless,2,1,True,2009505,0.13637314799999997,67.86405010189075
const-string,0,2-stackless,2,2,False,2009505,0.13623236700000002,67.79399255040421
const-string,0,2-stackless,2,3,False,2009505,0.13680454599999997,68.07872884118227
const-string,0,2-stackless,2,4,False,2009505,0.13696857900000003,68.16035740144963
take-table,256,2-stackless,0,0,True,20884,0.247101404,11832.091744876461
take-table,256,2-stackless,0,1,True,20884,0.24640421499999998,11798.707862478452
take-table,256,2-stackless,0,2,False,20884,0.246055431,11782.006847347251
take-table,256,2-stackless,0,3,False,20884,0.24601733300000006,11780.182579965527
take-table,256,2-stackless,0,4,False,20884,0.246409549,11798.963273319287
take-table,256,2-stackful,0,0,True,20884,0.23148111999999998,11084.137138479216
take-table,256,2-stackful,0,1,True,20884,0.230877462,11055.231852135606
take-table,256,2-stackful,0,2,False,20884,0.23080868799999998,11051.938709059566
take-table,256,2-stackful,0,3,False,20884,0.231280535,11074.532417161463
take-table,256,2-stackful,0,4,False,20884,0.23118758399999995,11070.081593564448
take-table,256,1x,0,0,True,20884,0.0183721,879.7213177552193
take-table,256,1x,0,1,True,20884,0.0181752,870.2930473089447
take-table,256,1x,0,2,False,20884,0.0181202,867.6594522122199
take-table,256,1x,0,3,False,20884,0.0180267,863.1823405477878
take-table,256,1x,0,4,False,20884,0.0178926,856.7611568665006
take-table,256,1x,1,0,True,20884,0.0183646,879.3621911511204
take-table,256,1x,1,1,True,20884,0.0178794,856.1290940432867
take-table,256,1x,1,2,False,20884,0.017919,858.0252825129286
take-table,256,1x,1,3,False,20884,0.0184075,881.4163953265657
take-table,256,1x,1,4,False,20884,0.0179693,860.4338249377514
take-table,256,2-stackless,1,0,True,20884,0.248370769,11892.873443784716
take-table,256,2-stackless,1,1,True,20884,0.24723693900000002,11838.581641448
take-table,256,2-stackless,1,2,False,20884,0.24777849000000002,11864.513024324844
take-table,256,2-stackless,1,3,False,20884,0.247571969,11854.62406627083
take-table,256,2-stackless,1,4,False,20884,0.24711534400000013,11832.759241524618
take-table,256,2-stackful,1,0,True,20884,0.231024497,11062.272409500096
take-table,256,2-stackful,1,1,True,20884,0.231127473,11067.20326565792
take-table,256,2-stackful,1,2,False,20884,0.23152447800000003,11086.213273319288
take-table,256,2-stackful,1,3,False,20884,0.2307813820000001,11050.631200919368
take-table,256,2-stackful,1,4,False,20884,0.23102751899999996,11062.417113579773
take-table,256,2-stackful,2,0,True,20884,0.231199183,11070.636994828577
take-table,256,2-stackful,2,1,True,20884,0.23100753400000001,11061.460160888719
take-table,256,2-stackful,2,2,False,20884,0.230951666,11058.785002873014
take-table,256,2-stackful,2,3,False,20884,0.23107882199999996,11064.87368320245
take-table,256,2-stackful,2,4,False,20884,0.23117652100000008,11069.551857881635
take-table,256,1x,2,0,True,20884,0.0181682,869.9578624784524
take-table,256,1x,2,1,True,20884,0.0179185,858.001340739322
take-table,256,1x,2,2,False,20884,0.0182661,874.6456617506225
take-table,256,1x,2,3,False,20884,0.0178532,854.8745451063015
take-table,256,1x,2,4,False,20884,0.0178668,855.5257613484007
take-table,256,2-stackless,2,0,True,20884,0.248175919,11883.543334610227
take-table,256,2-stackless,2,1,True,20884,0.24799028499999998,11874.654520206856
take-table,256,2-stackless,2,2,False,20884,0.24861932300000006,11904.775090978743
take-table,256,2-stackless,2,3,False,20884,0.247995022,11874.881344570005
take-table,256,2-stackless,2,4,False,20884,0.24901209299999993,11923.582311817656
push-shared-seq,8,2-stackless,0,0,True,119647,0.063958346,534.5587102058555
push-shared-seq,8,2-stackless,0,1,True,119647,0.06369433599999999,532.3521358663401
push-shared-seq,8,2-stackless,0,2,False,119647,0.06307178699999999,527.1489214104824
push-shared-seq,8,2-stackless,0,3,False,119647,0.06333508400000001,529.3495365533613
push-shared-seq,8,2-stackless,0,4,False,119647,0.06366169799999999,532.0793500881759
push-shared-seq,8,2-stackful,0,0,True,119647,0.060808311999999996,508.23097946459166
push-shared-seq,8,2-stackful,0,1,True,119647,0.060868284,508.73222061564434
push-shared-seq,8,2-stackful,0,2,False,119647,0.061297005,512.3154362416108
push-shared-seq,8,2-stackful,0,3,False,119647,0.06098873699999999,509.73895709879883
push-shared-seq,8,2-stackful,0,4,False,119647,0.060982233,509.68459719006745
push-shared-seq,8,1x,0,0,True,119647,0.0195561,163.44831044656365
push-shared-seq,8,1x,0,1,True,119647,0.0193296,161.55524166924369
push-shared-seq,8,1x,0,2,False,119647,0.0194691,162.72117144600367
push-shared-seq,8,1x,0,3,False,119647,0.0195987,163.80435781925163
push-shared-seq,8,1x,0,4,False,119647,0.0194426,162.499686578017
push-shared-seq,8,2-stackful,1,0,True,119647,0.060946764,509.38815014166676
push-shared-seq,8,2-stackful,1,1,True,119647,0.061049145000000006,510.24384230277406
push-shared-seq,8,2-stackful,1,2,False,119647,0.061706491,515.737887285097
push-shared-seq,8,2-stackful,1,3,False,119647,0.06167599500000001,515.4830041706019
push-shared-seq,8,2-stackful,1,4,False,119647,0.061432864000000004,513.4509348333013
push-shared-seq,8,1x,1,0,True,119647,0.0195943,163.7675829732463
push-shared-seq,8,1x,1,1,True,119647,0.0194588,162.635084874673
push-shared-seq,8,1x,1,2,False,119647,0.0192904,161.22761122301438
push-shared-seq,8,1x,1,3,False,119647,0.0193664,161.86281310856103
push-shared-seq,8,1x,1,4,False,119647,0.0194961,162.94683527376367
push-shared-seq,8,2-stackless,1,0,True,119647,0.064156902,536.2182252793634
push-shared-seq,8,2-stackless,1,1,True,119647,0.06383455299999999,533.5240582714149
push-shared-seq,8,2-stackless,1,2,False,119647,0.062982115,526.3994500488939
push-shared-seq,8,2-stackless,1,3,False,119647,0.06261444999999999,523.3265355587686
push-shared-seq,8,2-stackless,1,4,False,119647,0.06342848000000001,530.1301328073416
push-shared-seq,8,2-stackless,2,0,True,119647,0.06417089100000001,536.3351442159019
push-shared-seq,8,2-stackless,2,1,True,119647,0.06516600500000001,544.6522269676633
push-shared-seq,8,2-stackless,2,2,False,119647,0.063363481,529.5868763947278
push-shared-seq,8,2-stackless,2,3,False,119647,0.06319798000000001,528.2036323518352
push-shared-seq,8,2-stackless,2,4,False,119647,0.06358966900000002,531.4773375011493
push-shared-seq,8,2-stackful,2,0,True,119647,0.061405778999999994,513.2245605823798
push-shared-seq,8,2-stackful,2,1,True,119647,0.061676051,515.4834722140964
push-shared-seq,8,2-stackful,2,2,False,119647,0.060901916999999986,509.01332252375727
push-shared-seq,8,2-stackful,2,3,False,119647,0.061658007000000015,515.3326619137965
push-shared-seq,8,2-stackful,2,4,False,119647,0.061147855,511.06885254122545
push-shared-seq,8,1x,2,0,True,119647,0.0198131,165.5962957700569
push-shared-seq,8,1x,2,1,True,119647,0.0195331,163.25607829699032
push-shared-seq,8,1x,2,2,False,119647,0.0193878,162.04167258685968
push-shared-seq,8,1x,2,3,False,119647,0.0194932,162.92259730707832
push-shared-seq,8,1x,2,4,False,119647,0.0195635,163.51015905120897
const-int,64,2-stackful,0,0,True,376008,0.247918062,659.3425193080998
const-int,64,2-stackful,0,1,True,376008,0.245869219,653.8935847109636
const-int,64,2-stackful,0,2,False,376008,0.246894479,656.6202820152763
const-int,64,2-stackful,0,3,False,376008,0.24662807599999992,655.9117784727982
const-int,64,2-stackful,0,4,False,376008,0.24687693199999994,656.5736154549902
const-int,64,2-stackless,0,0,True,376008,0.246142068,654.6192315057126
const-int,64,2-stackless,0,1,True,376008,0.24614856799999998,654.6365183719495
const-int,64,2-stackless,0,2,False,376008,0.24623183200000004,654.8579604689263
const-int,64,2-stackless,0,3,False,376008,0.24529238600000003,652.3594870321908
const-int,64,2-stackless,0,4,False,376008,0.24641803299999998,655.3531653581838
const-int,64,1x,0,0,True,376008,0.0168272,44.75223931405715
const-int,64,1x,0,1,True,376008,0.016903,44.953830769558095
const-int,64,1x,0,2,False,376008,0.0168152,44.72032509946597
const-int,64,1x,0,3,False,376008,0.0168738,44.87617284738623
const-int,64,1x,0,4,False,376008,0.0169513,45.08228548328759
const-int,64,1x,1,0,True,376008,0.0171658,45.65275206910491
const-int,64,1x,1,1,True,376008,0.0171611,45.6402523350567
const-int,64,1x,1,2,False,376008,0.0171724,45.67030488713006
const-int,64,1x,1,3,False,376008,0.0171549,45.623763324184594
const-int,64,1x,1,4,False,376008,0.0171266,45.54849896810706
const-int,64,2-stackless,1,0,True,376008,0.246899303,656.6331115295419
const-int,64,2-stackless,1,1,True,376008,0.24464234499999998,650.6306913682687
const-int,64,2-stackless,1,2,False,376008,0.244722196,650.8430565307121
const-int,64,2-stackless,1,3,False,376008,0.24456966999999996,650.4374109061508
const-int,64,2-stackless,1,4,False,376008,0.24479212900000002,651.0290445947959
const-int,64,2-stackful,1,0,True,376008,0.245835414,653.8036797089424
const-int,64,2-stackful,1,1,True,376008,0.24629743899999998,655.0324434586497
const-int,64,2-stackful,1,2,False,376008,0.24590064299999997,653.9771574009063
const-int,64,2-stackful,1,3,False,376008,0.24706129599999993,657.0639348098975
const-int,64,2-stackful,1,4,False,376008,0.24639064600000005,655.2803291419333
const-int,64,2-stackless,2,0,True,376008,0.244682324,650.7370162336972
const-int,64,2-stackless,2,1,True,376008,0.24617399900000003,654.7041525712219
const-int,64,2-stackless,2,2,False,376008,0.24634936600000007,655.1705442437396
const-int,64,2-stackless,2,3,False,376008,0.24523666199999994,652.2112880577007
const-int,64,2-stackless,2,4,False,376008,0.24469979900000005,650.7834913086957
const-int,64,2-stackful,2,0,True,376008,0.245478517,652.8545057551967
const-int,64,2-stackful,2,1,True,376008,0.245749606,653.5754717984723
const-int,64,2-stackful,2,2,False,376008,0.24537696999999997,652.5844396927724
const-int,64,2-stackful,2,3,False,376008,0.24563483100000005,653.2702256334973
const-int,64,2-stackful,2,4,False,376008,0.24539732300000006,652.6385688602372
const-int,64,1x,2,0,True,376008,0.0168909,44.921650603178655
const-int,64,1x,2,1,True,376008,0.016835,44.772983553541415
const-int,64,1x,2,2,False,376008,0.016907,44.96446884108849
const-int,64,1x,2,3,False,376008,0.0170298,45.29105763707155
const-int,64,1x,2,4,False,376008,0.0169077,44.96633050360631
update-int,8,1x,0,0,True,1205902,0.0222921,18.485830523541715
update-int,8,1x,0,1,True,1205902,0.0218001,18.077837170848046
update-int,8,1x,0,2,False,1205902,0.0219335,18.188459758753197
update-int,8,1x,0,3,False,1205902,0.021701,17.995658021961983
update-int,8,1x,0,4,False,1205902,0.0216941,17.989936163966888
update-int,8,2-stackless,0,0,True,1205902,0.202619474,168.02316772009667
update-int,8,2-stackless,0,1,True,1205902,0.20232610699999998,167.77989173249566
update-int,8,2-stackless,0,2,False,1205902,0.20301485699999994,168.35104096352768
update-int,8,2-stackless,0,3,False,1205902,0.20212590399999997,167.61387243739537
update-int,8,2-stackless,0,4,False,1205902,0.20293501400000002,168.2848307739767
update-int,8,2-stackful,0,0,True,1205902,0.207330367,171.92969826735506
update-int,8,2-stackful,0,1,True,1205902,0.207340318,171.93795018168973
update-int,8,2-stackful,0,2,False,1205902,0.20789924799999998,172.40144555693578
update-int,8,2-stackful,0,3,False,1205902,0.20782123399999997,172.33675207438083
update-int,8,2-stackful,0,4,False,1205902,0.20817267299999997,172.62818454567616
update-int,8,2-stackless,1,0,True,1205902,0.203638681,168.86834999859028
update-int,8,2-stackless,1,1,True,1205902,0.20352580999999997,168.77475118210268
update-int,8,2-stackless,1,2,False,1205902,0.204085016,169.23847543166858
update-int,8,2-stackless,1,3,False,1205902,0.20403352600000002,169.19577710294868
update-int,8,2-stackless,1,4,False,1205902,0.20379766099999996,169.00018492381633
update-int,8,2-stackful,1,0,True,1205902,0.20747411400000002,172.04890115448853
update-int,8,2-stackful,1,1,True,1205902,0.20736578899999997,171.9590721302394
update-int,8,2-stackful,1,2,False,1205902,0.2074298,172.0121535580835
update-int,8,2-stackful,1,3,False,1205902,0.20757235400000007,172.13036714426218
update-int,8,2-stackful,1,4,False,1205902,0.20741840599999994,172.0027050290985
update-int,8,1x,1,0,True,1205902,0.0220954,18.322716107942437
update-int,8,1x,1,1,True,1205902,0.0215888,17.90261563543306
update-int,8,1x,1,2,False,1205902,0.0222578,18.457387084522622
update-int,8,1x,1,3,False,1205902,0.0214469,17.78494438188178
update-int,8,1x,1,4,False,1205902,0.0217677,18.05096931591456
update-int,8,1x,2,0,True,1205902,0.0221857,18.397597814747797
update-int,8,1x,2,1,True,1205902,0.0226123,18.75135790470536
update-int,8,1x,2,2,False,1205902,0.022015,18.256044023477862
update-int,8,1x,2,3,False,1205902,0.0232807,19.30563180092578
update-int,8,1x,2,4,False,1205902,0.0227626,18.875994898424583
update-int,8,2-stackful,2,0,True,1205902,0.208352269,172.77711538748588
update-int,8,2-stackful,2,1,True,1205902,0.20767173,172.212775167468
update-int,8,2-stackful,2,2,False,1205902,0.20788804500000002,172.39215541561424
update-int,8,2-stackful,2,3,False,1205902,0.20743042199999995,172.01266935455777
update-int,8,2-stackful,2,4,False,1205902,0.20749181100000003,172.06357647636378
update-int,8,2-stackless,2,0,True,1205902,0.202027484,167.53225718176103
update-int,8,2-stackless,2,1,True,1205902,0.20201409999999997,167.5211584357601
update-int,8,2-stackless,2,2,False,1205902,0.202357548,167.8059643320933
update-int,8,2-stackless,2,3,False,1205902,0.20261171099999997,168.01673021522475
update-int,8,2-stackless,2,4,False,1205902,0.20206473299999994,167.5631460931319
get-table,8,2-stackful,0,0,True,262891,0.056397621,214.52853463983172
get-table,8,2-stackful,0,1,True,262891,0.056259272,214.00227470700784
get-table,8,2-stackful,0,2,False,262891,0.056212864,213.8257452708537
get-table,8,2-stackful,0,3,False,262891,0.05636534899999998,214.40577653856533
get-table,8,2-stackful,0,4,False,262891,0.056238487000000004,213.92321152112473
get-table,8,2-stackless,0,0,True,262891,0.055914572999999995,212.6910887021617
get-table,8,2-stackless,0,1,True,262891,0.056112319,213.44328638104767
get-table,8,2-stackless,0,2,False,262891,0.05600846300000001,213.0482329178253
get-table,8,2-stackless,0,3,False,262891,0.055891574,212.60360377494854
get-table,8,2-stackless,0,4,False,262891,0.055814482,212.31035676382987
get-table,8,1x,0,0,True,262891,0.0196892,74.89491842626792
get-table,8,1x,0,1,True,262891,0.0198398,75.46777942188967
get-table,8,1x,0,2,False,262891,0.0192901,73.37679874929154
get-table,8,1x,0,3,False,262891,0.0193637,73.6567626887189
get-table,8,1x,0,4,False,262891,0.0193655,73.66360963288967
get-table,8,1x,1,0,True,262891,0.0194535,73.99834912568326
get-table,8,1x,1,1,True,262891,0.0196155,74.6145741010533
get-table,8,1x,1,2,False,262891,0.0193869,73.74501219136448
get-table,8,1x,1,3,False,262891,0.0195253,74.27146612093986
get-table,8,1x,1,4,False,262891,0.0194254,73.89146071946168
get-table,8,2-stackful,1,0,True,262891,0.056290387,214.1206317447155
get-table,8,2-stackful,1,1,True,262891,0.056310159000000005,214.19584162257365
get-table,8,2-stackful,1,2,False,262891,0.05629373700000001,214.1333746685889
get-table,8,2-stackful,1,3,False,262891,0.056244923,213.94769315039312
get-table,8,2-stackful,1,4,False,262891,0.056231434999999996,213.89638671540678
get-table,8,2-stackless,1,0,True,262891,0.057045302,216.99222111065043
get-table,8,2-stackless,1,1,True,262891,0.05696497500000001,216.68666861931374
get-table,8,2-stackless,1,2,False,262891,0.056984551999999994,216.76113674488664
get-table,8,2-stackless,1,3,False,262891,0.057011488,216.8635974605445
get-table,8,2-stackless,1,4,False,262891,0.05699090299999998,216.78529504623583
get-table,8,1x,2,0,True,262891,0.019556,74.38824455763034
get-table,8,1x,2,1,True,262891,0.0195613,74.40840500435542
get-table,8,1x,2,2,False,262891,0.0196038,74.57006896394323
get-table,8,1x,2,3,False,262891,0.0194732,74.07328512577456
get-table,8,1x,2,4,False,262891,0.0194777,74.09040248620151
get-table,8,2-stackful,2,0,True,262891,0.056310665,214.19776637465716
get-table,8,2-stackful,2,1,True,262891,0.056245291999999995,213.9490967739481
get-table,8,2-stackful,2,2,False,262891,0.056190632000000004,213.74117790262886
get-table,8,2-stackful,2,3,False,262891,0.05651344,214.96909365478467
get-table,8,2-stackful,2,4,False,262891,0.05621575499999998,213.83674222396345
get-table,8,2-stackless,2,0,True,262891,0.055962367,212.87289028532737
get-table,8,2-stackless,2,1,True,262891,0.055889716,212.59653620702116
get-table,8,2-stackless,2,2,False,262891,0.05596085499999999,212.8671388522239
get-table,8,2-stackless,2,3,False,262891,0.055892702000000016,212.60789452662897
get-table,8,2-stackless,2,4,False,262891,0.055944644000000016,212.80547451225038
const-seq,256,1x,0,0,True,65045,0.0124215,190.9677915289415
const-seq,256,1x,0,1,True,65045,0.0123603,190.02690445076485
const-seq,256,1x,0,2,False,65045,0.0124496,191.39980013836575
const-seq,256,1x,0,3,False,65045,0.0123221,189.43961872549772
const-seq,256,1x,0,4,False,65045,0.012437,191.20608809285878
const-seq,256,2-stackless,0,0,True,65045,0.250165305,3846.0343608271196
const-seq,256,2-stackless,0,1,True,65045,0.24957422900000004,3836.94717503267
const-seq,256,2-stackless,0,2,False,65045,0.25183017100000005,3871.629963871167
const-seq,256,2-stackless,0,3,False,65045,0.249949447,3842.7157660081484
const-seq,256,2-stackless,0,4,False,65045,0.2500948919999999,3844.9518333461438
const-seq,256,2-stackful,0,0,True,65045,0.24970905499999999,3839.0199861634255
const-seq,256,2-stackful,0,1,True,65045,0.25000256,3843.532323775847
const-seq,256,2-stackful,0,2,False,65045,0.24977789099999997,3840.0782688907675
const-seq,256,2-stackful,0,3,False,65045,0.25003803300000005,3844.077684679838
const-seq,256,2-stackful,0,4,False,65045,0.24975543100000008,3839.732969482667
const-seq,256,2-stackless,1,0,True,65045,0.251809809,3871.316919056038
const-seq,256,2-stackless,1,1,True,65045,0.25189949799999994,3872.695795218694
const-seq,256,2-stackless,1,2,False,65045,0.25243444800000003,3880.920101468215
const-seq,256,2-stackless,1,3,False,65045,0.2517971130000001,3871.1217311092328
const-seq,256,2-stackless,1,4,False,65045,0.25210730299999984,3875.89058344223
const-seq,256,1x,1,0,True,65045,0.0124037,190.69413482973326
const-seq,256,1x,1,1,True,65045,0.0123466,189.8162810362057
const-seq,256,1x,1,2,False,65045,0.0123249,189.4826658467215
const-seq,256,1x,1,3,False,65045,0.012382,190.36051964024907
const-seq,256,1x,1,4,False,65045,0.0123681,190.1468214313168
const-seq,256,2-stackful,1,0,True,65045,0.25016379499999997,3846.011146129602
const-seq,256,2-stackful,1,1,True,65045,0.24966425200000003,3838.3311861019297
const-seq,256,2-stackful,1,2,False,65045,0.24964824800000002,3838.0851410561922
const-seq,256,2-stackful,1,3,False,65045,0.25015858999999996,3845.9311246060415
const-seq,256,2-stackful,1,4,False,65045,0.25029843900000004,3848.0811591974793
const-seq,256,2-stackless,2,0,True,65045,0.249962112,3842.9104773618265
const-seq,256,2-stackless,2,1,True,65045,0.249929095,3842.402874932739
const-seq,256,2-stackless,2,2,False,65045,0.24994500600000003,3842.647490199093
const-seq,256,2-stackless,2,3,False,65045,0.250221088,3846.8919670996997
const-seq,256,2-stackless,2,4,False,65045,0.24986612799999985,3841.4348220462734
const-seq,256,2-stackful,2,0,True,65045,0.24981347599999998,3840.625351679606
const-seq,256,2-stackful,2,1,True,65045,0.249983885,3843.2452148512566
const-seq,256,2-stackful,2,2,False,65045,0.25033318299999996,3848.6153124759776
const-seq,256,2-stackful,2,3,False,65045,0.25039454000000005,3849.5586132677386
const-seq,256,2-stackful,2,4,False,65045,0.24990938100000015,3842.099792451382
const-seq,256,1x,2,0,True,65045,0.0123947,190.5557690829426
const-seq,256,1x,2,1,True,65045,0.0124747,191.7856868321931
const-seq,256,1x,2,2,False,65045,0.0123663,190.11914828195864
const-seq,256,1x,2,3,False,65045,0.0123804,190.33592128526405
const-seq,256,1x,2,4,False,65045,0.0123643,190.0884003382274
get-seq,0,1x,0,0,True,282701,0.0204578,72.36550277501671
get-seq,0,1x,0,1,True,282701,0.0198568,70.23958174891493
get-seq,0,1x,0,2,False,282701,0.0201331,71.21693945192978
get-seq,0,1x,0,3,False,282701,0.0200775,71.02026522721886
get-seq,0,1x,0,4,False,282701,0.0203357,71.93359768801666
get-seq,0,2-stackless,0,0,True,282701,0.019127879,67.66116497642385
get-seq,0,2-stackless,0,1,True,282701,0.019165791,67.79527132907207
get-seq,0,2-stackless,0,2,False,282701,0.019093187999999997,67.53845228704532
get-seq,0,2-stackless,0,3,False,282701,0.019210915999999995,67.95489227133967
get-seq,0,2-stackless,0,4,False,282701,0.019098359999999995,67.55674723471087
get-seq,0,2-stackful,0,0,True,282701,0.020422925999999997,72.2421427586036
get-seq,0,2-stackful,0,1,True,282701,0.020248756000000003,71.6260501377781
get-seq,0,2-stackful,0,2,False,282701,0.020263447000000004,71.67801670315988
get-seq,0,2-stackful,0,3,False,282701,0.020303387,71.81929671278135
get-seq,0,2-stackful,0,4,False,282701,0.020133737,71.21919271597908
get-seq,0,1x,1,0,True,282701,0.0225823,79.88050979656953
get-seq,0,1x,1,1,True,282701,0.0219571,77.6689859604317
get-seq,0,1x,1,2,False,282701,0.0216443,76.56251658112281
get-seq,0,1x,1,3,False,282701,0.0221405,78.31772791748172
get-seq,0,1x,1,4,False,282701,0.0219964,77.80800209408527
get-seq,0,2-stackful,1,0,True,282701,0.020217249,71.51460023133983
get-seq,0,2-stackful,1,1,True,282701,0.020121393999999997,71.17553174555448
get-seq,0,2-stackful,1,2,False,282701,0.020100257000000003,71.10076370440856
get-seq,0,2-stackful,1,3,False,282701,0.02008850699999999,71.05920035656044
get-seq,0,2-stackful,1,4,False,282701,0.020388021000000006,72.11867308569835
get-seq,0,2-stackless,1,0,True,282701,0.019398952,68.62003317993215
get-seq,0,2-stackless,1,1,True,282701,0.019404640999999997,68.64015691490302
get-seq,0,2-stackless,1,2,False,282701,0.01925698,68.11783474412896
get-seq,0,2-stackless,1,3,False,282701,0.019312030000000008,68.31256345042999
get-seq,0,2-stackless,1,4,False,282701,0.019388957999999998,68.58468134177097
get-seq,0,2-stackless,2,0,True,282701,0.019370296000000002,68.51866813346965
get-seq,0,2-stackless,2,1,True,282701,0.019308697,68.30077360886591
get-seq,0,2-stackless,2,2,False,282701,0.019316682,68.3290189988716
get-seq,0,2-stackless,2,3,False,282701,0.019313735,68.31859455750067
get-seq,0,2-stackless,2,4,False,282701,0.01942982,68.7292227477087
get-seq,0,2-stackful,2,0,True,282701,0.020262891,71.67604996091276
get-seq,0,2-stackful,2,1,True,282701,0.020430084999999997,72.26746633368823
get-seq,0,2-stackful,2,2,False,282701,0.020398157,72.15452722133986
get-seq,0,2-stackful,2,3,False,282701,0.020286389999999994,71.75917311930272
get-seq,0,2-stackful,2,4,False,282701,0.020313004999999995,71.85331852381137
get-seq,0,1x,2,0,True,282701,0.0203677,72.04679148641144
get-seq,0,1x,2,1,True,282701,0.0203714,72.05987951935083
get-seq,0,1x,2,2,False,282701,0.0198618,70.25726827991411
get-seq,0,1x,2,3,False,282701,0.0198046,70.05493436528346
get-seq,0,1x,2,4,False,282701,0.0197329,69.80130951075517
make-table,256,2-stackless,0,0,True,7248,0.250155189,34513.685016556294
make-table,256,2-stackless,0,1,True,7248,0.24971390999999998,34452.802152317876
make-table,256,2-stackless,0,2,False,7248,0.24967788800000001,34447.83222958058
make-table,256,2-stackless,0,3,False,7248,0.250341508,34539.3912803532
make-table,256,2-stackless,0,4,False,7248,0.2503701559999999,34543.34381898453
make-table,256,1x,0,0,True,7248,0.0150359,2074.489514348786
make-table,256,1x,0,1,True,7248,0.0149174,2058.1401766004415
make-table,256,1x,0,2,False,7248,0.0150125,2071.261037527594
make-table,256,1x,0,3,False,7248,0.0149816,2066.997792494481
make-table,256,1x,0,4,False,7248,0.015004,2070.0883002207506
make-table,256,2-stackful,0,0,True,7248,0.24661269,34024.92963576159
make-table,256,2-stackful,0,1,True,7248,0.24647639999999998,34006.12582781457
make-table,256,2-stackful,0,2,False,7248,0.24750516199999995,34148.06318984547
make-table,256,2-stackful,0,3,False,7248,0.246384567,33993.45571192053
make-table,256,2-stackful,0,4,False,7248,0.2465893560000001,34021.71026490068
make-table,256,1x,1,0,True,7248,0.0150092,2070.8057395143487
make-table,256,1x,1,1,True,7248,0.0150004,2069.591611479029
make-table,256,1x,1,2,False,7248,0.0149478,2062.3344370860927
make-table,256,1x,1,3,False,7248,0.0149421,2061.548013245033
make-table,256,1x,1,4,False,7248,0.0149633,2064.4729580573953
make-table,256,2-stackful,1,0,True,7248,0.246634892,34027.99282560706
make-table,256,2-stackful,1,1,True,7248,0.24965985300000001,34445.34395695364
make-table,256,2-stackful,1,2,False,7248,0.25007849099999996,34503.103062913906
make-table,256,2-stackful,1,3,False,7248,0.24758488,34159.061810154526
make-table,256,2-stackful,1,4,False,7248,0.247942145,34208.353338852095
make-table,256,2-stackless,1,0,True,7248,0.25620419,35348.26020971302
make-table,256,2-stackless,1,1,True,7248,0.25453826199999996,35118.41363134657
make-table,256,2-stackless,1,2,False,7248,0.253903882,35030.888796909494
make-table,256,2-stackless,1,3,False,7248,0.25351684200000013,34977.48923841061
make-table,256,2-stackless,1,4,False,7248,0.256691024,35415.42825607064
make-table,256,2-stackless,2,0,True,7248,0.255189769,35208.30146247241
make-table,256,2-stackless,2,1,True,7248,0.25499475200000005,35181.39514348787
make-table,256,2-stackless,2,2,False,7248,0.252512968,34838.98565121413
make-table,256,2-stackless,2,3,False,7248,0.25351094800000007,34976.67604856513
make-table,256,2-stackless,2,4,False,7248,0.25147012,34695.104856512145
make-table,256,2-stackful,2,0,True,7248,0.24850493599999998,34286.00110375276
make-table,256,2-stackful,2,1,True,7248,0.24685619600000003,34058.52593818985
make-table,256,2-stackful,2,2,False,7248,0.247498245,34147.108857615895
make-table,256,2-stackful,2,3,False,7248,0.24702814500000003,34082.24958609272
make-table,256,2-stackful,2,4,False,7248,0.24947122799999988,34419.31953642383
make-table,256,1x,2,0,True,7248,0.0149398,2061.2306843267106
make-table,256,1x,2,1,True,7248,0.014883,2053.3940397350993
make-table,256,1x,2,2,False,7248,0.0149753,2066.128587196468
make-table,256,1x,2,3,False,7248,0.0148704,2051.655629139073
make-table,256,1x,2,4,False,7248,0.0149231,2058.9266004415013
take-seq,8,2-stackful,0,0,True,408979,0.13050828499999997,319.107545864213
take-seq,8,2-stackful,0,1,True,408979,0.131737923,322.1141501152871
take-seq,8,2-stackful,0,2,False,408979,0.13200837599999998,322.77543834769017
take-seq,8,2-stackful,0,3,False,408979,0.13047624400000002,319.0292019883662
take-seq,8,2-stackful,0,4,False,408979,0.13048967499999997,319.0620423053506
take-seq,8,2-stackless,0,0,True,408979,0.140026601,342.380907088139
take-seq,8,2-stackless,0,1,True,408979,0.14018291,342.76310030588365
take-seq,8,2-stackless,0,2,False,408979,0.13978663400000002,341.7941605803722
take-seq,8,2-stackless,0,3,False,408979,0.14107403399999996,344.9419994669652
take-seq,8,2-stackless,0,4,False,408979,0.14150550499999992,345.996994955731
take-seq,8,1x,0,0,True,408979,0.0203471,49.75096520848259
take-seq,8,1x,0,1,True,408979,0.0203089,49.65756187970531
take-seq,8,1x,0,2,False,408979,0.0203195,49.68348008088435
take-seq,8,1x,0,3,False,408979,0.0202361,49.47955763009837
take-seq,8,1x,0,4,False,408979,0.0203297,49.70842023673587
take-seq,8,1x,1,0,True,408979,0.0203331,49.71673362201971
take-seq,8,1x,1,1,True,408979,0.020298,49.630910144530645
take-seq,8,1x,1,2,False,408979,0.0203083,49.65609481171405
take-seq,8,1x,1,3,False,408979,0.0203011,49.63848999581886
take-seq,8,1x,1,4,False,408979,0.0202974,49.62944307653938
take-seq,8,2-stackful,1,0,True,408979,0.13227719500000001,323.4327312649305
take-seq,8,2-stackful,1,1,True,408979,0.13155662699999998,321.6708608510461
take-seq,8,2-stackful,1,2,False,408979,0.13057902500000002,319.28051318038337
take-seq,8,2-stackful,1,3,False,408979,0.13028342399999998,318.55773523823956
take-seq,8,2-stackful,1,4,False,408979,0.1310387500000001,320.40459290085823
take-seq,8,2-stackless,1,0,True,408979,0.134438233,328.7167140611132
take-seq,8,2-stackless,1,1,True,408979,0.13546492300000001,331.2270874543681
take-seq,8,2-stackless,1,2,False,408979,0.13475175899999997,329.4833206594959
take-seq,8,2-stackless,1,3,False,408979,0.13443280300000005,328.70343709579237
take-seq,8,2-stackless,1,4,False,408979,0.13456658,329.0305370202382
take-seq,8,1x,2,0,True,408979,0.020329,49.706708657412726
take-seq,8,1x,2,1,True,408979,0.0203045,49.6468033811027
take-seq,8,1x,2,2,False,408979,0.0200568,49.0411488120417
take-seq,8,1x,2,3,False,408979,0.0200171,48.944077813286256
take-seq,8,1x,2,4,False,408979,0.0200732,49.081248670469634
take-seq,8,2-stackless,2,0,True,408979,0.134589706,329.0870827108482
take-seq,8,2-stackless,2,1,True,408979,0.134477991,328.8139268764411
take-seq,8,2-stackless,2,2,False,408979,0.13420096399999998,328.13656446908027
take-seq,8,2-stackless,2,3,False,408979,0.13471253100000002,329.3874037542271
take-seq,8,2-stackless,2,4,False,408979,0.134719029,329.4032921005724
take-seq,8,2-stackful,2,0,True,408979,0.13220179399999998,323.24836727558136
take-seq,8,2-stackful,2,1,True,408979,0.13210017400000001,322.9998948601273
take-seq,8,2-stackful,2,2,False,408979,0.130403481,318.85128820795194
take-seq,8,2-stackful,2,3,False,408979,0.130802466,319.8268517454441
take-seq,8,2-stackful,2,4,False,408979,0.13182499800000003,322.32705835751966
push-shared-seq,0,2-stackless,0,0,True,160607,0.019924788000000002,124.05927512499457
push-shared-seq,0,2-stackless,0,1,True,160607,0.019916736,124.00914032389622
push-shared-seq,0,2-stackless,0,2,False,160607,0.019921237,124.03716525431643
push-shared-seq,0,2-stackless,0,3,False,160607,0.019905071000000003,123.93650961664189
push-shared-seq,0,2-stackless,0,4,False,160607,0.019926972,124.07287353602271
push-shared-seq,0,2-stackful,0,0,True,160607,0.020431411,127.21370176891418
push-shared-seq,0,2-stackful,0,1,True,160607,0.020441938,127.27924685723536
push-shared-seq,0,2-stackful,0,2,False,160607,0.020339389,126.64073795040066
push-shared-seq,0,2-stackful,0,3,False,160607,0.020414232999999997,127.10674503601957
push-shared-seq,0,2-stackful,0,4,False,160607,0.020420049999999995,127.14296388077727
push-shared-seq,0,1x,0,0,True,160607,0.0229718,143.03112566700082
push-shared-seq,0,1x,0,1,True,160607,0.022163,137.99523059393425
push-shared-seq,0,1x,0,2,False,160607,0.0221371,137.8339673862285
push-shared-seq,0,1x,0,3,False,160607,0.0217696,135.54577322283586
push-shared-seq,0,1x,0,4,False,160607,0.0216055,134.52402448212095
push-shared-seq,0,2-stackless,1,0,True,160607,0.020187565,125.69542423431108
push-shared-seq,0,2-stackless,1,1,True,160607,0.020173807,125.60976171648808
push-shared-seq,0,2-stackless,1,2,False,160607,0.020091724,125.09868187563431
push-shared-seq,0,2-stackless,1,3,False,160607,0.020109893000000004,125.21180894979673
push-shared-seq,0,2-stackless,1,4,False,160607,0.020067354999999995,124.94695125368132
push-shared-seq,0,2-stackful,1,0,True,160607,0.020180226,125.64972884120867
push-shared-seq,0,2-stackful,1,1,True,160607,0.020273862,126.23274203490507
push-shared-seq,0,2-stackful,1,2,False,160607,0.020274444000000003,126.23636578729447
push-shared-seq,0,2-stackful,1,3,False,160607,0.020133274,125.35738790961788
push-shared-seq,0,2-stackful,1,4,False,160607,0.020104349999999993,125.17729613279616
push-shared-seq,0,1x,1,0,True,160607,0.0224066,139.5119764393831
push-shared-seq,0,1x,1,1,True,160607,0.0220529,137.30970630171785
push-shared-seq,0,1x,1,2,False,160607,0.0221787,138.09298473914586
push-shared-seq,0,1x,1,3,False,160607,0.0216766,134.96672000597732
push-shared-seq,0,1x,1,4,False,160607,0.0217693,135.5439053092331
push-shared-seq,0,2-stackless,2,0,True,160607,0.019689861000000003,122.59653066180181
push-shared-seq,0,2-stackless,2,1,True,160607,0.019621734999999998,122.17235238812752
push-shared-seq,0,2-stackless,2,2,False,160607,0.019673406999999997,122.49408182706854
push-shared-seq,0,2-stackless,2,3,False,160607,0.019616572999999998,122.14021182140256
push-shared-seq,0,2-stackless,2,4,False,160607,0.019852487000000002,123.60910172034845
push-shared-seq,0,2-stackful,2,0,True,160607,0.020443767999999998,127.29064113021224
push-shared-seq,0,2-stackful,2,1,True,160607,0.020429372,127.20100618279403
push-shared-seq,0,2-stackful,2,2,False,160607,0.020257011999999998,126.12782755421617
push-shared-seq,0,2-stackful,2,3,False,160607,0.020145687000000002,125.43467594812184
push-shared-seq,0,2-stackful,2,4,False,160607,0.020126267000000003,125.3137596742359
push-shared-seq,0,1x,2,0,True,160607,0.0222902,138.78722596150854
push-shared-seq,0,1x,2,1,True,160607,0.0223603,139.223695106689
push-shared-seq,0,1x,2,2,False,160607,0.0221701,138.03943788253315
push-shared-seq,0,1x,2,3,False,160607,0.0220231,137.1241602171761
push-shared-seq,0,1x,2,4,False,160607,0.0218015,135.74439470259702
add-int,256,2-stackless,0,0,True,62850,0.247057257,3930.9030548926016
add-int,256,2-stackless,0,1,True,62850,0.246519314,3922.3438981702466
add-int,256,2-stackless,0,2,False,62850,0.24691833900000004,3928.692744630072
add-int,256,2-stackless,0,3,False,62850,0.24695696499999997,3929.3073190135237
add-int,256,2-stackless,0,4,False,62850,0.24663497899999998,3924.1842322991242
add-int,256,2-stackful,0,0,True,62850,0.2464211,3920.78122513922
add-int,256,2-stackful,0,1,True,62850,0.24709154299999997,3931.448575974542
add-int,256,2-stackful,0,2,False,62850,0.24664625700000004,3924.3636754176614
add-int,256,2-stackful,0,3,False,62850,0.24646570999999995,3921.4910103420834
add-int,256,2-stackful,0,4,False,62850,0.24666599900000008,3924.677788385045
add-int,256,1x,0,0,True,62850,0.0183482,291.93635640413686
add-int,256,1x,0,1,True,62850,0.0183126,291.3699284009547
add-int,256,1x,0,2,False,62850,0.0182178,289.8615751789976
add-int,256,1x,0,3,False,62850,0.0183948,292.67780429594274
add-int,256,1x,0,4,False,62850,0.0184705,293.88225934765313
add-int,256,1x,1,0,True,62850,0.0184615,293.739061256961
add-int,256,1x,1,1,True,62850,0.0184547,293.6308671439936
add-int,256,1x,1,2,False,62850,0.0184081,292.88941925218774
add-int,256,1x,1,3,False,62850,0.0182752,290.774860779634
add-int,256,1x,1,4,False,62850,0.0182532,290.42482100238664
add-int,256,2-stackless,1,0,True,62850,0.244344421,3887.739395385839
add-int,256,2-stackless,1,1,True,62850,0.245342112,3903.613556085919
add-int,256,2-stackless,1,2,False,62850,0.24375014400000006,3878.2839140811466
add-int,256,2-stackless,1,3,False,62850,0.24412049300000005,3884.1764996022284
add-int,256,2-stackless,1,4,False,62850,0.24340155000000008,3872.737470167066
add-int,256,2-stackful,1,0,True,62850,0.246704841,3925.295799522673
add-int,256,2-stackful,1,1,True,62850,0.24652129600000003,3922.3754335719973
add-int,256,2-stackful,1,2,False,62850,0.24665212099999995,3924.4569769291957
add-int,256,2-stackful,1,3,False,62850,0.24662707900000003,3924.058536197296
add-int,256,2-stackful,1,4,False,62850,0.24600347599999994,3914.1364518695295
add-int,256,1x,2,0,True,62850,0.018116,288.24184566428005
add-int,256,1x,2,1,True,62850,0.0181875,289.37947494033415
add-int,256,1x,2,2,False,62850,0.0181038,288.04773269689736
add-int,256,1x,2,3,False,62850,0.0181046,288.06046141607
add-int,256,1x,2,4,False,62850,0.0180919,287.85839299920445
add-int,256,2-stackless,2,0,True,62850,0.24287230799999998,3864.3167541766106
add-int,256,2-stackless,2,1,True,62850,0.24353283599999997,3874.826348448687
add-int,256,2-stackless,2,2,False,62850,0.24299146400000005,3866.2126332537796
add-int,256,2-stackless,2,3,False,62850,0.24518229600000008,3901.0707398568034
add-int,256,2-stackless,2,4,False,62850,0.24366132900000004,3876.8707875894993
add-int,256,2-stackful,2,0,True,62850,0.24666035800000002,3924.5880350039783
add-int,256,2-stackful,2,1,True,62850,0.24676713,3926.2868735083534
add-int,256,2-stackful,2,2,False,62850,0.24635015999999998,3919.6525059665864
add-int,256,2-stackful,2,3,False,62850,0.24631242800000008,3919.0521559268113
add-int,256,2-stackful,2,4,False,62850,0.24657416099999996,3923.2165632458227
const-table,64,1x,0,0,True,163660,0.0214656,131.15972137357937
const-table,64,1x,0,1,True,163660,0.0194247,118.68935598191372
const-table,64,1x,0,2,False,163660,0.0196117,119.83196871562997
const-table,64,1x,0,3,False,163660,0.0210976,128.91115727728217
const-table,64,1x,0,4,False,163660,0.0196893,120.3061224489796
const-table,64,2-stackless,0,0,True,163660,0.166847382,1019.4756324086521
const-table,64,2-stackless,0,1,True,163660,0.16679035800000003,1019.1272027373825
const-table,64,2-stackless,0,2,False,163660,0.16709689699999997,1021.0002260784552
const-table,64,2-stackless,0,3,False,163660,0.16877530699999999,1031.255694732983
const-table,64,2-stackless,0,4,False,163660,0.16868404999999997,1030.6980936087007
const-table,64,2-stackful,0,0,True,163660,0.1661713,1015.3446168886717
const-table,64,2-stackful,0,1,True,163660,0.164708187,1006.4046621043627
const-table,64,2-stackful,0,2,False,163660,0.16490181600000003,1007.5877795429551
const-table,64,2-stackful,0,3,False,163660,0.16633117400000003,1016.3214835634855
const-table,64,2-stackful,0,4,False,163660,0.16699144300000002,1020.3558780398389
const-table,64,2-stackless,1,0,True,163660,0.16761959099999998,1024.1940058658192
const-table,64,2-stackless,1,1,True,163660,0.166506773,1017.394433581816
const-table,64,2-stackless,1,2,False,163660,0.167238459,1021.8652022485641
const-table,64,2-stackless,1,3,False,163660,0.16687800399999997,1019.6627398264693
const-table,64,2-stackless,1,4,False,163660,0.16646832,1017.1594769644385
const-table,64,1x,1,0,True,163660,0.0195314,119.34131736526946
const-table,64,1x,1,1,True,163660,0.0194369,118.76390076988879
const-table,64,1x,1,2,False,163660,0.0191123,116.78052059147012
const-table,64,1x,1,3,False,163660,0.0196271,119.92606623487718
const-table,64,1x,1,4,False,163660,0.0193999,118.53782231455456
const-table,64,2-stackful,1,0,True,163660,0.16548527999999998,1011.152877917634
const-table,64,2-stackful,1,1,True,163660,0.16604669700000002,1014.583264084077
const-table,64,2-stackful,1,2,False,163660,0.16476641199999997,1006.7604301600878
const-table,64,2-stackful,1,3,False,163660,0.16567157299999996,1012.2911707197848
const-table,64,2-stackful,1,4,False,163660,0.16482087899999998,1007.0932359770254
const-table,64,1x,2,0,True,163660,0.0190248,116.24587559574728
const-table,64,1x,2,1,True,163660,0.0193026,117.94329707931077
const-table,64,1x,2,2,False,163660,0.0190659,116.49700598802396
const-table,64,1x,2,3,False,163660,0.019501,119.15556641818404
const-table,64,1x,2,4,False,163660,0.0192143,117.40376390076989
const-table,64,2-stackful,2,0,True,163660,0.164817099,1007.0701393132103
const-table,64,2-stackful,2,1,True,163660,0.16532570800000002,1010.1778565318344
const-table,64,2-stackful,2,2,False,163660,0.16551001800000004,1011.3040327508251
const-table,64,2-stackful,2,3,False,163660,0.16543004599999994,1010.8153855554194
const-table,64,2-stackful,2,4,False,163660,0.16512535400000006,1008.9536478064283
const-table,64,2-stackless,2,0,True,163660,0.165135473,1009.0154772088476
const-table,64,2-stackless,2,1,True,163660,0.16502482,1008.3393620921422
const-table,64,2-stackless,2,2,False,163660,0.16572323100000003,1012.6068129048028
const-table,64,2-stackless,2,3,False,163660,0.16510857799999995,1008.8511426127334
const-table,64,2-stackless,2,4,False,163660,0.16490063700000002,1007.580575583527
get-string,256,2-stackful,0,0,True,53328,0.24888178100000002,4667.000093759377
get-string,256,2-stackful,0,1,True,53328,0.249535221,4679.253319081909
get-string,256,2-stackful,0,2,False,53328,0.24907779100000005,4670.675648814882
get-string,256,2-stackful,0,3,False,53328,0.24876927999999998,4664.890489048905
get-string,256,2-stackful,0,4,False,53328,0.249055409,4670.255944344434
get-string,256,1x,0,0,True,53328,0.00704402,132.08858385838585
get-string,256,1x,0,1,True,53328,0.00709496,133.04380438043805
get-string,256,1x,0,2,False,53328,0.00700428,131.34338433843385
get-string,256,1x,0,3,False,53328,0.00701883,131.61622412241223
get-string,256,1x,0,4,False,53328,0.00699988,131.26087608760875
get-string,256,2-stackless,0,0,True,53328,0.250097257,4689.792548004801
get-string,256,2-stackless,0,1,True,53328,0.248237832,4654.924842484248
get-string,256,2-stackless,0,2,False,53328,0.24877122900000004,4664.927036453646
get-string,256,2-stackless,0,3,False,53328,0.24957077799999994,4679.92007950795
get-string,256,2-stackless,0,4,False,53328,0.250119187,4690.2037766276635
get-string,256,2-stackful,1,0,True,53328,0.24901505399999999,4669.499212421242
get-string,256,2-stackful,1,1,True,53328,0.24946341199999997,4677.906765676567
get-string,256,2-stackful,1,2,False,53328,0.248984339,4668.923248574857
get-string,256,2-stackful,1,3,False,53328,0.24918695899999999,4672.722753525352
get-string,256,2-stackful,1,4,False,53328,0.24957999099999995,4680.092840534052
get-string,256,1x,1,0,True,53328,0.00703426,131.90556555655564
get-string,256,1x,1,1,True,53328,0.00702354,131.70454545454547
get-string,256,1x,1,2,False,53328,0.0070188,131.6156615661566
get-string,256,1x,1,3,False,53328,0.0069945,131.1599909990999
get-string,256,1x,1,4,False,53328,0.00693825,130.10519801980197
get-string,256,2-stackless,1,0,True,53328,0.25393643,4761.784240924092
get-string,256,2-stackless,1,1,True,53328,0.253728696,4757.888838883888
get-string,256,2-stackless,1,2,False,53328,0.25434581200000006,4769.460921092111
get-string,256,2-stackless,1,3,False,53328,0.25299813399999993,4744.189431443143
get-string,256,2-stackless,1,4,False,53328,0.25428009900000004,4768.228679117912
get-string,256,1x,2,0,True,53328,0.0071302,133.7046204620462
get-string,256,1x,2,1,True,53328,0.00712041,133.5210396039604
get-string,256,1x,2,2,False,53328,0.00710312,133.1968196819682
get-string,256,1x,2,3,False,53328,0.00710301,133.19475697569757
get-string,256,1x,2,4,False,53328,0.00709901,133.1197494749475
get-string,256,2-stackless,2,0,True,53328,0.252348571,4732.008907140715
get-string,256,2-stackless,2,1,True,53328,0.250820224,4703.349534953495
get-string,256,2-stackless,2,2,False,53328,0.25173724799999997,4720.545454545454
get-string,256,2-stackless,2,3,False,53328,0.2508714980000001,4704.311018601862
get-string,256,2-stackless,2,4,False,53328,0.251632842,4718.587646264627
get-string,256,2-stackful,2,0,True,53328,0.250215711,4692.013782628263
get-string,256,2-stackful,2,1,True,53328,0.24887222800000003,4666.820957095711
get-string,256,2-stackful,2,2,False,53328,0.24881347200000004,4665.719171917192
get-string,256,2-stackful,2,3,False,53328,0.24884226399999998,4666.25907590759
get-string,256,2-stackful,2,4,False,53328,0.248776962,4665.034540954095
update-table,64,2-stackless,0,0,True,77829,0.137592609,1767.883552403346
update-table,64,2-stackless,0,1,True,77829,0.136884893,1758.7903352220894
update-table,64,2-stackless,0,2,False,77829,0.13690577000000004,1759.0585771370572
update-table,64,2-stackless,0,3,False,77829,0.13694569199999995,1759.5715221832472
update-table,64,2-stackless,0,4,False,77829,0.13759714,1767.9417697773324
update-table,64,1x,0,0,True,77829,0.0202906,260.7074483804237
update-table,64,1x,0,1,True,77829,0.0200072,257.06613216153363
update-table,64,1x,0,2,False,77829,0.0201396,258.76729753690785
update-table,64,1x,0,3,False,77829,0.0201438,258.82126199745596
update-table,64,1x,0,4,False,77829,0.0197778,254.11864472111938
update-table,64,2-stackful,0,0,True,77829,0.137004791,1760.3308663865655
update-table,64,2-stackful,0,1,True,77829,0.136984199,1760.0662863457067
update-table,64,2-stackful,0,2,False,77829,0.13710213800000004,1761.5816469439417
update-table,64,2-stackful,0,3,False,77829,0.13696564900000002,1759.8279433116195
update-table,64,2-stackful,0,4,False,77829,0.137315054,1764.317336725385
update-table,64,2-stackful,1,0,True,77829,0.13702320499999998,1760.5674620000252
update-table,64,2-stackful,1,1,True,77829,0.13698138599999998,1760.03014300582
update-table,64,2-stackful,1,2,False,77829,0.136883294,1758.769790181038
update-table,64,2-stackful,1,3,False,77829,0.136913573,1759.1588353955467
update-table,64,2-stackful,1,4,False,77829,0.13713540800000001,1762.0091225635688
update-table,64,1x,1,0,True,77829,0.0199772,256.680671729047
update-table,64,1x,1,1,True,77829,0.0199905,256.8515591874494
update-table,64,1x,1,2,False,77829,0.0201818,259.30951187860563
update-table,64,1x,1,3,False,77829,0.0204506,262.76323735368567
update-table,64,1x,1,4,False,77829,0.0221894,285.1045240206093
update-table,64,2-stackless,1,0,True,77829,0.13724465500000002,1763.4128024258314
update-table,64,2-stackless,1,1,True,77829,0.136114884,1748.896735150137
update-table,64,2-stackless,1,2,False,77829,0.13663452799999998,1755.5734751827722
update-table,64,2-stackless,1,3,False,77829,0.13601004800000005,1747.549730820132
update-table,64,2-stackless,1,4,False,77829,0.13629441600000003,1751.20348456231
update-table,64,2-stackful,2,0,True,77829,0.136819255,1757.9469734931708
update-table,64,2-stackful,2,1,True,77829,0.136949049,1759.6146552056432
update-table,64,2-stackful,2,2,False,77829,0.13673761899999998,1756.898058564288
update-table,64,2-stackful,2,3,False,77829,0.13676256599999997,1757.2185946112627
update-table,64,2-stackful,2,4,False,77829,0.1371694739999999,1762.4468257333374
update-table,64,2-stackless,2,0,True,77829,0.13786146999999999,1771.338061647972
update-table,64,2-stackless,2,1,True,77829,0.13688802,1758.8305130478357
update-table,64,2-stackless,2,2,False,77829,0.13775601199999998,1769.9830654383325
update-table,64,2-stackless,2,3,False,77829,0.13793512699999994,1772.2844569504932
update-table,64,2-stackless,2,4,False,77829,0.13683998200000003,1758.2132881059763
update-table,64,1x,2,0,True,77829,0.0198958,255.63478908890002
update-table,64,1x,2,1,True,77829,0.0197942,254.32936309087873
update-table,64,1x,2,2,False,77829,0.0198839,255.48188978401367
update-table,64,1x,2,3,False,77829,0.0200379,257.46058667077824
update-table,64,1x,2,4,False,77829,0.0198819,255.4561924218479
add-float,0,1x,0,0,True,2738639,0.0172237,6.289145812938471
add-float,0,1x,0,1,True,2738639,0.0171286,6.254420535163634
add-float,0,1x,0,2,False,2738639,0.0173808,6.346510073069141
add-float,0,1x,0,3,False,2738639,0.0175494,6.408073499281943
add-float,0,1x,0,4,False,2738639,0.0172455,6.297105971250684
add-float,0,2-stackful,0,0,True,2738639,0.14890404,54.37154732697519
add-float,0,2-stackful,0,1,True,2738639,0.148744951,54.31345679368474
add-float,0,2-stackful,0,2,False,2738639,0.148351495,54.16978835107511
add-float,0,2-stackful,0,3,False,2738639,0.14859209699999998,54.25764293870056
add-float,0,2-stackful,0,4,False,2738639,0.14816765100000007,54.10265865636181
add-float,0,2-stackless,0,0,True,2738639,0.139731954,51.02240711535912
add-float,0,2-stackless,0,1,True,2738639,0.14003319500000003,51.13240372316323
add-float,0,2-stackless,0,2,False,2738639,0.139657578,50.99524910000917
add-float,0,2-stackless,0,3,False,2738639,0.13965177299999998,50.99312943399987
add-float,0,2-stackless,0,4,False,2738639,0.13954832799999994,50.9553570222289
add-float,0,2-stackless,1,0,True,2738639,0.139649469,50.99228814020395
add-float,0,2-stackless,1,1,True,2738639,0.13958710600000002,50.96951661025788
add-float,0,2-stackless,1,2,False,2738639,0.13965082300000004,50.99278254636702
add-float,0,2-stackless,1,3,False,2738639,0.13970803999999998,51.01367504077754
add-float,0,2-stackless,1,4,False,2738639,0.13975058399999996,51.029209764412165
add-float,0,2-stackful,1,0,True,2738639,0.148141509,54.093113038994915
add-float,0,2-stackful,1,1,True,2738639,0.148519813,54.23124880643268
add-float,0,2-stackful,1,2,False,2738639,0.148339695,54.16547964152997
add-float,0,2-stackful,1,3,False,2738639,0.148532824,54.23599970642352
add-float,0,2-stackful,1,4,False,2738639,0.14904462499999993,54.42288121946702
add-float,0,1x,1,0,True,2738639,0.0171023,6.24481722490624
add-float,0,1x,1,1,True,2738639,0.0171808,6.27348109772774
add-float,0,1x,1,2,False,2738639,0.0171835,6.274466988894849
add-float,0,1x,1,3,False,2738639,0.0171635,6.2671640913607085
add-float,0,1x,1,4,False,2738639,0.0173233,6.325514242658488
add-float,0,1x,2,0,True,2738639,0.0174798,6.382659415863135
add-float,0,1x,2,1,True,2738639,0.0175095,6.393504218701333
add-float,0,1x,2,2,False,2738639,0.0171804,6.2733350397770575
add-float,0,1x,2,3,False,2738639,0.0171656,6.267930895601793
add-float,0,1x,2,4,False,2738639,0.0173043,6.318576490001055
add-float,0,2-stackful,2,0,True,2738639,0.148629979,54.271475356919986
add-float,0,2-stackful,2,1,True,2738639,0.14811849100000002,54.084708134222886
add-float,0,2-stackful,2,2,False,2738639,0.148148306,54.095594928721894
add-float,0,2-stackful,2,3,False,2738639,0.14839390199999997,54.185273049861614
add-float,0,2-stackful,2,4,False,2738639,0.148082987,54.07174403052027
add-float,0,2-stackless,2,0,True,2738639,0.140302513,51.2307438110682
add-float,0,2-stackless,2,1,True,2738639,0.14062987400000002,51.35027800305189
add-float,0,2-stackless,2,2,False,2738639,0.14087235199999998,51.43881760246603
add-float,0,2-stackless,2,3,False,2738639,0.14072578500000005,51.385299413321746
add-float,0,2-stackless,2,4,False,2738639,0.14023962,51.20777875433746
const-seq,8,2-stackful,0,0,True,237633,0.044832426,188.66245849692592
const-seq,8,2-stackful,0,1,True,237633,0.044571916,187.56618819776713
const-seq,8,2-stackful,0,2,False,237633,0.04454375599999999,187.44768613786803
const-seq,8,2-stackful,0,3,False,237633,0.044558979,187.51174710583126
const-seq,8,2-stackful,0,4,False,237633,0.04457746300000001,187.58953091531907
const-seq,8,2-stackless,0,0,True,237633,0.046980885,197.70353864993498
const-seq,8,2-stackless,0,1,True,237633,0.046876380999999995,197.2637680793492
const-seq,8,2-stackless,0,2,False,237633,0.046931473,197.4956045667058
const-seq,8,2-stackless,0,3,False,237633,0.04691875300000001,197.4420766476037
const-seq,8,2-stackless,0,4,False,237633,0.047031706000000006,197.9174020443289
const-seq,8,1x,0,0,True,237633,0.0202184,85.08245908606969
const-seq,8,1x,0,1,True,237633,0.0190717,80.25695084436926
const-seq,8,1x,0,2,False,237633,0.0191207,80.46315116166525
const-seq,8,1x,0,3,False,237633,0.0191541,80.60370403100579
const-seq,8,1x,0,4,False,237633,0.0190746,80.26915453661739
const-seq,8,1x,1,0,True,237633,0.0194158,81.70498205215605
const-seq,8,1x,1,1,True,237633,0.0192532,81.0207336523126
const-seq,8,1x,1,2,False,237633,0.0193689,81.5076188913156
const-seq,8,1x,1,3,False,237633,0.0194514,81.8547928949262
const-seq,8,1x,1,4,False,237633,0.0192706,81.09395580580139
const-seq,8,2-stackful,1,0,True,237633,0.044648029,187.88648462124368
const-seq,8,2-stackful,1,1,True,237633,0.044575401,187.5808536693136
const-seq,8,2-stackful,1,2,False,237633,0.04458288899999999,187.61236444433217
const-seq,8,2-stackful,1,3,False,237633,0.04455699199999999,187.5033854725564
const-seq,8,2-stackful,1,4,False,237633,0.044503917000000004,187.28003686356695
const-seq,8,2-stackless,1,0,True,237633,0.044617692,187.75882137581902
const-seq,8,2-stackless,1,1,True,237633,0.0445118,187.31320986563313
const-seq,8,2-stackless,1,2,False,237633,0.044795581000000015,188.50740848282862
const-seq,8,2-stackless,1,3,False,237633,0.04456569000000002,187.5399881329614
const-seq,8,2-stackless,1,4,False,237633,0.044565468000000025,187.53905391927898
const-seq,8,2-stackless,2,0,True,237633,0.044135997,185.73176705255582
const-seq,8,2-stackless,2,1,True,237633,0.044144467,185.76741025025984
const-seq,8,2-stackless,2,2,False,237633,0.044397567,186.83249801163979
const-seq,8,2-stackless,2,3,False,237633,0.04410017600000002,185.58102620427306
const-seq,8,2-stackless,2,4,False,237633,0.04414510100000002,185.77007822987557
const-seq,8,2-stackful,2,0,True,237633,0.044608319,187.71937820083912
const-seq,8,2-stackful,2,1,True,237633,0.044581024000000004,187.60451620776578
const-seq,8,2-stackful,2,2,False,237633,0.044573760000000004,187.5739480627691
const-seq,8,2-stackful,2,3,False,237633,0.04454224400000001,187.4413233852201
const-seq,8,2-stackful,2,4,False,237633,0.0445325,187.40031897926636
const-seq,8,1x,2,0,True,237633,0.0203028,85.4376286121877
const-seq,8,1x,2,1,True,237633,0.0202657,85.28150551480644
const-seq,8,1x,2,2,False,237633,0.0190817,80.29903254177661
const-seq,8,1x,2,3,False,237633,0.0192977,81.20799720577529
const-seq,8,1x,2,4,False,237633,0.0190224,80.04948807615104
update-string,64,1x,0,0,True,140659,0.0184559,131.21023183728022
update-string,64,1x,0,1,True,140659,0.0185735,132.046296362124
update-string,64,1x,0,2,False,140659,0.018531,131.74414719285647
update-string,64,1x,0,3,False,140659,0.0183448,130.42037836185384
update-string,64,1x,0,4,False,140659,0.0183408,130.39194079298161
update-string,64,2-stackful,0,0,True,140659,0.249956442,1777.0383836085853
update-string,64,2-stackful,0,1,True,140659,0.24995915199999996,1777.0576500614961
update-string,64,2-stackful,0,2,False,140659,0.25004069900000003,1777.6373996687025
update-string,64,2-stackful,0,3,False,140659,0.249958852,1777.0555172438308
update-string,64,2-stackful,0,4,False,140659,0.250410185,1780.2642205617842
update-string,64,2-stackless,0,0,True,140659,0.250861952,1783.47600935596
update-string,64,2-stackless,0,1,True,140659,0.25132434900000006,1786.7633709894146
update-string,64,2-stackless,0,2,False,140659,0.251674591,1789.2533787386517
update-string,64,2-stackless,0,3,False,140659,0.25102269,1784.6187588423065
update-string,64,2-stackless,0,4,False,140659,0.2507411580000001,1782.6172374323726
update-string,64,1x,1,0,True,140659,0.0188758,134.1954656296433
update-string,64,1x,1,1,True,140659,0.0186362,132.49205525419632
update-string,64,1x,1,2,False,140659,0.0184575,131.2216068648291
update-string,64,1x,1,3,False,140659,0.0196491,139.69315863186856
update-string,64,1x,1,4,False,140659,0.0183377,130.36990167710562
update-string,64,2-stackful,1,0,True,140659,0.24997355200000002,1777.1600253094366
update-string,64,2-stackful,1,1,True,140659,0.24991591600000002,1776.7502683795565
update-string,64,2-stackful,1,2,False,140659,0.24986976500000002,1776.4221628193009
update-string,64,2-stackful,1,3,False,140659,0.25020926499999996,1778.8358014773314
update-string,64,2-stackful,1,4,False,140659,0.250000357,1777.3505925678414
update-string,64,2-stackless,1,0,True,140659,0.24720921199999998,1757.5072480253662
update-string,64,2-stackless,1,1,True,140659,0.24719404400000003,1757.399412764203
update-string,64,2-stackless,1,2,False,140659,0.24749464100000007,1759.5364747367753
update-string,64,2-stackless,1,3,False,140659,0.24763185500000007,1760.511982880584
update-string,64,2-stackless,1,4,False,140659,0.24733838399999997,1758.4255824369573
update-string,64,2-stackful,2,0,True,140659,0.25000645800000004,1777.393966969764
update-string,64,2-stackful,2,1,True,140659,0.24993581599999998,1776.8917452846954
update-string,64,2-stackful,2,2,False,140659,0.24998672499999997,1777.2536773331246
update-string,64,2-stackful,2,3,False,140659,0.249935217,1776.887486758757
update-string,64,2-stackful,2,4,False,140659,0.25047886899999994,1780.752522056889
update-string,64,2-stackless,2,0,True,140659,0.247477571,1759.4151174116125
update-string,64,2-stackless,2,1,True,140659,0.247511822,1759.6586212044733
update-string,64,2-stackless,2,2,False,140659,0.24722610099999998,1757.627318550537
update-string,64,2-stackless,2,3,False,140659,0.247161462,1757.167774546954
update-string,64,2-stackless,2,4,False,140659,0.24751507799999994,1759.6817693855348
update-string,64,1x,2,0,True,140659,0.0184346,131.05880178303556
update-string,64,1x,2,1,True,140659,0.0184188,130.94647338599023
update-string,64,1x,2,2,False,140659,0.0186914,132.8844937046332
update-string,64,1x,2,3,False,140659,0.0184194,130.95073902132106
update-string,64,1x,2,4,False,140659,0.0184117,130.895996701242
get-table,64,2-stackless,0,0,True,164536,0.200160804,1216.5167744444984
get-table,64,2-stackless,0,1,True,164536,0.19935034299999999,1211.5910378275878
get-table,64,2-stackless,0,2,False,164536,0.19910743799999997,1210.1147347692904
get-table,64,2-stackless,0,3,False,164536,0.19923588599999997,1210.8954028297758
get-table,64,2-stackless,0,4,False,164536,0.19968299699999992,1213.6128081392517
get-table,64,2-stackful,0,0,True,164536,0.199731791,1213.9093633004327
get-table,64,2-stackful,0,1,True,164536,0.200213553,1216.8373668984295
get-table,64,2-stackful,0,2,False,164536,0.20026073399999994,1217.1241187338937
get-table,64,2-stackful,0,3,False,164536,0.19968693199999998,1213.636723878057
get-table,64,2-stackful,0,4,False,164536,0.20006871800000003,1215.9571036125835
get-table,64,1x,0,0,True,164536,0.0195117,118.58620605824865
get-table,64,1x,0,1,True,164536,0.0194181,118.01733359264841
get-table,64,1x,0,2,False,164536,0.0194829,118.4111683765255
get-table,64,1x,0,3,False,164536,0.0194713,118.34066708805368
get-table,64,1x,0,4,False,164536,0.0196155,119.21707103612583
get-table,64,2-stackful,1,0,True,164536,0.199690005,1213.6554006418048
get-table,64,2-stackful,1,1,True,164536,0.19965622800000002,1213.4501142607091
get-table,64,2-stackful,1,2,False,164536,0.20013226399999995,1216.3433169640682
get-table,64,2-stackful,1,3,False,164536,0.20006595299999996,1215.9402987795982
get-table,64,2-stackful,1,4,False,164536,0.19977151999999998,1214.1508241357512
get-table,64,1x,1,0,True,164536,0.0195623,118.89373754072056
get-table,64,1x,1,1,True,164536,0.0195766,118.98064861185394
get-table,64,1x,1,2,False,164536,0.0195179,118.62388778139739
get-table,64,1x,1,3,False,164536,0.0196246,119.27237808139252
get-table,64,1x,1,4,False,164536,0.0194643,118.2981232070793
get-table,64,2-stackless,1,0,True,164536,0.20102851,1221.7904288423201
get-table,64,2-stackless,1,1,True,164536,0.200822699,1220.5395718870034
get-table,64,2-stackless,1,2,False,164536,0.20104499599999998,1221.890625759712
get-table,64,2-stackless,1,3,False,164536,0.200883614,1220.9097948169397
get-table,64,2-stackless,1,4,False,164536,0.20078235999999994,1220.2944036563424
get-table,64,2-stackless,2,0,True,164536,0.201015782,1221.7130719113143
get-table,64,2-stackless,2,1,True,164536,0.201060709,1221.9861246171051
get-table,64,2-stackless,2,2,False,164536,0.201543531,1224.9205705742208
get-table,64,2-stackless,2,3,False,164536,0.20117652200000002,1222.6900009724318
get-table,64,2-stackless,2,4,False,164536,0.2009693250000001,1221.4307203286824
get-table,64,2-stackful,2,0,True,164536,0.199746297,1213.9975263772062
get-table,64,2-stackful,2,1,True,164536,0.199586935,1213.0289723829435
get-table,64,2-stackful,2,2,False,164536,0.19970727500000002,1213.760362473866
get-table,64,2-stackful,2,3,False,164536,0.1996420670000001,1213.3640479894982
get-table,64,2-stackful,2,4,False,164536,0.199669113,1213.5284253901882
get-table,64,1x,2,0,True,164536,0.0193598,117.66300384110468
get-table,64,1x,2,1,True,164536,0.019551,118.82505956143336
get-table,64,1x,2,2,False,164536,0.0194111,117.97478971167403
get-table,64,1x,2,3,False,164536,0.0196024,119.13745320173093
get-table,64,1x,2,4,False,164536,0.019316,117.39680070015072
update-seq,0,2-stackless,0,0,True,294494,0.020240581,68.73002845558823
update-seq,0,2-stackless,0,1,True,294494,0.020152499,68.43093237892792
update-seq,0,2-stackless,0,2,False,294494,0.020178132,68.51797320149137
update-seq,0,2-stackless,0,3,False,294494,0.020146572,68.41080633221729
update-seq,0,2-stackless,0,4,False,294494,0.020163398,68.46794162190062
update-seq,0,2-stackful,0,0,True,294494,0.020944958,71.121849681148
update-seq,0,2-stackful,0,1,True,294494,0.020899871000000004,70.96874978777159
update-seq,0,2-stackful,0,2,False,294494,0.020903107000000004,70.97973812709259
update-seq,0,2-stackful,0,3,False,294494,0.020917927000000003,71.03006173300646
update-seq,0,2-stackful,0,4,False,294494,0.020952443,71.14726615822394
update-seq,0,1x,0,0,True,294494,0.020981,71.24423587577336
update-seq,0,1x,0,1,True,294494,0.0210479,71.47140518991898
update-seq,0,1x,0,2,False,294494,0.0210241,71.39058860282383
update-seq,0,1x,0,3,False,294494,0.0205121,69.65201328380205
update-seq,0,1x,0,4,False,294494,0.0202532,68.77287822502326
update-seq,0,2-stackless,1,0,True,294494,0.020099212,68.24998811520778
update-seq,0,2-stackless,1,1,True,294494,0.020066491999999995,68.13888228622653
update-seq,0,2-stackless,1,2,False,294494,0.020004893000000003,67.92971333881167
update-seq,0,2-stackless,1,3,False,294494,0.020066837999999997,68.14005718282884
update-seq,0,2-stackless,1,4,False,294494,0.020083592999999997,68.19695138101284
update-seq,0,1x,1,0,True,294494,0.0219261,74.45346934063173
update-seq,0,1x,1,1,True,294494,0.0210571,71.50264521518265
update-seq,0,1x,1,2,False,294494,0.020759,70.49040048354126
update-seq,0,1x,1,3,False,294494,0.0207984,70.62418928738786
update-seq,0,1x,1,4,False,294494,0.0210905,71.61606008950946
update-seq,0,2-stackful,1,0,True,294494,0.020970962,71.21015029168676
update-seq,0,2-stackful,1,1,True,294494,0.020924108,71.05105027606675
update-seq,0,2-stackful,1,2,False,294494,0.020938077,71.09848417964373
update-seq,0,2-stackful,1,3,False,294494,0.020900481999999998,70.97082453292765
update-seq,0,2-stackful,1,4,False,294494,0.02100963800000001,71.34148064137133
update-seq,0,2-stackless,2,0,True,294494,0.020058094000000002,68.1103655762087
update-seq,0,2-stackless,2,1,True,294494,0.019994609,67.89479242361475
update-seq,0,2-stackless,2,2,False,294494,0.020028399000000002,68.00953160336036
update-seq,0,2-stackless,2,3,False,294494,0.020051263,68.0871698574504
update-seq,0,2-stackless,2,4,False,294494,0.020014261000000005,67.9615238341019
update-seq,0,1x,2,0,True,294494,0.0206767,70.21093808362819
update-seq,0,1x,2,1,True,294494,0.0211654,71.8703946430148
update-seq,0,1x,2,2,False,294494,0.0205051,69.6282436993623
update-seq,0,1x,2,3,False,294494,0.0206993,70.28767988481938
update-seq,0,1x,2,4,False,294494,0.020549,69.77731295034873
update-seq,0,2-stackful,2,0,True,294494,0.020942959,71.115061766963
update-seq,0,2-stackful,2,1,True,294494,0.020966652000000002,71.19551501898172
update-seq,0,2-stackful,2,2,False,294494,0.020888789999999997,70.93112253560344
update-seq,0,2-stackful,2,3,False,294494,0.020966551,71.1951720578348
update-seq,0,2-stackful,2,4,False,294494,0.020981164999999996,71.24479615883514
get-int,64,2-stackful,0,0,True,282561,0.24149864899999998,854.6779244127815
get-int,64,2-stackful,0,1,True,282561,0.240832956,852.3219977279242
get-int,64,2-stackful,0,2,False,282561,0.24118197200000008,853.5571858819868
get-int,64,2-stackful,0,3,False,282561,0.24103217300000002,853.0270384094055
get-int,64,2-stackful,0,4,False,282561,0.24155930199999998,854.8925789475546
get-int,64,1x,0,0,True,282561,0.0122886,43.49007824859057
get-int,64,1x,0,1,True,282561,0.0123619,43.749491260294235
get-int,64,1x,0,2,False,282561,0.0120955,42.806685989927836
get-int,64,1x,0,3,False,282561,0.0122442,43.332944036862834
get-int,64,1x,0,4,False,282561,0.0123019,43.53714773093244
get-int,64,2-stackless,0,0,True,282561,0.24366298600000003,862.3376403679207
get-int,64,2-stackless,0,1,True,282561,0.24311731,860.4064609057867
get-int,64,2-stackless,0,2,False,282561,0.24315548799999998,860.5415750935196
get-int,64,2-stackless,0,3,False,282561,0.24308979499999994,860.30908370228
get-int,64,2-stackless,0,4,False,282561,0.24318556999999996,860.6480370610238
get-int,64,1x,1,0,True,282561,0.0122812,43.463889213302615
get-int,64,1x,1,1,True,282561,0.0121894,43.13900361337906
get-int,64,1x,1,2,False,282561,0.0122269,43.27171831923018
get-int,64,1x,1,3,False,282561,0.0122294,43.28056596628693
get-int,64,1x,1,4,False,282561,0.0120815,42.757139166410084
get-int,64,2-stackful,1,0,True,282561,0.240774886,852.1164845820903
get-int,64,2-stackful,1,1,True,282561,0.240651586,851.6801186292518
get-int,64,2-stackful,1,2,False,282561,0.24066229999999994,851.718036105478
get-int,64,2-stackful,1,3,False,282561,0.24169021700000004,855.3558948333281
get-int,64,2-stackful,1,4,False,282561,0.2445074690000001,865.3263153796883
get-int,64,2-stackless,1,0,True,282561,0.240793482,852.1822969199571
get-int,64,2-stackless,1,1,True,282561,0.240090905,849.6958355894833
get-int,64,2-stackless,1,2,False,282561,0.239910326,849.0567558863396
get-int,64,2-stackless,1,3,False,282561,0.24006510999999997,849.6045455671517
get-int,64,2-stackless,1,4,False,282561,0.23976841399999993,848.5545209706928
get-int,64,2-stackless,2,0,True,282561,0.24308996100000002,860.3096711860449
get-int,64,2-stackless,2,1,True,282561,0.24308262899999997,860.2837228067567
get-int,64,2-stackless,2,2,False,282561,0.24302664999999996,860.0856098329208
get-int,64,2-stackless,2,3,False,282561,0.24301684,860.0508916658704
get-int,64,2-stackless,2,4,False,282561,0.24308165599999998,860.2802793025222
get-int,64,1x,2,0,True,282561,0.0122534,43.36550337803165
get-int,64,1x,2,1,True,282561,0.0122973,43.52086806034803
get-int,64,1x,2,2,False,282561,0.0121947,43.15776062513935
get-int,64,1x,2,3,False,282561,0.0122597,43.387799448614636
get-int,64,1x,2,4,False,282561,0.0121925,43.14997469572942
get-int,64,2-stackful,2,0,True,282561,0.240826858,852.3004165472234
get-int,64,2-stackful,2,1,True,282561,0.24069551700000003,851.8355930223918
get-int,64,2-stackful,2,2,False,282561,0.24073137600000005,851.9625001327149
get-int,64,2-stackful,2,3,False,282561,0.24068426799999998,851.795782149695
get-int,64,2-stackful,2,4,False,282561,0.2407954080000001,852.1891131472499
const-seq,64,2-stackless,0,0,True,166941,0.17267066,1034.3214668655394
const-seq,64,2-stackless,0,1,True,166941,0.171225588,1025.6652829442737
const-seq,64,2-stackless,0,2,False,166941,0.17204772600000007,1030.5900048520139
const-seq,64,2-stackless,0,3,False,166941,0.17306032400000004,1036.6556088678037
const-seq,64,2-stackless,0,4,False,166941,0.17337334300000007,1038.5306365722024
const-seq,64,2-stackful,0,0,True,166941,0.167866405,1005.5433057187869
const-seq,64,2-stackful,0,1,True,166941,0.168477687,1009.2049706183622
const-seq,64,2-stackful,0,2,False,166941,0.16773886400000004,1004.7793172438169
const-seq,64,2-stackful,0,3,False,166941,0.167661897,1004.3182741207971
const-seq,64,2-stackful,0,4,False,166941,0.16764928,1004.2426965215255
const-seq,64,1x,0,0,True,166941,0.01917,114.83098819343361
const-seq,64,1x,0,1,True,166941,0.0189684,113.62337592323037
const-seq,64,1x,0,2,False,166941,0.0191522,114.72436369735415
const-seq,64,1x,0,3,False,166941,0.0188073,112.65836433230902
const-seq,64,1x,0,4,False,166941,0.0187159,112.11086551536171
const-seq,64,1x,1,0,True,166941,0.019121,114.53747132220366
const-seq,64,1x,1,1,True,166941,0.0188524,112.92851965664516
const-seq,64,1x,1,2,False,166941,0.0187626,112.39060506406454
const-seq,64,1x,1,3,False,166941,0.0193295,115.78641555998826
const-seq,64,1x,1,4,False,166941,0.01887,113.03394612467878
const-seq,64,2-stackless,1,0,True,166941,0.16724340199999999,1001.8114303855854
const-seq,64,2-stackless,1,1,True,166941,0.167006247,1000.3908386795335
const-seq,64,2-stackless,1,2,False,166941,0.16706309299999994,1000.7313541910013
const-seq,64,2-stackless,1,3,False,166941,0.16710428900000007,1000.9781240078834
const-seq,64,2-stackless,1,4,False,166941,0.167008826,1000.4062872511845
const-seq,64,2-stackful,1,0,True,166941,0.16792949399999998,1005.9212176757056
const-seq,64,2-stackful,1,1,True,166941,0.167764731,1004.934264201125
const-seq,64,2-stackful,1,2,False,166941,0.16765070300000007,1004.2512204910721
const-seq,64,2-stackful,1,3,False,166941,0.16772201600000003,1004.6783953612356
const-seq,64,2-stackful,1,4,False,166941,0.167777356,1005.0098897215183
const-seq,64,1x,2,0,True,166941,0.0233102,139.6313667702961
const-seq,64,1x,2,1,True,166941,0.0226442,135.64193337766037
const-seq,64,1x,2,2,False,166941,0.0230438,138.0355934132418
const-seq,64,1x,2,3,False,166941,0.0228661,136.97114549451604
const-seq,64,1x,2,4,False,166941,0.023325,139.720020845688
const-seq,64,2-stackful,2,0,True,166941,0.167937311,1005.9680426018773
const-seq,64,2-stackful,2,1,True,166941,0.16779415899999997,1005.1105420477892
const-seq,64,2-stackful,2,2,False,166941,0.16759541699999997,1003.920049598361
const-seq,64,2-stackful,2,3,False,166941,0.16765675800000002,1004.2874907901596
const-seq,64,2-stackful,2,4,False,166941,0.16763891499999994,1004.1806087180497
const-seq,64,2-stackless,2,0,True,166941,0.169426663,1014.8894699324911
const-seq,64,2-stackless,2,1,True,166941,0.169492787,1015.2855619650056
const-seq,64,2-stackless,2,2,False,166941,0.16956725699999997,1015.7316477078726
const-seq,64,2-stackless,2,3,False,166941,0.169521845,1015.4596234597852
const-seq,64,2-stackless,2,4,False,166941,0.169422065,1014.8619272677173
make-seq,64,1x,0,0,True,71275,0.0200172,280.84461592423713
make-seq,64,1x,0,1,True,71275,0.0199692,280.17116801122415
make-seq,64,1x,0,2,False,71275,0.019794,277.71308312872674
make-seq,64,1x,0,3,False,71275,0.0198712,278.7962118554893
make-seq,64,1x,0,4,False,71275,0.0198619,278.66573132234305
make-seq,64,2-stackless,0,0,True,71275,0.203352761,2853.072760434935
make-seq,64,2-stackless,0,1,True,71275,0.20333003099999997,2852.7538547877934
make-seq,64,2-stackless,0,2,False,71275,0.20318492899999996,2850.7180498070848
make-seq,64,2-stackless,0,3,False,71275,0.20304160100000002,2848.707134338829
make-seq,64,2-stackless,0,4,False,71275,0.20324098700000004,2851.504552788496
make-seq,64,2-stackful,0,0,True,71275,0.204534264,2869.649442300947
make-seq,64,2-stackful,0,1,True,71275,0.204382999,2867.5271694142407
make-seq,64,2-stackful,0,2,False,71275,0.20449837199999998,2869.1458716239913
make-seq,64,2-stackful,0,3,False,71275,0.20448869999999997,2869.010171869519
make-seq,64,2-stackful,0,4,False,71275,0.20458312099999987,2870.3349140652385
make-seq,64,1x,1,0,True,71275,0.0210783,295.73202385128025
make-seq,64,1x,1,1,True,71275,0.021022,294.9421255699755
make-seq,64,1x,1,2,False,71275,0.0209095,293.3637320238513
make-seq,64,1x,1,3,False,71275,0.0209894,294.4847421957208
make-seq,64,1x,1,4,False,71275,0.0210275,295.0192914766748
make-seq,64,2-stackful,1,0,True,71275,0.204859877,2874.217846369695
make-seq,64,2-stackful,1,1,True,71275,0.20431016400000002,2866.505282357068
make-seq,64,2-stackful,1,2,False,71275,0.204282262,2866.113812697299
make-seq,64,2-stackful,1,3,False,71275,0.20441688300000005,2868.002567520169
make-seq,64,2-stackful,1,4,False,71275,0.20442855000000004,2868.1662574535253
make-seq,64,2-stackless,1,0,True,71275,0.203702356,2857.977635917222
make-seq,64,2-stackless,1,1,True,71275,0.20416422,2864.457663977552
make-seq,64,2-stackless,1,2,False,71275,0.20346631199999998,2854.6658996843207
make-seq,64,2-stackless,1,3,False,71275,0.20356148699999999,2856.0012206243423
make-seq,64,2-stackless,1,4,False,71275,0.204425772,2868.1272816555593
make-seq,64,2-stackful,2,0,True,71275,0.20534482999999998,2881.0218169063482
make-seq,64,2-stackful,2,1,True,71275,0.20469736600000002,2871.937790249036
make-seq,64,2-stackful,2,2,False,71275,0.20451575900000002,2869.389814100316
make-seq,64,2-stackful,2,3,False,71275,0.20442857400000003,2868.166594177482
make-seq,64,2-stackful,2,4,False,71275,0.20442597400000007,2868.130115748861
make-seq,64,2-stackless,2,0,True,71275,0.203812004,2859.5160154331816
make-seq,64,2-stackless,2,1,True,71275,0.203446632,2854.389786039986
make-seq,64,2-stackless,2,2,False,71275,0.20343757199999996,2854.2626727464044
make-seq,64,2-stackless,2,3,False,71275,0.20365246300000006,2857.2776289021403
make-seq,64,2-stackless,2,4,False,71275,0.20347472,2854.7838653104172
make-seq,64,1x,2,0,True,71275,0.020488,287.45001753770606
make-seq,64,1x,2,1,True,71275,0.0205411,288.1950192914767
make-seq,64,1x,2,2,False,71275,0.0204585,287.03612767450016
make-seq,64,1x,2,3,False,71275,0.0204581,287.0305156085584
make-seq,64,1x,2,4,False,71275,0.0205348,288.1066292528937
get-int,8,2-stackful,0,0,True,1612493,0.24795921399999998,153.7738235142726
get-int,8,2-stackful,0,1,True,1612493,0.24781337399999998,153.68337971079563
get-int,8,2-stackful,0,2,False,1612493,0.24784353999999997,153.70208738890648
get-int,8,2-stackful,0,3,False,1612493,0.24780865100000005,153.68045070583256
get-int,8,2-stackful,0,4,False,1612493,0.24806500899999984,153.83943310141493
get-int,8,2-stackless,0,0,True,1612493,0.24808192799999998,153.8499255500644
get-int,8,2-stackless,0,1,True,1612493,0.24724824,153.33290749169143
get-int,8,2-stackless,0,2,False,1612493,0.24756018400000002,153.52636197490472
get-int,8,2-stackless,0,3,False,1612493,0.247944877,153.76493231288447
get-int,8,2-stackless,0,4,False,1612493,0.24727964499999988,153.35238354523082
get-int,8,1x,0,0,True,1612493,0.0191929,11.902625313722291
get-int,8,1x,0,1,True,1612493,0.0191818,11.89574156290911
get-int,8,1x,0,2,False,1612493,0.0191823,11.89605164177457
get-int,8,1x,0,3,False,1612493,0.0191302,11.863741423993778
get-int,8,1x,0,4,False,1612493,0.0191375,11.868268575429475
get-int,8,1x,1,0,True,1612493,0.0191855,11.898036146513505
get-int,8,1x,1,1,True,1612493,0.0194568,12.066284938911362
get-int,8,1x,1,2,False,1612493,0.0192755,11.95385034229606
get-int,8,1x,1,3,False,1612493,0.0191209,11.857973957096247
get-int,8,1x,1,4,False,1612493,0.0191375,11.868268575429475
get-int,8,2-stackless,1,0,True,1612493,0.243173312,150.80580938956015
get-int,8,2-stackless,1,1,True,1612493,0.242582948,150.4396905909049
get-int,8,2-stackless,1,2,False,1612493,0.242621967,150.46388852540755
get-int,8,2-stackless,1,3,False,1612493,0.24257352499999996,150.43384684460645
get-int,8,2-stackless,1,4,False,1612493,0.24242546499999995,150.3420262909668
get-int,8,2-stackful,1,0,True,1612493,0.24815281900000002,153.89388915176687
get-int,8,2-stackful,1,1,True,1612493,0.24794527400000002,153.76517851550366
get-int,8,2-stackful,1,2,False,1612493,0.24764892299999997,153.58139415178854
get-int,8,2-stackful,1,3,False,1612493,0.24769810599999997,153.61189536946824
get-int,8,2-stackful,1,4,False,1612493,0.247819994,153.68748515497433
get-int,8,1x,2,0,True,1612493,0.0191932,11.902811361041568
get-int,8,1x,2,1,True,1612493,0.019186,11.898346225378964
get-int,8,1x,2,2,False,1612493,0.0191227,11.859090241011899
get-int,8,1x,2,3,False,1612493,0.0191471,11.874222089646281
get-int,8,1x,2,4,False,1612493,0.0191153,11.85450107380311
get-int,8,2-stackful,2,0,True,1612493,0.24772445099999998,153.62823342488926
get-int,8,2-stackful,2,1,True,1612493,0.24768664899999998,153.60479022234514
get-int,8,2-stackful,2,2,False,1612493,0.24772922400000003,153.63119343773897
get-int,8,2-stackful,2,3,False,1612493,0.24768857900000008,153.60598712676588
get-int,8,2-stackful,2,4,False,1612493,0.24777282300000003,153.65823169464923
get-int,8,2-stackless,2,0,True,1612493,0.245503117,152.25065597183988
get-int,8,2-stackless,2,1,True,1612493,0.24563912400000001,152.33500176434873
get-int,8,2-stackless,2,2,False,1612493,0.24548258499999998,152.23792289330868
get-int,8,2-stackless,2,3,False,1612493,0.24610567699999997,152.62433821418136
get-int,8,2-stackless,2,4,False,1612493,0.24577373199999997,152.41847995619204
push-shared-seq,256,2-stackful,0,0,True,23808,0.23609803499999998,9916.752142137095
push-shared-seq,256,2-stackful,0,1,True,23808,0.239069497,10041.561533938173
push-shared-seq,256,2-stackful,0,2,False,23808,0.238992928,10038.345430107527
push-shared-seq,256,2-stackful,0,3,False,23808,0.23593389399999998,9909.857778897847
push-shared-seq,256,2-stackful,0,4,False,23808,0.23586668599999994,9907.03486223118
push-shared-seq,256,1x,0,0,True,23808,0.0170405,715.7468077956989
push-shared-seq,256,1x,0,1,True,23808,0.0168427,707.4386760752689
push-shared-seq,256,1x,0,2,False,23808,0.0169529,712.067372311828
push-shared-seq,256,1x,0,3,False,23808,0.0169476,711.8447580645161
push-shared-seq,256,1x,0,4,False,23808,0.0169683,712.7142137096774
push-shared-seq,256,2-stackless,0,0,True,23808,0.249129845,10464.123193884408
push-shared-seq,256,2-stackless,0,1,True,23808,0.251998975,10584.634366599463
push-shared-seq,256,2-stackless,0,2,False,23808,0.25213504099999995,10590.349504368278
push-shared-seq,256,2-stackless,0,3,False,23808,0.24877805799999997,10449.347194220429
push-shared-seq,256,2-stackless,0,4,False,23808,0.24890299699999985,10454.59496807795
push-shared-seq,256,2-stackful,1,0,True,23808,0.235864335,9906.93611391129
push-shared-seq,256,2-stackful,1,1,True,23808,0.238710686,10026.490507392473
push-shared-seq,256,2-stackful,1,2,False,23808,0.23869751199999995,10025.937163978491
push-shared-seq,256,2-stackful,1,3,False,23808,0.23589017600000006,9908.021505376346
push-shared-seq,256,2-stackful,1,4,False,23808,0.23571990999999992,9900.869875672039
push-shared-seq,256,1x,1,0,True,23808,0.0165227,693.9978158602152
push-shared-seq,256,1x,1,1,True,23808,0.0163698,687.5756048387096
push-shared-seq,256,1x,1,2,False,23808,0.0164538,691.1038306451613
push-shared-seq,256,1x,1,3,False,23808,0.0164376,690.4233870967741
push-shared-seq,256,1x,1,4,False,23808,0.0164432,690.6586021505377
push-shared-seq,256,2-stackless,1,0,True,23808,0.24814172999999998,10422.61970766129
push-shared-seq,256,2-stackless,1,1,True,23808,0.247847859,10410.276335685483
push-shared-seq,256,2-stackless,1,2,False,23808,0.24796610600000002,10415.243027553764
push-shared-seq,256,2-stackless,1,3,False,23808,0.2484677139999999,10436.31191196236
push-shared-seq,256,2-stackless,1,4,False,23808,0.24901703200000003,10459.384744623658
push-shared-seq,256,2-stackless,2,0,True,23808,0.250460933,10520.032468077958
push-shared-seq,256,2-stackless,2,1,True,23808,0.247855724,10410.606686827958
push-shared-seq,256,2-stackless,2,2,False,23808,0.24841497200000007,10434.096606182798
push-shared-seq,256,2-stackless,2,3,False,23808,0.248191783,10424.722068212366
push-shared-seq,256,2-stackless,2,4,False,23808,0.24776937399999988,10406.979754704296
push-shared-seq,256,2-stackful,2,0,True,23808,0.236687007,9941.490549395161
push-shared-seq,256,2-stackful,2,1,True,23808,0.239585147,10063.220220094086
push-shared-seq,256,2-stackful,2,2,False,23808,0.238979261,10037.77137936828
push-shared-seq,256,2-stackful,2,3,False,23808,0.23634370100000002,9927.070774529571
push-shared-seq,256,2-stackful,2,4,False,23808,0.23634053199999994,9926.93766801075
push-shared-seq,256,1x,2,0,True,23808,0.0165109,693.5021841397848
push-shared-seq,256,1x,2,1,True,23808,0.0164625,691.4692540322582
push-shared-seq,256,1x,2,2,False,23808,0.0163959,688.6718750000001
push-shared-seq,256,1x,2,3,False,23808,0.0164439,690.688004032258
push-shared-seq,256,1x,2,4,False,23808,0.0164493,690.9148185483871
make-table,0,2-stackless,0,0,True,682646,0.044425825,65.07886225071267
make-table,0,2-stackless,0,1,True,682646,0.044097013,64.59718946569672
make-table,0,2-stackless,0,2,False,682646,0.04423128100000001,64.79387706073135
make-table,0,2-stackless,0,3,False,682646,0.04451602900000001,65.21100101663237
make-table,0,2-stackless,0,4,False,682646,0.04408049,64.57298511966671
make-table,0,1x,0,0,True,682646,0.0195176,28.591099925876662
make-table,0,1x,0,1,True,682646,0.0190666,27.93043539404025
make-table,0,1x,0,2,False,682646,0.0196354,28.763663743726617
make-table,0,1x,0,3,False,682646,0.0193405,28.33166824386285
make-table,0,1x,0,4,False,682646,0.0194242,28.454279377598347
make-table,0,2-stackful,0,0,True,682646,0.046741103,68.47048543461764
make-table,0,2-stackful,0,1,True,682646,0.046342328,67.88632468365742
make-table,0,2-stackful,0,2,False,682646,0.046629746,68.30735989077795
make-table,0,2-stackful,0,3,False,682646,0.046291988000000006,67.81258221684446
make-table,0,2-stackful,0,4,False,682646,0.046403527,67.97597437031786
make-table,0,2-stackful,1,0,True,682646,0.046360509,67.91295781415258
make-table,0,2-stackful,1,1,True,682646,0.046355339999999995,67.90538580757814
make-table,0,2-stackful,1,2,False,682646,0.046314181999999995,67.84509394327367
make-table,0,2-stackful,1,3,False,682646,0.046300489,67.82503523055874
make-table,0,2-stackful,1,4,False,682646,0.046287562000000004,67.80609862212627
make-table,0,1x,1,0,True,682646,0.0191561,28.061542878739495
make-table,0,1x,1,1,True,682646,0.0194161,28.44241378401104
make-table,0,1x,1,2,False,682646,0.0192039,28.13156452978557
make-table,0,1x,1,3,False,682646,0.0192906,28.25857032781266
make-table,0,1x,1,4,False,682646,0.0188969,27.681843883945707
make-table,0,2-stackless,1,0,True,682646,0.044441286,65.10151088558345
make-table,0,2-stackless,1,1,True,682646,0.04407332,64.5624818720098
make-table,0,2-stackless,1,2,False,682646,0.04420811100000001,64.75993560351925
make-table,0,2-stackless,1,3,False,682646,0.044056225000000004,64.5374396099882
make-table,0,2-stackless,1,4,False,682646,0.04401401299999999,64.47560375362924
make-table,0,1x,2,0,True,682646,0.0192028,28.129953152878652
make-table,0,1x,2,1,True,682646,0.0196964,28.85302191765571
make-table,0,1x,2,2,False,682646,0.0190837,27.95548498050234
make-table,0,1x,2,3,False,682646,0.019257,28.209350087746795
make-table,0,1x,2,4,False,682646,0.0189747,27.79581217790773
make-table,0,2-stackful,2,0,True,682646,0.046453248,68.04881007139865
make-table,0,2-stackful,2,1,True,682646,0.046344171999999996,67.88902593730865
make-table,0,2-stackful,2,2,False,682646,0.046245568,67.74458211137251
make-table,0,2-stackful,2,3,False,682646,0.04684645300000001,68.6248113956575
make-table,0,2-stackful,2,4,False,682646,0.046821892000000004,68.5888322791022
make-table,0,2-stackless,2,0,True,682646,0.04373432,64.06588480705959
make-table,0,2-stackless,2,1,True,682646,0.043909408000000004,64.32236913422184
make-table,0,2-stackless,2,2,False,682646,0.04421756700000001,64.77378758536638
make-table,0,2-stackless,2,3,False,682646,0.043747935000000016,64.08582925850297
make-table,0,2-stackless,2,4,False,682646,0.043675296,63.97942125201056
take-table,8,2-stackful,0,0,True,617993,0.244749959,396.04001825263396
take-table,8,2-stackful,0,1,True,617993,0.245097329,396.60211199803234
take-table,8,2-stackful,0,2,False,617993,0.24588465399999998,397.8761151016273
take-table,8,2-stackful,0,3,False,617993,0.24325048800000004,393.61366229067323
take-table,8,2-stackful,0,4,False,617993,0.24313634800000006,393.4289676420284
take-table,8,2-stackless,0,0,True,617993,0.250828977,405.87672837718225
take-table,8,2-stackless,0,1,True,617993,0.25045308200000005,405.26847715103577
take-table,8,2-stackless,0,2,False,617993,0.25035404699999997,405.108224526815
take-table,8,2-stackless,0,3,False,617993,0.25057830999999986,405.4711137504791
take-table,8,2-stackless,0,4,False,617993,0.2505934249999999,405.4955719563165
take-table,8,1x,0,0,True,617993,0.0189307,30.632547617853277
take-table,8,1x,0,1,True,617993,0.019339,31.29323471301455
take-table,8,1x,0,2,False,617993,0.019244,31.13951128896282
take-table,8,1x,0,3,False,617993,0.0191132,30.92785840616318
take-table,8,1x,0,4,False,617993,0.0190403,30.809895904969796
take-table,8,2-stackless,1,0,True,617993,0.249687269,404.0292835032112
take-table,8,2-stackless,1,1,True,617993,0.248572786,402.22589252629075
take-table,8,2-stackless,1,2,False,617993,0.24820451899999996,401.62998448202484
take-table,8,2-stackless,1,3,False,617993,0.24790863900000004,401.15120883246254
take-table,8,2-stackless,1,4,False,617993,0.2475752819999999,400.61179010118224
take-table,8,2-stackful,1,0,True,617993,0.24414714899999998,395.06458649207997
take-table,8,2-stackful,1,1,True,617993,0.24326437899999998,393.63613989155215
take-table,8,2-stackful,1,2,False,617993,0.243441709,393.92308488931104
take-table,8,2-stackful,1,3,False,617993,0.2435276030000001,394.06207351863225
take-table,8,2-stackful,1,4,False,617993,0.24299465099999995,393.1996818734192
take-table,8,1x,1,0,True,617993,0.0194039,31.398252083761466
take-table,8,1x,1,1,True,617993,0.0190035,30.750348304916074
take-table,8,1x,1,2,False,617993,0.0189384,30.645007305907995
take-table,8,1x,1,3,False,617993,0.018986,30.72203083206444
take-table,8,1x,1,4,False,617993,0.0193777,31.355856781549306
take-table,8,1x,2,0,True,617993,0.0192496,31.148572880275342
take-table,8,1x,2,1,True,617993,0.0192173,31.096306916097756
take-table,8,1x,2,2,False,617993,0.0193448,31.302619932588232
take-table,8,1x,2,3,False,617993,0.0192659,31.174948583560006
take-table,8,1x,2,4,False,617993,0.0193206,31.26346091298769
take-table,8,2-stackless,2,0,True,617993,0.24862548699999998,402.3111701912481
take-table,8,2-stackless,2,1,True,617993,0.248637559,402.3307043930918
take-table,8,2-stackless,2,2,False,617993,0.248378694,401.9118242439639
take-table,8,2-stackless,2,3,False,617993,0.24905337900000002,403.0035599108728
take-table,8,2-stackless,2,4,False,617993,0.2495077120000001,403.73873490476444
take-table,8,2-stackful,2,0,True,617993,0.243542283,394.08582783300136
take-table,8,2-stackful,2,1,True,617993,0.24346143999999997,393.9550124354159
take-table,8,2-stackful,2,2,False,617993,0.24342662699999995,393.89868008213676
take-table,8,2-stackful,2,3,False,617993,0.24324566400000003,393.60585637701405
take-table,8,2-stackful,2,4,False,617993,0.24368939999999994,394.32388392748777
take-table,0,1x,0,0,True,2904023,0.0196115,6.7532178636326226
take-table,0,1x,0,1,True,2904023,0.0195012,6.715236070788696
take-table,0,1x,0,2,False,2904023,0.0194139,6.685174325409958
take-table,0,1x,0,3,False,2904023,0.0195161,6.7203668841465785
take-table,0,1x,0,4,False,2904023,0.0193117,6.649981766673336
take-table,0,2-stackful,0,0,True,2904023,0.14782310099999998,50.90286853788692
take-table,0,2-stackful,0,1,True,2904023,0.147511892,50.79570375303501
take-table,0,2-stackful,0,2,False,2904023,0.14744344800000003,50.772135069178184
take-table,0,2-stackful,0,3,False,2904023,0.14754478599999998,50.80703079830978
take-table,0,2-stackful,0,4,False,2904023,0.14745286700000004,50.77537850079012
take-table,0,2-stackless,0,0,True,2904023,0.136088946,46.86221355684855
take-table,0,2-stackless,0,1,True,2904023,0.136124492,46.87445381803106
take-table,0,2-stackless,0,2,False,2904023,0.136008464,46.83449958901841
take-table,0,2-stackless,0,3,False,2904023,0.13604632100000003,46.84753564279623
take-table,0,2-stackless,0,4,False,2904023,0.13606184899999996,46.85288270788488
take-table,0,2-stackless,1,0,True,2904023,0.138302501,47.62445097714446
take-table,0,2-stackless,1,1,True,2904023,0.13830571399999997,47.62555737334035
take-table,0,2-stackless,1,2,False,2904023,0.138160369,47.575507838608715
take-table,0,2-stackless,1,3,False,2904023,0.13809550299999995,47.55317123865753
take-table,0,2-stackless,1,4,False,2904023,0.138226105,47.59814402296401
take-table,0,2-stackful,1,0,True,2904023,0.147509226,50.79478571622883
take-table,0,2-stackful,1,1,True,2904023,0.14764922900000002,50.84299573384923
take-table,0,2-stackful,1,2,False,2904023,0.14765208200000002,50.843978164084795
take-table,0,2-stackful,1,3,False,2904023,0.14780657799999997,50.8971788446579
take-table,0,2-stackful,1,4,False,2904023,0.147855112,50.91389152220902
take-table,0,1x,1,0,True,2904023,0.0190351,6.554734587157196
take-table,0,1x,1,1,True,2904023,0.0190326,6.553873712432718
take-table,0,1x,1,2,False,2904023,0.0190487,6.559417745658351
take-table,0,1x,1,3,False,2904023,0.01908,6.570195897208803
take-table,0,1x,1,4,False,2904023,0.019134,6.588790791257507
take-table,0,1x,2,0,True,2904023,0.0194751,6.706248538665156
take-table,0,1x,2,1,True,2904023,0.0191686,6.60070529744427
take-table,0,1x,2,2,False,2904023,0.019075,6.568474147759849
take-table,0,1x,2,3,False,2904023,0.0192616,6.632729837194816
take-table,0,1x,2,4,False,2904023,0.0191775,6.603770011463408
take-table,0,2-stackless,2,0,True,2904023,0.140114776,48.24850767366512
take-table,0,2-stackless,2,1,True,2904023,0.13950477900000002,48.0384552739424
take-table,0,2-stackless,2,2,False,2904023,0.139437845,48.01540655841913
take-table,0,2-stackless,2,3,False,2904023,0.13963214399999996,48.08231339765559
take-table,0,2-stackless,2,4,False,2904023,0.13930264999999997,47.968852175068854
take-table,0,2-stackful,2,0,True,2904023,0.14766854399999998,50.84964685197051
take-table,0,2-stackful,2,1,True,2904023,0.14767172099999998,50.85074085157038
take-table,0,2-stackful,2,2,False,2904023,0.14879092700000002,51.23613931432362
take-table,0,2-stackful,2,3,False,2904023,0.148001577,50.964326728817234
take-table,0,2-stackful,2,4,False,2904023,0.14788431400000002,50.9239472276907
add-float4,0,1x,0,0,True,2457154,0.0153879,6.262489042200855
add-float4,0,1x,0,1,True,2457154,0.0155817,6.341360777549962
add-float4,0,1x,0,2,False,2457154,0.0157342,6.403424449586798
add-float4,0,1x,0,3,False,2457154,0.0154995,6.307907440884861
add-float4,0,1x,0,4,False,2457154,0.01557,6.336599171236316
add-float4,0,2-stackless,0,0,True,2457154,0.130987486,53.308618833007614
add-float4,0,2-stackless,0,1,True,2457154,0.13028810000000002,53.02398628657382
add-float4,0,2-stackless,0,2,False,2457154,0.13082780700000002,53.24363348817372
add-float4,0,2-stackless,0,3,False,2457154,0.13055765500000005,53.13368840536655
add-float4,0,2-stackless,0,4,False,2457154,0.13014780000000004,52.96688770829994
add-float4,0,2-stackful,0,0,True,2457154,0.136765476,55.66011572738217
add-float4,0,2-stackful,0,1,True,2457154,0.13674163199999997,55.65041181789989
add-float4,0,2-stackful,0,2,False,2457154,0.137844399,56.09921030590675
add-float4,0,2-stackful,0,3,False,2457154,0.13637241299999997,55.50014895281288
add-float4,0,2-stackful,0,4,False,2457154,0.13619978499999996,55.429893690016975
add-float4,0,2-stackless,1,0,True,2457154,0.128755598,52.40029644051614
add-float4,0,2-stackless,1,1,True,2457154,0.128956646,52.482117929930325
add-float4,0,2-stackless,1,2,False,2457154,0.128752364,52.398980283694065
add-float4,0,2-stackless,1,3,False,2457154,0.12878618399999997,52.412744174764775
add-float4,0,2-stackless,1,4,False,2457154,0.12896741899999997,52.48650227051295
add-float4,0,1x,1,0,True,2457154,0.0155532,6.329761992939799
add-float4,0,1x,1,1,True,2457154,0.0156513,6.369686230492675
add-float4,0,1x,1,2,False,2457154,0.0155643,6.334279414314284
add-float4,0,1x,1,3,False,2457154,0.0154438,6.285238939032718
add-float4,0,1x,1,4,False,2457154,0.0153964,6.265948328838974
add-float4,0,2-stackful,1,0,True,2457154,0.136173872,55.41934774946951
add-float4,0,2-stackful,1,1,True,2457154,0.13617374399999999,55.419295656682486
add-float4,0,2-stackful,1,2,False,2457154,0.13622069399999998,55.43840312817185
add-float4,0,2-stackful,1,3,False,2457154,0.13611358599999995,55.39481286073235
add-float4,0,2-stackful,1,4,False,2457154,0.13615203099999995,55.41045901070911
add-float4,0,2-stackless,2,0,True,2457154,0.127452751,51.870070414796956
add-float4,0,2-stackless,2,1,True,2457154,0.127251699,51.78824729748319
add-float4,0,2-stackless,2,2,False,2457154,0.12715457600000002,51.74872067440625
add-float4,0,2-stackless,2,3,False,2457154,0.12718933,51.76286468003226
add-float4,0,2-stackless,2,4,False,2457154,0.12710520199999997,51.72862669576265
add-float4,0,1x,2,0,True,2457154,0.0155201,6.316291123796066
add-float4,0,1x,2,1,True,2457154,0.0155222,6.317145771083132
add-float4,0,1x,2,2,False,2457154,0.015522,6.317064376103411
add-float4,0,1x,2,3,False,2457154,0.0154778,6.2990760855851935
add-float4,0,1x,2,4,False,2457154,0.0154789,6.299523757973656
add-float4,0,2-stackful,2,0,True,2457154,0.13635431199999998,55.492782300173275
add-float4,0,2-stackful,2,1,True,2457154,0.136233308,55.443536709542826
add-float4,0,2-stackful,2,2,False,2457154,0.13622133800000003,55.43866522000657
add-float4,0,2-stackful,2,3,False,2457154,0.13671310399999997,55.63880163799256
add-float4,0,2-stackful,2,4,False,2457154,0.13631876499999995,55.478315563452654
const-table,256,2-stackful,0,0,True,62902,0.241562519,3840.2994976312357
const-table,256,2-stackful,0,1,True,62902,0.241394133,3837.622539823853
const-table,256,2-stackful,0,2,False,62902,0.24224427599999998,3851.1378970461983
const-table,256,2-stackful,0,3,False,62902,0.24272478600000003,3858.7769228323427
const-table,256,2-stackful,0,4,False,62902,0.24330857699999997,3868.0578836920918
const-table,256,2-stackless,0,0,True,62902,0.244744824,3890.890973259992
const-table,256,2-stackless,0,1,True,62902,0.24478540699999998,3891.5361514737206
const-table,256,2-stackless,0,2,False,62902,0.24360908899999995,3872.8353470477878
const-table,256,2-stackless,0,3,False,62902,0.24369696399999996,3874.2323614511456
const-table,256,2-stackless,0,4,False,62902,0.2436358179999999,3873.260277892593
const-table,256,1x,0,0,True,62902,0.0131335,208.79304314648184
const-table,256,1x,0,1,True,62902,0.013299,211.42412005977553
const-table,256,1x,0,2,False,62902,0.0132807,211.13319131347174
const-table,256,1x,0,3,False,62902,0.0132141,210.07440144987441
const-table,256,1x,0,4,False,62902,0.0132494,210.6355918730724
const-table,256,1x,1,0,True,62902,0.0131957,209.78188292900066
const-table,256,1x,1,1,True,62902,0.0132913,211.30170741788814
const-table,256,1x,1,2,False,62902,0.0132201,210.16978792407238
const-table,256,1x,1,3,False,62902,0.013257,210.7564147403898
const-table,256,1x,1,4,False,62902,0.0134206,213.35728593685414
const-table,256,2-stackless,1,0,True,62902,0.243667357,3873.761676894216
const-table,256,2-stackless,1,1,True,62902,0.243450436,3870.3131219993006
const-table,256,2-stackless,1,2,False,62902,0.243422586,3869.870369781565
const-table,256,2-stackless,1,3,False,62902,0.24343881099999998,3870.1283107055415
const-table,256,2-stackless,1,4,False,62902,0.24356296500000008,3872.102079425139
const-table,256,2-stackful,1,0,True,62902,0.241576664,3840.5243712441575
const-table,256,2-stackful,1,1,True,62902,0.241435407,3838.278703379861
const-table,256,2-stackful,1,2,False,62902,0.24136781500000004,3837.2041429525298
const-table,256,2-stackful,1,3,False,62902,0.2422501760000001,3851.231693745828
const-table,256,2-stackful,1,4,False,62902,0.24198227500000002,3846.9726717751428
const-table,256,2-stackful,2,0,True,62902,0.240926839,3830.193618644876
const-table,256,2-stackful,2,1,True,62902,0.24088105999999998,3829.465835744491
const-table,256,2-stackful,2,2,False,62902,0.24074032900000003,3827.228530094433
const-table,256,2-stackful,2,3,False,62902,0.24081590100000005,3828.4299545324484
const-table,256,2-stackful,2,4,False,62902,0.24072092200000006,3826.9200025436403
const-table,256,1x,2,0,True,62902,0.0131379,208.86299322756034
const-table,256,1x,2,1,True,62902,0.0132732,211.0139582207243
const-table,256,1x,2,2,False,62902,0.01327,210.96308543448538
const-table,256,1x,2,3,False,62902,0.013115,208.49893485103811
const-table,256,1x,2,4,False,62902,0.0132057,209.94086038599727
const-table,256,2-stackless,2,0,True,62902,0.24104299699999998,3832.040268989857
const-table,256,2-stackless,2,1,True,62902,0.24101935500000002,3831.6644144860265
const-table,256,2-stackless,2,2,False,62902,0.24099227499999998,3831.2339035324785
const-table,256,2-stackless,2,3,False,62902,0.24208887599999995,3848.667387364471
const-table,256,2-stackless,2,4,False,62902,0.2412087999999999,3834.676162920096
take-seq,64,2-stackless,0,0,True,54481,0.126365658,2319.4445402984525
take-seq,64,2-stackless,0,1,True,54481,0.12511260400000002,2296.4447054936586
take-seq,64,2-stackless,0,2,False,54481,0.12536514399999998,2301.080082964703
take-seq,64,2-stackless,0,3,False,54481,0.12533410499999997,2300.5103614103996
take-seq,64,2-stackless,0,4,False,54481,0.12506262099999998,2295.527266386446
take-seq,64,2-stackful,0,0,True,54481,0.11807622799999999,2167.2918632183696
take-seq,64,2-stackful,0,1,True,54481,0.11783787300000001,2162.916851746481
take-seq,64,2-stackful,0,2,False,54481,0.117749929,2161.3026376167836
take-seq,64,2-stackful,0,3,False,54481,0.11786969999999997,2163.5010370587906
take-seq,64,2-stackful,0,4,False,54481,0.11773435599999998,2161.0167948459093
take-seq,64,1x,0,0,True,54481,0.0199635,366.4304987059709
take-seq,64,1x,0,1,True,54481,0.0199412,366.02118169637123
take-seq,64,1x,0,2,False,54481,0.0198526,364.3949266716837
take-seq,64,1x,0,3,False,54481,0.0196717,361.0745030377563
take-seq,64,1x,0,4,False,54481,0.019689,361.3920449330959
take-seq,64,1x,1,0,True,54481,0.0200408,367.84934197243075
take-seq,64,1x,1,1,True,54481,0.0199367,365.9385840935372
take-seq,64,1x,1,2,False,54481,0.0199973,367.0508984783686
take-seq,64,1x,1,3,False,54481,0.0199655,366.4672087516749
take-seq,64,1x,1,4,False,54481,0.0199845,366.81595418586295
take-seq,64,2-stackful,1,0,True,54481,0.11791855899999999,2164.397845120317
take-seq,64,2-stackful,1,1,True,54481,0.11783358299999999,2162.838108698445
take-seq,64,2-stackful,1,2,False,54481,0.11802089600000001,2166.276243093923
take-seq,64,2-stackful,1,3,False,54481,0.11783200899999996,2162.8092178924753
take-seq,64,2-stackful,1,4,False,54481,0.11789113199999995,2163.8944219085542
take-seq,64,2-stackless,1,0,True,54481,0.125272297,2299.375874157963
take-seq,64,2-stackless,1,1,True,54481,0.12549153300000002,2303.3999559479453
take-seq,64,2-stackless,1,2,False,54481,0.12520068899999998,2298.0615076815766
take-seq,64,2-stackless,1,3,False,54481,0.125503882,2303.626622125145
take-seq,64,2-stackless,1,4,False,54481,0.12577192400000003,2308.5465391604416
take-seq,64,2-stackful,2,0,True,54481,0.11796556799999999,2165.260696389567
take-seq,64,2-stackful,2,1,True,54481,0.11803869900000001,2166.603017565757
take-seq,64,2-stackful,2,2,False,54481,0.11945159100000002,2192.5366825131705
take-seq,64,2-stackful,2,3,False,54481,0.119721994,2197.49993575742
take-seq,64,2-stackful,2,4,False,54481,0.11962768899999998,2195.7689653273615
take-seq,64,2-stackless,2,0,True,54481,0.126889652,2329.062462142765
take-seq,64,2-stackless,2,1,True,54481,0.126543341,2322.7059158238653
take-seq,64,2-stackless,2,2,False,54481,0.127331354,2337.1699124465413
take-seq,64,2-stackless,2,3,False,54481,0.12733428600000002,2337.2237293735434
take-seq,64,2-stackless,2,4,False,54481,0.12859700200000002,2360.4009104091338
take-seq,64,1x,2,0,True,54481,0.0202691,372.03979368954316
take-seq,64,1x,2,1,True,54481,0.0201432,369.7288963124759
take-seq,64,1x,2,2,False,54481,0.0201673,370.1712523632092
take-seq,64,1x,2,3,False,54481,0.0201399,369.6683247370643
take-seq,64,1x,2,4,False,54481,0.0201431,369.7270608101907
add-int,8,2-stackful,0,0,True,1329744,0.234347411,176.23498282376156
add-int,8,2-stackful,0,1,True,1329744,0.23310494800000003,175.30062026976623
add-int,8,2-stackful,0,2,False,1329744,0.232811514,175.07995072735804
add-int,8,2-stackful,0,3,False,1329744,0.23238944700000008,174.7625460238964
add-int,8,2-stackful,0,4,False,1329744,0.23299027100000003,175.21438036193436
add-int,8,2-stackless,0,0,True,1329744,0.22975396099999998,172.78059611474086
add-int,8,2-stackless,0,1,True,1329744,0.229254459,172.40495839800744
add-int,8,2-stackless,0,2,False,1329744,0.229085088,172.27758726491714
add-int,8,2-stackless,0,3,False,1329744,0.231244361,173.90141335475099
add-int,8,2-stackless,0,4,False,1329744,0.22972602099999995,172.7595845516129
add-int,8,1x,0,0,True,1329744,0.0200423,15.07229963060559
add-int,8,1x,0,1,True,1329744,0.019971,15.018680287333503
add-int,8,1x,0,2,False,1329744,0.0196819,14.801270018890854
add-int,8,1x,0,3,False,1329744,0.0196454,14.773821126472464
add-int,8,1x,0,4,False,1329744,0.0198474,14.925730065335884
add-int,8,2-stackless,1,0,True,1329744,0.22895443299999998,172.17933151042604
add-int,8,2-stackless,1,1,True,1329744,0.22929143600000002,172.4327660060884
add-int,8,2-stackless,1,2,False,1329744,0.229260546,172.40953597083347
add-int,8,2-stackless,1,3,False,1329744,0.231270333,173.9209449337617
add-int,8,2-stackless,1,4,False,1329744,0.23116608299999997,173.84254638486803
add-int,8,1x,1,0,True,1329744,0.019986,15.029960654080785
add-int,8,1x,1,1,True,1329744,0.0198146,14.901063663381825
add-int,8,1x,1,2,False,1329744,0.0199774,15.023493243812343
add-int,8,1x,1,3,False,1329744,0.0199856,15.029659844300857
add-int,8,1x,1,4,False,1329744,0.0200223,15.057259141609212
add-int,8,2-stackful,1,0,True,1329744,0.235204092,176.87922788145687
add-int,8,2-stackful,1,1,True,1329744,0.23528379500000002,176.93916648618082
add-int,8,2-stackful,1,2,False,1329744,0.23327751799999996,175.43039712907145
add-int,8,2-stackful,1,3,False,1329744,0.233712307,175.75736908758378
add-int,8,2-stackful,1,4,False,1329744,0.23395767999999995,175.94189558290915
add-int,8,2-stackless,2,0,True,1329744,0.231676382,174.2263037095862
add-int,8,2-stackless,2,1,True,1329744,0.23090864,173.64894295443332
add-int,8,2-stackless,2,2,False,1329744,0.23212985399999997,174.56732574089446
add-int,8,2-stackless,2,3,False,1329744,0.2320871189999999,174.5351879760314
add-int,8,2-stackless,2,4,False,1329744,0.23178733699999998,174.30974458241585
add-int,8,2-stackful,2,0,True,1329744,0.244205269,183.64833306260454
add-int,8,2-stackful,2,1,True,1329744,0.243284715,182.95605394722594
add-int,8,2-stackful,2,2,False,1329744,0.24597912100000002,184.98231313696473
add-int,8,2-stackful,2,3,False,1329744,0.24504566699999997,184.28033290618342
add-int,8,2-stackful,2,4,False,1329744,0.24361183899999994,183.20205919334845
add-int,8,1x,2,0,True,1329744,0.0200589,15.084783236472584
add-int,8,1x,2,1,True,1329744,0.0199173,14.978296574378227
add-int,8,1x,2,2,False,1329744,0.0196648,14.78841040079895
add-int,8,1x,2,3,False,1329744,0.0197338,14.840300087836455
add-int,8,1x,2,4,False,1329744,0.0196812,14.80074360177598
get-seq,8,2-stackless,0,0,True,226174,0.048428157,214.11902782813232
get-seq,8,2-stackless,0,1,True,226174,0.048029334,212.35568190861903
get-seq,8,2-stackless,0,2,False,226174,0.04795114,212.0099569358105
get-seq,8,2-stackless,0,3,False,226174,0.048258788999999996,213.37018843898946
get-seq,8,2-stackless,0,4,False,226174,0.047956259,212.03258995286814
get-seq,8,1x,0,0,True,226174,0.0193718,85.64998629373845
get-seq,8,1x,0,1,True,226174,0.018742,82.86540451157073
get-seq,8,1x,0,2,False,226174,0.0191176,84.52607284656945
get-seq,8,1x,0,3,False,226174,0.0189061,83.59095209882656
get-seq,8,1x,0,4,False,226174,0.0188367,83.28410869507547
get-seq,8,2-stackful,0,0,True,226174,0.048653217,215.1141024167234
get-seq,8,2-stackful,0,1,True,226174,0.048605608,214.90360518892535
get-seq,8,2-stackful,0,2,False,226174,0.048538361,214.60628100489004
get-seq,8,2-stackful,0,3,False,226174,0.04850049199999998,214.43884796660967
get-seq,8,2-stackful,0,4,False,226174,0.04852440800000002,214.54458956378727
get-seq,8,2-stackful,1,0,True,226174,0.048667963,215.1793000079585
get-seq,8,2-stackful,1,1,True,226174,0.048469467,214.30167481673402
get-seq,8,2-stackful,1,2,False,226174,0.04850535600000001,214.46035353312058
get-seq,8,2-stackful,1,3,False,226174,0.04844770499999998,214.20545686064702
get-seq,8,2-stackful,1,4,False,226174,0.048522126,214.53449998673588
get-seq,8,1x,1,0,True,226174,0.0192391,85.06326987186856
get-seq,8,1x,1,1,True,226174,0.0186887,82.62974524039014
get-seq,8,1x,1,2,False,226174,0.0187793,83.03032178765022
get-seq,8,1x,1,3,False,226174,0.0190163,84.0781875900855
get-seq,8,1x,1,4,False,226174,0.019421,85.86751792867439
get-seq,8,2-stackless,1,0,True,226174,0.051885475,229.40512614182
get-seq,8,2-stackless,1,1,True,226174,0.052008862999999995,229.95067072254102
get-seq,8,2-stackless,1,2,False,226174,0.052380404000000005,231.59339269765758
get-seq,8,2-stackless,1,3,False,226174,0.05193115400000001,229.60709011645903
get-seq,8,2-stackless,1,4,False,226174,0.05203566999999998,230.0691945139582
get-seq,8,2-stackful,2,0,True,226174,0.048520161,214.52581198546252
get-seq,8,2-stackful,2,1,True,226174,0.048464687,214.28054064569756
get-seq,8,2-stackful,2,2,False,226174,0.049097166,217.07696729067
get-seq,8,2-stackful,2,3,False,226174,0.048623847,214.9842466419659
get-seq,8,2-stackful,2,4,False,226174,0.04850981900000001,214.48008612837907
get-seq,8,1x,2,0,True,226174,0.0191743,84.77676479170904
get-seq,8,1x,2,1,True,226174,0.0193139,85.39398869896628
get-seq,8,1x,2,2,False,226174,0.0191361,84.60786827840512
get-seq,8,1x,2,3,False,226174,0.01928,85.24410409684579
get-seq,8,1x,2,4,False,226174,0.0193759,85.66811392998311
get-seq,8,2-stackless,2,0,True,226174,0.047711234000000005,210.94924261851497
get-seq,8,2-stackless,2,1,True,226174,0.047567736000000006,210.31478419270124
get-seq,8,2-stackless,2,2,False,226174,0.04748129200000001,209.93258287866868
get-seq,8,2-stackless,2,3,False,226174,0.047513800999999994,210.07631734858998
get-seq,8,2-stackless,2,4,False,226174,0.04769748699999998,210.88846198059895
update-int,64,2-stackful,0,0,True,245598,0.24607015299999999,1001.9224627236379
update-int,64,2-stackful,0,1,True,245598,0.24720895299999998,1006.559308300556
update-int,64,2-stackful,0,2,False,245598,0.245520509,999.6844803296444
update-int,64,2-stackful,0,3,False,245598,0.245391032,999.1572895544753
update-int,64,2-stackful,0,4,False,245598,0.24568759900000003,1000.3648197460892
update-int,64,1x,0,0,True,245598,0.0203313,82.7828402511421
update-int,64,1x,0,1,True,245598,0.0204718,83.35491331362633
update-int,64,1x,0,2,False,245598,0.0206811,84.20711895048005
update-int,64,1x,0,3,False,245598,0.0207364,84.43228365051833
update-int,64,1x,0,4,False,245598,0.0205925,83.84636682709143
update-int,64,2-stackless,0,0,True,245598,0.246250275,1002.655864461437
update-int,64,2-stackless,0,1,True,245598,0.24712964399999998,1006.2363862897905
update-int,64,2-stackless,0,2,False,245598,0.24788453700000002,1009.3100798866442
update-int,64,2-stackless,0,3,False,245598,0.24490250599999996,997.1681609785095
update-int,64,2-stackless,0,4,False,245598,0.24577484700000007,1000.7200669386561
update-int,64,1x,1,0,True,245598,0.0201641,82.10205294831391
update-int,64,1x,1,1,True,245598,0.0204047,83.08170261972818
update-int,64,1x,1,2,False,245598,0.0204127,83.11427617488742
update-int,64,1x,1,3,False,245598,0.020022,81.52346517479783
update-int,64,1x,1,4,False,245598,0.0206144,83.93553693433985
update-int,64,2-stackless,1,0,True,245598,0.24229337499999998,986.5445769102353
update-int,64,2-stackless,1,1,True,245598,0.242917908,989.0874844257689
update-int,64,2-stackless,1,2,False,245598,0.24158524699999995,983.6612961017595
update-int,64,2-stackless,1,3,False,245598,0.2415225099999999,983.4058502105063
update-int,64,2-stackless,1,4,False,245598,0.24263315100000005,987.9280409449591
update-int,64,2-stackful,1,0,True,245598,0.246507789,1003.7043827718467
update-int,64,2-stackful,1,1,True,245598,0.245538867,999.7592284953461
update-int,64,2-stackful,1,2,False,245598,0.24699370399999998,1005.6828801537471
update-int,64,2-stackful,1,3,False,245598,0.24682162600000002,1004.9822311256607
update-int,64,2-stackful,1,4,False,245598,0.2460385960000001,1001.7939722636182
update-int,64,1x,2,0,True,245598,0.0199046,81.04544825283594
update-int,64,1x,2,1,True,245598,0.0203033,82.66883280808476
update-int,64,1x,2,2,False,245598,0.0203001,82.65580338602106
update-int,64,1x,2,3,False,245598,0.0203149,82.71606446306566
update-int,64,1x,2,4,False,245598,0.0204683,83.34066238324417
update-int,64,2-stackless,2,0,True,245598,0.24862767,1012.3358903574133
update-int,64,2-stackless,2,1,True,245598,0.247601122,1008.1561006197119
update-int,64,2-stackless,2,2,False,245598,0.247152011,1006.3274578783215
update-int,64,2-stackless,2,3,False,245598,0.24699976,1005.7075383350027
update-int,64,2-stackless,2,4,False,245598,0.24695885400000006,1005.540981604085
update-int,64,2-stackful,2,0,True,245598,0.245667198,1000.2817531087387
update-int,64,2-stackful,2,1,True,245598,0.24555715200000003,999.833679427357
update-int,64,2-stackful,2,2,False,245598,0.24776474099999996,1008.8223071849117
update-int,64,2-stackful,2,3,False,245598,0.24517788100000004,998.2894038225069
update-int,64,2-stackful,2,4,False,245598,0.24564791499999994,1000.2032386257215
get-int,256,2-stackless,0,0,True,76467,0.25444339,3327.4927746609646
get-int,256,2-stackless,0,1,True,76467,0.25429783499999997,3325.589273804386
get-int,256,2-stackless,0,2,False,76467,0.25576135200000005,3344.7284711051834
get-int,256,2-stackless,0,3,False,76467,0.25509326899999996,3335.9915911438916
get-int,256,2-stackless,0,4,False,76467,0.25513748199999986,3336.5697882746786
get-int,256,2-stackful,0,0,True,76467,0.24821765399999998,3246.0754835419198
get-int,256,2-stackful,0,1,True,76467,0.24832810399999997,3247.5198974721116
get-int,256,2-stackful,0,2,False,76467,0.24817664699999997,3245.53921299384
get-int,256,2-stackful,0,3,False,76467,0.248246399,3246.451397334798
get-int,256,2-stackful,0,4,False,76467,0.24929696099999987,3260.190160461374
get-int,256,1x,0,0,True,76467,0.00974686,127.46491950776152
get-int,256,1x,0,1,True,76467,0.00971227,127.01256751278329
get-int,256,1x,0,2,False,76467,0.009642,126.09360900780729
get-int,256,1x,0,3,False,76467,0.00972314,127.15472033687735
get-int,256,1x,0,4,False,76467,0.0097004,126.85733715197405
get-int,256,1x,1,0,True,76467,0.00959125,125.42992401951169
get-int,256,1x,1,1,True,76467,0.00966787,126.4319248826291
get-int,256,1x,1,2,False,76467,0.00974629,127.45746531183386
get-int,256,1x,1,3,False,76467,0.00971527,127.05180012292884
get-int,256,1x,1,4,False,76467,0.00974906,127.49369008853492
get-int,256,2-stackful,1,0,True,76467,0.25131453,3286.574993134293
get-int,256,2-stackful,1,1,True,76467,0.2515320300000001,3289.4193573698467
get-int,256,2-stackful,1,2,False,76467,0.24944229799999995,3262.0908104149494
get-int,256,2-stackful,1,3,False,76467,0.24923256300000007,3259.3479932519917
get-int,256,2-stackful,1,4,False,76467,0.24948219699999985,3262.6125910523474
get-int,256,2-stackless,1,0,True,76467,0.256136643,3349.636352936561
get-int,256,2-stackless,1,1,True,76467,0.255460477,3340.793767246002
get-int,256,2-stackless,1,2,False,76467,0.25551451699999994,3341.5004773300893
get-int,256,2-stackless,1,3,False,76467,0.25507255799999995,3335.7207422809834
get-int,256,2-stackless,1,4,False,76467,0.25564714700000013,3343.2349510246268
get-int,256,1x,2,0,True,76467,0.00964164,126.08890109458983
get-int,256,1x,2,1,True,76467,0.0095896,125.40834608393163
get-int,256,1x,2,2,False,76467,0.0096663,126.41139314998627
get-int,256,1x,2,3,False,76467,0.00959491,125.47778780388926
get-int,256,1x,2,4,False,76467,0.00959737,125.50995854420862
get-int,256,2-stackful,2,0,True,76467,0.249207404,3259.0189755057736
get-int,256,2-stackful,2,1,True,76467,0.248522092,3250.0567826644174
get-int,256,2-stackful,2,2,False,76467,0.24967909600000004,3265.1875449540335
get-int,256,2-stackful,2,3,False,76467,0.24888105800000004,3254.7511737089208
get-int,256,2-stackful,2,4,False,76467,0.24876918199999987,3253.2881112113705
get-int,256,2-stackless,2,0,True,76467,0.252035108,3295.9983783854473
get-int,256,2-stackless,2,1,True,76467,0.25171440000000006,3291.8043077405946
get-int,256,2-stackless,2,2,False,76467,0.25192028,3294.496710999516
get-int,256,2-stackless,2,3,False,76467,0.251859042,3293.6958688061513
get-int,256,2-stackless,2,4,False,76467,0.2518134380000001,3293.099480821794
add-float4,8,1x,0,0,True,1214335,0.0180525,14.866161314628995
add-float4,8,1x,0,1,True,1214335,0.017972,14.799869887633973
add-float4,8,1x,0,2,False,1214335,0.0179879,14.812963473835474
add-float4,8,1x,0,3,False,1214335,0.0179482,14.780270683131096
add-float4,8,1x,0,4,False,1214335,0.0179632,14.792623122943834
add-float4,8,2-stackless,0,0,True,1214335,0.243803247,200.7709956478237
add-float4,8,2-stackless,0,1,True,1214335,0.24347025,200.49677395446892
add-float4,8,2-stackless,0,2,False,1214335,0.24339520999999997,200.4349788155657
add-float4,8,2-stackless,0,3,False,1214335,0.24366504700000002,200.65718850234904
add-float4,8,2-stackless,0,4,False,1214335,0.24365460000000005,200.6485854397675
add-float4,8,2-stackful,0,0,True,1214335,0.24875256799999998,204.84674163225137
add-float4,8,2-stackful,0,1,True,1214335,0.248585729,204.70935038519025
add-float4,8,2-stackful,0,2,False,1214335,0.24869793399999995,204.80175075246942
add-float4,8,2-stackful,0,3,False,1214335,0.24854886999999992,204.67899714658634
add-float4,8,2-stackful,0,4,False,1214335,0.24893298800000008,204.99531677831908
add-float4,8,2-stackful,1,0,True,1214335,0.248745613,204.84101421765823
add-float4,8,2-stackful,1,1,True,1214335,0.24922323799999999,205.23433648869545
add-float4,8,2-stackful,1,2,False,1214335,0.24912130200000004,205.15039260171207
add-float4,8,2-stackful,1,3,False,1214335,0.24911793100000001,205.14761659673815
add-float4,8,2-stackful,1,4,False,1214335,0.24903368299999984,205.07823870678178
add-float4,8,1x,1,0,True,1214335,0.0179455,14.778047243964803
add-float4,8,1x,1,1,True,1214335,0.0179348,14.769235836898385
add-float4,8,1x,1,2,False,1214335,0.0179727,14.800446334825233
add-float4,8,1x,1,3,False,1214335,0.0179208,14.757706893073163
add-float4,8,1x,1,4,False,1214335,0.0179882,14.813210522631728
add-float4,8,2-stackless,1,0,True,1214335,0.25338314900000003,208.66000650561833
add-float4,8,2-stackless,1,1,True,1214335,0.25234268299999996,207.80318692947165
add-float4,8,2-stackless,1,2,False,1214335,0.252473147,207.91062350998695
add-float4,8,2-stackless,1,3,False,1214335,0.252551053,207.97477878839038
add-float4,8,2-stackless,1,4,False,1214335,0.25348312399999995,208.74233551697014
add-float4,8,1x,2,0,True,1214335,0.0179392,14.772859219243454
add-float4,8,1x,2,1,True,1214335,0.0178838,14.727237541535079
add-float4,8,1x,2,2,False,1214335,0.0179103,14.749060185204248
add-float4,8,1x,2,3,False,1214335,0.017926,14.761989072208246
add-float4,8,1x,2,4,False,1214335,0.018071,14.881395990398037
add-float4,8,2-stackful,2,0,True,1214335,0.248560057,204.68820959619873
add-float4,8,2-stackful,2,1,True,1214335,0.24843853,204.5881325993239
add-float4,8,2-stackful,2,2,False,1214335,0.24855364299999994,204.68292769293475
add-float4,8,2-stackful,2,3,False,1214335,0.24915369599999992,205.17706893073156
add-float4,8,2-stackful,2,4,False,1214335,0.248743131,204.8389703006172
add-float4,8,2-stackless,2,0,True,1214335,0.245058883,201.8050068556041
add-float4,8,2-stackless,2,1,True,1214335,0.245017582,201.7709956478237
add-float4,8,2-stackless,2,2,False,1214335,0.24558286899999998,202.23650722411853
add-float4,8,2-stackless,2,3,False,1214335,0.24486244599999996,201.64324177430444
add-float4,8,2-stackless,2,4,False,1214335,0.24492198500000006,201.6922719019052
add-float,64,1x,0,0,True,235918,0.0173024,73.34073703574971
add-float,64,1x,0,1,True,235918,0.0172678,73.19407590773065
add-float,64,1x,0,2,False,235918,0.0172628,73.17288210310362
add-float,64,1x,0,3,False,235918,0.0172707,73.20636831441433
add-float,64,1x,0,4,False,235918,0.0172491,73.11481107842556
add-float,64,2-stackful,0,0,True,235918,0.247349083,1048.4536279554761
add-float,64,2-stackful,0,1,True,235918,0.247411632,1048.7187582125994
add-float,64,2-stackful,0,2,False,235918,0.24727352400000002,1048.1333514187133
add-float,64,2-stackful,0,3,False,235918,0.247366592,1048.527844420519
add-float,64,2-stackful,0,4,False,235918,0.24731532700000003,1048.3105443416782
add-float,64,2-stackless,0,0,True,235918,0.24902876799999998,1055.573411100467
add-float,64,2-stackless,0,1,True,235918,0.249046764,1055.6496918420808
add-float,64,2-stackless,0,2,False,235918,0.24908445599999995,1055.8094592188809
add-float,64,2-stackless,0,3,False,235918,0.249136115,1056.0284293695267
add-float,64,2-stackless,0,4,False,235918,0.24908992099999994,1055.8326240473382
add-float,64,1x,1,0,True,235918,0.0172903,73.2894480285523
add-float,64,1x,1,1,True,235918,0.0172489,73.11396332624048
add-float,64,1x,1,2,False,235918,0.0171979,72.89778651904476
add-float,64,1x,1,3,False,235918,0.0172837,73.26147220644461
add-float,64,1x,1,4,False,235918,0.0172469,73.10548580438966
add-float,64,2-stackless,1,0,True,235918,0.248460813,1053.165985639078
add-float,64,2-stackless,1,1,True,235918,0.24836578,1052.7631634720537
add-float,64,2-stackless,1,2,False,235918,0.24838217,1052.8326367636212
add-float,64,2-stackless,1,3,False,235918,0.24839353599999991,1052.880814520299
add-float,64,2-stackless,1,4,False,235918,0.24827117999999992,1052.36217668851
add-float,64,2-stackful,1,0,True,235918,0.24724560799999998,1048.0150221687195
add-float,64,2-stackful,1,1,True,235918,0.24712491100000003,1047.503416441306
add-float,64,2-stackful,1,2,False,235918,0.247274573,1048.137797878924
add-float,64,2-stackful,1,3,False,235918,0.247233924,1047.9654964860672
add-float,64,2-stackful,1,4,False,235918,0.2482524960000001,1052.2829796793806
add-float,64,2-stackful,2,0,True,235918,0.24744135099999998,1048.8447299485413
add-float,64,2-stackful,2,1,True,235918,0.247321493,1048.3366805415442
add-float,64,2-stackful,2,2,False,235918,0.24758017099999996,1049.4331547402062
add-float,64,2-stackful,2,3,False,235918,0.247406436,1048.696733610831
add-float,64,2-stackful,2,4,False,235918,0.24730761199999995,1048.2778423011382
add-float,64,1x,2,0,True,235918,0.0173214,73.42127349333244
add-float,64,1x,2,1,True,235918,0.017256,73.14405852881086
add-float,64,1x,2,2,False,235918,0.0173924,73.72222551903627
add-float,64,1x,2,3,False,235918,0.0172613,73.16652396171551
add-float,64,1x,2,4,False,235918,0.0172274,73.02282996634423
add-float,64,2-stackless,2,0,True,235918,0.249594491,1057.9713756474707
add-float,64,2-stackless,2,1,True,235918,0.249097164,1055.8633253927212
add-float,64,2-stackless,2,2,False,235918,0.24910801700000001,1055.9093286650448
add-float,64,2-stackless,2,3,False,235918,0.24914919700000004,1056.083880839953
add-float,64,2-stackless,2,4,False,235918,0.2491465920000001,1056.0728388677426
const-int,256,2-stackless,0,0,True,102142,0.24971292,2444.7623896144582
const-int,256,2-stackless,0,1,True,102142,0.24979181800000003,2445.534824068454
const-int,256,2-stackless,0,2,False,102142,0.24971797,2444.8118305887883
const-int,256,2-stackless,0,3,False,102142,0.24977426599999997,2445.3629848642086
const-int,256,2-stackless,0,4,False,102142,0.24991225400000006,2446.7139276693238
const-int,256,2-stackful,0,0,True,102142,0.24998526,2447.4286777231696
const-int,256,2-stackful,0,1,True,102142,0.25001739900000003,2447.7433279160387
const-int,256,2-stackful,0,2,False,102142,0.24996865999999995,2447.266158876857
const-int,256,2-stackful,0,3,False,102142,0.24986313999999998,2446.233087270662
const-int,256,2-stackful,0,4,False,102142,0.24996493500000005,2447.2296900393576
const-int,256,1x,0,0,True,102142,0.0125879,123.23921599342093
const-int,256,1x,0,1,True,102142,0.012516,122.53529400246715
const-int,256,1x,0,2,False,102142,0.0125157,122.5323569148832
const-int,256,1x,0,3,False,102142,0.0125423,122.79277868066026
const-int,256,1x,0,4,False,102142,0.0125078,122.45501360850581
const-int,256,2-stackless,1,0,True,102142,0.24970204599999998,2444.655929979832
const-int,256,2-stackless,1,1,True,102142,0.24963179,2443.968103228838
const-int,256,2-stackless,1,2,False,102142,0.24968997400000004,2444.537741575454
const-int,256,2-stackless,1,3,False,102142,0.25018640999999997,2449.397994948209
const-int,256,2-stackless,1,4,False,102142,0.2497532079999999,2445.156820896398
const-int,256,1x,1,0,True,102142,0.0126224,123.57698106557538
const-int,256,1x,1,1,True,102142,0.012735,124.67936793875194
const-int,256,1x,1,2,False,102142,0.0127136,124.46985569109671
const-int,256,1x,1,3,False,102142,0.0127577,124.90160756593761
const-int,256,1x,1,4,False,102142,0.0125224,122.59795187092479
const-int,256,2-stackful,1,0,True,102142,0.249969309,2447.272512776331
const-int,256,2-stackful,1,1,True,102142,0.250020987,2447.778455483542
const-int,256,2-stackful,1,2,False,102142,0.24994895899999992,2447.073280335219
const-int,256,2-stackful,1,3,False,102142,0.249905614,2446.648920130798
const-int,256,2-stackful,1,4,False,102142,0.24985551099999992,2446.1583971334016
const-int,256,2-stackful,2,0,True,102142,0.25001867600000005,2447.7558301188546
const-int,256,2-stackful,2,1,True,102142,0.24982678200000002,2445.877131836072
const-int,256,2-stackful,2,2,False,102142,0.24981178700000006,2445.730326408334
const-int,256,2-stackful,2,3,False,102142,0.24982887200000004,2445.89759354624
const-int,256,2-stackful,2,4,False,102142,0.249917818,2446.7684008537135
const-int,256,2-stackless,2,0,True,102142,0.24967827,2444.423155998512
const-int,256,2-stackless,2,1,True,102142,0.249765733,2445.2794443030293
const-int,256,2-stackless,2,2,False,102142,0.24974645200000006,2445.0906776840093
const-int,256,2-stackless,2,3,False,102142,0.249839402,2446.0006853204363
const-int,256,2-stackless,2,4,False,102142,0.2498261690000001,2445.871130387109
const-int,256,1x,2,0,True,102142,0.0125349,122.72033052025611
const-int,256,1x,2,1,True,102142,0.0125642,123.00718607428874
const-int,256,1x,2,2,False,102142,0.0125219,122.59305672495154
const-int,256,1x,2,3,False,102142,0.0125225,122.59893090011944
const-int,256,1x,2,4,False,102142,0.0125402,122.77221906757259
update-seq,8,2-stackless,0,0,True,117009,0.033179019000000004,283.5595467015358
update-seq,8,2-stackless,0,1,True,117009,0.033117278,283.0318864360861
update-seq,8,2-stackless,0,2,False,117009,0.033067532999999996,282.60674819885645
update-seq,8,2-stackless,0,3,False,117009,0.03318578899999999,283.61740549872223
update-seq,8,2-stackless,0,4,False,117009,0.033134675,283.1805673067884
update-seq,8,1x,0,0,True,117009,0.0193911,165.72314950132042
update-seq,8,1x,0,1,True,117009,0.0192947,164.89928125186952
update-seq,8,1x,0,2,False,117009,0.0190364,162.69175875360014
update-seq,8,1x,0,3,False,117009,0.0192555,164.5642642873625
update-seq,8,1x,0,4,False,117009,0.0188315,160.94061140596023
update-seq,8,2-stackful,0,0,True,117009,0.032965649,281.73601175977916
update-seq,8,2-stackful,0,1,True,117009,0.032928917999999995,281.4220957362254
update-seq,8,2-stackful,0,2,False,117009,0.032967078,281.7482244955516
update-seq,8,2-stackful,0,3,False,117009,0.032923644,281.3770222803374
update-seq,8,2-stackful,0,4,False,117009,0.03295331799999998,281.6306267039286
update-seq,8,2-stackful,1,0,True,117009,0.032965853,281.7377552154108
update-seq,8,2-stackful,1,1,True,117009,0.032928502,281.4185404541531
update-seq,8,2-stackful,1,2,False,117009,0.032919173999999995,281.3388200907622
update-seq,8,2-stackful,1,3,False,117009,0.03295058000000001,281.60722679452016
update-seq,8,2-stackful,1,4,False,117009,0.03290694899999999,281.2343409481321
update-seq,8,1x,1,0,True,117009,0.019126,163.45751181533043
update-seq,8,1x,1,1,True,117009,0.0194738,166.42993274021657
update-seq,8,1x,1,2,False,117009,0.0193184,165.1018297737781
update-seq,8,1x,1,3,False,117009,0.0191297,163.48913331453136
update-seq,8,1x,1,4,False,117009,0.0192095,164.1711321351349
update-seq,8,2-stackless,1,0,True,117009,0.032844858000000005,280.70368945978515
update-seq,8,2-stackless,1,1,True,117009,0.032831690000000004,280.59115110803447
update-seq,8,2-stackless,1,2,False,117009,0.032771128999999996,280.07357553692447
update-seq,8,2-stackless,1,3,False,117009,0.03280460399999999,280.3596646411813
update-seq,8,2-stackless,1,4,False,117009,0.03284210800000001,280.6801869941629
update-seq,8,2-stackful,2,0,True,117009,0.032960775000000005,281.69435684434535
update-seq,8,2-stackful,2,1,True,117009,0.032940839000000006,281.52397678811036
update-seq,8,2-stackful,2,2,False,117009,0.032927919,281.4135579314412
update-seq,8,2-stackful,2,3,False,117009,0.032930044000000006,281.43171892760387
update-seq,8,2-stackful,2,4,False,117009,0.03292626900000001,281.39945645206785
update-seq,8,2-stackless,2,0,True,117009,0.032639018000000006,278.94450854207804
update-seq,8,2-stackless,2,1,True,117009,0.03262271199999999,278.80515174046434
update-seq,8,2-stackless,2,2,False,117009,0.032615595,278.74432735943384
update-seq,8,2-stackless,2,3,False,117009,0.032611447,278.70887709492433
update-seq,8,2-stackless,2,4,False,117009,0.032583340000000016,278.46866480356226
update-seq,8,1x,2,0,True,117009,0.0191863,163.97285678879402
update-seq,8,1x,2,1,True,117009,0.0190427,162.74560076575307
update-seq,8,1x,2,2,False,117009,0.0191875,163.98311241015648
update-seq,8,1x,2,3,False,117009,0.019061,162.90199899153058
update-seq,8,1x,2,4,False,117009,0.018964,162.07300293139843
take-table,64,2-stackless,0,0,True,82861,0.239927761,2895.545081522067
take-table,64,2-stackless,0,1,True,82861,0.23989191700000004,2895.112501659406
take-table,64,2-stackless,0,2,False,82861,0.24014377799999997,2898.152061886774
take-table,64,2-stackless,0,3,False,82861,0.239408414,2889.277392259326
take-table,64,2-stackless,0,4,False,82861,0.23941015300000001,2889.2983792133814
take-table,64,2-stackful,0,0,True,82861,0.230497567,2781.7376932453144
take-table,64,2-stackful,0,1,True,82861,0.23030225499999998,2779.380589179469
take-table,64,2-stackful,0,2,False,82861,0.232582263,2806.8966461906084
take-table,64,2-stackful,0,3,False,82861,0.23165872500000007,2795.7510167630135
take-table,64,2-stackful,0,4,False,82861,0.23011560899999994,2777.1280699001936
take-table,64,1x,0,0,True,82861,0.0155383,187.52247740191405
take-table,64,1x,0,1,True,82861,0.0154668,186.65958653648883
take-table,64,1x,0,2,False,82861,0.0154495,186.45080315226704
take-table,64,1x,0,3,False,82861,0.0155469,187.62626567383933
take-table,64,1x,0,4,False,82861,0.0155325,187.45248066038306
take-table,64,2-stackful,1,0,True,82861,0.230350469,2779.962455196051
take-table,64,2-stackful,1,1,True,82861,0.23024980200000003,2778.7475651995514
take-table,64,2-stackful,1,2,False,82861,0.23040120300000005,2780.5747335899887
take-table,64,2-stackful,1,3,False,82861,0.23024345899999998,2778.6710153148038
take-table,64,2-stackful,1,4,False,82861,0.23058659300000006,2782.8120949542013
take-table,64,1x,1,0,True,82861,0.0155864,188.10296762047284
take-table,64,1x,1,1,True,82861,0.0154598,186.57510771050312
take-table,64,1x,1,2,False,82861,0.015428,186.19133247245387
take-table,64,1x,1,3,False,82861,0.0154774,186.78751161583858
take-table,64,1x,1,4,False,82861,0.0154346,186.27098393695465
take-table,64,2-stackless,1,0,True,82861,0.239480683,2890.149563727206
take-table,64,2-stackless,1,1,True,82861,0.23954574900000003,2890.934806483147
take-table,64,2-stackless,1,2,False,82861,0.23930490499999996,2888.028203859475
take-table,64,2-stackless,1,3,False,82861,0.2395165760000001,2890.5827349416504
take-table,64,2-stackless,1,4,False,82861,0.23933270799999995,2888.3637416878864
take-table,64,2-stackful,2,0,True,82861,0.230222496,2778.4180253677846
take-table,64,2-stackful,2,1,True,82861,0.23018861,2778.0090754395915
take-table,64,2-stackful,2,2,False,82861,0.23030467300000007,2779.409770579646
take-table,64,2-stackful,2,3,False,82861,0.23021637500000003,2778.344154668662
take-table,64,2-stackful,2,4,False,82861,0.23018282599999995,2777.9392717925193
take-table,64,2-stackless,2,0,True,82861,0.238938621,2883.607740674141
take-table,64,2-stackless,2,1,True,82861,0.23859215000000003,2879.4263887715574
take-table,64,2-stackless,2,2,False,82861,0.23836396600000004,2876.6725721388834
take-table,64,2-stackless,2,3,False,82861,0.23865273899999995,2880.1576012840774
take-table,64,2-stackless,2,4,False,82861,0.23872571999999992,2881.0383654554003
take-table,64,1x,2,0,True,82861,0.0175087,211.30206007651367
take-table,64,1x,2,1,True,82861,0.0154648,186.63544972906433
take-table,64,1x,2,2,False,82861,0.0154488,186.44235526966847
take-table,64,1x,2,3,False,82861,0.015455,186.51717937268438
take-table,64,1x,2,4,False,82861,0.0156835,189.27480962093145
take-seq,256,2-stackful,0,0,True,12766,0.10862833,8509.190819363936
take-seq,256,2-stackful,0,1,True,12766,0.10869309999999999,8514.264452451824
take-seq,256,2-stackful,0,2,False,12766,0.108569948,8504.617577941406
take-seq,256,2-stackful,0,3,False,12766,0.108538103,8502.123061256463
take-seq,256,2-stackful,0,4,False,12766,0.10851332500000005,8500.182124392923
take-seq,256,1x,0,0,True,12766,0.0197727,1548.8563371455427
take-seq,256,1x,0,1,True,12766,0.019677,1541.3598621337928
take-seq,256,1x,0,2,False,12766,0.0196428,1538.680871063763
take-seq,256,1x,0,3,False,12766,0.0196616,1540.1535328215573
take-seq,256,1x,0,4,False,12766,0.0196781,1541.4460285132384
take-seq,256,2-stackless,0,0,True,12766,0.11640788299999999,9118.587106376312
take-seq,256,2-stackless,0,1,True,12766,0.11639127199999999,9117.285915713614
take-seq,256,2-stackless,0,2,False,12766,0.11632746099999997,9112.287404041985
take-seq,256,2-stackless,0,3,False,12766,0.11630722499999996,9110.702255992477
take-seq,256,2-stackless,0,4,False,12766,0.11636011700000004,9114.845448848508
take-seq,256,2-stackful,1,0,True,12766,0.1086278,8509.149302835658
take-seq,256,2-stackful,1,1,True,12766,0.10856998500000001,8504.62047626508
take-seq,256,2-stackful,1,2,False,12766,0.10849612400000003,8498.83471721761
take-seq,256,2-stackful,1,3,False,12766,0.108470277,8496.81004229986
take-seq,256,2-stackful,1,4,False,12766,0.10903248100000001,8540.849208835973
take-seq,256,1x,1,0,True,12766,0.0201312,1576.9387435375215
take-seq,256,1x,1,1,True,12766,0.0201461,1578.1059063136456
take-seq,256,1x,1,2,False,12766,0.0198086,1551.668494438352
take-seq,256,1x,1,3,False,12766,0.0197296,1545.4801817327275
take-seq,256,1x,1,4,False,12766,0.0197216,1544.853517154943
take-seq,256,2-stackless,1,0,True,12766,0.116718854,9142.9464201786
take-seq,256,2-stackless,1,1,True,12766,0.11666917299999999,9139.054754817484
take-seq,256,2-stackless,1,2,False,12766,0.11677974299999999,9147.71604261319
take-seq,256,2-stackless,1,3,False,12766,0.116665666,9138.780040733198
take-seq,256,2-stackless,1,4,False,12766,0.11690852299999999,9157.80377565408
take-seq,256,2-stackful,2,0,True,12766,0.10863383,8509.621651261163
take-seq,256,2-stackful,2,1,True,12766,0.108632785,8509.539793200689
take-seq,256,2-stackful,2,2,False,12766,0.10857692399999999,8505.164029453234
take-seq,256,2-stackful,2,3,False,12766,0.108616408,8508.256932476892
take-seq,256,2-stackful,2,4,False,12766,0.10865560499999999,8511.327353908819
take-seq,256,2-stackless,2,0,True,12766,0.116875145,9155.18917436942
take-seq,256,2-stackless,2,1,True,12766,0.116742195,9144.774792417358
take-seq,256,2-stackless,2,2,False,12766,0.11671525599999999,9142.664577784739
take-seq,256,2-stackless,2,3,False,12766,0.11752294199999996,9205.93310355632
take-seq,256,2-stackless,2,4,False,12766,0.11679870999999997,9149.201785994044
take-seq,256,1x,2,0,True,12766,0.0197433,1546.5533448221838
take-seq,256,1x,2,1,True,12766,0.0197085,1543.8273539088202
take-seq,256,1x,2,2,False,12766,0.0196799,1541.5870280432398
take-seq,256,1x,2,3,False,12766,0.0196841,1541.916026946577
take-seq,256,1x,2,4,False,12766,0.0196995,1543.1223562588125
update-table,0,2-stackless,0,0,True,294380,0.020272068999999997,68.8636082614308
update-table,0,2-stackless,0,1,True,294380,0.020247027999999997,68.77854473809361
update-table,0,2-stackless,0,2,False,294380,0.020108403000000004,68.30763978531151
update-table,0,2-stackless,0,3,False,294380,0.020131578999999997,68.38636795977986
update-table,0,2-stackless,0,4,False,294380,0.020161274000000007,68.48724098104493
update-table,0,1x,0,0,True,294380,0.0204904,69.60527209728922
update-table,0,1x,0,1,True,294380,0.0207393,70.45077790610775
update-table,0,1x,0,2,False,294380,0.0205442,69.78802907806237
update-table,0,1x,0,3,False,294380,0.0209236,71.07683945920239
update-table,0,1x,0,4,False,294380,0.0208161,70.71166519464637
update-table,0,2-stackful,0,0,True,294380,0.020948471,71.1613254976561
update-table,0,2-stackful,0,1,True,294380,0.020939234,71.1299476866635
update-table,0,2-stackful,0,2,False,294380,0.020932423999999998,71.1068143216251
update-table,0,2-stackful,0,3,False,294380,0.02088738100000001,70.95380460629123
update-table,0,2-stackful,0,4,False,294380,0.020908982999999992,71.02718595013246
update-table,0,2-stackless,1,0,True,294380,0.020771207,70.55916502479788
update-table,0,2-stackless,1,1,True,294380,0.020765183,70.53870167810314
update-table,0,2-stackless,1,2,False,294380,0.020798000999999997,70.65018343637475
update-table,0,2-stackless,1,3,False,294380,0.020760318,70.52217541952578
update-table,0,2-stackless,1,4,False,294380,0.020694660000000004,70.2991371696447
update-table,0,1x,1,0,True,294380,0.0208507,70.82920035328488
update-table,0,1x,1,1,True,294380,0.0210428,71.48175827162171
update-table,0,1x,1,2,False,294380,0.0204085,69.32706026224608
update-table,0,1x,1,3,False,294380,0.0207177,70.37740335620626
update-table,0,1x,1,4,False,294380,0.0205453,69.7917657449555
update-table,0,2-stackful,1,0,True,294380,0.020929191,71.0958319179292
update-table,0,2-stackful,1,1,True,294380,0.020967244,71.22509681364222
update-table,0,2-stackful,1,2,False,294380,0.020898477999999998,70.99150078130306
update-table,0,2-stackful,1,3,False,294380,0.02091524800000001,71.04846796657385
update-table,0,2-stackful,1,4,False,294380,0.020902382999999997,71.00476594877368
update-table,0,2-stackful,2,0,True,294380,0.020905007,71.01367959779877
update-table,0,2-stackful,2,1,True,294380,0.020951527,71.1717066376792
update-table,0,2-stackful,2,2,False,294380,0.020937311,71.12341531354032
update-table,0,2-stackful,2,3,False,294380,0.020981847999999997,71.27470616210339
update-table,0,2-stackful,2,4,False,294380,0.020927640999999997,71.09056661457979
update-table,0,1x,2,0,True,294380,0.0203985,69.2930905632176
update-table,0,1x,2,1,True,294380,0.0207088,70.34717032407093
update-table,0,1x,2,2,False,294380,0.020414,69.34574359671173
update-table,0,1x,2,3,False,294380,0.0203875,69.25572389428629
update-table,0,1x,2,4,False,294380,0.020875,70.91174672192405
update-table,0,2-stackless,2,0,True,294380,0.019864209999999997,67.47812351382565
update-table,0,2-stackless,2,1,True,294380,0.019845148,67.41337047353761
update-table,0,2-stackless,2,2,False,294380,0.019838482999999997,67.39072966913511
update-table,0,2-stackless,2,3,False,294380,0.019833076999999998,67.37236564984033
update-table,0,2-stackless,2,4,False,294380,0.019866986000000003,67.48755350227599
const-int,0,1x,0,0,True,2853882,0.0177703,6.226711545887321
const-int,0,1x,0,1,True,2853882,0.0180984,6.341677756823863
const-int,0,1x,0,2,False,2853882,0.0181197,6.349141274937086
const-int,0,1x,0,3,False,2853882,0.0182906,6.4090246197985765
const-int,0,1x,0,4,False,2853882,0.0181179,6.3485105550965315
const-int,0,2-stackless,0,0,True,2853882,0.14413463499999998,50.50476333639582
const-int,0,2-stackless,0,1,True,2853882,0.14397986499999998,50.45053194210551
const-int,0,2-stackless,0,2,False,2853882,0.14401799299999996,50.463891989928086
const-int,0,2-stackless,0,3,False,2853882,0.14404855899999996,50.47460231362052
const-int,0,2-stackless,0,4,False,2853882,0.14402915299999997,50.46780245293953
const-int,0,2-stackful,0,0,True,2853882,0.15407430200000002,53.98762177272923
const-int,0,2-stackful,0,1,True,2853882,0.15388322899999998,53.92066981045466
const-int,0,2-stackful,0,2,False,2853882,0.15369702999999996,53.85542569734837
const-int,0,2-stackful,0,3,False,2853882,0.15371154000000004,53.86051000006308
const-int,0,2-stackful,0,4,False,2853882,0.15372935199999993,53.86675132328524
const-int,0,2-stackful,1,0,True,2853882,0.15401273399999998,53.966048350982966
const-int,0,2-stackful,1,1,True,2853882,0.15454256400000002,54.15170073605007
const-int,0,2-stackful,1,2,False,2853882,0.153703871,53.8578227831424
const-int,0,2-stackful,1,3,False,2853882,0.15373208000000005,53.86770721424364
const-int,0,2-stackful,1,4,False,2853882,0.153897697,53.92573939637308
const-int,0,2-stackless,1,0,True,2853882,0.146091097,51.19030744789028
const-int,0,2-stackless,1,1,True,2853882,0.145664988,51.04099889203548
const-int,0,2-stackless,1,2,False,2853882,0.14577967200000003,51.081184155476656
const-int,0,2-stackless,1,3,False,2853882,0.14572037899999996,51.060407893528875
const-int,0,2-stackless,1,4,False,2853882,0.14573896499999994,51.06692042628249
const-int,0,1x,1,0,True,2853882,0.0178807,6.265395696107968
const-int,0,1x,1,1,True,2853882,0.0177564,6.221840987118599
const-int,0,1x,1,2,False,2853882,0.0179279,6.28193457192694
const-int,0,1x,1,3,False,2853882,0.0178891,6.268339055363887
const-int,0,1x,1,4,False,2853882,0.0180455,6.323141601509803
const-int,0,2-stackful,2,0,True,2853882,0.15481169,54.246002462610576
const-int,0,2-stackful,2,1,True,2853882,0.15385613600000003,53.91117642565461
const-int,0,2-stackful,2,2,False,2853882,0.15377808600000004,53.88382771256836
const-int,0,2-stackful,2,3,False,2853882,0.15398665700000003,53.95691097249291
const-int,0,2-stackful,2,4,False,2853882,0.154246765,54.04805279265226
const-int,0,1x,2,0,True,2853882,0.0178003,6.237223543229888
const-int,0,1x,2,1,True,2853882,0.0179311,6.283055851643481
const-int,0,1x,2,2,False,2853882,0.0179208,6.279446732555866
const-int,0,1x,2,3,False,2853882,0.0178563,6.256845938269347
const-int,0,1x,2,4,False,2853882,0.0180256,6.316168643272567
const-int,0,2-stackless,2,0,True,2853882,0.144628167,50.67769690547822
const-int,0,2-stackless,2,1,True,2853882,0.143991904,50.4547504066391
const-int,0,2-stackless,2,2,False,2853882,0.143957273,50.44261570730675
const-int,0,2-stackless,2,3,False,2853882,0.14414751800000003,50.50927753845465
const-int,0,2-stackless,2,4,False,2853882,0.144046597,50.47391482899433
make-table,64,2-stackless,0,0,True,28935,0.25126765300000004,8683.865664420253
make-table,64,2-stackless,0,1,True,28935,0.25046151899999997,8656.005495075167
make-table,64,2-stackless,0,2,False,28935,0.24997523700000002,8639.199481596683
make-table,64,2-stackless,0,3,False,28935,0.24992827799999995,8637.576568170034
make-table,64,2-stackless,0,4,False,28935,0.24989874899999998,8636.55603939865
make-table,64,2-stackful,0,0,True,28935,0.247560709,8555.752859858303
make-table,64,2-stackful,0,1,True,28935,0.24940891799999998,8619.627371695178
make-table,64,2-stackful,0,2,False,28935,0.24741067699999997,8550.567720753412
make-table,64,2-stackful,0,3,False,28935,0.248262486,8580.00642820114
make-table,64,2-stackful,0,4,False,28935,0.247636921,8558.386763435286
make-table,64,1x,0,0,True,28935,0.0136573,471.99930879557627
make-table,64,1x,0,1,True,28935,0.0137619,475.61430793157075
make-table,64,1x,0,2,False,28935,0.0136936,473.25384482460686
make-table,64,1x,0,3,False,28935,0.0137007,473.4992223950233
make-table,64,1x,0,4,False,28935,0.0136531,471.8541558665975
make-table,64,1x,1,0,True,28935,0.0142576,492.74580957318125
make-table,64,1x,1,1,True,28935,0.0141868,490.2989459132538
make-table,64,1x,1,2,False,28935,0.0141835,490.18489718334195
make-table,64,1x,1,3,False,28935,0.0141617,489.43148436149994
make-table,64,1x,1,4,False,28935,0.0141304,488.34974943839643
make-table,64,2-stackful,1,0,True,28935,0.247529367,8554.66967340591
make-table,64,2-stackful,1,1,True,28935,0.24785243700000004,8565.835044064283
make-table,64,2-stackful,1,2,False,28935,0.24755203599999992,8555.45311905996
make-table,64,2-stackful,1,3,False,28935,0.24815566200000005,8576.314567133231
make-table,64,2-stackful,1,4,False,28935,0.24757509,8556.249870399171
make-table,64,2-stackless,1,0,True,28935,0.25328869600000004,8753.713357525488
make-table,64,2-stackless,1,1,True,28935,0.25312875900000004,8748.185899429758
make-table,64,2-stackless,1,2,False,28935,0.2532435390000001,8752.15272161742
make-table,64,2-stackless,1,3,False,28935,0.25287642600000004,8739.465215137378
make-table,64,2-stackless,1,4,False,28935,0.25288326799999994,8739.701676170725
make-table,64,2-stackful,2,0,True,28935,0.247428711,8551.19097978227
make-table,64,2-stackful,2,1,True,28935,0.247278787,8546.009573181269
make-table,64,2-stackful,2,2,False,28935,0.24731405700000003,8547.228512182479
make-table,64,2-stackful,2,3,False,28935,0.247387185,8549.755832037325
make-table,64,2-stackful,2,4,False,28935,0.2473151429999999,8547.266044582682
make-table,64,1x,2,0,True,28935,0.0136229,470.81043718679797
make-table,64,1x,2,1,True,28935,0.0136463,471.6191463625367
make-table,64,1x,2,2,False,28935,0.0136553,471.93018835320544
make-table,64,1x,2,3,False,28935,0.0136471,471.64679453948503
make-table,64,1x,2,4,False,28935,0.013654,471.8852600656644
make-table,64,2-stackless,2,0,True,28935,0.252105636,8712.826542249872
make-table,64,2-stackless,2,1,True,28935,0.25160335500000003,8695.467599792639
make-table,64,2-stackless,2,2,False,28935,0.25173703000000003,8700.0874373596
make-table,64,2-stackless,2,3,False,28935,0.2516183310000001,8695.985173665114
make-table,64,2-stackless,2,4,False,28935,0.25159401800000003,8695.144911007432
get-string,8,2-stackless,0,0,True,1156920,0.24317783599999998,210.19416727172145
get-string,8,2-stackless,0,1,True,1156920,0.24354655500000003,210.51287470179446
get-string,8,2-stackless,0,2,False,1156920,0.24324524800000003,210.25243577775476
get-string,8,2-stackless,0,3,False,1156920,0.243483903,210.45872056840577
get-string,8,2-stackless,0,4,False,1156920,0.24323845700000002,210.24656588182418
get-string,8,1x,0,0,True,1156920,0.0179753,15.537202226601666
get-string,8,1x,0,1,True,1156920,0.0179461,15.511962797773398
get-string,8,1x,0,2,False,1156920,0.0179424,15.508764650969816
get-string,8,1x,0,3,False,1156920,0.0179408,15.507381668568268
get-string,8,1x,0,4,False,1156920,0.0181516,15.68958959997234
get-string,8,2-stackful,0,0,True,1156920,0.248789668,215.04483283200221
get-string,8,2-stackful,0,1,True,1156920,0.248377252,214.68835528817897
get-string,8,2-stackful,0,2,False,1156920,0.24817962000000005,214.51752930193967
get-string,8,2-stackful,0,3,False,1156920,0.2482310259999999,214.56196279777333
get-string,8,2-stackful,0,4,False,1156920,0.24827643999999993,214.60121702451332
get-string,8,2-stackful,1,0,True,1156920,0.248457085,214.75736005946825
get-string,8,2-stackful,1,1,True,1156920,0.24835597499999998,214.66996421533034
get-string,8,2-stackful,1,2,False,1156920,0.24835912600000004,214.67268782629745
get-string,8,2-stackful,1,3,False,1156920,0.24822263200000005,214.55470732634933
get-string,8,2-stackful,1,4,False,1156920,0.24841980500000005,214.72513656951222
get-string,8,2-stackless,1,0,True,1156920,0.245573041,212.26449624866024
get-string,8,2-stackless,1,1,True,1156920,0.24531081999999998,212.03784185596237
get-string,8,2-stackless,1,2,False,1156920,0.24539070900000004,212.10689503163576
get-string,8,2-stackless,1,3,False,1156920,0.24615513599999994,212.7676382118037
get-string,8,2-stackless,1,4,False,1156920,0.2453364469999999,212.0599929122151
get-string,8,1x,1,0,True,1156920,0.017933,15.500639629360716
get-string,8,1x,1,1,True,1156920,0.0180528,15.604190436676694
get-string,8,1x,1,2,False,1156920,0.0182576,15.781212184074958
get-string,8,1x,1,3,False,1156920,0.0182283,15.755886318846592
get-string,8,1x,1,4,False,1156920,0.0182328,15.75977595685095
get-string,8,2-stackful,2,0,True,1156920,0.24940230500000002,215.57437420046332
get-string,8,2-stackful,2,1,True,1156920,0.24830717199999996,214.6277806589911
get-string,8,2-stackful,2,2,False,1156920,0.24835626899999996,214.67021833834661
get-string,8,2-stackful,2,3,False,1156920,0.24853996200000006,214.82899595477653
get-string,8,2-stackful,2,4,False,1156920,0.24879359000000012,215.0482228676141
get-string,8,2-stackless,2,0,True,1156920,0.248292967,214.61550236835737
get-string,8,2-stackless,2,1,True,1156920,0.248040408,214.39719946063687
get-string,8,2-stackless,2,2,False,1156920,0.248093106,214.44274971475988
get-string,8,2-stackless,2,3,False,1156920,0.24775954700000002,214.15443332296098
get-string,8,2-stackless,2,4,False,1156920,0.24802758999999996,214.38612004287242
get-string,8,1x,2,0,True,1156920,0.0179609,15.524755384987726
get-string,8,1x,2,1,True,1156920,0.0179817,15.542734156207862
get-string,8,1x,2,2,False,1156920,0.0179573,15.52164367458424
get-string,8,1x,2,3,False,1156920,0.0180097,15.566936348234968
get-string,8,1x,2,4,False,1156920,0.0179622,15.525879058188984
add-float4,256,2-stackless,0,0,True,51702,0.250147608,4838.2578623650925
add-float4,256,2-stackless,0,1,True,51702,0.249749952,4830.56655448532
add-float4,256,2-stackless,0,2,False,51702,0.249690329,4829.413349580287
add-float4,256,2-stackless,0,3,False,51702,0.249619213,4828.03785153379
add-float4,256,2-stackless,0,4,False,51702,0.24972330900000006,4830.051235928979
add-float4,256,2-stackful,0,0,True,51702,0.250884717,4852.514738307996
add-float4,256,2-stackful,0,1,True,51702,0.24979047700000007,4831.350373293104
add-float4,256,2-stackful,0,2,False,51702,0.249932818,4834.103477621756
add-float4,256,2-stackful,0,3,False,51702,0.24978381700000007,4831.221558160228
add-float4,256,2-stackful,0,4,False,51702,0.249814604,4831.8170283548025
add-float4,256,1x,0,0,True,51702,0.0188026,363.67258519979885
add-float4,256,1x,0,1,True,51702,0.0187616,362.8795791265328
add-float4,256,1x,0,2,False,51702,0.0187177,362.03048237979186
add-float4,256,1x,0,3,False,51702,0.0187186,362.0478898301806
add-float4,256,1x,0,4,False,51702,0.0187598,362.8447642257553
add-float4,256,2-stackless,1,0,True,51702,0.25977124,5024.394414142586
add-float4,256,2-stackless,1,1,True,51702,0.259354986,5016.343390971336
add-float4,256,2-stackless,1,2,False,51702,0.259101169,5011.434161154308
add-float4,256,2-stackless,1,3,False,51702,0.25938586100000005,5016.940563227729
add-float4,256,2-stackless,1,4,False,51702,0.260253533,5033.72273799853
add-float4,256,1x,1,0,True,51702,0.0189115,365.7788866968396
add-float4,256,1x,1,1,True,51702,0.0188304,364.2102820006963
add-float4,256,1x,1,2,False,51702,0.01886,364.7827937023713
add-float4,256,1x,1,3,False,51702,0.018882,365.20830915631893
add-float4,256,1x,1,4,False,51702,0.0188946,365.4520134617616
add-float4,256,2-stackful,1,0,True,51702,0.250748339,4849.8769680089745
add-float4,256,2-stackful,1,1,True,51702,0.249918044,4833.8177246528185
add-float4,256,2-stackful,1,2,False,51702,0.24981041399999993,4831.735987002436
add-float4,256,2-stackful,1,3,False,51702,0.25024471400000003,4840.136048895594
add-float4,256,2-stackful,1,4,False,51702,0.24981955499999997,4831.912788673551
add-float4,256,2-stackful,2,0,True,51702,0.24996849399999999,4834.7935089551665
add-float4,256,2-stackful,2,1,True,51702,0.24974232100000002,4830.418958647635
add-float4,256,2-stackful,2,2,False,51702,0.250580099,4846.622935282968
add-float4,256,2-stackful,2,3,False,51702,0.2496285760000001,4828.218947042669
add-float4,256,2-stackful,2,4,False,51702,0.24978247300000012,4831.195563034315
add-float4,256,1x,2,0,True,51702,0.0187969,363.56233801400333
add-float4,256,1x,2,1,True,51702,0.0187314,362.295462457932
add-float4,256,1x,2,2,False,51702,0.0187271,362.21229352829675
add-float4,256,1x,2,3,False,51702,0.0187289,362.24710842907433
add-float4,256,1x,2,4,False,51702,0.0187127,361.9337743220765
add-float4,256,2-stackless,2,0,True,51702,0.24876795399999999,4811.573130633245
add-float4,256,2-stackless,2,1,True,51702,0.24928945699999996,4821.659839077792
add-float4,256,2-stackless,2,2,False,51702,0.248376088,4803.9938106843065
add-float4,256,2-stackless,2,3,False,51702,0.24952561799999995,4826.227573401415
add-float4,256,2-stackless,2,4,False,51702,0.249131286,4818.600557038412
