case,width,engine,round,batch,warmup,iterations,seconds,ns_per_iteration
make-seq,8,2-stackless,0,0,True,662252,0.082399334,124.42292964007659
make-seq,8,2-stackless,0,1,True,662252,0.077296333,116.7174021369509
make-seq,8,2-stackless,0,2,False,662252,0.076325208,115.25100414947784
make-seq,8,2-stackless,0,3,False,662252,0.07715687500000001,116.50682066645328
make-seq,8,2-stackless,0,4,False,662252,0.07749624999999999,117.01927664997612
make-seq,8,1x,0,0,True,662252,0.0210818,31.83350144657925
make-seq,8,1x,0,1,True,662252,0.0211129,31.88046242215954
make-seq,8,1x,0,2,False,662252,0.0214685,32.417418142942566
make-seq,8,1x,0,3,False,662252,0.021324,32.199223256403904
make-seq,8,1x,0,4,False,662252,0.021269,32.11617329958988
make-seq,8,2-stackless,1,0,True,662252,0.077397708,116.87047830735128
make-seq,8,2-stackless,1,1,True,662252,0.07693045800000001,116.16493117423579
make-seq,8,2-stackless,1,2,False,662252,0.07702741700000001,116.31133918810364
make-seq,8,2-stackless,1,3,False,662252,0.07714154200000001,116.48366784849271
make-seq,8,2-stackless,1,4,False,662252,0.07711383299999996,116.44182728024977
make-seq,8,1x,1,0,True,662252,0.0214115,32.33134818769894
make-seq,8,1x,1,1,True,662252,0.0215251,32.50288409850027
make-seq,8,1x,1,2,False,662252,0.0215531,32.54516407651468
make-seq,8,1x,1,3,False,662252,0.0211486,31.934369394127916
make-seq,8,1x,1,4,False,662252,0.0215854,32.593937051152736
make-seq,8,1x,2,0,True,662252,0.0217933,32.907865887909736
make-seq,8,1x,2,1,True,662252,0.0212872,32.14365528529925
make-seq,8,1x,2,2,False,662252,0.0221063,33.380495642142265
make-seq,8,1x,2,3,False,662252,0.0222775,33.639007507716094
make-seq,8,1x,2,4,False,662252,0.0221238,33.406920628401274
make-seq,8,2-stackless,2,0,True,662252,0.077173708,116.53223848323599
make-seq,8,2-stackless,2,1,True,662252,0.07707162499999999,116.3780932333915
make-seq,8,2-stackless,2,2,False,662252,0.07757766699999999,117.14221625604752
make-seq,8,2-stackless,2,3,False,662252,0.076949292,116.19337049944734
make-seq,8,2-stackless,2,4,False,662252,0.07612324999999998,114.94604772805513
get-string,64,2-stackless,0,0,True,406436,0.020526958,50.50477319922448
get-string,64,2-stackless,0,1,True,406436,0.020641457999999998,50.786490369947536
get-string,64,2-stackless,0,2,False,406436,0.020646625000000002,50.799203318603666
get-string,64,2-stackless,0,3,False,406436,0.020427749999999995,50.26068064836775
get-string,64,2-stackless,0,4,False,406436,0.020583916000000008,50.64491334429039
get-string,64,1x,0,0,True,406436,0.0256528,63.11645621942938
get-string,64,1x,0,1,True,406436,0.025461,62.644549203318604
get-string,64,1x,0,2,False,406436,0.0256123,63.01680953458847
get-string,64,1x,0,3,False,406436,0.0256911,63.21068999793325
get-string,64,1x,0,4,False,406436,0.0256705,63.160005511322815
get-string,64,2-stackless,1,0,True,406436,0.020145959,49.56735869854048
get-string,64,2-stackless,1,1,True,406436,0.020383208,50.151088978338535
get-string,64,2-stackless,1,2,False,406436,0.020393125000000005,50.17548888385872
get-string,64,2-stackless,1,3,False,406436,0.020382792000000004,50.15006544695845
get-string,64,2-stackless,1,4,False,406436,0.020415792000000002,50.231259042014
get-string,64,1x,1,0,True,406436,0.0251726,61.93496639077247
get-string,64,1x,1,1,True,406436,0.0252824,62.20511962523005
get-string,64,1x,1,2,False,406436,0.0256171,63.0286195120511
get-string,64,1x,1,3,False,406436,0.0256365,63.07635150429588
get-string,64,1x,1,4,False,406436,0.0250191,61.55729315316557
get-string,64,1x,2,0,True,406436,0.0260559,64.10824828509286
get-string,64,1x,2,1,True,406436,0.0253683,62.416469013571636
get-string,64,1x,2,2,False,406436,0.0259078,63.743861272131404
get-string,64,1x,2,3,False,406436,0.0258609,63.62846795067366
get-string,64,1x,2,4,False,406436,0.0256893,63.20626125638477
get-string,64,2-stackless,2,0,True,406436,0.020514917,50.475147378677086
get-string,64,2-stackless,2,1,True,406436,0.020372416,50.12453621234339
get-string,64,2-stackless,2,2,False,406436,0.020393542,50.17651487565078
get-string,64,2-stackless,2,3,False,406436,0.020305791000000004,49.96061126475018
get-string,64,2-stackless,2,4,False,406436,0.020375000000000004,50.130893916877454
push-shared-seq,8,2-stackless,0,0,True,172575,0.030834916,178.67545125307836
push-shared-seq,8,2-stackless,0,1,True,172575,0.031199000000000005,180.78516586991165
push-shared-seq,8,2-stackless,0,2,False,172575,0.030940250000000002,179.28581776039405
push-shared-seq,8,2-stackless,0,3,False,172575,0.030511167000000006,176.79946110386794
push-shared-seq,8,2-stackless,0,4,False,172575,0.030442708000000013,176.4027698102275
push-shared-seq,8,1x,0,0,True,172575,0.0202875,117.55758365927858
push-shared-seq,8,1x,0,1,True,172575,0.0202837,117.53556424742865
push-shared-seq,8,1x,0,2,False,172575,0.0186613,108.13443430392583
push-shared-seq,8,1x,0,3,False,172575,0.0206962,119.92582934955816
push-shared-seq,8,1x,0,4,False,172575,0.0205159,118.8810662031001
push-shared-seq,8,2-stackless,1,0,True,172575,0.029613292,171.59665073156597
push-shared-seq,8,2-stackless,1,1,True,172575,0.029543332999999998,171.19126756482686
push-shared-seq,8,2-stackless,1,2,False,172575,0.029583916999999994,171.426434883384
push-shared-seq,8,2-stackless,1,3,False,172575,0.029599083999999998,171.51432130957554
push-shared-seq,8,2-stackless,1,4,False,172575,0.029339249999999997,170.00869187309863
push-shared-seq,8,1x,1,0,True,172575,0.0204304,118.38562943647689
push-shared-seq,8,1x,1,1,True,172575,0.0202297,117.22265681587716
push-shared-seq,8,1x,1,2,False,172575,0.019932,115.49760973489786
push-shared-seq,8,1x,1,3,False,172575,0.0197576,114.48703462262785
push-shared-seq,8,1x,1,4,False,172575,0.0200284,116.05620744603796
push-shared-seq,8,1x,2,0,True,172575,0.0203753,118.06634796465305
push-shared-seq,8,1x,2,1,True,172575,0.018917,109.61610893814283
push-shared-seq,8,1x,2,2,False,172575,0.0185285,107.36491380559177
push-shared-seq,8,1x,2,3,False,172575,0.018673,108.20223091409532
push-shared-seq,8,1x,2,4,False,172575,0.0199247,115.45530928581776
push-shared-seq,8,2-stackless,2,0,True,172575,0.030240875,175.23323192814718
push-shared-seq,8,2-stackless,2,1,True,172575,0.029468249999999998,170.75619295958276
push-shared-seq,8,2-stackless,2,2,False,172575,0.02975341699999999,172.40861654353174
push-shared-seq,8,2-stackless,2,3,False,172575,0.029439207999999994,170.5879067072287
push-shared-seq,8,2-stackless,2,4,False,172575,0.029853584000000016,172.98904244531371
assign-seq,64,2-stackless,0,0,True,84508,0.019879958,235.24350357362616
assign-seq,64,2-stackless,0,1,True,84508,0.020235792000000002,239.45415818620728
assign-seq,64,2-stackless,0,2,False,84508,0.020119042000000004,238.07263217683538
assign-seq,64,2-stackless,0,3,False,84508,0.020072415999999996,237.5208974298291
assign-seq,64,2-stackless,0,4,False,84508,0.019991125000000012,236.55896483173203
assign-seq,64,1x,0,0,True,84508,0.221883,2625.585743361575
assign-seq,64,1x,0,1,True,84508,0.221665,2623.0061059307995
assign-seq,64,1x,0,2,False,84508,0.22368,2646.8500023666397
assign-seq,64,1x,0,3,False,84508,0.221687,2623.266436313722
assign-seq,64,1x,0,4,False,84508,0.220359,2607.5519477445923
assign-seq,64,2-stackless,1,0,True,84508,0.019892125,235.38747810858143
assign-seq,64,2-stackless,1,1,True,84508,0.019999584,236.65906186396555
assign-seq,64,2-stackless,1,2,False,84508,0.020030916000000003,237.02981966204388
assign-seq,64,2-stackless,1,3,False,84508,0.019696541000000005,233.0730936716051
assign-seq,64,2-stackless,1,4,False,84508,0.019874834000000008,235.1828702608038
assign-seq,64,1x,1,0,True,84508,0.222261,2630.05869266815
assign-seq,64,1x,1,1,True,84508,0.220988,2614.995030056326
assign-seq,64,1x,1,2,False,84508,0.222231,2629.7036966914375
assign-seq,64,1x,1,3,False,84508,0.22266,2634.780139158423
assign-seq,64,1x,1,4,False,84508,0.22196,2626.496899701803
assign-seq,64,1x,2,0,True,84508,0.222715,2635.4309651157287
assign-seq,64,1x,2,1,True,84508,0.221771,2624.260425048516
assign-seq,64,1x,2,2,False,84508,0.221076,2616.0363515880153
assign-seq,64,1x,2,3,False,84508,0.219978,2603.0434988403463
assign-seq,64,1x,2,4,False,84508,0.22161,2622.3552799734935
assign-seq,64,2-stackless,2,0,True,84508,0.020080958,237.62197661759834
assign-seq,64,2-stackless,2,1,True,84508,0.019777458,234.0306006531926
assign-seq,64,2-stackless,2,2,False,84508,0.020118375,238.0647394329531
assign-seq,64,2-stackless,2,3,False,84508,0.01991425,235.64928764140674
assign-seq,64,2-stackless,2,4,False,84508,0.020059375000000004,237.36658067875234
const-table,0,2-stackless,0,0,True,1728489,0.01891425,10.942649909834543
const-table,0,2-stackless,0,1,True,1728489,0.019021749999999997,11.004842958213791
const-table,0,2-stackless,0,2,False,1728489,0.018659292,10.795146512358482
const-table,0,2-stackless,0,3,False,1728489,0.018890374999999994,10.928837267694497
const-table,0,2-stackless,0,4,False,1728489,0.018868917,10.916422956698018
const-table,0,1x,0,0,True,1728489,0.111481,64.49621605922862
const-table,0,1x,0,1,True,1728489,0.115748,66.96484617489611
const-table,0,1x,0,2,False,1728489,0.118921,68.80055354705758
const-table,0,1x,0,3,False,1728489,0.116285,67.27552214679989
const-table,0,1x,0,4,False,1728489,0.116868,67.61281095801014
const-table,0,1x,1,0,True,1728489,0.118704,68.67501037032923
const-table,0,1x,1,1,True,1728489,0.118806,68.7340214487914
const-table,0,1x,1,2,False,1728489,0.121213,70.12656719250165
const-table,0,1x,1,3,False,1728489,0.116919,67.64231649724123
const-table,0,1x,1,4,False,1728489,0.11713,67.76438843406004
const-table,0,2-stackless,1,0,True,1728489,0.018982333,10.982038647628073
const-table,0,2-stackless,1,1,True,1728489,0.019151666,11.080004558895082
const-table,0,2-stackless,1,2,False,1728489,0.020197124999999996,11.684844392992954
const-table,0,2-stackless,1,3,False,1728489,0.019595166999999997,11.336587620748524
const-table,0,2-stackless,1,4,False,1728489,0.019527375,11.29736723809061
const-table,0,2-stackless,2,0,True,1728489,0.0193555,11.197930678181926
const-table,0,2-stackless,2,1,True,1728489,0.020037499999999996,11.59249494789958
const-table,0,2-stackless,2,2,False,1728489,0.020346958,11.77152877455396
const-table,0,2-stackless,2,3,False,1728489,0.020766833000000005,12.01444325072361
const-table,0,2-stackless,2,4,False,1728489,0.020201833999999988,11.687568737781952
const-table,0,1x,2,0,True,1728489,0.117538,68.00043274790872
const-table,0,1x,2,1,True,1728489,0.114795,66.41349756926425
const-table,0,1x,2,2,False,1728489,0.113429,65.6232119498591
const-table,0,1x,2,3,False,1728489,0.122475,70.8566846534748
const-table,0,1x,2,4,False,1728489,0.113795,65.83495758434101
take-table,64,1x,0,0,True,123814,0.0213881,172.74379310901836
take-table,64,1x,0,1,True,123814,0.0212843,171.90543880336634
take-table,64,1x,0,2,False,123814,0.0212924,171.97085951507907
take-table,64,1x,0,3,False,123814,0.0212728,171.8125575459964
take-table,64,1x,0,4,False,123814,0.0211032,170.4427609155669
take-table,64,2-stackless,0,0,True,123814,0.021085667000000002,170.30115334291764
take-table,64,2-stackless,0,1,True,123814,0.021399125,172.83283796662735
take-table,64,2-stackless,0,2,False,123814,0.021610417,174.5393654998627
take-table,64,2-stackless,0,3,False,123814,0.021734915999999993,175.54489799214946
take-table,64,2-stackless,0,4,False,123814,0.021477458000000005,173.46550470867595
take-table,64,1x,1,0,True,123814,0.0214868,173.5409565961846
take-table,64,1x,1,1,True,123814,0.0216133,174.56265042725377
take-table,64,1x,1,2,False,123814,0.0213285,172.2624258969099
take-table,64,1x,1,3,False,123814,0.0210759,170.22226888720178
take-table,64,1x,1,4,False,123814,0.0212178,171.3683428368359
take-table,64,2-stackless,1,0,True,123814,0.021105125000000002,170.45830843038755
take-table,64,2-stackless,1,1,True,123814,0.021361417,172.5282843620269
take-table,64,2-stackless,1,2,False,123814,0.021679875,175.1003521411149
take-table,64,2-stackless,1,3,False,123814,0.021565292,174.1749075225742
take-table,64,2-stackless,1,4,False,123814,0.021591,174.38254155426688
take-table,64,2-stackless,2,0,True,123814,0.021196042,171.192611497892
take-table,64,2-stackless,2,1,True,123814,0.021523458999999998,173.8370378147867
take-table,64,2-stackless,2,2,False,123814,0.021407000000000002,172.8964414363481
take-table,64,2-stackless,2,3,False,123814,0.021420416999999997,173.00480559548998
take-table,64,2-stackless,2,4,False,123814,0.021421083000000007,173.01018463178644
take-table,64,1x,2,0,True,123814,0.021097,170.3926858028979
take-table,64,1x,2,1,True,123814,0.020938,169.10850146187022
take-table,64,1x,2,2,False,123814,0.0213909,172.76640767603018
take-table,64,1x,2,3,False,123814,0.0214475,173.22354499491172
take-table,64,1x,2,4,False,123814,0.0213686,172.58629880304326
get-table,256,1x,0,0,True,129695,0.0369342,284.7773622730252
get-table,256,1x,0,1,True,129695,0.036066,278.08319518871195
get-table,256,1x,0,2,False,129695,0.03513,270.8662631558657
get-table,256,1x,0,3,False,129695,0.0351221,270.80535101584485
get-table,256,1x,0,4,False,129695,0.0354821,273.5810941054011
get-table,256,2-stackless,0,0,True,129695,0.020281584,156.37907398126373
get-table,256,2-stackless,0,1,True,129695,0.020201167,155.75902694783917
get-table,256,2-stackless,0,2,False,129695,0.020151416000000005,155.37542696326
get-table,256,2-stackless,0,3,False,129695,0.020098915999999994,154.97063109603297
get-table,256,2-stackless,0,4,False,129695,0.020121874999999997,155.1476541115694
get-table,256,1x,1,0,True,129695,0.0358088,276.10008095917345
get-table,256,1x,1,1,True,129695,0.036426,280.8589382782682
get-table,256,1x,1,2,False,129695,0.0362471,279.4795481707082
get-table,256,1x,1,3,False,129695,0.0350769,270.45684105015613
get-table,256,1x,1,4,False,129695,0.0358518,276.431628050426
get-table,256,2-stackless,1,0,True,129695,0.020159167,155.4351902540576
get-table,256,2-stackless,1,1,True,129695,0.020147540999999998,155.34554917305985
get-table,256,2-stackless,1,2,False,129695,0.020130290999999995,155.21254481668527
get-table,256,2-stackless,1,3,False,129695,0.020159832999999995,155.44032537877325
get-table,256,2-stackless,1,4,False,129695,0.020168832999999997,155.50971895601216
get-table,256,2-stackless,2,0,True,129695,0.020288542,156.4327229268669
get-table,256,2-stackless,2,1,True,129695,0.020317834,156.6585758895871
get-table,256,2-stackless,2,2,False,129695,0.020017042,154.3393500134932
get-table,256,2-stackless,2,3,False,129695,0.020200375000000007,155.75292031304218
get-table,256,2-stackless,2,4,False,129695,0.020182166,155.61252168549288
get-table,256,1x,2,0,True,129695,0.0366172,282.33316627472146
get-table,256,1x,2,1,True,129695,0.0359705,277.34685223023246
get-table,256,1x,2,2,False,129695,0.036136,278.6229230116813
get-table,256,1x,2,3,False,129695,0.0361995,279.1125332510891
get-table,256,1x,2,4,False,129695,0.0357154,275.379929835383
add-float,64,2-stackless,0,0,True,343127,0.021009291000000003,61.22890649817707
add-float,64,2-stackless,0,1,True,343127,0.021026375,61.27869564330408
add-float,64,2-stackless,0,2,False,343127,0.0211145,61.535524747396735
add-float,64,2-stackless,0,3,False,343127,0.021358375000000013,62.246267417020555
add-float,64,2-stackless,0,4,False,343127,0.021550249999999993,62.80546270039954
add-float,64,1x,0,0,True,343127,0.0204888,59.71200167867874
add-float,64,1x,0,1,True,343127,0.0202747,59.08803445954413
add-float,64,1x,0,2,False,343127,0.020726,60.40329090977976
add-float,64,1x,0,3,False,343127,0.0210153,61.246418964406764
add-float,64,1x,0,4,False,343127,0.0210002,61.20241193493954
add-float,64,2-stackless,1,0,True,343127,0.020740292,60.444943126014564
add-float,64,2-stackless,1,1,True,343127,0.0210915,61.46849417271156
add-float,64,2-stackless,1,2,False,343127,0.021129709000000003,61.57984944350052
add-float,64,2-stackless,1,3,False,343127,0.021163208000000003,61.67747801834307
add-float,64,2-stackless,1,4,False,343127,0.021156042,61.656593622769414
add-float,64,1x,1,0,True,343127,0.0215475,62.797448175165464
add-float,64,1x,1,1,True,343127,0.034086,99.33931168342917
add-float,64,1x,1,2,False,343127,0.0658887,192.02423592430787
add-float,64,1x,1,3,False,343127,0.0477998,139.3064375581053
add-float,64,1x,1,4,False,343127,0.0210802,61.43556175993145
add-float,64,2-stackless,2,0,True,343127,0.021053667,61.35823470610007
add-float,64,2-stackless,2,1,True,343127,0.021225875,61.860113019377664
add-float,64,2-stackless,2,2,False,343127,0.021123457999999998,61.561631699050196
add-float,64,2-stackless,2,3,False,343127,0.021119625000000003,61.550460908060295
add-float,64,2-stackless,2,4,False,343127,0.021226833,61.862904988531945
add-float,64,1x,2,0,True,343127,0.0207045,60.340631894313184
add-float,64,1x,2,1,True,343127,0.0210702,61.40641803180746
add-float,64,1x,2,2,False,343127,0.0207448,60.45808111865286
add-float,64,1x,2,3,False,343127,0.0261812,76.30177747597828
add-float,64,1x,2,4,False,343127,0.0205949,60.021216634074264
add-float4,8,2-stackless,0,0,True,1796413,0.028476459,15.851844202864264
add-float4,8,2-stackless,0,1,True,1796413,0.028590875,15.915535570049872
add-float4,8,2-stackless,0,2,False,1796413,0.029188541999999998,16.248235789876826
add-float4,8,2-stackless,0,3,False,1796413,0.028635582999999992,15.940422942831072
add-float4,8,2-stackless,0,4,False,1796413,0.028442625000000013,15.833010003824294
add-float4,8,1x,0,0,True,1796413,0.020862,11.61314241212906
add-float4,8,1x,0,1,True,1796413,0.0209344,11.65344494834985
add-float4,8,1x,0,2,False,1796413,0.0214346,11.931888713786863
add-float4,8,1x,0,3,False,1796413,0.021059,11.722805390519886
add-float4,8,1x,0,4,False,1796413,0.0211103,11.751362298090696
add-float4,8,1x,1,0,True,1796413,0.0224153,12.477809946821806
add-float4,8,1x,1,1,True,1796413,0.0221079,12.306691167342922
add-float4,8,1x,1,2,False,1796413,0.0207283,11.538716319688179
add-float4,8,1x,1,3,False,1796413,0.0209267,11.649158628889904
add-float4,8,1x,1,4,False,1796413,0.0209435,11.658510598620696
add-float4,8,2-stackless,1,0,True,1796413,0.028916334,16.096707160324492
add-float4,8,2-stackless,1,1,True,1796413,0.028909916000000004,16.093134485221384
add-float4,8,2-stackless,1,2,False,1796413,0.028474459,15.850730873134408
add-float4,8,2-stackless,1,3,False,1796413,0.028477666999999998,15.852516654021096
add-float4,8,2-stackless,1,4,False,1796413,0.028679625,15.964939576812236
add-float4,8,1x,2,0,True,1796413,0.0210165,11.699147133760444
add-float4,8,1x,2,1,True,1796413,0.0210963,11.743568989981702
add-float4,8,1x,2,2,False,1796413,0.0213492,11.884349534322007
add-float4,8,1x,2,3,False,1796413,0.0213844,11.903944137567475
add-float4,8,1x,2,4,False,1796413,0.0213618,11.891363511620101
add-float4,8,2-stackless,2,0,True,1796413,0.028913334000000002,16.09503716572971
add-float4,8,2-stackless,2,1,True,1796413,0.029010459,16.149103240735844
add-float4,8,2-stackless,2,2,False,1796413,0.029020292000000003,16.154576926352682
add-float4,8,2-stackless,2,3,False,1796413,0.029040834,16.166011936008033
add-float4,8,2-stackless,2,4,False,1796413,0.029223208,16.267533134084424
const-table,64,1x,0,0,True,448892,0.0564142,125.67432700961479
const-table,64,1x,0,1,True,448892,0.054955,122.42365646970764
const-table,64,1x,0,2,False,448892,0.054394,121.1739126560509
const-table,64,1x,0,3,False,448892,0.0545329,121.4833412045659
const-table,64,1x,0,4,False,448892,0.0541818,120.70119316004741
const-table,64,2-stackless,0,0,True,448892,0.021021917,46.83067864876184
const-table,64,2-stackless,0,1,True,448892,0.021028040999999997,46.84432112846742
const-table,64,2-stackless,0,2,False,448892,0.021252416999999996,47.34416518895413
const-table,64,2-stackless,0,3,False,448892,0.020380167000000005,45.40104746798785
const-table,64,2-stackless,0,4,False,448892,0.02096158399999999,46.69627438225674
const-table,64,2-stackless,1,0,True,448892,0.020604584,45.900982864475196
const-table,64,2-stackless,1,1,True,448892,0.020961166,46.69534320059168
const-table,64,2-stackless,1,2,False,448892,0.021044459,46.88089562745605
const-table,64,2-stackless,1,3,False,448892,0.021231083999999997,47.29664150842518
const-table,64,2-stackless,1,4,False,448892,0.021019374999999993,46.82501581672204
const-table,64,1x,1,0,True,448892,0.0533145,118.76910259037808
const-table,64,1x,1,1,True,448892,0.0539925,120.27948816196323
const-table,64,1x,1,2,False,448892,0.0540929,120.50314997816847
const-table,64,1x,1,3,False,448892,0.0532193,118.557024852303
const-table,64,1x,1,4,False,448892,0.0538006,119.85199112481399
const-table,64,2-stackless,2,0,True,448892,0.020413042,45.47428334655106
const-table,64,2-stackless,2,1,True,448892,0.020760624999999998,46.248596544380376
const-table,64,2-stackless,2,2,False,448892,0.020867708999999998,46.48714835639753
const-table,64,2-stackless,2,3,False,448892,0.020988791999999992,46.756885843365424
const-table,64,2-stackless,2,4,False,448892,0.020260042000000006,45.1334441246447
const-table,64,1x,2,0,True,448892,0.0537318,119.69872486032276
const-table,64,1x,2,1,True,448892,0.0555224,123.68765761029378
const-table,64,1x,2,2,False,448892,0.0555039,123.64644502463844
const-table,64,1x,2,3,False,448892,0.0553474,123.29780882706754
const-table,64,1x,2,4,False,448892,0.0559945,124.73935824207159
take-table,0,2-stackless,0,0,True,3993292,0.040418667,10.121640741523535
take-table,0,2-stackless,0,1,True,3993292,0.0407145,10.19572322785311
take-table,0,2-stackless,0,2,False,3993292,0.04047275,10.135184203909956
take-table,0,2-stackless,0,3,False,3993292,0.040678207999999993,10.186634986872985
take-table,0,2-stackless,0,4,False,3993292,0.040879165999999995,10.236958880041827
take-table,0,1x,0,0,True,3993292,0.0209264,5.240388130895512
take-table,0,1x,0,1,True,3993292,0.0209334,5.242141070575355
take-table,0,1x,0,2,False,3993292,0.0211436,5.2947793449615
take-table,0,1x,0,3,False,3993292,0.0210355,5.267708947905637
take-table,0,1x,0,4,False,3993292,0.0210483,5.270914323320208
take-table,0,2-stackless,1,0,True,3993292,0.040440833,10.127191550229735
take-table,0,2-stackless,1,1,True,3993292,0.040917709000000003,10.246610816339
take-table,0,2-stackless,1,2,False,3993292,0.040608875,10.16927262018405
take-table,0,2-stackless,1,3,False,3993292,0.040162375,10.057460110605485
take-table,0,2-stackless,1,4,False,3993292,0.04041262500000001,10.120127704159877
take-table,0,1x,1,0,True,3993292,0.0205906,5.156297110253896
take-table,0,1x,1,1,True,3993292,0.0205654,5.149986527406461
take-table,0,1x,1,2,False,3993292,0.0207451,5.194986993187576
take-table,0,1x,1,3,False,3993292,0.0204475,5.120462014798818
take-table,0,1x,1,4,False,3993292,0.0205565,5.147757789813517
take-table,0,1x,2,0,True,3993292,0.0207651,5.199995392272841
take-table,0,1x,2,1,True,3993292,0.02065,5.171172055537136
take-table,0,1x,2,2,False,3993292,0.020814,5.212240928036317
take-table,0,1x,2,3,False,3993292,0.020828,5.215746807396003
take-table,0,1x,2,4,False,3993292,0.0208987,5.2334514981624185
take-table,0,2-stackless,2,0,True,3993292,0.040521417000000004,10.147371391824091
take-table,0,2-stackless,2,1,True,3993292,0.040361666,10.107366553710573
take-table,0,2-stackless,2,2,False,3993292,0.040585333,10.163377233620782
take-table,0,2-stackless,2,3,False,3993292,0.04037254200000001,10.110090121133144
take-table,0,2-stackless,2,4,False,3993292,0.040755666999999995,10.206032266110265
const-seq,8,1x,0,0,True,1723514,0.0857143,49.732291121511054
const-seq,8,1x,0,1,True,1723514,0.0855783,49.65338256608302
const-seq,8,1x,0,2,False,1723514,0.0858775,49.8269813880247
const-seq,8,1x,0,3,False,1723514,0.086626,50.2612685478621
const-seq,8,1x,0,4,False,1723514,0.0859548,49.87183161842608
const-seq,8,2-stackless,0,0,True,1723514,0.020437458000000002,11.858016819126508
const-seq,8,2-stackless,0,1,True,1723514,0.020329,11.795088406592578
const-seq,8,2-stackless,0,2,False,1723514,0.020379875,11.824606588632294
const-seq,8,2-stackless,0,3,False,1723514,0.020533542000000002,11.913765713536414
const-seq,8,2-stackless,0,4,False,1723514,0.020533374999999993,11.913668818472024
const-seq,8,2-stackless,1,0,True,1723514,0.020297375,11.776739266405727
const-seq,8,2-stackless,1,1,True,1723514,0.020482333,11.884053741367927
const-seq,8,2-stackless,1,2,False,1723514,0.020498749999999996,11.893579048386028
const-seq,8,2-stackless,1,3,False,1723514,0.020582917,11.942413580626557
const-seq,8,2-stackless,1,4,False,1723514,0.020484792,11.88548047767526
const-seq,8,1x,1,0,True,1723514,0.0870246,50.49254024046222
const-seq,8,1x,1,1,True,1723514,0.0866835,50.294630620929105
const-seq,8,1x,1,2,False,1723514,0.086751,50.333794793659926
const-seq,8,1x,1,3,False,1723514,0.0860085,49.90298889362082
const-seq,8,1x,1,4,False,1723514,0.0863601,50.106990717800954
const-seq,8,1x,2,0,True,1723514,0.0867271,50.319927775463384
const-seq,8,1x,2,1,True,1723514,0.0860825,49.945924431133136
const-seq,8,1x,2,2,False,1723514,0.0863893,50.12393284881933
const-seq,8,1x,2,3,False,1723514,0.086476,50.17423705290471
const-seq,8,1x,2,4,False,1723514,0.0867172,50.3141836967962
const-seq,8,2-stackless,2,0,True,1723514,0.02065675,11.985252223074486
const-seq,8,2-stackless,2,1,True,1723514,0.020252915999999996,11.750943711510319
const-seq,8,2-stackless,2,2,False,1723514,0.020333790999999997,11.797868192541515
const-seq,8,2-stackless,2,3,False,1723514,0.020275249999999995,11.763902120899509
const-seq,8,2-stackless,2,4,False,1723514,0.020412665999999996,11.843632253639946
make-table,256,1x,0,0,True,10383,0.0192575,1854.7144370605797
make-table,256,1x,0,1,True,10383,0.0189796,1827.9495328903015
make-table,256,1x,0,2,False,10383,0.0195027,1878.3299624386016
make-table,256,1x,0,3,False,10383,0.0196069,1888.3655976114803
make-table,256,1x,0,4,False,10383,0.0195106,1879.0908215352017
make-table,256,2-stackless,0,0,True,10383,0.021753333,2095.091303091592
make-table,256,2-stackless,0,1,True,10383,0.021969833999999997,2115.9427911008374
make-table,256,2-stackless,0,2,False,10383,0.021987417000000002,2117.636232302803
make-table,256,2-stackless,0,3,False,10383,0.022054083000000002,2124.0569199653282
make-table,256,2-stackless,0,4,False,10383,0.021914667,2110.629586824617
make-table,256,2-stackless,1,0,True,10383,0.021398,2060.868727728017
make-table,256,2-stackless,1,1,True,10383,0.021497417000000005,2070.44370605798
make-table,256,2-stackless,1,2,False,10383,0.021552042,2075.7047096214965
make-table,256,2-stackless,1,3,False,10383,0.021315209,2052.8950207069247
make-table,256,2-stackless,1,4,False,10383,0.021449499999999996,2065.8287585476255
make-table,256,1x,1,0,True,10383,0.0184901,1780.8051622845035
make-table,256,1x,1,1,True,10383,0.0179792,1731.5997303284214
make-table,256,1x,1,2,False,10383,0.0181174,1744.9099489550226
make-table,256,1x,1,3,False,10383,0.0179366,1727.4968698834634
make-table,256,1x,1,4,False,10383,0.0179966,1733.275546566503
make-table,256,2-stackless,2,0,True,10383,0.021007167,2023.2271019936434
make-table,256,2-stackless,2,1,True,10383,0.021206165999999995,2042.3929500144463
make-table,256,2-stackless,2,2,False,10383,0.021297167,2051.157372628335
make-table,256,2-stackless,2,3,False,10383,0.02134829199999999,2056.081286718674
make-table,256,2-stackless,2,4,False,10383,0.02135429100000001,2056.6590580757015
make-table,256,1x,2,0,True,10383,0.0192143,1850.5537898487912
make-table,256,1x,2,1,True,10383,0.0196299,1890.5807570066454
make-table,256,1x,2,2,False,10383,0.0194717,1875.344312819031
make-table,256,1x,2,3,False,10383,0.0192473,1853.7320620244632
make-table,256,1x,2,4,False,10383,0.0193288,1861.5814311855918
update-string,256,1x,0,0,True,95044,0.0503068,529.3001136315812
update-string,256,1x,0,1,True,95044,0.0503037,529.2674971592105
update-string,256,1x,0,2,False,95044,0.050315,529.386389461723
update-string,256,1x,0,3,False,95044,0.050514,531.4801565590674
update-string,256,1x,0,4,False,95044,0.0505636,532.0020201169984
update-string,256,2-stackless,0,0,True,95044,0.019628959,206.52496738352764
update-string,256,2-stackless,0,1,True,95044,0.019620916999999998,206.4403539413324
update-string,256,2-stackless,0,2,False,95044,0.019618959000000005,206.41975295652543
update-string,256,2-stackless,0,3,False,95044,0.019765000000000005,207.9563149699087
update-string,256,2-stackless,0,4,False,95044,0.019856709,208.92122595850344
update-string,256,2-stackless,1,0,True,95044,0.019917417,209.55996170194857
update-string,256,2-stackless,1,1,True,95044,0.019843375000000003,208.7809330415387
update-string,256,2-stackless,1,2,False,95044,0.019836833999999998,208.71211228483645
update-string,256,2-stackless,1,3,False,95044,0.019841959000000006,208.76603467867523
update-string,256,2-stackless,1,4,False,95044,0.019738000000000006,207.6722360170027
update-string,256,1x,1,0,True,95044,0.0505596,531.9599343461975
update-string,256,1x,1,1,True,95044,0.0494129,519.8949960018517
update-string,256,1x,1,2,False,95044,0.0502605,528.8129708345608
update-string,256,1x,1,3,False,95044,0.0498959,524.9768528260595
update-string,256,1x,1,4,False,95044,0.0504382,530.6826312023904
update-string,256,1x,2,0,True,95044,0.0508128,534.623963637894
update-string,256,1x,2,1,True,95044,0.0506029,532.4155128151172
update-string,256,1x,2,2,False,95044,0.0505696,532.0651487731998
update-string,256,1x,2,3,False,95044,0.0502869,529.0907369218468
update-string,256,1x,2,4,False,95044,0.0500393,526.4856277092715
update-string,256,2-stackless,2,0,True,95044,0.019902709,209.40521232271368
update-string,256,2-stackless,2,1,True,95044,0.019806542000000003,208.39339674256138
update-string,256,2-stackless,2,2,False,95044,0.019716125,207.44207945793528
update-string,256,2-stackless,2,3,False,95044,0.019826375,208.60206851563487
update-string,256,2-stackless,2,4,False,95044,0.019784708999999998,208.16368208408733
get-int,64,2-stackless,0,0,True,407195,0.020380667,50.051368508945345
get-int,64,2-stackless,0,1,True,407195,0.020534,50.427927651370965
get-int,64,2-stackless,0,2,False,407195,0.020003792,49.12582914819681
get-int,64,2-stackless,0,3,False,407195,0.020499583000000002,50.34340549368239
get-int,64,2-stackless,0,4,False,407195,0.020463542,50.25489507484129
get-int,64,1x,0,0,True,407195,0.0239807,58.8924225493928
get-int,64,1x,0,1,True,407195,0.0233821,57.4223652058596
get-int,64,1x,0,2,False,407195,0.0237005,58.20430015103329
get-int,64,1x,0,3,False,407195,0.0239568,58.83372831198811
get-int,64,1x,0,4,False,407195,0.0238467,58.56334188779332
get-int,64,1x,1,0,True,407195,0.023738,58.29639361976449
get-int,64,1x,1,1,True,407195,0.0237228,58.25906506710544
get-int,64,1x,1,2,False,407195,0.0241716,59.36123970088041
get-int,64,1x,1,3,False,407195,0.0240838,59.14561819275777
get-int,64,1x,1,4,False,407195,0.0241449,59.2956691511438
get-int,64,2-stackless,1,0,True,407195,0.020118167,49.40671422782696
get-int,64,2-stackless,1,1,True,407195,0.020269042,49.77723695035548
get-int,64,2-stackless,1,2,False,407195,0.020236584000000002,49.69752575547343
get-int,64,2-stackless,1,3,False,407195,0.020270916999999992,49.78184162379202
get-int,64,2-stackless,1,4,False,407195,0.02048783300000001,50.31454954014664
get-int,64,1x,2,0,True,407195,0.0237668,58.36712140375005
get-int,64,1x,2,1,True,407195,0.0233394,57.31750144279768
get-int,64,1x,2,2,False,407195,0.0237309,58.27895725635138
get-int,64,1x,2,3,False,407195,0.0235425,57.81627966944584
get-int,64,1x,2,4,False,407195,0.0239873,58.90863099988949
get-int,64,2-stackless,2,0,True,407195,0.020061792,49.26826704650106
get-int,64,2-stackless,2,1,True,407195,0.020380541000000002,50.05105907489042
get-int,64,2-stackless,2,2,False,407195,0.020313875000000002,49.887338989918845
get-int,64,2-stackless,2,3,False,407195,0.020535374999999995,50.4313044118911
get-int,64,2-stackless,2,4,False,407195,0.02042683399999999,50.16474662016968
do-int,256,1x,0,0,True,6837,0.0169599,2480.6055287406757
do-int,256,1x,0,1,True,6837,0.0168993,2471.741992101799
do-int,256,1x,0,2,False,6837,0.017106,2501.974550241334
do-int,256,1x,0,3,False,6837,0.0171385,2506.728097118619
do-int,256,1x,0,4,False,6837,0.0171426,2507.3277753400616
do-int,256,2-stackless,0,0,True,6837,0.043808542,6407.5679391546
do-int,256,2-stackless,0,1,True,6837,0.04312925000000001,6308.212666374142
do-int,256,2-stackless,0,2,False,6837,0.04344245899999999,6354.023548339914
do-int,256,2-stackless,0,3,False,6837,0.04320458399999999,6319.231241772706
do-int,256,2-stackless,0,4,False,6837,0.04273099999999999,6249.963434254789
do-int,256,2-stackless,1,0,True,6837,0.07171975,10489.94442006728
do-int,256,2-stackless,1,1,True,6837,0.04315866700000001,6312.5152844815
do-int,256,2-stackless,1,2,False,6837,0.042390916999999986,6200.221880941931
do-int,256,2-stackless,1,3,False,6837,0.04313483399999998,6309.029398859147
do-int,256,2-stackless,1,4,False,6837,0.04302937499999998,6293.604651162787
do-int,256,1x,1,0,True,6837,0.017715,2591.0487055726194
do-int,256,1x,1,1,True,6837,0.0173284,2534.50343718005
do-int,256,1x,1,2,False,6837,0.0174865,2557.6276144507824
do-int,256,1x,1,3,False,6837,0.0177524,2596.518941056019
do-int,256,1x,1,4,False,6837,0.0176625,2583.3698990785433
do-int,256,1x,2,0,True,6837,0.0176503,2581.5854907123007
do-int,256,1x,2,1,True,6837,0.0173612,2539.300862951587
do-int,256,1x,2,2,False,6837,0.0176496,2581.483106625713
do-int,256,1x,2,3,False,6837,0.0174276,2549.012724879333
do-int,256,1x,2,4,False,6837,0.0177303,2593.2865291794647
do-int,256,2-stackless,2,0,True,6837,0.072746667,10640.144361562088
do-int,256,2-stackless,2,1,True,6837,0.043118167,6306.591633757496
do-int,256,2-stackless,2,2,False,6837,0.043421958999999996,6351.025157232703
do-int,256,2-stackless,2,3,False,6837,0.04416525000000002,6459.741114523917
do-int,256,2-stackless,2,4,False,6837,0.043653,6384.817902588855
assign-string,8,2-stackless,0,0,True,558141,0.019356,34.67940896655146
assign-string,8,2-stackless,0,1,True,558141,0.01936925,34.703148487568555
assign-string,8,2-stackless,0,2,False,558141,0.019373917000000004,34.71151017395247
assign-string,8,2-stackless,0,3,False,558141,0.019399833,34.75794288539993
assign-string,8,2-stackless,0,4,False,558141,0.019474832999999997,34.89231753266647
assign-string,8,1x,0,0,True,558141,0.0419498,75.15986103869811
assign-string,8,1x,0,1,True,558141,0.0458322,82.1158094460002
assign-string,8,1x,0,2,False,558141,0.0473238,84.78825243083737
assign-string,8,1x,0,3,False,558141,0.0472893,84.72644009309475
assign-string,8,1x,0,4,False,558141,0.0472522,84.6599694342469
assign-string,8,2-stackless,1,0,True,558141,0.019415292,34.785640187694504
assign-string,8,2-stackless,1,1,True,558141,0.019578791999999998,35.07857691873558
assign-string,8,2-stackless,1,2,False,558141,0.019540834,35.010569013923
assign-string,8,2-stackless,1,3,False,558141,0.019584958,35.08962430640286
assign-string,8,2-stackless,1,4,False,558141,0.019604625,35.12486092224008
assign-string,8,1x,1,0,True,558141,0.042984,77.01279784140567
assign-string,8,1x,1,1,True,558141,0.0428378,76.75085686233408
assign-string,8,1x,1,2,False,558141,0.0470725,84.33800777939625
assign-string,8,1x,1,3,False,558141,0.047828,85.6916083928613
assign-string,8,1x,1,4,False,558141,0.0474735,85.0564642267814
assign-string,8,2-stackless,2,0,True,558141,0.01977725,35.43414656869859
assign-string,8,2-stackless,2,1,True,558141,0.019715542000000003,35.32358669225161
assign-string,8,2-stackless,2,2,False,558141,0.019560125000000005,35.04513196486193
assign-string,8,2-stackless,2,3,False,558141,0.019878250000000007,35.615104427017556
assign-string,8,2-stackless,2,4,False,558141,0.019223749999999998,34.442461671871435
assign-string,8,1x,2,0,True,558141,0.0467077,83.68440949509174
assign-string,8,1x,2,1,True,558141,0.0465368,83.37821446552036
assign-string,8,1x,2,2,False,558141,0.046571,83.43948930467391
assign-string,8,1x,2,3,False,558141,0.0471251,84.43224919867919
assign-string,8,1x,2,4,False,558141,0.0468899,84.01085030485129
update-seq,256,1x,0,0,True,97224,0.058506,601.7649962972106
update-seq,256,1x,0,1,True,97224,0.058258,599.2141857977454
update-seq,256,1x,0,2,False,97224,0.059523,612.2253764502592
update-seq,256,1x,0,3,False,97224,0.0590596,607.459063605694
update-seq,256,1x,0,4,False,97224,0.0594094,611.0569406730848
update-seq,256,2-stackless,0,0,True,97224,0.020032167,206.04137867193285
update-seq,256,2-stackless,0,1,True,97224,0.019984999999999996,205.55624125730267
update-seq,256,2-stackless,0,2,False,97224,0.020028667,206.00537933020652
update-seq,256,2-stackless,0,3,False,97224,0.020110957999999998,206.85178556734962
update-seq,256,2-stackless,0,4,False,97224,0.019736709000000005,203.0024376697112
update-seq,256,1x,1,0,True,97224,0.0589462,606.2926849337612
update-seq,256,1x,1,1,True,97224,0.0586769,603.5227927260759
update-seq,256,1x,1,2,False,97224,0.0589794,606.634164403851
update-seq,256,1x,1,3,False,97224,0.0588794,605.6056117830989
update-seq,256,1x,1,4,False,97224,0.0588644,605.451328889986
update-seq,256,2-stackless,1,0,True,97224,0.020161166,207.36820126717683
update-seq,256,2-stackless,1,1,True,97224,0.020049457999999996,206.21922570558706
update-seq,256,2-stackless,1,2,False,97224,0.020066124999999997,206.39065457088782
update-seq,256,2-stackless,1,3,False,97224,0.020305249999999997,208.8501810252612
update-seq,256,2-stackless,1,4,False,97224,0.020313082999999996,208.93074755204472
update-seq,256,1x,2,0,True,97224,0.0597455,614.5139060314326
update-seq,256,1x,2,1,True,97224,0.0590536,607.397350448449
update-seq,256,1x,2,2,False,97224,0.0584242,600.9236402534353
update-seq,256,1x,2,3,False,97224,0.0591177,608.056652678351
update-seq,256,1x,2,4,False,97224,0.0585534,602.2525302394471
update-seq,256,2-stackless,2,0,True,97224,0.019895833,204.63911174195673
update-seq,256,2-stackless,2,1,True,97224,0.020112292,206.86550645931047
update-seq,256,2-stackless,2,2,False,97224,0.02030125,208.80903892043116
update-seq,256,2-stackless,2,3,False,97224,0.020471749999999997,210.56272113881343
update-seq,256,2-stackless,2,4,False,97224,0.020004791999999993,205.7598123920019
get-int,0,2-stackless,0,0,True,3672488,0.03755,10.224676023447865
get-int,0,2-stackless,0,1,True,3672488,0.037950875,10.333832268478481
get-int,0,2-stackless,0,2,False,3672488,0.03804204200000001,10.35865658376556
get-int,0,2-stackless,0,3,False,3672488,0.03766166600000001,10.255082113270351
get-int,0,2-stackless,0,4,False,3672488,0.03787320799999999,10.312683935250433
get-int,0,1x,0,0,True,3672488,0.0191222,5.206878824382816
get-int,0,1x,0,1,True,3672488,0.0188615,5.135891526398453
get-int,0,1x,0,2,False,3672488,0.01869,5.089192939500415
get-int,0,1x,0,3,False,3672488,0.0187185,5.096953346069476
get-int,0,1x,0,4,False,3672488,0.0187084,5.094203166899388
get-int,0,2-stackless,1,0,True,3672488,0.037175209,10.122622320345226
get-int,0,2-stackless,1,1,True,3672488,0.03749758400000001,10.210403410440009
get-int,0,2-stackless,1,2,False,3672488,0.03744191699999999,10.19524556649334
get-int,0,2-stackless,1,3,False,3672488,0.037525041999999995,10.217880085653103
get-int,0,2-stackless,1,4,False,3672488,0.03741662500000001,10.188358682179494
get-int,0,1x,1,0,True,3672488,0.019454,5.297226294544734
get-int,0,1x,1,1,True,3672488,0.0189718,5.1659256612955575
get-int,0,1x,1,2,False,3672488,0.0191577,5.216545295723226
get-int,0,1x,1,3,False,3672488,0.0191088,5.203230071820521
get-int,0,1x,1,4,False,3672488,0.0191467,5.213550051082536
get-int,0,2-stackless,2,0,True,3672488,0.037645792000000004,10.250759702958868
get-int,0,2-stackless,2,1,True,3672488,0.038345209000000005,10.441207432127758
get-int,0,2-stackless,2,2,False,3672488,0.038191875,10.399455355606335
get-int,0,2-stackless,2,3,False,3672488,0.03767933300000001,10.259892748458268
get-int,0,2-stackless,2,4,False,3672488,0.03801975000000002,10.35258658435372
get-int,0,1x,2,0,True,3672488,0.0188165,5.123638252868355
get-int,0,1x,2,1,True,3672488,0.0188325,5.127994972345723
get-int,0,1x,2,2,False,3672488,0.0188224,5.125244793175635
get-int,0,1x,2,3,False,3672488,0.0188584,5.135047411999713
get-int,0,1x,2,4,False,3672488,0.0190672,5.191902601179364
get-seq,64,2-stackless,0,0,True,402955,0.019801417,49.14051693117097
get-seq,64,2-stackless,0,1,True,402955,0.02007,49.807050415058754
get-seq,64,2-stackless,0,2,False,402955,0.020259332999999997,50.27691181397426
get-seq,64,2-stackless,0,3,False,402955,0.020460707999999994,50.776657443138795
get-seq,64,2-stackless,0,4,False,402955,0.020349167,50.499849859165415
get-seq,64,1x,0,0,True,402955,0.0386692,95.96406546636722
get-seq,64,1x,0,1,True,402955,0.0398039,98.7800126565001
get-seq,64,1x,0,2,False,402955,0.0394933,98.00920698341005
get-seq,64,1x,0,3,False,402955,0.0394709,97.95361764961348
get-seq,64,1x,0,4,False,402955,0.0385182,95.58933379657778
get-seq,64,1x,1,0,True,402955,0.039037,96.87682247397352
get-seq,64,1x,1,1,True,402955,0.0390757,96.97286297477386
get-seq,64,1x,1,2,False,402955,0.039543,98.13254581777122
get-seq,64,1x,1,3,False,402955,0.0387078,96.05985780049882
get-seq,64,1x,1,4,False,402955,0.0390095,96.80857664007148
get-seq,64,2-stackless,1,0,True,402955,0.020106666,49.898043205817025
get-seq,64,2-stackless,1,1,True,402955,0.019757791,49.03225174026876
get-seq,64,2-stackless,1,2,False,402955,0.0200645,49.79340124827834
get-seq,64,2-stackless,1,3,False,402955,0.020417874999999995,50.67036021391966
get-seq,64,2-stackless,1,4,False,402955,0.020292458,50.35911702299264
get-seq,64,1x,2,0,True,402955,0.0393227,97.58583464654862
get-seq,64,1x,2,1,True,402955,0.039708,98.54202082118351
get-seq,64,1x,2,2,False,402955,0.0388128,96.32043280267027
get-seq,64,1x,2,3,False,402955,0.038966,96.70062413917186
get-seq,64,1x,2,4,False,402955,0.0391508,97.15923614299363
get-seq,64,2-stackless,2,0,True,402955,0.019988000000000002,49.60355374669629
get-seq,64,2-stackless,2,1,True,402955,0.019875291999999996,49.32385005769874
get-seq,64,2-stackless,2,2,False,402955,0.020483541999999993,50.83332382027768
get-seq,64,2-stackless,2,3,False,402955,0.020701459000000005,51.37412117978435
get-seq,64,2-stackless,2,4,False,402955,0.020194875,50.11694854264124
update-string,64,2-stackless,0,0,True,314837,0.019999667000000002,63.52387743499018
update-string,64,2-stackless,0,1,True,314837,0.020262875,64.35989099121133
update-string,64,2-stackless,0,2,False,314837,0.019997458000000003,63.516861105905605
update-string,64,2-stackless,0,3,False,314837,0.01996395799999999,63.41045683957092
update-string,64,2-stackless,0,4,False,314837,0.019984084,63.4743819817874
update-string,64,1x,0,0,True,314837,0.0428036,135.95479565616495
update-string,64,1x,0,1,True,314837,0.0416292,132.22461146561554
update-string,64,1x,0,2,False,314837,0.0420273,133.48907529928186
update-string,64,1x,0,3,False,314837,0.0427669,135.83822740021026
update-string,64,1x,0,4,False,314837,0.0420106,133.43603197845235
update-string,64,2-stackless,1,0,True,314837,0.019564500000000002,62.14167966280966
update-string,64,2-stackless,1,1,True,314837,0.020033125000000002,63.63014829896106
update-string,64,2-stackless,1,2,False,314837,0.020066458000000002,63.736022132087406
update-string,64,2-stackless,1,3,False,314837,0.020009832999999998,63.556167159514274
update-string,64,2-stackless,1,4,False,314837,0.019749084,62.72796399406677
update-string,64,1x,1,0,True,314837,0.0418564,132.94625472863737
update-string,64,1x,1,1,True,314837,0.041883,133.03074289235383
update-string,64,1x,1,2,False,314837,0.042405,134.6887436991205
update-string,64,1x,1,3,False,314837,0.0423528,134.52294361844383
update-string,64,1x,1,4,False,314837,0.0426225,135.37957736860662
update-string,64,1x,2,0,True,314837,0.0424147,134.7195532926562
update-string,64,1x,2,1,True,314837,0.0421327,133.82385170739144
update-string,64,1x,2,2,False,314837,0.0419394,133.20988320940677
update-string,64,1x,2,3,False,314837,0.0421979,134.03094299589947
update-string,64,1x,2,4,False,314837,0.0421902,134.00648589587627
update-string,64,2-stackless,2,0,True,314837,0.01978375,62.83807176411921
update-string,64,2-stackless,2,1,True,314837,0.019734541999999997,62.68177501373726
update-string,64,2-stackless,2,2,False,314837,0.019865708000000003,63.09839059576861
update-string,64,2-stackless,2,3,False,314837,0.020020375000000007,63.58965115281878
update-string,64,2-stackless,2,4,False,314837,0.01998116600000001,63.46511369375266
const-table,8,2-stackless,0,0,True,1717343,0.021340583,12.426511768470247
const-table,8,2-stackless,0,1,True,1717343,0.021489958,12.513492063029926
const-table,8,2-stackless,0,2,False,1717343,0.021309416999999997,12.40836396689537
const-table,8,2-stackless,0,3,False,1717343,0.02135020800000001,12.432116356487906
const-table,8,2-stackless,0,4,False,1717343,0.021145125,12.312697579924336
const-table,8,1x,0,0,True,1717343,0.123772,72.07179928529129
const-table,8,1x,0,1,True,1717343,0.128528,74.84119363458552
const-table,8,1x,0,2,False,1717343,0.133182,77.5511939082641
const-table,8,1x,0,3,False,1717343,0.126639,73.74123864597811
const-table,8,1x,0,4,False,1717343,0.122163,71.13488685719743
const-table,8,1x,1,0,True,1717343,0.124942,72.75308427029428
const-table,8,1x,1,1,True,1717343,0.12976,75.55858090084507
const-table,8,1x,1,2,False,1717343,0.122225,71.17098913845399
const-table,8,1x,1,3,False,1717343,0.129929,75.65698873201218
const-table,8,1x,1,4,False,1717343,0.128806,75.00307160538111
const-table,8,2-stackless,1,0,True,1717343,0.021324042,12.41688002920791
const-table,8,2-stackless,1,1,True,1717343,0.021290666999999996,12.397445938289554
const-table,8,2-stackless,1,2,False,1717343,0.021296875,12.401060824774085
const-table,8,2-stackless,1,3,False,1717343,0.021813792,12.702058936391856
const-table,8,2-stackless,1,4,False,1717343,0.021287249999999994,12.395456236756427
const-table,8,1x,2,0,True,1717343,0.123476,71.89944000703412
const-table,8,1x,2,1,True,1717343,0.113757,66.24011627263744
const-table,8,1x,2,2,False,1717343,0.130114,75.76471328092292
const-table,8,1x,2,3,False,1717343,0.127967,74.51452621869947
const-table,8,1x,2,4,False,1717343,0.130041,75.72220575621759
const-table,8,2-stackless,2,0,True,1717343,0.021788167,12.687137630630573
const-table,8,2-stackless,2,1,True,1717343,0.021772875,12.678233177647098
const-table,8,2-stackless,2,2,False,1717343,0.02176625,12.674375474206375
const-table,8,2-stackless,2,3,False,1717343,0.021772250000000007,12.677869243360242
const-table,8,2-stackless,2,4,False,1717343,0.021918208999999994,12.762860418681646
add-float4,64,2-stackless,0,0,True,352139,0.027447084,77.94389147467335
add-float4,64,2-stackless,0,1,True,352139,0.027525209000000002,78.16574988853834
add-float4,64,2-stackless,0,2,False,352139,0.027577958,78.31554584979227
add-float4,64,2-stackless,0,3,False,352139,0.028033917000000005,79.6103726085438
add-float4,64,2-stackless,0,4,False,352139,0.028096374999999993,79.78774006855245
add-float4,64,1x,0,0,True,352139,0.0209693,59.548360164594094
add-float4,64,1x,0,1,True,352139,0.0579605,164.59551483931062
add-float4,64,1x,0,2,False,352139,0.0588303,167.06556217857153
add-float4,64,1x,0,3,False,352139,0.0297647,84.525428878937
add-float4,64,1x,0,4,False,352139,0.0489228,138.9303655658703
add-float4,64,1x,1,0,True,352139,0.0214391,60.882492424866314
add-float4,64,1x,1,1,True,352139,0.021541,61.171866791238685
add-float4,64,1x,1,2,False,352139,0.0213522,60.635714873956026
add-float4,64,1x,1,3,False,352139,0.021451,60.91628589846623
add-float4,64,1x,1,4,False,352139,0.0214551,60.927929028025865
add-float4,64,2-stackless,1,0,True,352139,0.027896834000000002,79.22108599161128
add-float4,64,2-stackless,1,1,True,352139,0.027918291,79.28201931623592
add-float4,64,2-stackless,1,2,False,352139,0.02818225,80.03160683707286
add-float4,64,2-stackless,1,3,False,352139,0.028185290999999987,80.04024263146084
add-float4,64,2-stackless,1,4,False,352139,0.028076958,79.73259991083067
add-float4,64,1x,2,0,True,352139,0.0209816,59.583289553273
add-float4,64,1x,2,1,True,352139,0.0209258,59.424829399754074
add-float4,64,1x,2,2,False,352139,0.0207636,58.96421583522416
add-float4,64,1x,2,3,False,352139,0.0210312,59.7241430230676
add-float4,64,1x,2,4,False,352139,0.0210498,59.77696307424057
add-float4,64,2-stackless,2,0,True,352139,0.027390584,77.7834434697662
add-float4,64,2-stackless,2,1,True,352139,0.027661334,78.55231598885668
add-float4,64,2-stackless,2,2,False,352139,0.02752375,78.16160663828772
add-float4,64,2-stackless,2,3,False,352139,0.027775833,78.87746884042949
add-float4,64,2-stackless,2,4,False,352139,0.02784537500000002,79.07495335648713
assign-string,256,1x,0,0,True,21538,0.0425621,1976.1398458538397
assign-string,256,1x,0,1,True,21538,0.0431688,2004.3086637570805
assign-string,256,1x,0,2,False,21538,0.0431829,2004.9633206425851
assign-string,256,1x,0,3,False,21538,0.0442585,2054.902962206333
assign-string,256,1x,0,4,False,21538,0.0438539,2036.1175596619928
assign-string,256,2-stackless,0,0,True,21538,0.020069209,931.8046708143746
assign-string,256,2-stackless,0,1,True,21538,0.020153584,935.7221654749744
assign-string,256,2-stackless,0,2,False,21538,0.019739042000000005,916.4751601820041
assign-string,256,2-stackless,0,3,False,21538,0.019676750000000007,913.5829696350639
assign-string,256,2-stackless,0,4,False,21538,0.020374125000000007,945.9617884668961
assign-string,256,1x,1,0,True,21538,0.0429455,1993.9409415916055
assign-string,256,1x,1,1,True,21538,0.0430466,1998.6349707493732
assign-string,256,1x,1,2,False,21538,0.043218,2006.5929984213947
assign-string,256,1x,1,3,False,21538,0.0430681,1999.633206425852
assign-string,256,1x,1,4,False,21538,0.0435697,2022.9222769059336
assign-string,256,2-stackless,1,0,True,21538,0.019967959,927.1036772216547
assign-string,256,2-stackless,1,1,True,21538,0.020414000000000005,947.8131674250164
assign-string,256,2-stackless,1,2,False,21538,0.020166250000000004,936.3102423623365
assign-string,256,2-stackless,1,3,False,21538,0.019852541,921.7448695329185
assign-string,256,2-stackless,1,4,False,21538,0.019826833000000002,920.5512582412482
assign-string,256,1x,2,0,True,21538,0.0426372,1979.6267062865634
assign-string,256,1x,2,1,True,21538,0.0428086,1987.5847339585848
assign-string,256,1x,2,2,False,21538,0.042487,1972.6529854211162
assign-string,256,1x,2,3,False,21538,0.0424084,1969.003621506175
assign-string,256,1x,2,4,False,21538,0.04207,1953.2918562540626
assign-string,256,2-stackless,2,0,True,21538,0.019574,908.812331692822
assign-string,256,2-stackless,2,1,True,21538,0.019827249999999998,920.5706193704149
assign-string,256,2-stackless,2,2,False,21538,0.019812834,919.9012907419444
assign-string,256,2-stackless,2,3,False,21538,0.019835,920.9304485096109
assign-string,256,2-stackless,2,4,False,21538,0.020130666000000005,934.6580926734146
push-shared-seq,64,2-stackless,0,0,True,87362,0.034106250000000005,390.40143311737376
push-shared-seq,64,2-stackless,0,1,True,87362,0.03422287499999999,391.73639568691186
push-shared-seq,64,2-stackless,0,2,False,87362,0.034433792000000005,394.1506833634762
push-shared-seq,64,2-stackless,0,3,False,87362,0.03410062499999998,390.3370458551771
push-shared-seq,64,2-stackless,0,4,False,87362,0.03431637500000001,392.8066550674207
push-shared-seq,64,1x,0,0,True,87362,0.0216734,248.0872690643529
push-shared-seq,64,1x,0,1,True,87362,0.0219338,251.06797005563058
push-shared-seq,64,1x,0,2,False,87362,0.0217444,248.8999793960761
push-shared-seq,64,1x,0,3,False,87362,0.0216015,247.26425677067832
push-shared-seq,64,1x,0,4,False,87362,0.0217573,249.04764085071312
push-shared-seq,64,1x,1,0,True,87362,0.021752,248.98697374144365
push-shared-seq,64,1x,1,1,True,87362,0.0217079,248.48217760582403
push-shared-seq,64,1x,1,2,False,87362,0.0222113,254.24440832398525
push-shared-seq,64,1x,1,3,False,87362,0.022042,252.30649481467916
push-shared-seq,64,1x,1,4,False,87362,0.0221083,253.06540601176712
push-shared-seq,64,2-stackless,1,0,True,87362,0.033394584,382.2552597239074
push-shared-seq,64,2-stackless,1,1,True,87362,0.0332475,380.57164442205993
push-shared-seq,64,2-stackless,1,2,False,87362,0.033434416999999994,382.7112131132528
push-shared-seq,64,2-stackless,1,3,False,87362,0.033277084,380.91028135802753
push-shared-seq,64,2-stackless,1,4,False,87362,0.03349666700000001,383.4237654815596
push-shared-seq,64,1x,2,0,True,87362,0.0216465,247.77935486824936
push-shared-seq,64,1x,2,1,True,87362,0.0216122,247.38673565165632
push-shared-seq,64,1x,2,2,False,87362,0.021666,248.00256404386346
push-shared-seq,64,1x,2,3,False,87362,0.0218175,249.73672763901925
push-shared-seq,64,1x,2,4,False,87362,0.0218473,250.07783704585518
push-shared-seq,64,2-stackless,2,0,True,87362,0.034140625,390.79491083079597
push-shared-seq,64,2-stackless,2,1,True,87362,0.03414541699999999,390.84976305487504
push-shared-seq,64,2-stackless,2,2,False,87362,0.033846209,387.4248414642522
push-shared-seq,64,2-stackless,2,3,False,87362,0.03379541700000001,386.84344451821164
push-shared-seq,64,2-stackless,2,4,False,87362,0.03390691700000001,388.11974313774874
assign-int,64,2-stackless,0,0,True,172092,0.024888292,144.62201613090673
assign-int,64,2-stackless,0,1,True,172092,0.025147124999999996,146.12605466843314
assign-int,64,2-stackless,0,2,False,172092,0.024712083000000003,143.5980928805523
assign-int,64,2-stackless,0,3,False,172092,0.024667082999999992,143.33660483927198
assign-int,64,2-stackless,0,4,False,172092,0.024611875000000005,143.01579968853872
assign-int,64,1x,0,0,True,172092,0.02132,123.88722311321851
assign-int,64,1x,0,1,True,172092,0.0208837,121.35195128187249
assign-int,64,1x,0,2,False,172092,0.0213432,124.02203472561189
assign-int,64,1x,0,3,False,172092,0.0213126,123.84422285754131
assign-int,64,1x,0,4,False,172092,0.0211165,122.70471608209563
assign-int,64,1x,1,0,True,172092,0.0214368,124.56592985147479
assign-int,64,1x,1,1,True,172092,0.0208099,120.92311089417288
assign-int,64,1x,1,2,False,172092,0.0212381,123.41131487808846
assign-int,64,1x,1,3,False,172092,0.0211877,123.11844827185459
assign-int,64,1x,1,4,False,172092,0.0213498,124.06038630499965
assign-int,64,2-stackless,1,0,True,172092,0.025049667,145.5597413011645
assign-int,64,2-stackless,1,1,True,172092,0.024833083,144.30120516932803
assign-int,64,2-stackless,1,2,False,172092,0.025038541999999997,145.49509564651464
assign-int,64,2-stackless,1,3,False,172092,0.024935374999999996,144.89560816307554
assign-int,64,2-stackless,1,4,False,172092,0.025256625000000005,146.76234223554846
assign-int,64,2-stackless,2,0,True,172092,0.024778083,143.98160867442996
assign-int,64,2-stackless,2,1,True,172092,0.024785583,144.02519001464333
assign-int,64,2-stackless,2,2,False,172092,0.02495720800000001,145.02247634985943
assign-int,64,2-stackless,2,3,False,172092,0.024853457999999995,144.41960114357434
assign-int,64,2-stackless,2,4,False,172092,0.025077041999999994,145.71881319294326
assign-int,64,1x,2,0,True,172092,0.0214115,124.41891546382168
assign-int,64,1x,2,1,True,172092,0.0210447,122.2874973851196
assign-int,64,1x,2,2,False,172092,0.0212678,123.58389698533342
assign-int,64,1x,2,3,False,172092,0.0216443,125.77168026404482
assign-int,64,1x,2,4,False,172092,0.0217768,126.5416172744811
get-string,256,1x,0,0,True,125747,0.0282495,224.65347085815168
get-string,256,1x,0,1,True,125747,0.0282578,224.71947640897994
get-string,256,1x,0,2,False,125747,0.0275104,218.77579584403605
get-string,256,1x,0,3,False,125747,0.0275474,219.07003745616197
get-string,256,1x,0,4,False,125747,0.027514,218.8044247576483
get-string,256,2-stackless,0,0,True,125747,0.019778333000000002,157.28671856982675
get-string,256,2-stackless,0,1,True,125747,0.019816042000000002,157.5865984874391
get-string,256,2-stackless,0,2,False,125747,0.019727750000000002,156.8844584761466
get-string,256,2-stackless,0,3,False,125747,0.019915459000000003,158.37720979426948
get-string,256,2-stackless,0,4,False,125747,0.019831709000000003,157.71118992898442
get-string,256,2-stackless,1,0,True,125747,0.0194805,154.918208784305
get-string,256,2-stackless,1,1,True,125747,0.019767583,157.20122945279013
get-string,256,2-stackless,1,2,False,125747,0.019695875,156.63097330353807
get-string,256,2-stackless,1,3,False,125747,0.020116667000000005,159.97731158596233
get-string,256,2-stackless,1,4,False,125747,0.019653084,156.2906789028764
get-string,256,1x,1,0,True,125747,0.0276883,220.19054132504155
get-string,256,1x,1,1,True,125747,0.026908,213.98522429958567
get-string,256,1x,1,2,False,125747,0.0277022,220.30108074148887
get-string,256,1x,1,3,False,125747,0.0276903,220.20644627704837
get-string,256,1x,1,4,False,125747,0.0272324,216.56500751508983
get-string,256,1x,2,0,True,125747,0.027475,218.49427819351556
get-string,256,1x,2,1,True,125747,0.027235,216.58568395269867
get-string,256,1x,2,2,False,125747,0.0270273,214.93395468679174
get-string,256,1x,2,3,False,125747,0.0271647,216.0266248896594
get-string,256,1x,2,4,False,125747,0.0274854,218.57698394395095
get-string,256,2-stackless,2,0,True,125747,0.019898209,158.24002958321074
get-string,256,2-stackless,2,1,True,125747,0.019845415999999998,157.820194517563
get-string,256,2-stackless,2,2,False,125747,0.019871542,158.02796090562796
get-string,256,2-stackless,2,3,False,125747,0.019690708000000008,156.58988286002852
get-string,256,2-stackless,2,4,False,125747,0.019927040999999993,158.4693153713408
update-int,0,1x,0,0,True,3096791,0.0164124,5.299808737496331
update-int,0,1x,0,1,True,3096791,0.0162081,5.233837220529251
update-int,0,1x,0,2,False,3096791,0.0164951,5.326513800899059
update-int,0,1x,0,3,False,3096791,0.0164788,5.321250287797917
update-int,0,1x,0,4,False,3096791,0.016533,5.338752276146502
update-int,0,2-stackless,0,0,True,3096791,0.032166333,10.386988660196959
update-int,0,2-stackless,0,1,True,3096791,0.032619709000000004,10.533390532328466
update-int,0,2-stackless,0,2,False,3096791,0.032140375,10.37860643485466
update-int,0,2-stackless,0,3,False,3096791,0.03278474999999999,10.586684732679728
update-int,0,2-stackless,0,4,False,3096791,0.032586792,10.522761142098386
update-int,0,1x,1,0,True,3096791,0.0160178,5.172386512360698
update-int,0,1x,1,1,True,3096791,0.0160694,5.189048921932414
update-int,0,1x,1,2,False,3096791,0.0159362,5.146036655363569
update-int,0,1x,1,3,False,3096791,0.0158393,5.114746200179476
update-int,0,1x,1,4,False,3096791,0.0163178,5.269260986614854
update-int,0,2-stackless,1,0,True,3096791,0.031926583,10.309569809522179
update-int,0,2-stackless,1,1,True,3096791,0.032558291999999996,10.513558067044238
update-int,0,2-stackless,1,2,False,3096791,0.03235475,10.447831319582109
update-int,0,2-stackless,1,3,False,3096791,0.031975541999999996,10.325379400805542
update-int,0,2-stackless,1,4,False,3096791,0.031945375,10.31563802658946
update-int,0,2-stackless,2,0,True,3096791,0.031752959000000004,10.253504030462503
update-int,0,2-stackless,2,1,True,3096791,0.031634541,10.215265092155073
update-int,0,2-stackless,2,2,False,3096791,0.03195375,10.318342438995723
update-int,0,2-stackless,2,3,False,3096791,0.03199112499999998,10.330411383913212
update-int,0,2-stackless,2,4,False,3096791,0.031941417,10.314359929359133
update-int,0,1x,2,0,True,3096791,0.015642,5.05103508761166
update-int,0,1x,2,1,True,3096791,0.0157193,5.0759964104778135
update-int,0,1x,2,2,False,3096791,0.0159624,5.154497026115099
update-int,0,1x,2,3,False,3096791,0.0160066,5.1687698653218765
update-int,0,1x,2,4,False,3096791,0.0158467,5.117135770544412
get-seq,256,1x,0,0,True,128625,0.0339072,263.6128279883382
get-seq,256,1x,0,1,True,128625,0.0320946,249.5206997084548
get-seq,256,1x,0,2,False,128625,0.0320304,249.02157434402332
get-seq,256,1x,0,3,False,128625,0.0324407,252.21146744412053
get-seq,256,1x,0,4,False,128625,0.0326343,253.71661807580173
get-seq,256,2-stackless,0,0,True,128625,0.019979666,155.33268027210883
get-seq,256,2-stackless,0,1,True,128625,0.020237333,157.33592225461612
get-seq,256,2-stackless,0,2,False,128625,0.02031375,157.93002915451896
get-seq,256,2-stackless,0,3,False,128625,0.020166749999999997,156.78717201166177
get-seq,256,2-stackless,0,4,False,128625,0.020280500000000007,157.67152575315848
get-seq,256,2-stackless,1,0,True,128625,0.020115,156.38483965014578
get-seq,256,2-stackless,1,1,True,128625,0.020343332999999998,158.16002332361515
get-seq,256,2-stackless,1,2,False,128625,0.020141374999999996,156.58989310009716
get-seq,256,2-stackless,1,3,False,128625,0.020302959000000002,157.8461341107872
get-seq,256,2-stackless,1,4,False,128625,0.02038825000000001,158.5092322643344
get-seq,256,1x,1,0,True,128625,0.0331645,257.83867832847426
get-seq,256,1x,1,1,True,128625,0.0324243,252.0839650145773
get-seq,256,1x,1,2,False,128625,0.0329003,255.7846452866861
get-seq,256,1x,1,3,False,128625,0.0332777,258.7187560738581
get-seq,256,1x,1,4,False,128625,0.0340489,264.7144800777454
get-seq,256,1x,2,0,True,128625,0.0334888,260.35996112730805
get-seq,256,1x,2,1,True,128625,0.0331205,257.4965986394557
get-seq,256,1x,2,2,False,128625,0.0326033,253.47560738581146
get-seq,256,1x,2,3,False,128625,0.0326451,253.80058309037904
get-seq,256,1x,2,4,False,128625,0.0323489,251.4977648202138
get-seq,256,2-stackless,2,0,True,128625,0.020053208000000003,155.9044353741497
get-seq,256,2-stackless,2,1,True,128625,0.020418667000000005,158.7457103984451
get-seq,256,2-stackless,2,2,False,128625,0.020457667,159.04891739552963
get-seq,256,2-stackless,2,3,False,128625,0.020383542000000004,158.47262973760937
get-seq,256,2-stackless,2,4,False,128625,0.020339790999999996,158.13248590864916
update-string,8,2-stackless,0,0,True,1255564,0.020109125,16.016009538342928
update-string,8,2-stackless,0,1,True,1255564,0.020170291,16.064725493881635
update-string,8,2-stackless,0,2,False,1255564,0.020290084,16.160135206170295
update-string,8,2-stackless,0,3,False,1255564,0.020346000000000003,16.20466977390241
update-string,8,2-stackless,0,4,False,1255564,0.020228125,16.110787661959087
update-string,8,1x,0,0,True,1255564,0.036203,28.834053859460766
update-string,8,1x,0,1,True,1255564,0.0363458,28.94778760780016
update-string,8,1x,0,2,False,1255564,0.0365221,29.08820259261973
update-string,8,1x,0,3,False,1255564,0.0363113,28.920309916499676
update-string,8,1x,0,4,False,1255564,0.036324,28.930424892717536
update-string,8,1x,1,0,True,1255564,0.0362622,28.881203984822758
update-string,8,1x,1,1,True,1255564,0.0362723,28.889248178507827
update-string,8,1x,1,2,False,1255564,0.0365302,29.094653876664193
update-string,8,1x,1,3,False,1255564,0.0362845,28.898964927315532
update-string,8,1x,1,4,False,1255564,0.0364233,29.00951285637371
update-string,8,2-stackless,1,0,True,1255564,0.020640250000000002,16.43902660477682
update-string,8,2-stackless,1,1,True,1255564,0.020256125,16.133088396927597
update-string,8,2-stackless,1,2,False,1255564,0.019948416999999996,15.888012877081533
update-string,8,2-stackless,1,3,False,1255564,0.020080958999999995,15.993576591874247
update-string,8,2-stackless,1,4,False,1255564,0.020088415999999998,15.999515755469252
update-string,8,1x,2,0,True,1255564,0.0363378,28.941415969237728
update-string,8,1x,2,1,True,1255564,0.0363912,28.983946656641955
update-string,8,1x,2,2,False,1255564,0.0365752,29.130494343577865
update-string,8,1x,2,3,False,1255564,0.0365042,29.073946051336293
update-string,8,1x,2,4,False,1255564,0.0365037,29.07354782392614
update-string,8,2-stackless,2,0,True,1255564,0.020184792,16.07627488523086
update-string,8,2-stackless,2,1,True,1255564,0.020292000000000004,16.161661213606
update-string,8,2-stackless,2,2,False,1255564,0.020051333000000005,15.96998082136793
update-string,8,2-stackless,2,3,False,1255564,0.020186624999999993,16.077734786916473
update-string,8,2-stackless,2,4,False,1255564,0.019941957999999996,15.88286857539719
assign-int,0,2-stackless,0,0,True,4040405,0.041785083,10.341805586321174
assign-int,0,2-stackless,0,1,True,4040405,0.041912666,10.373382371321688
assign-int,0,2-stackless,0,2,False,4040405,0.041985333,10.39136744955023
assign-int,0,2-stackless,0,3,False,4040405,0.041593958000000014,10.29450216005574
assign-int,0,2-stackless,0,4,False,4040405,0.04202745799999999,10.40179338457407
assign-int,0,1x,0,0,True,4040405,0.0207982,5.147553277456097
assign-int,0,1x,0,1,True,4040405,0.0203585,5.0387275533022065
assign-int,0,1x,0,2,False,4040405,0.0206458,5.109834286414357
assign-int,0,1x,0,3,False,4040405,0.02076,5.13809877970154
assign-int,0,1x,0,4,False,4040405,0.0206786,5.117952284486332
assign-int,0,1x,1,0,True,4040405,0.0210029,5.198216515423578
assign-int,0,1x,1,1,True,4040405,0.0207263,5.129758031682467
assign-int,0,1x,1,2,False,4040405,0.0208833,5.1686155224538135
assign-int,0,1x,1,3,False,4040405,0.0209672,5.189380767522068
assign-int,0,1x,1,4,False,4040405,0.0211737,5.240489505383742
assign-int,0,2-stackless,1,0,True,4040405,0.041917292,10.374527306049766
assign-int,0,2-stackless,1,1,True,4040405,0.041855875,10.359326602159932
assign-int,0,2-stackless,1,2,False,4040405,0.042168582999999996,10.436721813778567
assign-int,0,2-stackless,1,3,False,4040405,0.04211662500000002,10.42386221183273
assign-int,0,2-stackless,1,4,False,4040405,0.04193470899999999,10.378838012525968
assign-int,0,2-stackless,2,0,True,4040405,0.041304,10.222737572099827
assign-int,0,2-stackless,2,1,True,4040405,0.041213625000000004,10.200369764912182
assign-int,0,2-stackless,2,2,False,4040405,0.041479916000000006,10.26627677175927
assign-int,0,2-stackless,2,3,False,4040405,0.04154450000000001,10.282261307962942
assign-int,0,2-stackless,2,4,False,4040405,0.041986417,10.391635739486512
assign-int,0,1x,2,0,True,4040405,0.0208632,5.163640773635317
assign-int,0,1x,2,1,True,4040405,0.0213284,5.278777746290285
assign-int,0,1x,2,2,False,4040405,0.0212115,5.249845003161812
assign-int,0,1x,2,3,False,4040405,0.0210469,5.209106512837203
assign-int,0,1x,2,4,False,4040405,0.0211186,5.226852258622588
get-string,0,2-stackless,0,0,True,2173914,0.023732916,10.917136556459916
get-string,0,2-stackless,0,1,True,2173914,0.023866250000000002,10.978470169473127
get-string,0,2-stackless,0,2,False,2173914,0.023611499999999994,10.8612852210345
get-string,0,2-stackless,0,3,False,2173914,0.023640542,10.874644535156405
get-string,0,2-stackless,0,4,False,2173914,0.023512167,10.815592061139492
get-string,0,1x,0,0,True,2173914,0.021682,9.973715611565131
get-string,0,1x,0,1,True,2173914,0.021616,9.943355624923525
get-string,0,1x,0,2,False,2173914,0.0218288,10.041243581852823
get-string,0,1x,0,3,False,2173914,0.0219403,10.092533559285235
get-string,0,1x,0,4,False,2173914,0.0218895,10.069165569567149
get-string,0,2-stackless,1,0,True,2173914,0.023305083,10.720333463053276
get-string,0,2-stackless,1,1,True,2173914,0.023650167000000003,10.879072033208308
get-string,0,2-stackless,1,2,False,2173914,0.023690458000000005,10.897605885053412
get-string,0,2-stackless,1,3,False,2173914,0.023718000000000003,10.910275199478914
get-string,0,2-stackless,1,4,False,2173914,0.024150458,11.109205791949451
get-string,0,1x,1,0,True,2173914,0.0223645,10.287665473427191
get-string,0,1x,1,1,True,2173914,0.0217334,9.997359601161776
get-string,0,1x,1,2,False,2173914,0.0217172,9.989907604440655
get-string,0,1x,1,3,False,2173914,0.0217133,9.988113605230014
get-string,0,1x,1,4,False,2173914,0.0217085,9.985905606201534
get-string,0,1x,2,0,True,2173914,0.0216263,9.948093622838806
get-string,0,1x,2,1,True,2173914,0.0216316,9.950531621766087
get-string,0,1x,2,2,False,2173914,0.0216195,9.944965624215126
get-string,0,1x,2,3,False,2173914,0.0217628,10.010883595211219
get-string,0,1x,2,4,False,2173914,0.0217138,9.988343605128813
get-string,0,2-stackless,2,0,True,2173914,0.023238958,10.68991597643697
get-string,0,2-stackless,2,1,True,2173914,0.023687499999999997,10.896245205652107
get-string,0,2-stackless,2,2,False,2173914,0.023584125000000004,10.848692726575202
get-string,0,2-stackless,2,3,False,2173914,0.023435625,10.780382756631587
get-string,0,2-stackless,2,4,False,2173914,0.02338445800000001,10.756845946987788
add-float,256,2-stackless,0,0,True,95964,0.01990075,207.37724563377932
add-float,256,2-stackless,0,1,True,95964,0.019614584000000004,204.3952315451628
add-float,256,2-stackless,0,2,False,95964,0.019674459,205.0191634362886
add-float,256,2-stackless,0,3,False,95964,0.019617458000000004,204.42518027593684
add-float,256,2-stackless,0,4,False,95964,0.019656667000000003,204.83376057688304
add-float,256,1x,0,0,True,95964,0.0697288,726.6141469717811
add-float,256,1x,0,1,True,95964,0.0693085,722.2343795590012
add-float,256,1x,0,2,False,95964,0.0551585,574.7832520528532
add-float,256,1x,0,3,False,95964,0.0463717,483.2197490725689
add-float,256,1x,0,4,False,95964,0.023116,240.88199741569755
add-float,256,1x,1,0,True,95964,0.0199025,207.39548163894793
add-float,256,1x,1,1,True,95964,0.0201285,209.75053144929348
add-float,256,1x,1,2,False,95964,0.0201137,209.596306948439
add-float,256,1x,1,3,False,95964,0.0197341,205.64065691300905
add-float,256,1x,1,4,False,95964,0.0197524,205.83135342420073
add-float,256,2-stackless,1,0,True,95964,0.019819167,206.52710391396775
add-float,256,2-stackless,1,1,True,95964,0.019861125,206.96433037389022
add-float,256,2-stackless,1,2,False,95964,0.019613333999999996,204.38220582718515
add-float,256,2-stackless,1,3,False,95964,0.019605709000000006,204.30274894752208
add-float,256,2-stackless,1,4,False,95964,0.019609958999999996,204.3470363886457
add-float,256,2-stackless,2,0,True,95964,0.019425083,202.42052227918802
add-float,256,2-stackless,2,1,True,95964,0.019633666999999997,204.59408736609558
add-float,256,2-stackless,2,2,False,95964,0.019613084000000003,204.37960068358973
add-float,256,2-stackless,2,3,False,95964,0.019793791999999998,206.26268183902292
add-float,256,2-stackless,2,4,False,95964,0.019679375,205.07039097995082
add-float,256,1x,2,0,True,95964,0.0707509,737.2650160476845
add-float,256,1x,2,1,True,95964,0.0518559,540.3682630986619
add-float,256,1x,2,2,False,95964,0.0215277,224.33099912467176
add-float,256,1x,2,3,False,95964,0.0260803,271.77170605643784
add-float,256,1x,2,4,False,95964,0.0290643,302.8667000125047
const-string,64,1x,0,0,True,473186,0.0288064,60.87754075564366
const-string,64,1x,0,1,True,473186,0.029609,62.573702518671304
const-string,64,1x,0,2,False,473186,0.0296408,62.640906535696324
const-string,64,1x,0,3,False,473186,0.0293896,62.11003706787606
const-string,64,1x,0,4,False,473186,0.029305,61.93124902258309
const-string,64,2-stackless,0,0,True,473186,0.021330625,45.07873225327884
const-string,64,2-stackless,0,1,True,473186,0.021714540999999997,45.89007493881898
const-string,64,2-stackless,0,2,False,473186,0.022007459,46.50910846897415
const-string,64,2-stackless,0,3,False,473186,0.021801374999999998,46.07358417197465
const-string,64,2-stackless,0,4,False,473186,0.021757457999999993,45.98077288846245
const-string,64,1x,1,0,True,473186,0.0297721,62.91838727265811
const-string,64,1x,1,1,True,473186,0.0291895,61.687158960746935
const-string,64,1x,1,2,False,473186,0.029705,62.77658257006758
const-string,64,1x,1,3,False,473186,0.0299858,63.370006720401705
const-string,64,1x,1,4,False,473186,0.02964,62.639215868601354
const-string,64,2-stackless,1,0,True,473186,0.021887167000000003,46.25489131123914
const-string,64,2-stackless,1,1,True,473186,0.021936875000000005,46.35994091118504
const-string,64,2-stackless,1,2,False,473186,0.022329082999999993,47.188807361164514
const-string,64,2-stackless,1,3,False,473186,0.02202966699999999,46.55604138753046
const-string,64,2-stackless,1,4,False,473186,0.021903041999999998,46.288440486404916
const-string,64,2-stackless,2,0,True,473186,0.021833666,46.14182583592921
const-string,64,2-stackless,2,1,True,473186,0.02191575,46.315296733208505
const-string,64,2-stackless,2,2,False,473186,0.022133000000000007,46.77441851618604
const-string,64,2-stackless,2,3,False,473186,0.022182375000000004,46.87876437595365
const-string,64,2-stackless,2,4,False,473186,0.021437290999999997,45.304153123718784
const-string,64,1x,2,0,True,473186,0.0299402,63.27363869598847
const-string,64,1x,2,1,True,473186,0.0290878,61.472232906299006
const-string,64,1x,2,2,False,473186,0.0296251,62.60772719395756
const-string,64,1x,2,3,False,473186,0.0298459,63.074351312169
const-string,64,1x,2,4,False,473186,0.0295461,62.44077381832937
const-seq,0,1x,0,0,True,1760827,0.0758518,43.077372166601265
const-seq,0,1x,0,1,True,1760827,0.0756825,42.981224163418666
const-seq,0,1x,0,2,False,1760827,0.0760653,43.19862201113454
const-seq,0,1x,0,3,False,1760827,0.0763635,43.367974253007255
const-seq,0,1x,0,4,False,1760827,0.07739,43.95093896220356
const-seq,0,2-stackless,0,0,True,1760827,0.0191165,10.85654638417062
const-seq,0,2-stackless,0,1,True,1760827,0.019337916999999996,10.982292411463474
const-seq,0,2-stackless,0,2,False,1760827,0.019257458000000005,10.936598541480794
const-seq,0,2-stackless,0,3,False,1760827,0.019335290999999998,10.980801066771464
const-seq,0,2-stackless,0,4,False,1760827,0.019000708000000005,10.790786374811383
const-seq,0,1x,1,0,True,1760827,0.0758628,43.083619231190795
const-seq,0,1x,1,1,True,1760827,0.0758295,43.06470766293338
const-seq,0,1x,1,2,False,1760827,0.0759115,43.11127668987356
const-seq,0,1x,1,3,False,1760827,0.0765792,43.490473510458436
const-seq,0,1x,1,4,False,1760827,0.0765425,43.46963103132789
const-seq,0,2-stackless,1,0,True,1760827,0.01894175,10.75730324444139
const-seq,0,2-stackless,1,1,True,1760827,0.019250292000000002,10.932528862858193
const-seq,0,2-stackless,1,2,False,1760827,0.019098208,10.846158083673183
const-seq,0,2-stackless,1,3,False,1760827,0.019366124999999998,10.998312156730897
const-seq,0,2-stackless,1,4,False,1760827,0.019389416000000007,11.011539464126804
const-seq,0,1x,2,0,True,1760827,0.0759462,43.13098333907874
const-seq,0,1x,2,1,True,1760827,0.0763769,43.37558431350723
const-seq,0,1x,2,2,False,1760827,0.0764548,43.419824889100404
const-seq,0,1x,2,3,False,1760827,0.0765303,43.462702468783135
const-seq,0,1x,2,4,False,1760827,0.0764189,43.39943674194001
const-seq,0,2-stackless,2,0,True,1760827,0.019485500000000003,11.066107005401442
const-seq,0,2-stackless,2,1,True,1760827,0.019639166,11.153376226057414
const-seq,0,2-stackless,2,2,False,1760827,0.019099791999999997,10.847057660974075
const-seq,0,2-stackless,2,3,False,1760827,0.019218375000000003,10.914402720994172
const-seq,0,2-stackless,2,4,False,1760827,0.019425625000000002,11.032103097010667
take-seq,64,2-stackless,0,0,True,116980,0.020583334000000002,175.9560095742862
take-seq,64,2-stackless,0,1,True,116980,0.020528582999999996,175.48797230295773
take-seq,64,2-stackless,0,2,False,116980,0.020500291999999996,175.24612754316973
take-seq,64,2-stackless,0,3,False,116980,0.020385041000000007,174.26090784749536
take-seq,64,2-stackless,0,4,False,116980,0.02049716700000001,175.2194135749702
take-seq,64,1x,0,0,True,116980,0.0211066,180.42913318515986
take-seq,64,1x,0,1,True,116980,0.0212438,181.60198324499913
take-seq,64,1x,0,2,False,116980,0.0208529,178.26038639083603
take-seq,64,1x,0,3,False,116980,0.0207912,177.73294580270132
take-seq,64,1x,0,4,False,116980,0.0208477,178.21593434775176
take-seq,64,1x,1,0,True,116980,0.020891,178.58608309112668
take-seq,64,1x,1,1,True,116980,0.020814,177.92785091468627
take-seq,64,1x,1,2,False,116980,0.0208982,178.64763207385877
take-seq,64,1x,1,3,False,116980,0.0207917,177.73722003761327
take-seq,64,1x,1,4,False,116980,0.0209258,178.88356984099846
take-seq,64,2-stackless,1,0,True,116980,0.020329291,173.78433065481278
take-seq,64,2-stackless,1,1,True,116980,0.020280166000000002,173.36438707471365
take-seq,64,2-stackless,1,2,False,116980,0.020511,175.3376645580441
take-seq,64,2-stackless,1,3,False,116980,0.020064791,171.52326038639083
take-seq,64,2-stackless,1,4,False,116980,0.02050954199999999,175.3252008890408
take-seq,64,2-stackless,2,0,True,116980,0.020598625000000002,176.08672422636351
take-seq,64,2-stackless,2,1,True,116980,0.020465790999999997,174.95119678577532
take-seq,64,2-stackless,2,2,False,116980,0.020395249999999997,174.34817917592747
take-seq,64,2-stackless,2,3,False,116980,0.020503334000000005,175.2721319883741
take-seq,64,2-stackless,2,4,False,116980,0.020479708,175.0701658403146
take-seq,64,1x,2,0,True,116980,0.0209343,178.95623183450164
take-seq,64,1x,2,1,True,116980,0.0205816,175.94118652761156
take-seq,64,1x,2,2,False,116980,0.0208566,178.29201572918447
take-seq,64,1x,2,3,False,116980,0.0210255,179.73585228244144
take-seq,64,1x,2,4,False,116980,0.0208699,178.40571037784235
update-table,8,1x,0,0,True,1173303,0.181999,155.11679421257764
update-table,8,1x,0,1,True,1173303,0.184165,156.96286466496719
update-table,8,1x,0,2,False,1173303,0.187988,160.22118753638233
update-table,8,1x,0,3,False,1173303,0.186665,159.09360156754053
update-table,8,1x,0,4,False,1173303,0.183361,156.2776196770996
update-table,8,2-stackless,0,0,True,1173303,0.019567792,16.6775266065117
update-table,8,2-stackless,0,1,True,1173303,0.019384874999999996,16.521627405708497
update-table,8,2-stackless,0,2,False,1173303,0.019436000000000002,16.56520097536613
update-table,8,2-stackless,0,3,False,1173303,0.019356374999999995,16.497337005019162
update-table,8,2-stackless,0,4,False,1173303,0.01936774999999999,16.507031857925863
update-table,8,1x,1,0,True,1173303,0.181998,155.11594191781663
update-table,8,1x,1,1,True,1173303,0.174643,148.84731395044588
update-table,8,1x,1,2,False,1173303,0.172471,146.99612972949018
update-table,8,1x,1,3,False,1173303,0.185204,157.84839892167668
update-table,8,1x,1,4,False,1173303,0.183246,156.17960577958124
update-table,8,2-stackless,1,0,True,1173303,0.019317291,16.464025916579093
update-table,8,2-stackless,1,1,True,1173303,0.019288750000000004,16.439700571804558
update-table,8,2-stackless,1,2,False,1173303,0.019344333,16.48707367150685
update-table,8,2-stackless,1,3,False,1173303,0.019360958000000004,16.501243071908963
update-table,8,2-stackless,1,4,False,1173303,0.019347292000000002,16.489595611704736
update-table,8,1x,2,0,True,1173303,0.189785,161.75276122195206
update-table,8,1x,2,1,True,1173303,0.190134,162.0502120935513
update-table,8,1x,2,2,False,1173303,0.178916,152.48916946432422
update-table,8,1x,2,3,False,1173303,0.174955,149.11322991588702
update-table,8,1x,2,4,False,1173303,0.179896,153.32441833013297
update-table,8,2-stackless,2,0,True,1173303,0.020213917,17.22821555898178
update-table,8,2-stackless,2,1,True,1173303,0.019597917,16.70320198618771
update-table,8,2-stackless,2,2,False,1173303,0.019308334000000003,16.456391912404555
update-table,8,2-stackless,2,3,False,1173303,0.0193515,16.493182068059145
update-table,8,2-stackless,2,4,False,1173303,0.019366790999999994,16.50621450725004
update-int,256,1x,0,0,True,96941,0.0362644,374.0873314696568
update-int,256,1x,0,1,True,96941,0.0366196,377.75141580961616
update-int,256,1x,0,2,False,96941,0.0366676,378.2465623420431
update-int,256,1x,0,3,False,96941,0.0368208,379.82690502470575
update-int,256,1x,0,4,False,96941,0.03574,368.67785560289246
update-int,256,2-stackless,0,0,True,96941,0.020487333,211.33816445054208
update-int,256,2-stackless,0,1,True,96941,0.020774042,214.29572626649198
update-int,256,2-stackless,0,2,False,96941,0.020568833,212.17888200039198
update-int,256,2-stackless,0,3,False,96941,0.020969457999999996,216.3115503244241
update-int,256,2-stackless,0,4,False,96941,0.020761,214.16119082741048
update-int,256,2-stackless,1,0,True,96941,0.020127916000000003,207.6305794245985
update-int,256,2-stackless,1,1,True,96941,0.020256417000000002,208.95613826966922
update-int,256,2-stackless,1,2,False,96941,0.019941375000000004,205.70630589740156
update-int,256,2-stackless,1,3,False,96941,0.019910792000000004,205.39082534737628
update-int,256,2-stackless,1,4,False,96941,0.020176874999999997,208.13561857212116
update-int,256,1x,1,0,True,96941,0.0361892,373.31160190218793
update-int,256,1x,1,1,True,96941,0.0379026,390.9862699992779
update-int,256,1x,1,2,False,96941,0.0381896,393.9468336410807
update-int,256,1x,1,3,False,96941,0.0383445,395.54471276343344
update-int,256,1x,1,4,False,96941,0.0375562,387.41296252359683
update-int,256,1x,2,0,True,96941,0.0366204,377.75966825182326
update-int,256,1x,2,1,True,96941,0.0366739,378.31155032442416
update-int,256,1x,2,2,False,96941,0.0362816,374.2647589771098
update-int,256,1x,2,3,False,96941,0.0356655,367.9093469223548
update-int,256,1x,2,4,False,96941,0.0359844,371.1989766971663
update-int,256,2-stackless,2,0,True,96941,0.020222708,208.6084113017196
update-int,256,2-stackless,2,1,True,96941,0.02034625,209.88281532065895
update-int,256,2-stackless,2,2,False,96941,0.020274916999999996,209.1469759957087
update-int,256,2-stackless,2,3,False,96941,0.020273458,209.13192560423352
update-int,256,2-stackless,2,4,False,96941,0.020203708999999986,208.41242611485322
update-seq,64,1x,0,0,True,315894,0.0666644,211.03408105250494
update-seq,64,1x,0,1,True,315894,0.0669572,211.96097425085628
update-seq,64,1x,0,2,False,315894,0.0667425,211.28131588444222
update-seq,64,1x,0,3,False,315894,0.0668409,211.59281277897014
update-seq,64,1x,0,4,False,315894,0.0664061,210.21640170436916
update-seq,64,2-stackless,0,0,True,315894,0.02008925,63.59490841864676
update-seq,64,2-stackless,0,1,True,315894,0.020031083999999998,63.41077703280213
update-seq,64,2-stackless,0,2,False,315894,0.020088750000000002,63.593325609223356
update-seq,64,2-stackless,0,3,False,315894,0.020240959000000003,64.07516128828026
update-seq,64,2-stackless,0,4,False,315894,0.020294832999999998,64.24570583803428
update-seq,64,1x,1,0,True,315894,0.0665873,210.7900118394145
update-seq,64,1x,1,1,True,315894,0.0665525,210.67984830354487
update-seq,64,1x,1,2,False,315894,0.0666495,210.98691333168722
update-seq,64,1x,1,3,False,315894,0.0670108,212.13065142104628
update-seq,64,1x,1,4,False,315894,0.066686,211.10245841959642
update-seq,64,2-stackless,1,0,True,315894,0.020567333,65.108336973795
update-seq,64,2-stackless,1,1,True,315894,0.020674541,65.44771663912579
update-seq,64,2-stackless,1,2,False,315894,0.020621375000000004,65.27941334751532
update-seq,64,2-stackless,1,3,False,315894,0.020225208,64.02529962582385
update-seq,64,2-stackless,1,4,False,315894,0.020360916999999992,64.45490259390806
update-seq,64,1x,2,0,True,315894,0.0671131,212.45449422907683
update-seq,64,1x,2,1,True,315894,0.06654,210.6402780679595
update-seq,64,1x,2,2,False,315894,0.0669824,212.04074784579637
update-seq,64,1x,2,3,False,315894,0.0668925,211.75615871146647
update-seq,64,1x,2,4,False,315894,0.0664454,210.34081052504953
update-seq,64,2-stackless,2,0,True,315894,0.020086917000000003,63.587523029877126
update-seq,64,2-stackless,2,1,True,315894,0.019791042000000002,62.650895553571765
update-seq,64,2-stackless,2,2,False,315894,0.019822209,62.74955839617087
update-seq,64,2-stackless,2,3,False,315894,0.019648666999999995,62.20019057025457
update-seq,64,2-stackless,2,4,False,315894,0.020267499999999994,64.15917997809389
assign-table,8,2-stackless,0,0,True,469341,0.016723042,35.63089949524972
assign-table,8,2-stackless,0,1,True,469341,0.016780334,35.752968523951665
assign-table,8,2-stackless,0,2,False,469341,0.016848415999999998,35.89802723393012
assign-table,8,2-stackless,0,3,False,469341,0.016808540999999996,35.81306768426367
assign-table,8,2-stackless,0,4,False,469341,0.01679675,35.787945225326574
assign-table,8,1x,0,0,True,469341,0.297469,633.8014364822166
assign-table,8,1x,0,1,True,469341,0.27749,591.2332397979294
assign-table,8,1x,0,2,False,469341,0.294578,627.6417359659608
assign-table,8,1x,0,3,False,469341,0.293062,624.4116750933756
assign-table,8,1x,0,4,False,469341,0.288434,614.5510407145338
assign-table,8,1x,1,0,True,469341,0.28678,611.0269505540748
assign-table,8,1x,1,1,True,469341,0.288301,614.2676646617278
assign-table,8,1x,1,2,False,469341,0.27986,596.2828732201108
assign-table,8,1x,1,3,False,469341,0.291098,620.2270843587072
assign-table,8,1x,1,4,False,469341,0.287074,611.6533607760668
assign-table,8,2-stackless,1,0,True,469341,0.016842625,35.885688657074496
assign-table,8,2-stackless,1,1,True,469341,0.016650875000000002,35.4771370922208
assign-table,8,2-stackless,1,2,False,469341,0.016996375,36.2132756354122
assign-table,8,2-stackless,1,3,False,469341,0.016917083000000006,36.044332372411546
assign-table,8,2-stackless,1,4,False,469341,0.017134208000000012,36.50694910523481
assign-table,8,2-stackless,2,0,True,469341,0.016983,36.18477823160559
assign-table,8,2-stackless,2,1,True,469341,0.016927833000000003,36.067236827807506
assign-table,8,2-stackless,2,2,False,469341,0.016986166000000004,36.19152386005059
assign-table,8,2-stackless,2,3,False,469341,0.016883333,35.97242303570325
assign-table,8,2-stackless,2,4,False,469341,0.017083792,36.39953040539821
assign-table,8,1x,2,0,True,469341,0.282838,602.6279400265479
assign-table,8,1x,2,1,True,469341,0.28416,605.4446553784987
assign-table,8,1x,2,2,False,469341,0.291325,620.7107412307896
assign-table,8,1x,2,3,False,469341,0.277807,591.9086549012338
assign-table,8,1x,2,4,False,469341,0.282283,601.4454309340117
make-seq,64,1x,0,0,True,103122,0.0217985,211.38554333701828
make-seq,64,1x,0,1,True,103122,0.021342,206.95874789084775
make-seq,64,1x,0,2,False,103122,0.021855,211.93343806365277
make-seq,64,1x,0,3,False,103122,0.0218293,211.68421869242258
make-seq,64,1x,0,4,False,103122,0.022143,214.72624658171875
make-seq,64,2-stackless,0,0,True,103122,0.055218583,535.4685033261574
make-seq,64,2-stackless,0,1,True,103122,0.05557925,538.9659820406897
make-seq,64,2-stackless,0,2,False,103122,0.05669216699999999,549.7582184208994
make-seq,64,2-stackless,0,3,False,103122,0.058302625,565.3752351583561
make-seq,64,2-stackless,0,4,False,103122,0.05801983299999999,562.6329299276584
make-seq,64,1x,1,0,True,103122,0.02177,211.10917166075134
make-seq,64,1x,1,1,True,103122,0.0213219,206.76383312969105
make-seq,64,1x,1,2,False,103122,0.0217493,210.90843854851536
make-seq,64,1x,1,3,False,103122,0.0218545,211.92858943775335
make-seq,64,1x,1,4,False,103122,0.0217303,210.72419076433738
make-seq,64,2-stackless,1,0,True,103122,0.055285167,536.1141851399314
make-seq,64,2-stackless,1,1,True,103122,0.05524025,535.6786136808828
make-seq,64,2-stackless,1,2,False,103122,0.05794237500000002,561.8818001978241
make-seq,64,2-stackless,1,3,False,103122,0.058300415999999994,565.3538139291325
make-seq,64,2-stackless,1,4,False,103122,0.058181332999999974,564.199036093171
make-seq,64,1x,2,0,True,103122,0.0217438,210.85510366362172
make-seq,64,1x,2,1,True,103122,0.0217645,211.05583677585773
make-seq,64,1x,2,2,False,103122,0.0217281,210.70285681037993
make-seq,64,1x,2,3,False,103122,0.021755,210.96371288376875
make-seq,64,1x,2,4,False,103122,0.0216887,210.32078508950565
make-seq,64,2-stackless,2,0,True,103122,0.055452541,537.7372529625104
make-seq,64,2-stackless,2,1,True,103122,0.055272625,535.9925622078703
make-seq,64,2-stackless,2,2,False,103122,0.057367541999999994,556.3074998545411
make-seq,64,2-stackless,2,3,False,103122,0.058491666,567.2084133356607
make-seq,64,2-stackless,2,4,False,103122,0.05754791599999998,558.056631950505
add-float,0,2-stackless,0,0,True,4016710,0.041421167,10.312212482354962
add-float,0,2-stackless,0,1,True,4016710,0.04134375,10.292938748378647
add-float,0,2-stackless,0,2,False,4016710,0.041447125,10.318674985249121
add-float,0,2-stackless,0,3,False,4016710,0.04170391699999999,10.38260591379512
add-float,0,2-stackless,0,4,False,4016710,0.041331792000000006,10.28996168506066
add-float,0,1x,0,0,True,4016710,0.0220179,5.481575717440393
add-float,0,1x,0,1,True,4016710,0.0204148,5.082467989971892
add-float,0,1x,0,2,False,4016710,0.0205593,5.118442705597367
add-float,0,1x,0,3,False,4016710,0.020554,5.1171232177578165
add-float,0,1x,0,4,False,4016710,0.020509,5.105920019120125
add-float,0,2-stackless,1,0,True,4016710,0.041151375,10.245045074202519
add-float,0,2-stackless,1,1,True,4016710,0.041581666999999996,10.35217055749606
add-float,0,2-stackless,1,2,False,4016710,0.041839958999999996,10.416474925996647
add-float,0,2-stackless,1,3,False,4016710,0.04127983299999999,10.277025973993638
add-float,0,2-stackless,1,4,False,4016710,0.041420750000000006,10.312108666047589
add-float,0,1x,1,0,True,4016710,0.0203389,5.063571928269654
add-float,0,1x,1,1,True,4016710,0.020251,5.041688346930697
add-float,0,1x,1,2,False,4016710,0.0204906,5.101339155677159
add-float,0,1x,1,3,False,4016710,0.0205081,5.105695955147372
add-float,0,1x,1,4,False,4016710,0.0205016,5.1040777153441494
add-float,0,1x,2,0,True,4016710,0.0204225,5.084384981738786
add-float,0,1x,2,1,True,4016710,0.0201617,5.019456221634123
add-float,0,1x,2,2,False,4016710,0.0203649,5.070044887482542
add-float,0,1x,2,3,False,4016710,0.0203679,5.070791767391721
add-float,0,1x,2,4,False,4016710,0.020407,5.080526102208026
add-float,0,2-stackless,2,0,True,4016710,0.041400416,10.307046314023168
add-float,0,2-stackless,2,1,True,4016710,0.041955374999999996,10.445208889862597
add-float,0,2-stackless,2,2,False,4016710,0.04137270900000001,10.300148380141959
add-float,0,2-stackless,2,3,False,4016710,0.041495749999999984,10.330780663777068
add-float,0,2-stackless,2,4,False,4016710,0.041888917000000025,10.428663508194523
assign-string,0,1x,0,0,True,1766005,0.0183056,10.365542566414025
assign-string,0,1x,0,1,True,1766005,0.0184392,10.44119354135464
assign-string,0,1x,0,2,False,1766005,0.0185305,10.492892149229476
assign-string,0,1x,0,3,False,1766005,0.0184575,10.451555912922103
assign-string,0,1x,0,4,False,1766005,0.0184424,10.443005540754415
assign-string,0,2-stackless,0,0,True,1766005,0.01979975,11.211604723655935
assign-string,0,2-stackless,0,1,True,1766005,0.019895875,11.266035486875746
assign-string,0,2-stackless,0,2,False,1766005,0.019547958000000004,11.069027550884625
assign-string,0,2-stackless,0,3,False,1766005,0.019569708000000005,11.081343484304973
assign-string,0,2-stackless,0,4,False,1766005,0.019936541000000002,11.289062601748014
assign-string,0,1x,1,0,True,1766005,0.0180801,10.237853233711116
assign-string,0,1x,1,1,True,1766005,0.0182625,10.341137199498302
assign-string,0,1x,1,2,False,1766005,0.0180842,10.240174857942078
assign-string,0,1x,1,3,False,1766005,0.017621,9.977887944824618
assign-string,0,1x,1,4,False,1766005,0.0176362,9.98649494197355
assign-string,0,2-stackless,1,0,True,1766005,0.019093333,10.81159622990875
assign-string,0,2-stackless,1,1,True,1766005,0.019418459,10.995698766424784
assign-string,0,2-stackless,1,2,False,1766005,0.019485791999999995,11.033826065045114
assign-string,0,2-stackless,1,3,False,1766005,0.019503457999999994,11.043829434231496
assign-string,0,2-stackless,1,4,False,1766005,0.019222500000000003,10.884737019430865
assign-string,0,1x,2,0,True,1766005,0.018437,10.439947791767294
assign-string,0,1x,2,1,True,1766005,0.0181915,10.30093346281579
assign-string,0,1x,2,2,False,1766005,0.0177927,10.075113037618806
assign-string,0,1x,2,3,False,1766005,0.0177134,10.030209427493126
assign-string,0,1x,2,4,False,1766005,0.0177458,10.04855592141585
assign-string,0,2-stackless,2,0,True,1766005,0.019370042,10.968282649256372
assign-string,0,2-stackless,2,1,True,1766005,0.019458166000000002,11.018182847726933
assign-string,0,2-stackless,2,2,False,1766005,0.019259625000000002,10.90575904371732
assign-string,0,2-stackless,2,3,False,1766005,0.019191208999999994,10.867018496550118
assign-string,0,2-stackless,2,4,False,1766005,0.01925033300000001,10.900497450460223
push-shared-seq,256,2-stackless,0,0,True,27148,0.036157583,1331.8691247974068
push-shared-seq,256,2-stackless,0,1,True,27148,0.035358958,1302.4516723147194
push-shared-seq,256,2-stackless,0,2,False,27148,0.03505124999999999,1291.1172093708558
push-shared-seq,256,2-stackless,0,3,False,27148,0.035629790999999994,1312.4278399882126
push-shared-seq,256,2-stackless,0,4,False,27148,0.03548695900000001,1307.1666052747905
push-shared-seq,256,1x,0,0,True,27148,0.0223852,824.5616620008841
push-shared-seq,256,1x,0,1,True,27148,0.0223474,823.1692942389863
push-shared-seq,256,1x,0,2,False,27148,0.0227278,837.1813761603065
push-shared-seq,256,1x,0,3,False,27148,0.0228812,842.831884485045
push-shared-seq,256,1x,0,4,False,27148,0.0226753,835.2475320465596
push-shared-seq,256,1x,1,0,True,27148,0.021908,806.9839398850744
push-shared-seq,256,1x,1,1,True,27148,0.0207856,765.6401944894651
push-shared-seq,256,1x,1,2,False,27148,0.0213699,787.1629585973184
push-shared-seq,256,1x,1,3,False,27148,0.0219363,808.026373950199
push-shared-seq,256,1x,1,4,False,27148,0.0219814,809.6876381317225
push-shared-seq,256,2-stackless,1,0,True,27148,0.0350345,1290.500221010756
push-shared-seq,256,2-stackless,1,1,True,27148,0.035145791999999995,1294.5996758508911
push-shared-seq,256,2-stackless,1,2,False,27148,0.035334875,1301.564571975836
push-shared-seq,256,2-stackless,1,3,False,27148,0.034786458000000006,1281.3635626933847
push-shared-seq,256,2-stackless,1,4,False,27148,0.03455920899999998,1272.992817150434
push-shared-seq,256,2-stackless,2,0,True,27148,0.03485375,1283.8422719905702
push-shared-seq,256,2-stackless,2,1,True,27148,0.034714417,1278.7099233829379
push-shared-seq,256,2-stackless,2,2,False,27148,0.03475475,1280.1955945189331
push-shared-seq,256,2-stackless,2,3,False,27148,0.03499545900000001,1289.062140857522
push-shared-seq,256,2-stackless,2,4,False,27148,0.034911374999999994,1285.9648961249445
push-shared-seq,256,1x,2,0,True,27148,0.0209231,770.7050243111831
push-shared-seq,256,1x,2,1,True,27148,0.0199853,736.1610431707677
push-shared-seq,256,1x,2,2,False,27148,0.0205809,758.1000442021511
push-shared-seq,256,1x,2,3,False,27148,0.0202908,747.4141741564756
push-shared-seq,256,1x,2,4,False,27148,0.0205116,755.5473699720053
update-table,256,1x,0,0,True,94412,0.062329,660.1809092064568
update-table,256,1x,0,1,True,94412,0.0606356,642.2446299199254
update-table,256,1x,0,2,False,94412,0.0619939,656.6315722577639
update-table,256,1x,0,3,False,94412,0.0615236,651.650213955853
update-table,256,1x,0,4,False,94412,0.0609082,645.1319747489725
update-table,256,2-stackless,0,0,True,94412,0.019887667,210.6476613142397
update-table,256,2-stackless,0,1,True,94412,0.019539208,206.9568275219252
update-table,256,2-stackless,0,2,False,94412,0.019578625000000002,207.37432741600648
update-table,256,2-stackless,0,3,False,94412,0.019631041999999994,207.92952167097394
update-table,256,2-stackless,0,4,False,94412,0.020079791,212.68261449815702
update-table,256,1x,1,0,True,94412,0.0644515,682.6621615896283
update-table,256,1x,1,1,True,94412,0.0621379,658.1568021014277
update-table,256,1x,1,2,False,94412,0.0630075,667.3674956573316
update-table,256,1x,1,3,False,94412,0.0619938,656.6305130703724
update-table,256,1x,1,4,False,94412,0.0620194,656.9016650425793
update-table,256,2-stackless,1,0,True,94412,0.019508541,206.63200652459435
update-table,256,2-stackless,1,1,True,94412,0.019667958,208.32053128839556
update-table,256,2-stackless,1,2,False,94412,0.019732709,209.00636571622252
update-table,256,2-stackless,1,3,False,94412,0.019632792000000003,207.94805745032414
update-table,256,2-stackless,1,4,False,94412,0.019927583,211.07044655340422
update-table,256,1x,2,0,True,94412,0.0629835,667.1132906833877
update-table,256,1x,2,1,True,94412,0.0628962,666.1886200906664
update-table,256,1x,2,2,False,94412,0.0619205,655.8541287124518
update-table,256,1x,2,3,False,94412,0.0618081,654.6636020844808
update-table,256,1x,2,4,False,94412,0.0613293,649.5922128542982
update-table,256,2-stackless,2,0,True,94412,0.019837208000000002,210.11320594839643
update-table,256,2-stackless,2,1,True,94412,0.019677708,208.42380205906028
update-table,256,2-stackless,2,2,False,94412,0.019848208,210.22971656145404
update-table,256,2-stackless,2,3,False,94412,0.019678957999999996,208.43704190145317
update-table,256,2-stackless,2,4,False,94412,0.019991416999999997,211.74656823285173
const-string,8,1x,0,0,True,1759542,0.0283608,16.11828532652247
const-string,8,1x,0,1,True,1759542,0.0291887,16.588805495975656
const-string,8,1x,0,2,False,1759542,0.0291766,16.581928706447474
const-string,8,1x,0,3,False,1759542,0.029566,16.803236296718122
const-string,8,1x,0,4,False,1759542,0.0283993,16.14016602047578
const-string,8,2-stackless,0,0,True,1759542,0.02155775,12.251909872000782
const-string,8,2-stackless,0,1,True,1759542,0.021728084,12.348715745347368
const-string,8,2-stackless,0,2,False,1759542,0.021643958000000005,12.300904439905386
const-string,8,2-stackless,0,3,False,1759542,0.021578125000000004,12.263489589904648
const-string,8,2-stackless,0,4,False,1759542,0.021608125000000006,12.280539481296842
const-string,8,2-stackless,1,0,True,1759542,0.021478041,12.206608878901442
const-string,8,2-stackless,1,1,True,1759542,0.021552207999999996,12.248760188730929
const-string,8,2-stackless,1,2,False,1759542,0.021672458,12.317101836727966
const-string,8,2-stackless,1,3,False,1759542,0.021660334000000003,12.31021140728667
const-string,8,2-stackless,1,4,False,1759542,0.022334167000000002,12.69317072283583
const-string,8,1x,1,0,True,1759542,0.0293819,16.698606796541373
const-string,8,1x,1,1,True,1759542,0.0281971,16.02524975249241
const-string,8,1x,1,2,False,1759542,0.0284402,16.16341070574047
const-string,8,1x,1,3,False,1759542,0.0283464,16.110101378654218
const-string,8,1x,1,4,False,1759542,0.0283082,16.088391183614828
const-string,8,1x,2,0,True,1759542,0.0279336,15.875494873097658
const-string,8,1x,2,1,True,1759542,0.0279889,15.906923506230598
const-string,8,1x,2,2,False,1759542,0.0280534,15.943580772723811
const-string,8,1x,2,3,False,1759542,0.0284181,16.150850619081556
const-string,8,1x,2,4,False,1759542,0.0282019,16.02797773511516
const-string,8,2-stackless,2,0,True,1759542,0.021547042000000002,12.245824197433198
const-string,8,2-stackless,2,1,True,1759542,0.021699,12.332186443972352
const-string,8,2-stackless,2,2,False,1759542,0.021712042,12.33959860009025
const-string,8,2-stackless,2,3,False,1759542,0.0218405,12.41260509837219
const-string,8,2-stackless,2,4,False,1759542,0.021899375,12.446065510229367
add-float,8,2-stackless,0,0,True,1868443,0.026055584,13.94507833527702
add-float,8,2-stackless,0,1,True,1868443,0.025931666000000003,13.878756804462327
add-float,8,2-stackless,0,2,False,1868443,0.025759000000000004,13.786345101242052
add-float,8,2-stackless,0,3,False,1868443,0.0261155,13.977145676908528
add-float,8,2-stackless,0,4,False,1868443,0.02602866699999999,13.93067222280797
add-float,8,1x,0,0,True,1868443,0.0222699,11.918961402622397
add-float,8,1x,0,1,True,1868443,0.0220827,11.818771030210716
add-float,8,1x,0,2,False,1868443,0.0221993,11.881175930975685
add-float,8,1x,0,3,False,1868443,0.0222079,11.885778693810837
add-float,8,1x,0,4,False,1868443,0.0220584,11.805765549176506
add-float,8,1x,1,0,True,1868443,0.02237,11.972535421203643
add-float,8,1x,1,1,True,1868443,0.0218211,11.67876140722516
add-float,8,1x,1,2,False,1868443,0.0221152,11.836165192087744
add-float,8,1x,1,3,False,1868443,0.0221486,11.85404103844752
add-float,8,1x,1,4,False,1868443,0.0217688,11.650770186727666
add-float,8,2-stackless,1,0,True,1868443,0.026421833,14.141096624301625
add-float,8,2-stackless,1,1,True,1868443,0.02609575,13.966575378537103
add-float,8,2-stackless,1,2,False,1868443,0.026212791,14.029216304698618
add-float,8,2-stackless,1,3,False,1868443,0.025974542000000003,13.901704253220464
add-float,8,2-stackless,1,4,False,1868443,0.02596799999999999,13.898202942235857
add-float,8,1x,2,0,True,1868443,0.0223537,11.963811580016088
add-float,8,1x,2,1,True,1868443,0.0220067,11.778095451667511
add-float,8,1x,2,2,False,1868443,0.0220372,11.794419203582876
add-float,8,1x,2,3,False,1868443,0.0217674,11.650020899754502
add-float,8,1x,2,4,False,1868443,0.0221144,11.835737028103079
add-float,8,2-stackless,2,0,True,1868443,0.025459917,13.626274389959983
add-float,8,2-stackless,2,1,True,1868443,0.025851875,13.836052263836788
add-float,8,2-stackless,2,2,False,1868443,0.025728584,13.770066306545075
add-float,8,2-stackless,2,3,False,1868443,0.025887124999999997,13.854918239411102
add-float,8,2-stackless,2,4,False,1868443,0.025877833000000003,13.849945114729218
add-int,256,1x,0,0,True,106082,0.0770205,726.046831696235
add-int,256,1x,0,1,True,106082,0.0753482,710.2826115646387
add-int,256,1x,0,2,False,106082,0.0490093,461.9944948247582
add-int,256,1x,0,3,False,106082,0.0552595,520.9130672498633
add-int,256,1x,0,4,False,106082,0.0677695,638.8407081314455
add-int,256,2-stackless,0,0,True,106082,0.019959042,188.14730114439774
add-int,256,2-stackless,0,1,True,106082,0.020103625,189.51023736354895
add-int,256,2-stackless,0,2,False,106082,0.020102957999999997,189.50394977470256
add-int,256,2-stackless,0,3,False,106082,0.030175083,284.4505476895232
add-int,256,2-stackless,0,4,False,106082,0.020090999999999998,189.39122565562485
add-int,256,1x,1,0,True,106082,0.0806108,759.8914047623537
add-int,256,1x,1,1,True,106082,0.0799251,753.4275371882129
add-int,256,1x,1,2,False,106082,0.0812617,766.0272242227711
add-int,256,1x,1,3,False,106082,0.082081,773.7504949001716
add-int,256,1x,1,4,False,106082,0.0832474,784.7457627118644
add-int,256,2-stackless,1,0,True,106082,0.01978025,186.4618879734545
add-int,256,2-stackless,1,1,True,106082,0.019868834000000002,187.29694010293926
add-int,256,2-stackless,1,2,False,106082,0.01985675,187.18302822344978
add-int,256,2-stackless,1,3,False,106082,0.0200505,189.00944552327445
add-int,256,2-stackless,1,4,False,106082,0.020048250000000004,188.98823551592167
add-int,256,2-stackless,2,0,True,106082,0.019674,185.46030429290548
add-int,256,2-stackless,2,1,True,106082,0.019979834000000002,188.34330046567754
add-int,256,2-stackless,2,2,False,106082,0.02007975,189.28517561886088
add-int,256,2-stackless,2,3,False,106082,0.020081999999999996,189.30638562621365
add-int,256,2-stackless,2,4,False,106082,0.0198025,186.67163137949888
add-int,256,1x,2,0,True,106082,0.0228019,214.94598518127486
add-int,256,1x,2,1,True,106082,0.0258628,243.80007918402745
add-int,256,1x,2,2,False,106082,0.0230507,217.2913406609981
add-int,256,1x,2,3,False,106082,0.0308164,290.49603137195754
add-int,256,1x,2,4,False,106082,0.0355237,334.87019475500085
do-int,64,1x,0,0,True,33207,0.0195527,588.8125997530641
do-int,64,1x,0,1,True,33207,0.0193052,581.3593519438673
do-int,64,1x,0,2,False,33207,0.0195233,587.9272442557292
do-int,64,1x,0,3,False,33207,0.0195943,590.0653476676605
do-int,64,1x,0,4,False,33207,0.0193826,583.6901858041979
do-int,64,2-stackless,0,0,True,33207,0.087097416,2622.863131267504
do-int,64,2-stackless,0,1,True,33207,0.052224749999999986,1572.7030445388016
do-int,64,2-stackless,0,2,False,33207,0.052268708,1574.0268015779805
do-int,64,2-stackless,0,3,False,33207,0.05272012500000001,1587.620832956907
do-int,64,2-stackless,0,4,False,33207,0.051840625,1561.1354533682656
do-int,64,1x,1,0,True,33207,0.0193697,583.3017134941427
do-int,64,1x,1,1,True,33207,0.0189935,571.9727768241636
do-int,64,1x,1,2,False,33207,0.0193795,583.5968319932545
do-int,64,1x,1,3,False,33207,0.0193492,582.6843737766134
do-int,64,1x,1,4,False,33207,0.0193588,582.9734694492125
do-int,64,2-stackless,1,0,True,33207,0.08887316699999999,2676.3383322793384
do-int,64,2-stackless,1,1,True,33207,0.052123959,1569.667811003704
do-int,64,2-stackless,1,2,False,33207,0.052492750000000005,1580.7736320655285
do-int,64,2-stackless,1,3,False,33207,0.051717874999999996,1557.4389435962298
do-int,64,2-stackless,1,4,False,33207,0.052031084000000005,1566.8709609419702
do-int,64,1x,2,0,True,33207,0.0196346,591.2789472099256
do-int,64,1x,2,1,True,33207,0.0194158,584.68997500527
do-int,64,1x,2,2,False,33207,0.0195438,588.5445839732587
do-int,64,1x,2,3,False,33207,0.0192287,579.0556208028428
do-int,64,1x,2,4,False,33207,0.019677,592.5557864305719
do-int,64,2-stackless,2,0,True,33207,0.05367375,1616.3384226217363
do-int,64,2-stackless,2,1,True,33207,0.053136208000000004,1600.1508115758727
do-int,64,2-stackless,2,2,False,33207,0.05324691699999999,1603.4847170777243
do-int,64,2-stackless,2,3,False,33207,0.05309687499999999,1598.9663323997947
do-int,64,2-stackless,2,4,False,33207,0.05302475000000001,1596.7943505887315
take-seq,0,2-stackless,0,0,True,4023498,0.040379459,10.035908803732474
take-seq,0,2-stackless,0,1,True,4023498,0.04047620899999999,10.05995504409347
take-seq,0,2-stackless,0,2,False,4023498,0.040596875000000004,10.089945365947742
take-seq,0,2-stackless,0,3,False,4023498,0.04044845800000001,10.05305781188409
take-seq,0,2-stackless,0,4,False,4023498,0.04065099999999999,10.103397590852534
take-seq,0,1x,0,0,True,4023498,0.0209198,5.199406088930577
take-seq,0,1x,0,1,True,4023498,0.0211466,5.255774950055897
take-seq,0,1x,0,2,False,4023498,0.0211743,5.2626595067277275
take-seq,0,1x,0,3,False,4023498,0.0211551,5.257887539648336
take-seq,0,1x,0,4,False,4023498,0.0210188,5.224011544183693
take-seq,0,2-stackless,1,0,True,4023498,0.040875292,10.15914311377811
take-seq,0,2-stackless,1,1,True,4023498,0.040670375,10.108213052423539
take-seq,0,2-stackless,1,2,False,4023498,0.04054925000000001,10.07810865073128
take-seq,0,2-stackless,1,3,False,4023498,0.04038924999999999,10.038342258403008
take-seq,0,2-stackless,1,4,False,4023498,0.04040508299999998,10.04227739146384
take-seq,0,1x,1,0,True,4023498,0.021343,5.3045881966388455
take-seq,0,1x,1,1,True,4023498,0.0210495,5.231641720711679
take-seq,0,1x,1,2,False,4023498,0.021406,5.3202462136181
take-seq,0,1x,1,3,False,4023498,0.0212077,5.270960741126254
take-seq,0,1x,1,4,False,4023498,0.021376,5.31279001505655
take-seq,0,2-stackless,2,0,True,4023498,0.040771417,10.133326026258743
take-seq,0,2-stackless,2,1,True,4023498,0.040599082999999994,10.090494142161868
take-seq,0,2-stackless,2,2,False,4023498,0.041092541999999996,10.213138418361334
take-seq,0,2-stackless,2,3,False,4023498,0.040933582999999996,10.173630756123153
take-seq,0,2-stackless,2,4,False,4023498,0.041286583000000016,10.261365359197399
take-seq,0,1x,2,0,True,4023498,0.0211781,5.2636039585455245
take-seq,0,1x,2,1,True,4023498,0.0213699,5.311273921349035
take-seq,0,1x,2,2,False,4023498,0.021411,5.321488913378359
take-seq,0,1x,2,3,False,4023498,0.0212715,5.286817590067151
take-seq,0,1x,2,4,False,4023498,0.0214086,5.320892417493435
get-table,64,2-stackless,0,0,True,384586,0.019877208,51.68468951027859
get-table,64,2-stackless,0,1,True,384586,0.019908290999999998,51.76551148507745
get-table,64,2-stackless,0,2,False,384586,0.019441042,50.55057126364454
get-table,64,2-stackless,0,3,False,384586,0.019411292000000004,50.47321535365303
get-table,64,2-stackless,0,4,False,384586,0.019496166999999995,50.69390721451118
get-table,64,1x,0,0,True,384586,0.0458024,119.09533888389073
get-table,64,1x,0,1,True,384586,0.0451407,117.37478743375993
get-table,64,1x,0,2,False,384586,0.0448766,116.68807496892762
get-table,64,1x,0,3,False,384586,0.0456591,118.72273041660382
get-table,64,1x,0,4,False,384586,0.0458013,119.09247866537004
get-table,64,1x,1,0,True,384586,0.0464717,120.83565184380086
get-table,64,1x,1,1,True,384586,0.0465248,120.97372239239078
get-table,64,1x,1,2,False,384586,0.046866,121.86091017353726
get-table,64,1x,1,3,False,384586,0.046938,122.04812447671002
get-table,64,1x,1,4,False,384586,0.0479451,124.66678454233903
get-table,64,2-stackless,1,0,True,384586,0.019441917,50.55284643746782
get-table,64,2-stackless,1,1,True,384586,0.019478332999999997,50.64753527169475
get-table,64,2-stackless,1,2,False,384586,0.019494832999999996,50.690438549505174
get-table,64,2-stackless,1,3,False,384586,0.019358958000000002,50.33713655723298
get-table,64,2-stackless,1,4,False,384586,0.019494334000000002,50.68914105037626
get-table,64,2-stackless,2,0,True,384586,0.019360792,50.341905321566564
get-table,64,2-stackless,2,1,True,384586,0.019374958999999997,50.37874233591445
get-table,64,2-stackless,2,2,False,384586,0.019511042000000006,50.73258516950697
get-table,64,2-stackless,2,3,False,384586,0.019512624999999992,50.73670128397808
get-table,64,2-stackless,2,4,False,384586,0.019589917,50.93767583843405
get-table,64,1x,2,0,True,384586,0.0475773,123.71043147696484
get-table,64,1x,2,1,True,384586,0.0461435,119.98226664517169
get-table,64,1x,2,2,False,384586,0.0471431,122.58142522088687
get-table,64,1x,2,3,False,384586,0.0482759,125.52693025747168
get-table,64,1x,2,4,False,384586,0.047158,122.62016818084902
const-string,0,1x,0,0,True,2042547,0.020841,10.203437179168949
const-string,0,1x,0,1,True,2042547,0.0205448,10.058422156258828
const-string,0,1x,0,2,False,2042547,0.020448,10.011030345935737
const-string,0,1x,0,3,False,2042547,0.0204739,10.023710592706067
const-string,0,1x,0,4,False,2042547,0.0204178,9.99624488445064
const-string,0,2-stackless,0,0,True,2042547,0.022052959,10.796793904864858
const-string,0,2-stackless,0,1,True,2042547,0.022055750000000002,10.798160336090188
const-string,0,2-stackless,0,2,False,2042547,0.022204041,10.870761358245367
const-string,0,2-stackless,0,3,False,2042547,0.022293834,10.914722647753026
const-string,0,2-stackless,0,4,False,2042547,0.022223000000000007,10.880043396798216
const-string,0,1x,1,0,True,2042547,0.0208795,10.222286194638361
const-string,0,1x,1,1,True,2042547,0.0203758,9.975682322120372
const-string,0,1x,1,2,False,2042547,0.0208453,10.205542393883714
const-string,0,1x,1,3,False,2042547,0.0207693,10.16833394776228
const-string,0,1x,1,4,False,2042547,0.0206335,10.101848329561083
const-string,0,2-stackless,1,0,True,2042547,0.022355459,10.944893312124519
const-string,0,2-stackless,1,1,True,2042547,0.0225175,11.024226125518776
const-string,0,2-stackless,1,2,False,2042547,0.02260170799999999,11.065453083821323
const-string,0,2-stackless,1,3,False,2042547,0.022458875000000003,10.995524215599447
const-string,0,2-stackless,1,4,False,2042547,0.022641834,11.08509816420381
const-string,0,1x,2,0,True,2042547,0.0206005,10.085692030587301
const-string,0,1x,2,1,True,2042547,0.020383,9.979207332805561
const-string,0,1x,2,2,False,2042547,0.0205072,10.040013767125066
const-string,0,1x,2,3,False,2042547,0.0203988,9.98694277292028
const-string,0,1x,2,4,False,2042547,0.0205197,10.046133577342406
const-string,0,2-stackless,2,0,True,2042547,0.022262208000000002,10.899239038318337
const-string,0,2-stackless,2,1,True,2042547,0.022229959,10.883450417542411
const-string,0,2-stackless,2,2,False,2042547,0.022227082999999995,10.882042371607604
const-string,0,2-stackless,2,3,False,2042547,0.022205375,10.871414464391762
const-string,0,2-stackless,2,4,False,2042547,0.02217620899999999,10.857135233607838
take-seq,256,2-stackless,0,0,True,30307,0.019977333,659.1656383013825
take-seq,256,2-stackless,0,1,True,30307,0.019929833,657.5983436169862
take-seq,256,2-stackless,0,2,False,30307,0.019708208999999997,650.2857095720459
take-seq,256,2-stackless,0,3,False,30307,0.019979791999999996,659.2467746725177
take-seq,256,2-stackless,0,4,False,30307,0.020001667,659.9685551192794
take-seq,256,1x,0,0,True,30307,0.032434,1070.1818061833899
take-seq,256,1x,0,1,True,30307,0.0323656,1067.9249018378594
take-seq,256,1x,0,2,False,30307,0.0323694,1068.050285412611
take-seq,256,1x,0,3,False,30307,0.0323666,1067.9578975154257
take-seq,256,1x,0,4,False,30307,0.0323351,1066.9185336720889
take-seq,256,1x,1,0,True,30307,0.0322278,1063.3780974692315
take-seq,256,1x,1,1,True,30307,0.032394,1068.8619790807404
take-seq,256,1x,1,2,False,30307,0.032502,1072.4255122578943
take-seq,256,1x,1,3,False,30307,0.032461,1071.0726894776783
take-seq,256,1x,1,4,False,30307,0.0327548,1080.7668195466395
take-seq,256,2-stackless,1,0,True,30307,0.019967250000000002,658.8329428844822
take-seq,256,2-stackless,1,1,True,30307,0.020061541,661.9441383178804
take-seq,256,2-stackless,1,2,False,30307,0.019951417,658.3105223215758
take-seq,256,2-stackless,1,3,False,30307,0.019957290999999995,658.5043389315998
take-seq,256,2-stackless,1,4,False,30307,0.019783582999999993,652.7727257729235
take-seq,256,1x,2,0,True,30307,0.0325907,1075.3522288580195
take-seq,256,1x,2,1,True,30307,0.0327917,1081.9843600488337
take-seq,256,1x,2,2,False,30307,0.0323556,1067.5949450621968
take-seq,256,1x,2,3,False,30307,0.0320495,1057.494968159171
take-seq,256,1x,2,4,False,30307,0.031988,1055.4657339888477
take-seq,256,2-stackless,2,0,True,30307,0.019875917,655.8193486653248
take-seq,256,2-stackless,2,1,True,30307,0.01990225,656.6882238426766
take-seq,256,2-stackless,2,2,False,30307,0.020039042,661.2017685683176
take-seq,256,2-stackless,2,3,False,30307,0.019935708000000003,657.792193222688
take-seq,256,2-stackless,2,4,False,30307,0.019828791999999998,654.2644273600157
update-seq,0,2-stackless,0,0,True,1978573,0.021129333,10.67907678918089
update-seq,0,2-stackless,0,1,True,1978573,0.021311791000000004,10.77129375565117
update-seq,0,2-stackless,0,2,False,1978573,0.02130158399999999,10.766134987185206
update-seq,0,2-stackless,0,3,False,1978573,0.021306167,10.768451303035066
update-seq,0,2-stackless,0,4,False,1978573,0.021591416000000002,10.91262035820766
update-seq,0,1x,0,0,True,1978573,0.0848865,42.90289011322807
update-seq,0,1x,0,1,True,1978573,0.0844715,42.69314298739546
update-seq,0,1x,0,2,False,1978573,0.08437,42.641843389149656
update-seq,0,1x,0,3,False,1978573,0.0855622,43.24439886726444
update-seq,0,1x,0,4,False,1978573,0.0845704,42.743128507262554
update-seq,0,2-stackless,1,0,True,1978573,0.021226333,10.728102021002005
update-seq,0,2-stackless,1,1,True,1978573,0.021246875,10.738484251023339
update-seq,0,2-stackless,1,2,False,1978573,0.021533375,10.883285580061994
update-seq,0,2-stackless,1,3,False,1978573,0.021529999999999994,10.881579805243472
update-seq,0,2-stackless,1,4,False,1978573,0.021309166000000004,10.769967041903435
update-seq,0,1x,1,0,True,1978573,0.0851333,43.02762647625334
update-seq,0,1x,1,1,True,1978573,0.0848676,42.893337774244365
update-seq,0,1x,1,2,False,1978573,0.086143,43.53794376047788
update-seq,0,1x,1,3,False,1978573,0.0850312,42.97602362915091
update-seq,0,1x,1,4,False,1978573,0.0852928,43.10824013063961
update-seq,0,2-stackless,2,0,True,1978573,0.020879500000000002,10.55280750318538
update-seq,0,2-stackless,2,1,True,1978573,0.021087209000000003,10.65778669778674
update-seq,0,2-stackless,2,2,False,1978573,0.021147083000000004,10.688047901189394
update-seq,0,2-stackless,2,3,False,1978573,0.021292583000000004,10.761585748921068
update-seq,0,2-stackless,2,4,False,1978573,0.021409541000000004,10.820698048543068
update-seq,0,1x,2,0,True,1978573,0.0850944,43.00796584204879
update-seq,0,1x,2,1,True,1978573,0.0846058,42.76102018980346
update-seq,0,1x,2,2,False,1978573,0.0857015,43.31480314347765
update-seq,0,1x,2,3,False,1978573,0.0851406,43.03131600400895
update-seq,0,1x,2,4,False,1978573,0.0850464,42.983705933518756
const-int,64,2-stackless,0,0,True,440529,0.020027042000000002,45.461347607081485
const-int,64,2-stackless,0,1,True,440529,0.019554792,44.389340996846975
const-int,64,2-stackless,0,2,False,440529,0.020169332999999998,45.78434790899123
const-int,64,2-stackless,0,3,False,440529,0.020575540999999996,46.70643930365537
const-int,64,2-stackless,0,4,False,440529,0.020378333,46.25877751521466
const-int,64,1x,0,0,True,440529,0.0253966,57.65023415030566
const-int,64,1x,0,1,True,440529,0.0256955,58.32873658714863
const-int,64,1x,0,2,False,440529,0.0256803,58.29423261578693
const-int,64,1x,0,3,False,440529,0.0257419,58.43406449972647
const-int,64,1x,0,4,False,440529,0.0256602,58.24860565365731
const-int,64,1x,1,0,True,440529,0.0261015,59.25035582220467
const-int,64,1x,1,1,True,440529,0.0255056,57.89766394493893
const-int,64,1x,1,2,False,440529,0.0257526,58.45835347956661
const-int,64,1x,1,3,False,440529,0.0256523,58.230672668541686
const-int,64,1x,1,4,False,440529,0.0256597,58.247470654599354
const-int,64,2-stackless,1,0,True,440529,0.020025667,45.458226359672125
const-int,64,2-stackless,1,1,True,440529,0.0200475,45.5077872285366
const-int,64,2-stackless,1,2,False,440529,0.01983575,45.02711512749445
const-int,64,2-stackless,1,3,False,440529,0.020272749999999992,46.01910430414341
const-int,64,2-stackless,1,4,False,440529,0.020320375,46.12721296441324
const-int,64,2-stackless,2,0,True,440529,0.01969975,44.71839538373183
const-int,64,2-stackless,2,1,True,440529,0.020174583,45.79626539909972
const-int,64,2-stackless,2,2,False,440529,0.019492000000000002,44.24680327515329
const-int,64,2-stackless,2,3,False,440529,0.02004245899999999,45.49634416803433
const-int,64,2-stackless,2,4,False,440529,0.020089958000000005,45.60416680854156
const-int,64,1x,2,0,True,440529,0.025201,57.20622251883531
const-int,64,1x,2,1,True,440529,0.0246756,56.013565508740626
const-int,64,1x,2,2,False,440529,0.025344,57.53083224940923
const-int,64,1x,2,3,False,440529,0.025207,57.21984250753072
const-int,64,1x,2,4,False,440529,0.0259618,58.93323708541322
update-int,8,2-stackless,0,0,True,1519469,0.022734625,14.962217063987485
update-int,8,2-stackless,0,1,True,1519469,0.022919417,15.083833233846825
update-int,8,2-stackless,0,2,False,1519469,0.023002582999999993,15.138566828280137
update-int,8,2-stackless,0,3,False,1519469,0.022460707999999996,14.781945534920421
update-int,8,2-stackless,0,4,False,1519469,0.022337790999999996,14.701050827624648
update-int,8,1x,0,0,True,1519469,0.0209233,13.770139436869064
update-int,8,1x,0,1,True,1519469,0.0208717,13.736180205058478
update-int,8,1x,0,2,False,1519469,0.0210865,13.877545379339756
update-int,8,1x,0,3,False,1519469,0.020778,13.674513925588478
update-int,8,1x,0,4,False,1519469,0.0207308,13.643450442226857
update-int,8,1x,1,0,True,1519469,0.0207618,13.663852306299109
update-int,8,1x,1,1,True,1519469,0.0208605,13.728809209006567
update-int,8,1x,1,2,False,1519469,0.0207748,13.672407926716504
update-int,8,1x,1,3,False,1519469,0.0212034,13.95448015063157
update-int,8,1x,1,4,False,1519469,0.0208319,13.709986844088297
update-int,8,2-stackless,1,0,True,1519469,0.022647292,14.904741064148068
update-int,8,2-stackless,1,1,True,1519469,0.022158083,14.582780563473161
update-int,8,2-stackless,1,2,False,1519469,0.022213333000000002,14.619141950247093
update-int,8,2-stackless,1,3,False,1519469,0.022197499999999995,14.60872186270335
update-int,8,2-stackless,1,4,False,1519469,0.022061208000000013,14.519024738247381
update-int,8,1x,2,0,True,1519469,0.0208098,13.695442289378724
update-int,8,1x,2,1,True,1519469,0.0203998,13.42561118390701
update-int,8,1x,2,2,False,1519469,0.0207292,13.64239744279087
update-int,8,1x,2,3,False,1519469,0.020319,13.372434712389657
update-int,8,1x,2,4,False,1519469,0.0208538,13.72439977386837
update-int,8,2-stackless,2,0,True,1519469,0.0221025,14.546200021191614
update-int,8,2-stackless,2,1,True,1519469,0.02204025,14.505231761885238
update-int,8,2-stackless,2,2,False,1519469,0.021972124999999995,14.460397020274844
update-int,8,2-stackless,2,3,False,1519469,0.021979416,14.46519540707971
update-int,8,2-stackless,2,4,False,1519469,0.022006208,14.482827882635315
get-table,8,1x,0,0,True,1739131,0.130748,75.18007556647544
get-table,8,1x,0,1,True,1739131,0.135019,77.63589976833258
get-table,8,1x,0,2,False,1739131,0.130257,74.89775065823105
get-table,8,1x,0,3,False,1739131,0.132587,76.23750022281244
get-table,8,1x,0,4,False,1739131,0.133217,76.59975010508121
get-table,8,2-stackless,0,0,True,1739131,0.0217935,12.531258427341012
get-table,8,2-stackless,0,1,True,1739131,0.021718667,12.488229466325423
get-table,8,2-stackless,0,2,False,1739131,0.021838541000000003,12.557156993923979
get-table,8,2-stackless,0,3,False,1739131,0.02186175,12.570502164586797
get-table,8,2-stackless,0,4,False,1739131,0.021757374999999995,12.510486559091866
get-table,8,2-stackless,1,0,True,1739131,0.021745625,12.503730311287649
get-table,8,2-stackless,1,1,True,1739131,0.021771040999999998,12.518344506538034
get-table,8,2-stackless,1,2,False,1739131,0.021959208,12.62654049637434
get-table,8,2-stackless,1,3,False,1739131,0.021840583999999996,12.55833171854219
get-table,8,2-stackless,1,4,False,1739131,0.021877166000000003,12.579366361705935
get-table,8,1x,1,0,True,1739131,0.12698,73.01347627062022
get-table,8,1x,1,1,True,1739131,0.123921,71.25455184227066
get-table,8,1x,1,2,False,1739131,0.128401,73.83055100507092
get-table,8,1x,1,3,False,1739131,0.12556,72.19697653598263
get-table,8,1x,1,4,False,1739131,0.124046,71.32642681891129
get-table,8,1x,2,0,True,1739131,0.139483,80.20269893412285
get-table,8,1x,2,1,True,1739131,0.129301,74.34805083688347
get-table,8,1x,2,2,False,1739131,0.136847,78.68699942672518
get-table,8,1x,2,3,False,1739131,0.140067,80.53849882498788
get-table,8,1x,2,4,False,1739131,0.136396,78.42767451100579
get-table,8,2-stackless,2,0,True,1739131,0.022327959,12.838572252464019
get-table,8,2-stackless,2,1,True,1739131,0.021970875,12.63324901919407
get-table,8,2-stackless,2,2,False,1739131,0.021932082999999998,12.61094362644332
get-table,8,2-stackless,2,3,False,1739131,0.021949333,12.62086237321973
get-table,8,2-stackless,2,4,False,1739131,0.021841958999999994,12.559122343285233
const-seq,256,1x,0,0,True,140928,0.0352022,249.78854450499546
const-seq,256,1x,0,1,True,140928,0.0353923,251.13746026339692
const-seq,256,1x,0,2,False,140928,0.0354507,251.55185626702996
const-seq,256,1x,0,3,False,140928,0.0355253,252.08120458673932
const-seq,256,1x,0,4,False,140928,0.035699,253.3137488646685
const-seq,256,2-stackless,0,0,True,140928,0.020161000000000002,143.05886693914624
const-seq,256,2-stackless,0,1,True,140928,0.019673208,139.5975817438692
const-seq,256,2-stackless,0,2,False,140928,0.020198,143.3214123524069
const-seq,256,2-stackless,0,3,False,140928,0.020145250000000003,142.94710774296098
const-seq,256,2-stackless,0,4,False,140928,0.02020079100000001,143.34121679155322
const-seq,256,1x,1,0,True,140928,0.0344067,244.143818119891
const-seq,256,1x,1,1,True,140928,0.0343639,243.84011693914624
const-seq,256,1x,1,2,False,140928,0.0351975,249.75519414168937
const-seq,256,1x,1,3,False,140928,0.035409,251.25596049046322
const-seq,256,1x,1,4,False,140928,0.0354786,251.74982970027247
const-seq,256,2-stackless,1,0,True,140928,0.019944208,141.52054950045414
const-seq,256,2-stackless,1,1,True,140928,0.020499999999999997,145.46435059037236
const-seq,256,2-stackless,1,2,False,140928,0.020224083999999996,143.50649977293367
const-seq,256,2-stackless,1,3,False,140928,0.020030750000000007,142.13463612624892
const-seq,256,2-stackless,1,4,False,140928,0.020160374999999994,143.05443205040868
const-seq,256,1x,2,0,True,140928,0.0352367,250.03335036330608
const-seq,256,1x,2,1,True,140928,0.0365197,259.1372899636694
const-seq,256,1x,2,2,False,140928,0.0364519,258.6561932334242
const-seq,256,1x,2,3,False,140928,0.036099,256.1520776566758
const-seq,256,1x,2,4,False,140928,0.0361754,256.69419845594916
const-seq,256,2-stackless,2,0,True,140928,0.019879334,141.06021514532245
const-seq,256,2-stackless,2,1,True,140928,0.019997583000000003,141.89928899863762
const-seq,256,2-stackless,2,2,False,140928,0.020071333999999996,142.42261296548588
const-seq,256,2-stackless,2,3,False,140928,0.020151709000000004,142.9929396571299
const-seq,256,2-stackless,2,4,False,140928,0.019933624999999996,141.44545441643956
get-seq,0,2-stackless,0,0,True,1820930,0.019681875,10.808693909156311
get-seq,0,2-stackless,0,1,True,1820930,0.019820624999999998,10.884891236895431
get-seq,0,2-stackless,0,2,False,1820930,0.019864209,10.908826259109356
get-seq,0,2-stackless,0,3,False,1820930,0.019816416999999996,10.882580329831457
get-seq,0,2-stackless,0,4,False,1820930,0.019809459,10.878759205460947
get-seq,0,1x,0,0,True,1820930,0.07949,43.653517707984385
get-seq,0,1x,0,1,True,1820930,0.078832,43.292163894273806
get-seq,0,1x,0,2,False,1820930,0.0792584,43.52632995227713
get-seq,0,1x,0,3,False,1820930,0.0788456,43.299632605317065
get-seq,0,1x,0,4,False,1820930,0.0792528,43.52325460067109
get-seq,0,2-stackless,1,0,True,1820930,0.019777083,10.860979279818554
get-seq,0,2-stackless,1,1,True,1820930,0.019851583000000003,10.90189243957758
get-seq,0,2-stackless,1,2,False,1820930,0.019850083000000004,10.901068684683104
get-seq,0,2-stackless,1,3,False,1820930,0.019895458000000005,10.925987270241032
get-seq,0,2-stackless,1,4,False,1820930,0.019892875000000004,10.924568764312744
get-seq,0,1x,1,0,True,1820930,0.0792213,43.50595574788707
get-seq,0,1x,1,1,True,1820930,0.078667,43.20155085588134
get-seq,0,1x,1,2,False,1820930,0.0786695,43.20292378070546
get-seq,0,1x,1,3,False,1820930,0.0792987,43.54846150044208
get-seq,0,1x,1,4,False,1820930,0.0803222,44.11053692344022
get-seq,0,2-stackless,2,0,True,1820930,0.020055917,11.014106527982953
get-seq,0,2-stackless,2,1,True,1820930,0.020139208999999998,11.059847989763472
get-seq,0,2-stackless,2,2,False,1820930,0.020338707999999997,11.169406841558981
get-seq,0,2-stackless,2,3,False,1820930,0.019995790999999992,10.981087136792734
get-seq,0,2-stackless,2,4,False,1820930,0.019978583000000008,10.971637020643302
get-seq,0,1x,2,0,True,1820930,0.0801168,43.99773741988984
get-seq,0,1x,2,1,True,1820930,0.0793964,43.60211540256902
get-seq,0,1x,2,2,False,1820930,0.0792969,43.54747299456871
get-seq,0,1x,2,3,False,1820930,0.078397,43.05327497487548
get-seq,0,1x,2,4,False,1820930,0.0789713,43.36866326547423
const-seq,64,1x,0,0,True,462517,0.0459508,99.3494293182737
const-seq,64,1x,0,1,True,462517,0.0449571,97.20096774821249
const-seq,64,1x,0,2,False,462517,0.045252,97.83856593379271
const-seq,64,1x,0,3,False,462517,0.0451652,97.65089715621264
const-seq,64,1x,0,4,False,462517,0.0452236,97.77716278536789
const-seq,64,2-stackless,0,0,True,462517,0.020963125,45.32400971207545
const-seq,64,2-stackless,0,1,True,462517,0.021280292,46.009750992936475
const-seq,64,2-stackless,0,2,False,462517,0.021408292000000002,46.286497577386356
const-seq,64,2-stackless,0,3,False,462517,0.021445041999999997,46.365954116281124
const-seq,64,2-stackless,0,4,False,462517,0.021357042000000007,46.17569083947186
const-seq,64,1x,1,0,True,462517,0.0450718,97.44895863287188
const-seq,64,1x,1,1,True,462517,0.0444315,96.06457708581523
const-seq,64,1x,1,2,False,462517,0.0451908,97.70624647310261
const-seq,64,1x,1,3,False,462517,0.0453328,98.01326221522669
const-seq,64,1x,1,4,False,462517,0.0450166,97.32961166832787
const-seq,64,2-stackless,1,0,True,462517,0.021458958,46.39604165900929
const-seq,64,2-stackless,1,1,True,462517,0.021560916999999995,46.61648544810244
const-seq,64,2-stackless,1,2,False,462517,0.021823707999999997,47.184661320556856
const-seq,64,2-stackless,1,3,False,462517,0.021795333,47.123312224199324
const-seq,64,2-stackless,1,4,False,462517,0.021248709000000005,45.94146593530617
const-seq,64,2-stackless,2,0,True,462517,0.021377125,46.21911194615549
const-seq,64,2-stackless,2,1,True,462517,0.02167125,46.85503451765016
const-seq,64,2-stackless,2,2,False,462517,0.021737125000000003,46.99746171492076
const-seq,64,2-stackless,2,3,False,462517,0.021569875000000002,46.635853384848566
const-seq,64,2-stackless,2,4,False,462517,0.02179745899999999,47.127908812000406
const-seq,64,1x,2,0,True,462517,0.0449748,97.23923661184345
const-seq,64,1x,2,1,True,462517,0.0453898,98.13650092861451
const-seq,64,1x,2,2,False,462517,0.0455158,98.40892334768236
const-seq,64,1x,2,3,False,462517,0.0454656,98.30038679659343
const-seq,64,1x,2,4,False,462517,0.0443451,95.87777314131156
assign-int,256,2-stackless,0,0,True,37381,0.020036667,536.0120649527835
assign-int,256,2-stackless,0,1,True,37381,0.020119916999999998,538.2391321794494
assign-int,256,2-stackless,0,2,False,37381,0.020121666000000003,538.2859206548783
assign-int,256,2-stackless,0,3,False,37381,0.019983749999999995,534.5964527433722
assign-int,256,2-stackless,0,4,False,37381,0.020199833,540.3770097108156
assign-int,256,1x,0,0,True,37381,0.0233059,623.469142077526
assign-int,256,1x,0,1,True,37381,0.0229923,615.0798534014606
assign-int,256,1x,0,2,False,37381,0.0233915,625.7590754661459
assign-int,256,1x,0,3,False,37381,0.0233411,624.4107969289211
assign-int,256,1x,0,4,False,37381,0.023289,623.0170407426233
assign-int,256,2-stackless,1,0,True,37381,0.020117125,538.1644418287365
assign-int,256,2-stackless,1,1,True,37381,0.020050999999999996,536.3954950375859
assign-int,256,2-stackless,1,2,False,37381,0.019951667,533.7381824991306
assign-int,256,2-stackless,1,3,False,37381,0.020069542000000003,536.8915224311817
assign-int,256,2-stackless,1,4,False,37381,0.020018292000000007,535.5205050694204
assign-int,256,1x,1,0,True,37381,0.0229376,613.6165431636393
assign-int,256,1x,1,1,True,37381,0.0228173,610.3983307027635
assign-int,256,1x,1,2,False,37381,0.0228903,612.3511944570771
assign-int,256,1x,1,3,False,37381,0.0228835,612.1692838607848
assign-int,256,1x,1,4,False,37381,0.0224948,601.7709531580215
assign-int,256,2-stackless,2,0,True,37381,0.020154458,539.1631577539391
assign-int,256,2-stackless,2,1,True,37381,0.020138334000000004,538.7318156282604
assign-int,256,2-stackless,2,2,False,37381,0.020053375,536.4590299884968
assign-int,256,2-stackless,2,3,False,37381,0.020082625000000007,537.2415130681364
assign-int,256,2-stackless,2,4,False,37381,0.020000083000000002,535.0333859447313
assign-int,256,1x,2,0,True,37381,0.0233143,623.6938551670635
assign-int,256,1x,2,1,True,37381,0.0227113,607.5626655252669
assign-int,256,1x,2,2,False,37381,0.0232527,622.0459591771221
assign-int,256,1x,2,3,False,37381,0.0230404,616.3666033546455
assign-int,256,1x,2,4,False,37381,0.0232637,622.340226318183
get-int,8,1x,0,0,True,1802484,0.0209224,11.607537154282646
get-int,8,1x,0,1,True,1802484,0.0209106,11.600990632926562
get-int,8,1x,0,2,False,1802484,0.0211282,11.721712925052318
get-int,8,1x,0,3,False,1802484,0.0212058,11.76476462481775
get-int,8,1x,0,4,False,1802484,0.0207409,11.506842779186945
get-int,8,2-stackless,0,0,True,1802484,0.02119975,11.761408145647895
get-int,8,2-stackless,0,1,True,1802484,0.021426333,11.887114115853455
get-int,8,2-stackless,0,2,False,1802484,0.021386375,11.86494581921393
get-int,8,2-stackless,0,3,False,1802484,0.021432958000000002,11.890789599241938
get-int,8,2-stackless,0,4,False,1802484,0.02139245799999999,11.868320606451979
get-int,8,2-stackless,1,0,True,1802484,0.021358458,11.849457748307335
get-int,8,2-stackless,1,1,True,1802484,0.021457250000000004,11.904266556596344
get-int,8,2-stackless,1,2,False,1802484,0.021415999999999998,11.881381471347316
get-int,8,2-stackless,1,3,False,1802484,0.021330875,11.834154977242516
get-int,8,2-stackless,1,4,False,1802484,0.021452,11.901353909382829
get-int,8,1x,1,0,True,1802484,0.0212522,11.790506878285743
get-int,8,1x,1,1,True,1802484,0.021055,11.681102301046778
get-int,8,1x,1,2,False,1802484,0.0214078,11.876832193794785
get-int,8,1x,1,3,False,1802484,0.0213791,11.860909722360919
get-int,8,1x,1,4,False,1802484,0.0212989,11.816415568737364
get-int,8,1x,2,0,True,1802484,0.0214545,11.902740884246407
get-int,8,1x,2,1,True,1802484,0.0213896,11.866735016787944
get-int,8,1x,2,2,False,1802484,0.0215773,11.970869089545316
get-int,8,1x,2,3,False,1802484,0.0216666,12.020411831672293
get-int,8,1x,2,4,False,1802484,0.0217013,12.039663042778743
get-int,8,2-stackless,2,0,True,1802484,0.021442291,11.89596745380264
get-int,8,2-stackless,2,1,True,1802484,0.021504208,11.930318382853883
get-int,8,2-stackless,2,2,False,1802484,0.02163225,12.001354797046742
get-int,8,2-stackless,2,3,False,1802484,0.021271582999999997,11.801260371798028
get-int,8,2-stackless,2,4,False,1802484,0.021369750000000007,11.855722436371146
make-seq,0,2-stackless,0,0,True,2368013,0.025390834,10.722421709678114
make-seq,0,2-stackless,0,1,True,2368013,0.025614125,10.816716377823939
make-seq,0,2-stackless,0,2,False,2368013,0.025631208999999995,10.823930865244403
make-seq,0,2-stackless,0,3,False,2368013,0.025686541000000007,10.847297291019943
make-seq,0,2-stackless,0,4,False,2368013,0.025498332999999984,10.767817997620783
make-seq,0,1x,0,0,True,2368013,0.02132,9.003328951319101
make-seq,0,1x,0,1,True,2368013,0.0213462,9.014393079767721
make-seq,0,1x,0,2,False,2368013,0.0213724,9.02545720821634
make-seq,0,1x,0,3,False,2368013,0.021235,8.967433878107933
make-seq,0,1x,0,4,False,2368013,0.02153,9.092010896899637
make-seq,0,2-stackless,1,0,True,2368013,0.025618792,10.818687228490722
make-seq,0,2-stackless,1,1,True,2368013,0.025943792,10.955933096651075
make-seq,0,2-stackless,1,2,False,2368013,0.025804624999999998,10.897163571314852
make-seq,0,2-stackless,1,3,False,2368013,0.025620375,10.819355721442408
make-seq,0,2-stackless,1,4,False,2368013,0.025548666999999983,10.789073793091502
make-seq,0,1x,1,0,True,2368013,0.0227818,9.620639751555418
make-seq,0,1x,1,1,True,2368013,0.0213836,9.030186911980636
make-seq,0,1x,1,2,False,2368013,0.0214225,9.046614186661982
make-seq,0,1x,1,3,False,2368013,0.0213275,9.006496163661264
make-seq,0,1x,1,4,False,2368013,0.0218322,9.219628439539816
make-seq,0,2-stackless,2,0,True,2368013,0.025463375,10.753055409746484
make-seq,0,2-stackless,2,1,True,2368013,0.025407583,10.72949472828063
make-seq,0,2-stackless,2,2,False,2368013,0.025491625000000004,10.764985242901963
make-seq,0,2-stackless,2,3,False,2368013,0.025338542000000006,10.700339060638605
make-seq,0,2-stackless,2,4,False,2368013,0.025560665999999996,10.794140910543986
make-seq,0,1x,2,0,True,2368013,0.0216075,9.124738757768643
make-seq,0,1x,2,1,True,2368013,0.0215838,9.114730366767413
make-seq,0,1x,2,2,False,2368013,0.021681,9.155777438721831
make-seq,0,1x,2,3,False,2368013,0.02152,9.087787947110087
make-seq,0,1x,2,4,False,2368013,0.021374,9.026132880182669
add-int,8,1x,0,0,True,1796413,0.0213658,11.893590171079813
add-int,8,1x,0,1,True,1796413,0.0210519,11.718853069978897
add-int,8,1x,0,2,False,1796413,0.0213181,11.867037257022744
add-int,8,1x,0,3,False,1796413,0.0212679,11.839092680803356
add-int,8,1x,0,4,False,1796413,0.0212124,11.80819778079985
add-int,8,2-stackless,0,0,True,1796413,0.023727375000000002,13.208195999472284
add-int,8,2-stackless,0,1,True,1796413,0.023757958000000003,13.225220481036379
add-int,8,2-stackless,0,2,False,1796413,0.023762708000000007,13.227864639144789
add-int,8,2-stackless,0,3,False,1796413,0.023654707999999997,13.167744833732552
add-int,8,2-stackless,0,4,False,1796413,0.02381654200000001,13.257832135483328
add-int,8,1x,1,0,True,1796413,0.0210494,11.717461407816577
add-int,8,1x,1,1,True,1796413,0.0214119,11.919252421352995
add-int,8,1x,1,2,False,1796413,0.0218454,12.160566640299308
add-int,8,1x,1,3,False,1796413,0.0213168,11.866313592698338
add-int,8,1x,1,4,False,1796413,0.0219662,12.227811755982616
add-int,8,2-stackless,1,0,True,1796413,0.023646458000000002,13.1631523485969
add-int,8,2-stackless,1,1,True,1796413,0.02364225,13.160809902845282
add-int,8,2-stackless,1,2,False,1796413,0.023605875,13.140561218383523
add-int,8,2-stackless,1,3,False,1796413,0.023652915999999996,13.166747290294602
add-int,8,2-stackless,1,4,False,1796413,0.023542542,13.105305962493034
add-int,8,2-stackless,2,0,True,1796413,0.023454709,13.056412417411808
add-int,8,2-stackless,2,1,True,1796413,0.023662167,13.171896996960053
add-int,8,2-stackless,2,2,False,1796413,0.023709541,13.198268438271155
add-int,8,2-stackless,2,3,False,1796413,0.023764834,13.229048108647621
add-int,8,2-stackless,2,4,False,1796413,0.023738874999999993,13.21459764541895
add-int,8,1x,2,0,True,1796413,0.0212691,11.83976067864127
add-int,8,1x,2,1,True,1796413,0.0211809,11.790662837554615
add-int,8,1x,2,2,False,1796413,0.0211229,11.75837627538879
add-int,8,1x,2,3,False,1796413,0.0213189,11.867482588914687
add-int,8,1x,2,4,False,1796413,0.0213293,11.87327190350994
get-table,0,2-stackless,0,0,True,1633214,0.018041209,11.046445230080074
get-table,0,2-stackless,0,1,True,1633214,0.018182542,11.132981960722844
get-table,0,2-stackless,0,2,False,1633214,0.018164082999999998,11.121679706394874
get-table,0,2-stackless,0,3,False,1633214,0.018318833000000007,11.216431527038102
get-table,0,2-stackless,0,4,False,1633214,0.018121250000000005,11.095453504562172
get-table,0,1x,0,0,True,1633214,0.116786,71.50685703159537
get-table,0,1x,0,1,True,1633214,0.114724,70.24431580919585
get-table,0,1x,0,2,False,1633214,0.112534,68.90340151382489
get-table,0,1x,0,3,False,1633214,0.109705,67.17123414322924
get-table,0,1x,0,4,False,1633214,0.111,67.96414921743262
get-table,0,2-stackless,1,0,True,1633214,0.018030209,11.039710044121591
get-table,0,2-stackless,1,1,True,1633214,0.017869374999999996,10.941233053353692
get-table,0,2-stackless,1,2,False,1633214,0.017794833000000003,10.895591759561212
get-table,0,2-stackless,1,3,False,1633214,0.018077083,11.068410508359591
get-table,0,2-stackless,1,4,False,1633214,0.017923249999999988,10.974220157309446
get-table,0,1x,1,0,True,1633214,0.110856,67.87597951033973
get-table,0,1x,1,1,True,1633214,0.10674,65.35579538260143
get-table,0,1x,1,2,False,1633214,0.108736,66.57792548925003
get-table,0,1x,1,3,False,1633214,0.108939,66.7022202846657
get-table,0,1x,1,4,False,1633214,0.108189,66.24300306022359
get-table,0,1x,2,0,True,1633214,0.10695,65.48437620544522
get-table,0,1x,2,1,True,1633214,0.109943,67.31695907578553
get-table,0,1x,2,2,False,1633214,0.111414,68.21763712532467
get-table,0,1x,2,3,False,1633214,0.111281,68.13620260419026
get-table,0,1x,2,4,False,1633214,0.110828,67.85883540062723
get-table,0,2-stackless,2,0,True,1633214,0.017860208,10.935620194291745
get-table,0,2-stackless,2,1,True,1633214,0.018006,11.024887124406233
get-table,0,2-stackless,2,2,False,1633214,0.017984249999999993,11.011569824897407
get-table,0,2-stackless,2,3,False,1633214,0.017959708000000005,10.996543012734403
get-table,0,2-stackless,2,4,False,1633214,0.01845775000000001,11.301488965928536
update-table,64,2-stackless,0,0,True,319107,0.020017333000000002,62.72921935275629
update-table,64,2-stackless,0,1,True,319107,0.020231959,63.4018025301858
update-table,64,2-stackless,0,2,False,319107,0.020309792,63.64571131313321
update-table,64,2-stackless,0,3,False,319107,0.020442500000000002,64.06158435885143
update-table,64,2-stackless,0,4,False,319107,0.020403458,63.93923668236673
update-table,64,1x,0,0,True,319107,0.0833786,261.2872798152344
update-table,64,1x,0,1,True,319107,0.0822126,257.6333330199588
update-table,64,1x,0,2,False,319107,0.083667,262.1910519042202
update-table,64,1x,0,3,False,319107,0.0825721,258.75991438608366
update-table,64,1x,0,4,False,319107,0.0837563,262.47089534231463
update-table,64,2-stackless,1,0,True,319107,0.020679667,64.80480528474774
update-table,64,2-stackless,1,1,True,319107,0.020820833,65.2471835465847
update-table,64,2-stackless,1,2,False,319107,0.020329833,63.70851469883143
update-table,64,2-stackless,1,3,False,319107,0.020733375,64.97311246697817
update-table,64,2-stackless,1,4,False,319107,0.020539417000000004,64.36529753342924
update-table,64,1x,1,0,True,319107,0.0826558,259.0222088515764
update-table,64,1x,1,1,True,319107,0.0838658,262.8140404315794
update-table,64,1x,1,2,False,319107,0.0838898,262.88925031415795
update-table,64,1x,1,3,False,319107,0.0833548,261.2126966816773
update-table,64,1x,1,4,False,319107,0.0821155,257.32904637002633
update-table,64,2-stackless,2,0,True,319107,0.020552334000000002,64.40577611898205
update-table,64,2-stackless,2,1,True,319107,0.020296333,63.60353423773217
update-table,64,2-stackless,2,2,False,319107,0.020250666,63.46042549991069
update-table,64,2-stackless,2,3,False,319107,0.020328333000000004,63.70381408117028
update-table,64,2-stackless,2,4,False,319107,0.020236667,63.41655620215163
update-table,64,1x,2,0,True,319107,0.0803517,251.8017467495229
update-table,64,1x,2,1,True,319107,0.0814195,255.1479597752478
update-table,64,1x,2,2,False,319107,0.0848165,265.793291905223
update-table,64,1x,2,3,False,319107,0.0822003,257.5947879551373
update-table,64,1x,2,4,False,319107,0.0830353,260.21146511985006
do-int,8,2-stackless,0,0,True,265561,0.097397208,366.760209518717
do-int,8,2-stackless,0,1,True,265561,0.055340333000000005,208.39028697738
do-int,8,2-stackless,0,2,False,265561,0.056601207999999986,213.13825448766946
do-int,8,2-stackless,0,3,False,265561,0.05544091600000001,208.76904364722233
do-int,8,2-stackless,0,4,False,265561,0.05600404200000003,210.88955833123097
do-int,8,1x,0,0,True,265561,0.0192877,72.63001720885221
do-int,8,1x,0,1,True,265561,0.0191273,72.02601285580337
do-int,8,1x,0,2,False,265561,0.0192243,72.39127733364462
do-int,8,1x,0,3,False,265561,0.0192458,72.47223801687748
do-int,8,1x,0,4,False,265561,0.0193547,72.88231329148482
do-int,8,1x,1,0,True,265561,0.0192265,72.3995616826266
do-int,8,1x,1,1,True,265561,0.0191299,72.03580345005479
do-int,8,1x,1,2,False,265561,0.0194272,73.15532024657234
do-int,8,1x,1,3,False,265561,0.0192536,72.50160979963172
do-int,8,1x,1,4,False,265561,0.0191528,72.12203599173071
do-int,8,2-stackless,1,0,True,265561,0.097066041,365.5131627008484
do-int,8,2-stackless,1,1,True,265561,0.055711291999999996,209.78717507465325
do-int,8,2-stackless,1,2,False,265561,0.056260959,211.85700837095808
do-int,8,2-stackless,1,3,False,265561,0.055297791999999985,208.23009402736088
do-int,8,2-stackless,1,4,False,265561,0.05621970900000001,211.70167682754624
do-int,8,1x,2,0,True,265561,0.0193521,72.8725226972334
do-int,8,1x,2,1,True,265561,0.0192202,72.37583831963278
do-int,8,1x,2,2,False,265561,0.019265,72.544537789811
do-int,8,1x,2,3,False,265561,0.0192287,72.40784603160856
do-int,8,1x,2,4,False,265561,0.0190157,71.60577042562726
do-int,8,2-stackless,2,0,True,265561,0.061572292,231.8574338852467
do-int,8,2-stackless,2,1,True,265561,0.055793458,210.09658044667702
do-int,8,2-stackless,2,2,False,265561,0.05586962499999999,210.3833959052722
do-int,8,2-stackless,2,3,False,265561,0.05622225,211.71124525062038
do-int,8,2-stackless,2,4,False,265561,0.05620125000000001,211.63216737397437
assign-table,0,2-stackless,0,0,True,1947268,0.021619875,11.102670510684714
assign-table,0,2-stackless,0,1,True,1947268,0.021650500000000003,11.118397673047575
assign-table,0,2-stackless,0,2,False,1947268,0.021820332999999997,11.205613711107047
assign-table,0,2-stackless,0,3,False,1947268,0.021488792000000007,11.035354147451716
assign-table,0,2-stackless,0,4,False,1947268,0.021361000000000005,10.969727844343975
assign-table,0,1x,0,0,True,1947268,0.137869,70.80124564261314
assign-table,0,1x,0,1,True,1947268,0.127335,65.39161532978511
assign-table,0,1x,0,2,False,1947268,0.125476,64.43694447810985
assign-table,0,1x,0,3,False,1947268,0.119084,61.15439682673366
assign-table,0,1x,0,4,False,1947268,0.133691,68.65567554132251
assign-table,0,2-stackless,1,0,True,1947268,0.021327709,10.952631584353053
assign-table,0,2-stackless,1,1,True,1947268,0.021715291,11.151670442897434
assign-table,0,2-stackless,1,2,False,1947268,0.021523667000000003,11.05326385479554
assign-table,0,2-stackless,1,3,False,1947268,0.021928167,11.26099078298416
assign-table,0,2-stackless,1,4,False,1947268,0.0217435,11.166156892631111
assign-table,0,1x,1,0,True,1947268,0.134388,69.01361291820129
assign-table,0,1x,1,1,True,1947268,0.130551,67.04315995538364
assign-table,0,1x,1,2,False,1947268,0.126558,64.99259475326457
assign-table,0,1x,1,3,False,1947268,0.131766,67.66711104994279
assign-table,0,1x,1,4,False,1947268,0.128846,66.16757426301875
assign-table,0,1x,2,0,True,1947268,0.131234,67.39390777232512
assign-table,0,1x,2,1,True,1947268,0.126894,65.16514419175994
assign-table,0,1x,2,2,False,1947268,0.125976,64.6937144758708
assign-table,0,1x,2,3,False,1947268,0.130916,67.23060205374915
assign-table,0,1x,2,4,False,1947268,0.130094,66.80847217743012
assign-table,0,2-stackless,2,0,True,1947268,0.021592167,11.08844134448879
assign-table,0,2-stackless,2,1,True,1947268,0.021628042000000004,11.106864591828142
assign-table,0,2-stackless,2,2,False,1947268,0.021557874999999997,11.070831030962351
assign-table,0,2-stackless,2,3,False,1947268,0.021920250000000002,11.256925086839615
assign-table,0,2-stackless,2,4,False,1947268,0.021832624999999994,11.211926144732
update-string,0,2-stackless,0,0,True,1998322,0.022082333,11.050437817328739
update-string,0,2-stackless,0,1,True,1998322,0.022099916,11.059236699590956
update-string,0,2-stackless,0,2,False,1998322,0.022084499999999993,11.051522227148574
update-string,0,2-stackless,0,3,False,1998322,0.022062291999999997,11.040408903069673
update-string,0,2-stackless,0,4,False,1998322,0.022004250000000003,11.011363534005032
update-string,0,1x,0,0,True,1998322,0.0203056,10.161325351970303
update-string,0,1x,0,1,True,1998322,0.0199188,9.967762953117665
update-string,0,1x,0,2,False,1998322,0.0204568,10.236988833631417
update-string,0,1x,0,3,False,1998322,0.0202931,10.155070103817103
update-string,0,1x,0,4,False,1998322,0.0201873,10.102125683448413
update-string,0,2-stackless,1,0,True,1998322,0.021659667,10.838927360055086
update-string,0,2-stackless,1,1,True,1998322,0.022076832999999997,11.04768550814133
update-string,0,2-stackless,1,2,False,1998322,0.022332874999999995,11.17581400795267
update-string,0,2-stackless,1,3,False,1998322,0.022180666999999987,11.09964610308048
update-string,0,2-stackless,1,4,False,1998322,0.022434167000000005,11.226502535627393
update-string,0,1x,1,0,True,1998322,0.020177,10.096971358970176
update-string,0,1x,1,1,True,1998322,0.020278,10.147513764048036
update-string,0,1x,1,2,False,1998322,0.0203143,10.16567900468493
update-string,0,1x,1,3,False,1998322,0.0201257,10.071299820549442
update-string,0,1x,1,4,False,1998322,0.02029,10.153518802275109
update-string,0,1x,2,0,True,1998322,0.0205293,10.273269272919979
update-string,0,1x,2,1,True,1998322,0.0201845,10.100724507862097
update-string,0,1x,2,2,False,1998322,0.0201622,10.089565145156786
update-string,0,1x,2,3,False,1998322,0.0206999,10.35864089971486
update-string,0,1x,2,4,False,1998322,0.020216,10.116487733208162
update-string,0,2-stackless,2,0,True,1998322,0.022045584,11.032047888178182
update-string,0,2-stackless,2,1,True,1998322,0.022044042,11.031276240766003
update-string,0,2-stackless,2,2,False,1998322,0.022101375,11.059966812155398
update-string,0,2-stackless,2,3,False,1998322,0.022031999999999996,11.025250184905133
update-string,0,2-stackless,2,4,False,1998322,0.022086334,11.052439997157615
make-table,0,1x,0,0,True,2029613,0.0417671,20.578849268308787
make-table,0,1x,0,1,True,2029613,0.0414125,20.404136157976914
make-table,0,1x,0,2,False,2029613,0.0420576,20.721980003084333
make-table,0,1x,0,3,False,2029613,0.0425584,20.9687265503325
make-table,0,1x,0,4,False,2029613,0.041947,20.66748685586858
make-table,0,2-stackless,0,0,True,2029613,0.022096,10.886804528745134
make-table,0,2-stackless,0,1,True,2029613,0.022301916,10.988260323519803
make-table,0,2-stackless,0,2,False,2029613,0.022296250000000004,10.985468658310724
make-table,0,2-stackless,0,3,False,2029613,0.022297082999999995,10.985879081381523
make-table,0,2-stackless,0,4,False,2029613,0.022232833000000007,10.954222800110172
make-table,0,2-stackless,1,0,True,2029613,0.022177166,10.926795403852852
make-table,0,2-stackless,1,1,True,2029613,0.02195975,10.819673504259187
make-table,0,2-stackless,1,2,False,2029613,0.022007875000000003,10.843384921164775
make-table,0,2-stackless,1,3,False,2029613,0.02211574999999999,10.8965354478908
make-table,0,2-stackless,1,4,False,2029613,0.021898792,10.789639207080365
make-table,0,1x,1,0,True,2029613,0.0416411,20.51676846768325
make-table,0,1x,1,1,True,2029613,0.0441884,21.77183532032954
make-table,0,1x,1,2,False,2029613,0.0416833,20.537560608845133
make-table,0,1x,1,3,False,2029613,0.0417077,20.549582605156747
make-table,0,1x,1,4,False,2029613,0.0411221,20.261054693678055
make-table,0,1x,2,0,True,2029613,0.0419516,20.66975329779618
make-table,0,1x,2,1,True,2029613,0.0423885,20.8850160104414
make-table,0,1x,2,2,False,2029613,0.04174,20.565496969126627
make-table,0,1x,2,3,False,2029613,0.0419722,20.67990301599369
make-table,0,1x,2,4,False,2029613,0.041613,20.50292346373422
make-table,0,2-stackless,2,0,True,2029613,0.021879875,10.780318711005497
make-table,0,2-stackless,2,1,True,2029613,0.021726291,10.704647142090636
make-table,0,2-stackless,2,2,False,2029613,0.022041917000000008,10.860157576838544
make-table,0,2-stackless,2,3,False,2029613,0.022157542000000002,10.917126565507811
make-table,0,2-stackless,2,4,False,2029613,0.02215325,10.915011876648405
const-int,8,1x,0,0,True,1896490,0.0223863,11.804069623356833
const-int,8,1x,0,1,True,1896490,0.0223394,11.779339727602045
const-int,8,1x,0,2,False,1896490,0.022341,11.780183391423103
const-int,8,1x,0,3,False,1896490,0.0223177,11.767897537028933
const-int,8,1x,0,4,False,1896490,0.0218561,11.524500524653439
const-int,8,2-stackless,0,0,True,1896490,0.0219455,11.571640240655105
const-int,8,2-stackless,0,1,True,1896490,0.021951125,11.574606246276016
const-int,8,2-stackless,0,2,False,1896490,0.021952125000000003,11.575133536164179
const-int,8,2-stackless,0,3,False,1896490,0.02186758400000001,11.530555921729094
const-int,8,2-stackless,0,4,False,1896490,0.02197829100000001,11.588930603377825
const-int,8,1x,1,0,True,1896490,0.0224399,11.832332361362306
const-int,8,1x,1,1,True,1896490,0.0223243,11.7713776502908
const-int,8,1x,1,2,False,1896490,0.0223911,11.80660061482001
const-int,8,1x,1,3,False,1896490,0.0218438,11.518014859029048
const-int,8,1x,1,4,False,1896490,0.0222596,11.737261994526731
const-int,8,2-stackless,1,0,True,1896490,0.02181475,11.502697087777948
const-int,8,2-stackless,1,1,True,1896490,0.021954208000000003,11.57623188100122
const-int,8,2-stackless,1,2,False,1896490,0.021979834000000004,11.589744211675255
const-int,8,2-stackless,1,3,False,1896490,0.021986792000000005,11.593413094717084
const-int,8,2-stackless,1,4,False,1896490,0.02198137500000001,11.590556765392916
const-int,8,1x,2,0,True,1896490,0.0219576,11.578020448301864
const-int,8,1x,2,1,True,1896490,0.0228807,12.064761744064034
const-int,8,1x,2,2,False,1896490,0.0216594,11.42078260365201
const-int,8,1x,2,3,False,1896490,0.021988,11.594050060901981
const-int,8,1x,2,4,False,1896490,0.0220985,11.652315593543863
const-int,8,2-stackless,2,0,True,1896490,0.021483959,11.328274338383013
const-int,8,2-stackless,2,1,True,1896490,0.0216455,11.41345327420656
const-int,8,2-stackless,2,2,False,1896490,0.021625375000000002,11.402841565207305
const-int,8,2-stackless,2,3,False,1896490,0.021609666,11.39455836835417
const-int,8,2-stackless,2,4,False,1896490,0.02166675,11.42465818433
do-int,0,1x,0,0,True,3219316,0.0168953,5.248102391936672
do-int,0,1x,0,1,True,3219316,0.0167367,5.198837268537789
do-int,0,1x,0,2,False,3219316,0.0168568,5.2361433298253415
do-int,0,1x,0,3,False,3219316,0.0168429,5.231825642465667
do-int,0,1x,0,4,False,3219316,0.0168386,5.230489955009077
do-int,0,2-stackless,0,0,True,3219316,0.033019291,10.25661693353495
do-int,0,2-stackless,0,1,True,3219316,0.03327758399999999,10.336849194052398
do-int,0,2-stackless,0,2,False,3219316,0.033672833,10.45962341068724
do-int,0,2-stackless,0,3,False,3219316,0.033990542,10.558311765604868
do-int,0,2-stackless,0,4,False,3219316,0.033785542,10.494633642674406
do-int,0,1x,1,0,True,3219316,0.0172545,5.3596788883104365
do-int,0,1x,1,1,True,3219316,0.0169753,5.2729523911290475
do-int,0,1x,1,2,False,3219316,0.0174759,5.428451261075334
do-int,0,1x,1,3,False,3219316,0.0173415,5.386703262432144
do-int,0,1x,1,4,False,3219316,0.0174812,5.430097573521829
do-int,0,2-stackless,1,0,True,3219316,0.033255667,10.330041226148662
do-int,0,2-stackless,1,1,True,3219316,0.033726708,10.476358332018354
do-int,0,2-stackless,1,2,False,3219316,0.033779291,10.492691925862513
do-int,0,2-stackless,1,3,False,3219316,0.03332458299999999,10.35144825795293
do-int,0,2-stackless,1,4,False,3219316,0.03335416599999999,10.360637477029279
do-int,0,2-stackless,2,0,True,3219316,0.033231834,10.322638100764262
do-int,0,2-stackless,2,1,True,3219316,0.033358542,10.361996771985103
do-int,0,2-stackless,2,2,False,3219316,0.033377583,10.367911382417882
do-int,0,2-stackless,2,3,False,3219316,0.03349325,10.403840443125187
do-int,0,2-stackless,2,4,False,3219316,0.033766958999999985,10.488861298487004
do-int,0,1x,2,0,True,3219316,0.0163903,5.091236772034805
do-int,0,1x,2,1,True,3219316,0.0165424,5.1384828329993075
do-int,0,1x,2,2,False,3219316,0.0168623,5.2378517672698175
do-int,0,1x,2,3,False,3219316,0.0167418,5.200421455986303
do-int,0,1x,2,4,False,3219316,0.016829,5.227507955105992
const-string,256,2-stackless,0,0,True,148231,0.020942708,141.28426577436568
const-string,256,2-stackless,0,1,True,148231,0.021078707999999998,142.20175266981937
const-string,256,2-stackless,0,2,False,148231,0.021024334000000006,141.83493331354444
const-string,256,2-stackless,0,3,False,148231,0.021350624999999998,144.0361665238715
const-string,256,2-stackless,0,4,False,148231,0.021550874999999997,145.38709851515537
const-string,256,1x,0,0,True,148231,0.0302434,204.0288468673894
const-string,256,1x,0,1,True,148231,0.0309148,208.5582637909749
const-string,256,1x,0,2,False,148231,0.0315467,212.82120474124844
const-string,256,1x,0,3,False,148231,0.0315643,212.93993833948366
const-string,256,1x,0,4,False,148231,0.0316363,213.4256666959003
const-string,256,2-stackless,1,0,True,148231,0.0207515,139.99433316917515
const-string,256,2-stackless,1,1,True,148231,0.021144417,142.64504051109418
const-string,256,2-stackless,1,2,False,148231,0.020812375,140.40500974829826
const-string,256,2-stackless,1,3,False,148231,0.02069529199999999,139.61514123226578
const-string,256,2-stackless,1,4,False,148231,0.021132625000000002,142.5654890002766
const-string,256,1x,1,0,True,148231,0.0319737,215.70184374388623
const-string,256,1x,1,1,True,148231,0.0308534,208.14404544258625
const-string,256,1x,1,2,False,148231,0.0311485,210.13485708117736
const-string,256,1x,1,3,False,148231,0.0309504,208.79842947831426
const-string,256,1x,1,4,False,148231,0.0309942,209.09391422846772
const-string,256,1x,2,0,True,148231,0.0307768,207.62728444117627
const-string,256,1x,2,1,True,148231,0.0310268,209.31384123428973
const-string,256,1x,2,2,False,148231,0.0316876,213.7717481498472
const-string,256,1x,2,3,False,148231,0.0317737,214.3525983093955
const-string,256,1x,2,4,False,148231,0.0318621,214.94896479144037
const-string,256,2-stackless,2,0,True,148231,0.020821416000000002,140.46600238816444
const-string,256,2-stackless,2,1,True,148231,0.020768917,140.11183220783778
const-string,256,2-stackless,2,2,False,148231,0.021083832999999996,142.2363270840782
const-string,256,2-stackless,2,3,False,148231,0.021052791,142.0269107001909
const-string,256,2-stackless,2,4,False,148231,0.021097583000000003,142.3290877076995
make-seq,256,1x,0,0,True,16268,0.0214514,1318.625522498156
make-seq,256,1x,0,1,True,16268,0.020773,1276.9240226210966
make-seq,256,1x,0,2,False,16268,0.0213214,1310.6343742316203
make-seq,256,1x,0,3,False,16268,0.0210342,1292.980083599705
make-seq,256,1x,0,4,False,16268,0.0208954,1284.4479960658962
make-seq,256,2-stackless,0,0,True,16268,0.033919417,2085.039156626506
make-seq,256,2-stackless,0,1,True,16268,0.034003125,2090.1847184656995
make-seq,256,2-stackless,0,2,False,16268,0.033958540999999995,2087.444123432505
make-seq,256,2-stackless,0,3,False,16268,0.03452429200000001,2122.2210474551275
make-seq,256,2-stackless,0,4,False,16268,0.034548791999999995,2123.727071551512
make-seq,256,1x,1,0,True,16268,0.0206698,1270.580280304893
make-seq,256,1x,1,1,True,16268,0.0209301,1286.5810179493485
make-seq,256,1x,1,2,False,16268,0.0208365,1280.827391197443
make-seq,256,1x,1,3,False,16268,0.021124,1298.5001229407426
make-seq,256,1x,1,4,False,16268,0.0210339,1292.9616424883206
make-seq,256,2-stackless,1,0,True,16268,0.034512,2121.46545365134
make-seq,256,2-stackless,1,1,True,16268,0.03476775000000001,2137.186501106467
make-seq,256,2-stackless,1,2,False,16268,0.034850833,2142.2936439636096
make-seq,256,2-stackless,1,3,False,16268,0.033110875,2035.337779690189
make-seq,256,2-stackless,1,4,False,16268,0.032669583,2008.2113966068357
make-seq,256,2-stackless,2,0,True,16268,0.032289666,1984.8577575608556
make-seq,256,2-stackless,2,1,True,16268,0.032450125,1994.7212318662407
make-seq,256,2-stackless,2,2,False,16268,0.032473166,1996.1375706909269
make-seq,256,2-stackless,2,3,False,16268,0.032424958000000004,1993.1742070322107
make-seq,256,2-stackless,2,4,False,16268,0.03393183300000002,2085.8023727563327
make-seq,256,1x,2,0,True,16268,0.020256,1245.1438406687976
make-seq,256,1x,2,1,True,16268,0.020212,1242.4391443324319
make-seq,256,1x,2,2,False,16268,0.02013,1237.3985738873862
make-seq,256,1x,2,3,False,16268,0.0199241,1224.7418244406197
make-seq,256,1x,2,4,False,16268,0.0198462,1219.9532825178264
add-float4,256,2-stackless,0,0,True,73662,0.020125208000000002,273.2101762102577
add-float4,256,2-stackless,0,1,True,73662,0.020107209,272.9658304145964
add-float4,256,2-stackless,0,2,False,73662,0.020098666,272.84985474192933
add-float4,256,2-stackless,0,3,False,73662,0.020033291,271.96235508131736
add-float4,256,2-stackless,0,4,False,73662,0.019841582999999996,269.35981917406525
add-float4,256,1x,0,0,True,73662,0.0153116,207.8629415438082
add-float4,256,1x,0,1,True,73662,0.0160228,217.5178518096169
add-float4,256,1x,0,2,False,73662,0.0402151,545.9409193342565
add-float4,256,1x,0,3,False,73662,0.0158927,215.7516765767967
add-float4,256,1x,0,4,False,73662,0.021988,298.4985474192935
add-float4,256,2-stackless,1,0,True,73662,0.020034916,271.98441530232685
add-float4,256,2-stackless,1,1,True,73662,0.019999667,271.50589177594964
add-float4,256,2-stackless,1,2,False,73662,0.019964459000000004,271.0279248459179
add-float4,256,2-stackless,1,3,False,73662,0.019838667000000004,269.32023295593393
add-float4,256,2-stackless,1,4,False,73662,0.019944083,270.7513100377399
add-float4,256,1x,1,0,True,73662,0.0154713,210.03095218701637
add-float4,256,1x,1,1,True,73662,0.0368189,499.83573620048327
add-float4,256,1x,1,2,False,73662,0.0516983,701.831337731802
add-float4,256,1x,1,3,False,73662,0.0528014,716.8064945290652
add-float4,256,1x,1,4,False,73662,0.0538268,730.7268333740599
add-float4,256,1x,2,0,True,73662,0.0530106,719.6464934430236
add-float4,256,1x,2,1,True,73662,0.0521475,707.9294615948521
add-float4,256,1x,2,2,False,73662,0.05379,730.2272542151992
add-float4,256,1x,2,3,False,73662,0.0538353,730.8422252993403
add-float4,256,1x,2,4,False,73662,0.0534415,725.4961852787054
add-float4,256,2-stackless,2,0,True,73662,0.019769375000000002,268.3795579810486
add-float4,256,2-stackless,2,1,True,73662,0.019997332999999996,271.4742065108196
add-float4,256,2-stackless,2,2,False,73662,0.020007791999999996,271.61619288099695
add-float4,256,2-stackless,2,3,False,73662,0.019840416000000007,269.34397654150047
add-float4,256,2-stackless,2,4,False,73662,0.019978334,271.2162851945372
add-int,0,1x,0,0,True,4067770,0.0210039,5.163492527846953
add-int,0,1x,0,1,True,4067770,0.0211322,5.195033150841862
add-int,0,1x,0,2,False,4067770,0.0210564,5.1763988622758905
add-int,0,1x,0,3,False,4067770,0.021028,5.169417149937189
add-int,0,1x,0,4,False,4067770,0.0211975,5.211086172522045
add-int,0,2-stackless,0,0,True,4067770,0.042076583,10.343894320475346
add-int,0,2-stackless,0,1,True,4067770,0.042093291,10.348001730677987
add-int,0,2-stackless,0,2,False,4067770,0.04239720899999999,10.42271539442987
add-int,0,2-stackless,0,3,False,4067770,0.04242958400000002,10.430674300661055
add-int,0,2-stackless,0,4,False,4067770,0.04247179200000001,10.441050501872034
add-int,0,2-stackless,1,0,True,4067770,0.042355791000000004,10.412533402822678
add-int,0,2-stackless,1,1,True,4067770,0.042590667,10.47027413054327
add-int,0,2-stackless,1,2,False,4067770,0.042533166,10.456138375571873
add-int,0,2-stackless,1,3,False,4067770,0.04295249999999998,10.559225324932328
add-int,0,2-stackless,1,4,False,4067770,0.04275483399999999,10.510632115385086
add-int,0,1x,1,0,True,4067770,0.0213668,5.252706028118601
add-int,0,1x,1,1,True,4067770,0.0209488,5.149947022570106
add-int,0,1x,1,2,False,4067770,0.0212626,5.2270900272139285
add-int,0,1x,1,3,False,4067770,0.0221444,5.443867278631781
add-int,0,1x,1,4,False,4067770,0.0213296,5.243560968294668
add-int,0,2-stackless,2,0,True,4067770,0.042839417,10.531425572242284
add-int,0,2-stackless,2,1,True,4067770,0.042899583000000005,10.546216477332791
add-int,0,2-stackless,2,2,False,4067770,0.04300183299999999,10.571353100101527
add-int,0,2-stackless,2,3,False,4067770,0.04279254099999999,10.519901813524362
add-int,0,2-stackless,2,4,False,4067770,0.04256341699999999,10.463575128387296
add-int,0,1x,2,0,True,4067770,0.0210069,5.164230032671464
add-int,0,1x,2,1,True,4067770,0.020991,5.160321257101557
add-int,0,1x,2,2,False,4067770,0.0207445,5.099722944020925
add-int,0,1x,2,3,False,4067770,0.0209932,5.160862093972865
add-int,0,1x,2,4,False,4067770,0.0212455,5.222886249714217
assign-seq,0,2-stackless,0,0,True,1922301,0.021053875,10.95243408810587
assign-seq,0,2-stackless,0,1,True,1922301,0.021020959000000002,10.935310859225483
assign-seq,0,2-stackless,0,2,False,1922301,0.021072583,10.962166174808212
assign-seq,0,2-stackless,0,3,False,1922301,0.02104750000000001,10.949117750029789
assign-seq,0,2-stackless,0,4,False,1922301,0.021236207999999993,11.047285518761106
assign-seq,0,1x,0,0,True,1922301,0.083382,43.376141405534305
assign-seq,0,1x,0,1,True,1922301,0.0842755,43.840948946080765
assign-seq,0,1x,0,2,False,1922301,0.0828471,43.097881133079575
assign-seq,0,1x,0,3,False,1922301,0.0840246,43.71042828360387
assign-seq,0,1x,0,4,False,1922301,0.0833845,43.377441930270024
assign-seq,0,1x,1,0,True,1922301,0.0831995,43.28120309982672
assign-seq,0,1x,1,1,True,1922301,0.082808,43.07754092621291
assign-seq,0,1x,1,2,False,1922301,0.082778,43.06193462938426
assign-seq,0,1x,1,3,False,1922301,0.0828747,43.11223892616193
assign-seq,0,1x,1,4,False,1922301,0.082581,42.9594532802095
assign-seq,0,2-stackless,1,0,True,1922301,0.020562625,10.696880977536816
assign-seq,0,2-stackless,1,1,True,1922301,0.020731874999999997,10.784926502145083
assign-seq,0,2-stackless,1,2,False,1922301,0.020702458,10.769623487684811
assign-seq,0,2-stackless,1,3,False,1922301,0.020768125,10.80378411081303
assign-seq,0,2-stackless,1,4,False,1922301,0.020729500000000012,10.783691003646156
assign-seq,0,1x,2,0,True,1922301,0.0826409,42.99061385287736
assign-seq,0,1x,2,1,True,1922301,0.083287,43.32672146557693
assign-seq,0,1x,2,2,False,1922301,0.0830886,43.223511822550165
assign-seq,0,1x,2,3,False,1922301,0.0825491,42.94285858458171
assign-seq,0,1x,2,4,False,1922301,0.0823574,42.84313434784667
assign-seq,0,2-stackless,2,0,True,1922301,0.02056275,10.696946003773602
assign-seq,0,2-stackless,2,1,True,1922301,0.020641416999999995,10.737869355527566
assign-seq,0,2-stackless,2,2,False,1922301,0.020639083999999995,10.736655705844193
assign-seq,0,2-stackless,2,3,False,1922301,0.020589041999999995,10.710623362314225
assign-seq,0,2-stackless,2,4,False,1922301,0.020684333,10.76019468335084
take-seq,8,1x,0,0,True,746500,0.0198016,26.525920964501005
take-seq,8,1x,0,1,True,746500,0.0197875,26.507032819825852
take-seq,8,1x,0,2,False,746500,0.0195172,26.144943067649027
take-seq,8,1x,0,3,False,746500,0.0194873,26.10488948425988
take-seq,8,1x,0,4,False,746500,0.0197809,26.49819156061621
take-seq,8,2-stackless,0,0,True,746500,0.020152833,26.996427327528465
take-seq,8,2-stackless,0,1,True,746500,0.020186749999999996,27.041862022772936
take-seq,8,2-stackless,0,2,False,746500,0.020176125000000003,27.027628935030144
take-seq,8,2-stackless,0,3,False,746500,0.020267417000000003,27.149922304085738
take-seq,8,2-stackless,0,4,False,746500,0.020637041999999994,27.64506630944406
take-seq,8,1x,1,0,True,746500,0.0196673,26.346014735432018
take-seq,8,1x,1,1,True,746500,0.019692,26.379102478231747
take-seq,8,1x,1,2,False,746500,0.0193455,25.914936369725385
take-seq,8,1x,1,3,False,746500,0.0196758,26.357401205626257
take-seq,8,1x,1,4,False,746500,0.0194084,25.99919624916276
take-seq,8,2-stackless,1,0,True,746500,0.02015725,27.002344273275284
take-seq,8,2-stackless,1,1,True,746500,0.020231375,27.1016409912927
take-seq,8,2-stackless,1,2,False,746500,0.020158125,27.003516409912926
take-seq,8,2-stackless,1,3,False,746500,0.020277333,27.16320562625586
take-seq,8,2-stackless,1,4,False,746500,0.020376999999999992,27.29671801741459
take-seq,8,2-stackless,2,0,True,746500,0.020315084,27.213776289350303
take-seq,8,2-stackless,2,1,True,746500,0.0202875,27.1768251841929
take-seq,8,2-stackless,2,2,False,746500,0.020220792,27.087464166108507
take-seq,8,2-stackless,2,3,False,746500,0.020201874999999994,27.062123241795035
take-seq,8,2-stackless,2,4,False,746500,0.020242208999999997,27.1161540522438
take-seq,8,1x,2,0,True,746500,0.0194389,26.04005358338915
take-seq,8,1x,2,1,True,746500,0.0197981,26.521232417950436
take-seq,8,1x,2,2,False,746500,0.019516,26.14333556597455
take-seq,8,1x,2,3,False,746500,0.0194215,26.016744809109177
take-seq,8,1x,2,4,False,746500,0.0194103,26.001741460147354
take-table,8,2-stackless,0,0,True,792733,0.021385084,26.976401890674413
take-table,8,2-stackless,0,1,True,792733,0.021492999999999998,27.112533475962273
take-table,8,2-stackless,0,2,False,792733,0.021406458000000003,27.00336431055602
take-table,8,2-stackless,0,3,False,792733,0.021423125,27.02438904397824
take-table,8,2-stackless,0,4,False,792733,0.021483500000000003,27.100549617588776
take-table,8,1x,0,0,True,792733,0.0210551,26.560140677882718
take-table,8,1x,0,1,True,792733,0.0210183,26.513718994920104
take-table,8,1x,0,2,False,792733,0.021084,26.59659683651368
take-table,8,1x,0,3,False,792733,0.0210667,26.57477359968615
take-table,8,1x,0,4,False,792733,0.021474,27.08856575921527
take-table,8,2-stackless,1,0,True,792733,0.021651875,27.312947739024363
take-table,8,2-stackless,1,1,True,792733,0.021521583,27.148589752161193
take-table,8,2-stackless,1,2,False,792733,0.021484333999999994,27.10160167420808
take-table,8,2-stackless,1,3,False,792733,0.021487999999999993,27.106226182081475
take-table,8,2-stackless,1,4,False,792733,0.021402124999999994,26.99789840967891
take-table,8,1x,1,0,True,792733,0.0212768,26.83980608855693
take-table,8,1x,1,1,True,792733,0.0218309,27.538780396426034
take-table,8,1x,1,2,False,792733,0.021658,27.32067417402833
take-table,8,1x,1,3,False,792733,0.0216858,27.35574272800552
take-table,8,1x,1,4,False,792733,0.0220294,27.789179963493382
take-table,8,2-stackless,2,0,True,792733,0.021944250000000002,27.68176674870354
take-table,8,2-stackless,2,1,True,792733,0.022650374999999997,28.572514327018045
take-table,8,2-stackless,2,2,False,792733,0.021789833,27.48697606886556
take-table,8,2-stackless,2,3,False,792733,0.021450625,27.05907916032258
take-table,8,2-stackless,2,4,False,792733,0.021433207999999995,27.03710833281823
take-table,8,1x,2,0,True,792733,0.0214697,27.083141486477793
take-table,8,1x,2,1,True,792733,0.0214632,27.074942004432767
take-table,8,1x,2,2,False,792733,0.0214323,27.035962928249486
take-table,8,1x,2,3,False,792733,0.0217282,27.409228580114615
take-table,8,1x,2,4,False,792733,0.0210972,26.613248092358965
const-table,256,2-stackless,0,0,True,139914,0.020087125,143.5676558457338
const-table,256,2-stackless,0,1,True,139914,0.020002416000000002,142.96221964921313
const-table,256,2-stackless,0,2,False,139914,0.020121999999999994,143.81691610560767
const-table,256,2-stackless,0,3,False,139914,0.019309000000000007,138.00620381091247
const-table,256,2-stackless,0,4,False,139914,0.019504167000000003,139.40111068227628
const-table,256,1x,0,0,True,139914,0.0373436,266.90395528681904
const-table,256,1x,0,1,True,139914,0.0381303,272.52669496976716
const-table,256,1x,0,2,False,139914,0.0377035,269.47624969624195
const-table,256,1x,0,3,False,139914,0.0372993,266.5873322183627
const-table,256,1x,0,4,False,139914,0.0374384,267.5815143588204
const-table,256,2-stackless,1,0,True,139914,0.019481416,139.2385036522435
const-table,256,2-stackless,1,1,True,139914,0.019748584000000003,141.14801949769148
const-table,256,2-stackless,1,2,False,139914,0.019818416,141.64712609174208
const-table,256,2-stackless,1,3,False,139914,0.019810916999999997,141.5935288820275
const-table,256,2-stackless,1,4,False,139914,0.020265959,144.84582672212932
const-table,256,1x,1,0,True,139914,0.0381605,272.74254184713465
const-table,256,1x,1,1,True,139914,0.0373943,267.2663207398831
const-table,256,1x,1,2,False,139914,0.0375377,268.2912360449991
const-table,256,1x,1,3,False,139914,0.0380088,271.65830438698055
const-table,256,1x,1,4,False,139914,0.0377897,270.0923424389268
const-table,256,2-stackless,2,0,True,139914,0.019637167,140.35169461240477
const-table,256,2-stackless,2,1,True,139914,0.019809457999999995,141.58310104778647
const-table,256,2-stackless,2,2,False,139914,0.020141,143.9527138099118
const-table,256,2-stackless,2,3,False,139914,0.020231166999999994,144.5971596838057
const-table,256,2-stackless,2,4,False,139914,0.02023841700000001,144.64897722886923
const-table,256,1x,2,0,True,139914,0.03943,281.8159726689252
const-table,256,1x,2,1,True,139914,0.0390726,279.26154637848964
const-table,256,1x,2,2,False,139914,0.0397025,283.7635976385494
const-table,256,1x,2,3,False,139914,0.0403754,288.572980545192
const-table,256,1x,2,4,False,139914,0.0386942,276.5570278885601
assign-table,64,2-stackless,0,0,True,60778,0.015099084,248.43008983513772
assign-table,64,2-stackless,0,1,True,60778,0.015222416999999999,250.45932738819965
assign-table,64,2-stackless,0,2,False,60778,0.015099708,248.44035670801935
assign-table,64,2-stackless,0,3,False,60778,0.0152095,250.24679982888546
assign-table,64,2-stackless,0,4,False,60778,0.015057000000000001,247.73766823521672
assign-table,64,1x,0,0,True,60778,0.265211,4363.601961235973
assign-table,64,1x,0,1,True,60778,0.258653,4255.701076047254
assign-table,64,1x,0,2,False,60778,0.259629,4271.759518246734
assign-table,64,1x,0,3,False,60778,0.256583,4221.642699661062
assign-table,64,1x,0,4,False,60778,0.261695,4305.752081345224
assign-table,64,1x,1,0,True,60778,0.253477,4170.538681759847
assign-table,64,1x,1,1,True,60778,0.253794,4175.754384810294
assign-table,64,1x,1,2,False,60778,0.265899,4374.921846720853
assign-table,64,1x,1,3,False,60778,0.25361,4172.726973575965
assign-table,64,1x,1,4,False,60778,0.257439,4235.7267432294575
assign-table,64,2-stackless,1,0,True,60778,0.01525175,250.94195268024615
assign-table,64,2-stackless,1,1,True,60778,0.015328708000000002,252.20816742900394
assign-table,64,2-stackless,1,2,False,60778,0.015391500000000002,253.2413044193623
assign-table,64,2-stackless,1,3,False,60778,0.015354332999999998,252.62978380334985
assign-table,64,2-stackless,1,4,False,60778,0.015195333999999991,250.01372207048587
assign-table,64,1x,2,0,True,60778,0.25325,4166.803777682714
assign-table,64,1x,2,1,True,60778,0.258199,4248.2312678929875
assign-table,64,1x,2,2,False,60778,0.25963,4271.77597156866
assign-table,64,1x,2,3,False,60778,0.262095,4312.333410115502
assign-table,64,1x,2,4,False,60778,0.268574,4418.934482872092
assign-table,64,2-stackless,2,0,True,60778,0.015057,247.7376682352167
assign-table,64,2-stackless,2,1,True,60778,0.01492775,245.61107637632037
assign-table,64,2-stackless,2,2,False,60778,0.015018125000000004,247.0980453453553
assign-table,64,2-stackless,2,3,False,60778,0.015164708999999998,249.50983908651153
assign-table,64,2-stackless,2,4,False,60778,0.01531225,251.9373786567508
add-float4,0,1x,0,0,True,4057536,0.02125,5.2371685673275605
add-float4,0,1x,0,1,True,4057536,0.0215905,5.321086491900503
add-float4,0,1x,0,2,False,4057536,0.0215913,5.321283655893626
add-float4,0,1x,0,3,False,4057536,0.0217025,5.348689450937712
add-float4,0,1x,0,4,False,4057536,0.0216362,5.33234948500765
add-float4,0,2-stackless,0,0,True,4057536,0.042174167,10.394033965441094
add-float4,0,2-stackless,0,1,True,4057536,0.042089959,10.373280483524976
add-float4,0,2-stackless,0,2,False,4057536,0.042010583000000004,10.353717872127323
add-float4,0,2-stackless,0,3,False,4057536,0.041975999999999986,10.345194719159604
add-float4,0,2-stackless,0,4,False,4057536,0.04207745800000001,10.370199549677443
add-float4,0,2-stackless,1,0,True,4057536,0.042217875,10.404806020205365
add-float4,0,2-stackless,1,1,True,4057536,0.04254370799999999,10.48510918941939
add-float4,0,2-stackless,1,2,False,4057536,0.04239395800000001,10.448202554456696
add-float4,0,2-stackless,1,3,False,4057536,0.04269175,10.52159487925677
add-float4,0,2-stackless,1,4,False,4057536,0.0431125,10.625290816889857
add-float4,0,1x,1,0,True,4057536,0.0212284,5.231845139513242
add-float4,0,1x,1,1,True,4057536,0.0212723,5.242664513635861
add-float4,0,1x,1,2,False,4057536,0.0210967,5.199387017145381
add-float4,0,1x,1,3,False,4057536,0.0211128,5.203354942506979
add-float4,0,1x,1,4,False,4057536,0.0213396,5.259250934557327
add-float4,0,1x,2,0,True,4057536,0.0217374,5.3572907301376995
add-float4,0,1x,2,1,True,4057536,0.0207104,5.1041814539661505
add-float4,0,1x,2,2,False,4057536,0.0209442,5.161802630956324
add-float4,0,1x,2,3,False,4057536,0.0209934,5.173928216533384
add-float4,0,1x,2,4,False,4057536,0.0210355,5.184303971671477
add-float4,0,2-stackless,2,0,True,4057536,0.042921458,10.57820756242212
add-float4,0,2-stackless,2,1,True,4057536,0.042876874999999995,10.56721985954037
add-float4,0,2-stackless,2,2,False,4057536,0.04282812500000001,10.555205178709445
add-float4,0,2-stackless,2,3,False,4057536,0.04250920899999999,10.476606738670956
add-float4,0,2-stackless,2,4,False,4057536,0.042526167000000004,10.48078612241518
assign-int,8,1x,0,0,True,1076717,0.0213879,19.863993974275505
assign-int,8,1x,0,1,True,1076717,0.0211188,19.614067577645752
assign-int,8,1x,0,2,False,1076717,0.0214831,19.952410893484547
assign-int,8,1x,0,3,False,1076717,0.0214701,19.940337154516925
assign-int,8,1x,0,4,False,1076717,0.0214107,19.88516945492641
assign-int,8,2-stackless,0,0,True,1076717,0.025695625,23.864789912298217
assign-int,8,2-stackless,0,1,True,1076717,0.0257025,23.871175062713785
assign-int,8,2-stackless,0,2,False,1076717,0.026192916999999996,24.326649435274074
assign-int,8,2-stackless,0,3,False,1076717,0.025882333000000007,24.0381948088495
assign-int,8,2-stackless,0,4,False,1076717,0.02600408400000001,24.151270946776183
assign-int,8,1x,1,0,True,1076717,0.0212176,19.70582799379967
assign-int,8,1x,1,1,True,1076717,0.021416,19.890091825428595
assign-int,8,1x,1,2,False,1076717,0.02119,19.68019451722226
assign-int,8,1x,1,3,False,1076717,0.0213111,19.792666039451408
assign-int,8,1x,1,4,False,1076717,0.0213808,19.857399855300883
assign-int,8,2-stackless,1,0,True,1076717,0.026166417,24.30203758276316
assign-int,8,2-stackless,1,1,True,1076717,0.026063457999999998,24.206414498888748
assign-int,8,2-stackless,1,2,False,1076717,0.026111041999999994,24.25060809850684
assign-int,8,2-stackless,1,3,False,1076717,0.025763290999999994,23.92763465237383
assign-int,8,2-stackless,1,4,False,1076717,0.025892457999999993,24.04759839400696
assign-int,8,2-stackless,2,0,True,1076717,0.026165375,24.301069826147447
assign-int,8,2-stackless,2,1,True,1076717,0.026114625,24.253935806716157
assign-int,8,2-stackless,2,2,False,1076717,0.026141000000000005,24.278431565583162
assign-int,8,2-stackless,2,3,False,1076717,0.026245791000000004,24.37575611790285
assign-int,8,2-stackless,2,4,False,1076717,0.026085417000000014,24.22680890150338
assign-int,8,1x,2,0,True,1076717,0.0211997,19.689203383990407
assign-int,8,1x,2,1,True,1076717,0.0209813,19.486364569334373
assign-int,8,1x,2,2,False,1076717,0.0214665,19.936993657572046
assign-int,8,1x,2,3,False,1076717,0.0215865,20.0484435557347
assign-int,8,1x,2,4,False,1076717,0.0214394,19.911824555570313
get-seq,8,1x,0,0,True,1694916,0.0857994,50.62162372648556
get-seq,8,1x,0,1,True,1694916,0.0847843,50.022714990005404
get-seq,8,1x,0,2,False,1694916,0.0859362,50.7023356909723
get-seq,8,1x,0,3,False,1694916,0.0866177,51.10442051405497
get-seq,8,1x,0,4,False,1694916,0.0850141,50.15829693034935
get-seq,8,2-stackless,0,0,True,1694916,0.021244583,12.53429845490868
get-seq,8,2-stackless,0,1,True,1694916,0.021290165999999996,12.561192413075336
get-seq,8,2-stackless,0,2,False,1694916,0.021549124999999995,12.71397815584961
get-seq,8,2-stackless,0,3,False,1694916,0.02162708299999999,12.759973355611718
get-seq,8,2-stackless,0,4,False,1694916,0.021623749999999997,12.758006886476968
get-seq,8,2-stackless,1,0,True,1694916,0.021401208,12.626707164248847
get-seq,8,2-stackless,1,1,True,1694916,0.02136225,12.60372195436234
get-seq,8,2-stackless,1,2,False,1694916,0.02148962499999999,12.6788731712958
get-seq,8,2-stackless,1,3,False,1694916,0.021395667000000007,12.623437975687295
get-seq,8,2-stackless,1,4,False,1694916,0.02140383400000001,12.628256503567146
get-seq,8,1x,1,0,True,1694916,0.0860333,50.759624665765145
get-seq,8,1x,1,1,True,1694916,0.0853297,50.34450084841963
get-seq,8,1x,1,2,False,1694916,0.0850189,50.16112892910327
get-seq,8,1x,1,3,False,1694916,0.0856394,50.52722376802154
get-seq,8,1x,1,4,False,1694916,0.0853609,50.36290884032011
get-seq,8,1x,2,0,True,1694916,0.0850385,50.17269292401512
get-seq,8,1x,2,1,True,1694916,0.0846435,49.93964302655707
get-seq,8,1x,2,2,False,1694916,0.0863451,50.9435865848219
get-seq,8,1x,2,3,False,1694916,0.085678,50.549997758000984
get-seq,8,1x,2,4,False,1694916,0.085291,50.32166785846614
get-seq,8,2-stackless,2,0,True,1694916,0.021550084,12.714543965600654
get-seq,8,2-stackless,2,1,True,1694916,0.021658999999999998,12.778804377326072
get-seq,8,2-stackless,2,2,False,1694916,0.021698375,12.802035617104329
get-seq,8,2-stackless,2,3,False,1694916,0.021703374999999997,12.804985615806327
get-seq,8,2-stackless,2,4,False,1694916,0.02178770799999999,12.854742063913486
update-int,64,2-stackless,0,0,True,313664,0.019794625,63.10773630381555
update-int,64,2-stackless,0,1,True,313664,0.019660959000000002,62.681592404611315
update-int,64,2-stackless,0,2,False,313664,0.019766958,63.01953045296878
update-int,64,2-stackless,0,3,False,313664,0.019778958,63.057787951438485
update-int,64,2-stackless,0,4,False,313664,0.019974667,63.68173268210569
update-int,64,1x,0,0,True,313664,0.0245448,78.2518873699245
update-int,64,1x,0,1,True,313664,0.0244371,77.90852632115894
update-int,64,1x,0,2,False,313664,0.024542,78.24296062028158
update-int,64,1x,0,3,False,313664,0.0247237,78.82224290961028
update-int,64,1x,0,4,False,313664,0.0245694,78.33031524178739
update-int,64,1x,1,0,True,313664,0.0248803,79.32150326463987
update-int,64,1x,1,1,True,313664,0.0245041,78.12213068761477
update-int,64,1x,1,2,False,313664,0.0249834,79.65019893899205
update-int,64,1x,1,3,False,313664,0.0248877,79.34509538869618
update-int,64,1x,1,4,False,313664,0.0246695,78.64944654152214
update-int,64,2-stackless,1,0,True,313664,0.019632958,62.59232172005713
update-int,64,2-stackless,1,1,True,313664,0.019811917,63.162865359110384
update-int,64,2-stackless,1,2,False,313664,0.019701541000000003,62.81097288818609
update-int,64,2-stackless,1,3,False,313664,0.019608166999999996,62.51328491634359
update-int,64,2-stackless,1,4,False,313664,0.019972000000000004,63.673229953070816
update-int,64,2-stackless,2,0,True,313664,0.020220792,64.46640991634361
update-int,64,2-stackless,2,1,True,313664,0.019947666,63.595650122424
update-int,64,2-stackless,2,2,False,313664,0.019930333,63.54039035400939
update-int,64,2-stackless,2,3,False,313664,0.019863333000000004,63.32678598755357
update-int,64,2-stackless,2,4,False,313664,0.019927792000000014,63.53228932870847
update-int,64,1x,2,0,True,313664,0.024633,78.5330799836768
update-int,64,1x,2,1,True,313664,0.0247616,78.94307284227709
update-int,64,1x,2,2,False,313664,0.0243697,77.69364670475413
update-int,64,1x,2,3,False,313664,0.0246671,78.6417950418282
update-int,64,1x,2,4,False,313664,0.0244395,77.91617782085288
get-int,256,2-stackless,0,0,True,125491,0.019736584,157.27489620769617
get-int,256,2-stackless,0,1,True,125491,0.019808042,157.84432349730258
get-int,256,2-stackless,0,2,False,125491,0.019841083000000002,158.10761727932683
get-int,256,2-stackless,0,3,False,125491,0.019923457999999998,158.76403885537604
get-int,256,2-stackless,0,4,False,125491,0.019765332999999996,157.5039883338247
get-int,256,1x,0,0,True,125491,0.0279333,222.59205839462592
get-int,256,1x,0,1,True,125491,0.0269619,214.8512642340885
get-int,256,1x,0,2,False,125491,0.0272342,217.02114095831573
get-int,256,1x,0,3,False,125491,0.027393,218.2865703516587
get-int,256,1x,0,4,False,125491,0.0272898,217.46420061996477
get-int,256,1x,1,0,True,125491,0.0273597,218.0212126766063
get-int,256,1x,1,1,True,125491,0.0276683,220.4803531727375
get-int,256,1x,1,2,False,125491,0.0275222,219.31612625606618
get-int,256,1x,1,3,False,125491,0.0272076,216.80917356623183
get-int,256,1x,1,4,False,125491,0.0265748,211.7665808703413
get-int,256,2-stackless,1,0,True,125491,0.019872417,158.35730849224248
get-int,256,2-stackless,1,1,True,125491,0.019844125,158.1318580615343
get-int,256,2-stackless,1,2,False,125491,0.020016000000000006,159.50147819365537
get-int,256,2-stackless,1,3,False,125491,0.019698041,156.9677586440462
get-int,256,2-stackless,1,4,False,125491,0.019763916999999992,157.49270465611073
get-int,256,1x,2,0,True,125491,0.0275124,219.23803300635106
get-int,256,1x,2,1,True,125491,0.0269955,215.11901251882605
get-int,256,1x,2,2,False,125491,0.0272223,216.9263134408045
get-int,256,1x,2,3,False,125491,0.0275462,219.5073750308787
get-int,256,1x,2,4,False,125491,0.0273985,218.33039819588654
get-int,256,2-stackless,2,0,True,125491,0.019779625000000002,157.61787697922563
get-int,256,2-stackless,2,1,True,125491,0.019755708000000004,157.427289606426
get-int,256,2-stackless,2,2,False,125491,0.019874250000000003,158.3719151174188
get-int,256,2-stackless,2,3,False,125491,0.019941459,158.90748340518442
get-int,256,2-stackless,2,4,False,125491,0.019896582999999995,158.54988007108076
assign-seq,8,1x,0,0,True,577478,0.227424,393.82279498093436
assign-seq,8,1x,0,1,True,577478,0.226465,392.162125656735
assign-seq,8,1x,0,2,False,577478,0.227944,394.7232621848798
assign-seq,8,1x,0,3,False,577478,0.228556,395.7830428172156
assign-seq,8,1x,0,4,False,577478,0.226525,392.26602571872866
assign-seq,8,2-stackless,0,0,True,577478,0.01998625,34.609543567027664
assign-seq,8,2-stackless,0,1,True,577478,0.020050625,34.7210196752084
assign-seq,8,2-stackless,0,2,False,577478,0.020107583,34.81965200405903
assign-seq,8,2-stackless,0,3,False,577478,0.020208583999999995,34.994552173416125
assign-seq,8,2-stackless,0,4,False,577478,0.02015425,34.90046374061003
assign-seq,8,2-stackless,1,0,True,577478,0.019960917,34.56567522918622
assign-seq,8,2-stackless,1,1,True,577478,0.020137332999999997,34.8711691181309
assign-seq,8,2-stackless,1,2,False,577478,0.020084459,34.77960892016666
assign-seq,8,2-stackless,1,3,False,577478,0.020185790999999995,34.95508227153242
assign-seq,8,2-stackless,1,4,False,577478,0.020108249999999994,34.82080702641485
assign-seq,8,1x,1,0,True,577478,0.225243,390.0460277274632
assign-seq,8,1x,1,1,True,577478,0.226225,391.74652540876014
assign-seq,8,1x,1,2,False,577478,0.223782,387.5160612179165
assign-seq,8,1x,1,3,False,577478,0.221745,383.98865411323027
assign-seq,8,1x,1,4,False,577478,0.222588,385.44844998424185
assign-seq,8,2-stackless,2,0,True,577478,0.019966959,34.576137965428984
assign-seq,8,2-stackless,2,1,True,577478,0.019923667000000003,34.50117060736513
assign-seq,8,2-stackless,2,2,False,577478,0.019745791999999998,34.19315021524629
assign-seq,8,2-stackless,2,3,False,577478,0.019693583,34.10274157630247
assign-seq,8,2-stackless,2,4,False,577478,0.019604333,33.94819023408684
assign-seq,8,1x,2,0,True,577478,0.224823,389.31872729350727
assign-seq,8,1x,2,1,True,577478,0.223925,387.76368969900153
assign-seq,8,1x,2,2,False,577478,0.223513,387.05024260664476
assign-seq,8,1x,2,3,False,577478,0.222954,386.0822403624034
assign-seq,8,1x,2,4,False,577478,0.222101,384.6051278143929
take-table,256,1x,0,0,True,30806,0.0236494,767.6881127053172
take-table,256,1x,0,1,True,30806,0.0230699,748.8768421736025
take-table,256,1x,0,2,False,30806,0.0237585,771.2296305914432
take-table,256,1x,0,3,False,30806,0.0241123,782.71440628449
take-table,256,1x,0,4,False,30806,0.0235315,763.8609361812634
take-table,256,2-stackless,0,0,True,30806,0.019981417,648.6209504641953
take-table,256,2-stackless,0,1,True,30806,0.019979874999999998,648.5708952801401
take-table,256,2-stackless,0,2,False,30806,0.019967332999999997,648.1637667986755
take-table,256,2-stackless,0,3,False,30806,0.020002417,649.302635850159
take-table,256,2-stackless,0,4,False,30806,0.019979375000000008,648.5546646757127
take-table,256,1x,1,0,True,30806,0.0240922,782.0619359864961
take-table,256,1x,1,1,True,30806,0.0237627,771.365967668636
take-table,256,1x,1,2,False,30806,0.0237848,772.0833603843407
take-table,256,1x,1,3,False,30806,0.0237979,772.5086022203467
take-table,256,1x,1,4,False,30806,0.0244263,792.9072258650912
take-table,256,2-stackless,1,0,True,30806,0.020178958,655.0333701227033
take-table,256,2-stackless,1,1,True,30806,0.019962125,647.9947088229566
take-table,256,2-stackless,1,2,False,30806,0.019966332999999996,648.13130558982
take-table,256,2-stackless,1,3,False,30806,0.019970125,648.2543984938
take-table,256,2-stackless,1,4,False,30806,0.020050582999999997,650.866162435889
take-table,256,2-stackless,2,0,True,30806,0.019944458,647.421216646108
take-table,256,2-stackless,2,1,True,30806,0.01995275,647.690384989937
take-table,256,2-stackless,2,2,False,30806,0.020221584,656.4170616113744
take-table,256,2-stackless,2,3,False,30806,0.020304665999999992,659.1140037655
take-table,256,2-stackless,2,4,False,30806,0.020118582999999995,653.0735246380574
take-table,256,1x,2,0,True,30806,0.0239993,779.0462896838278
take-table,256,1x,2,1,True,30806,0.0240865,781.8769070960202
take-table,256,1x,2,2,False,30806,0.0240139,779.520223333117
take-table,256,1x,2,3,False,30806,0.023987,778.6470168149062
take-table,256,1x,2,4,False,30806,0.0240741,781.474388106213
assign-string,64,1x,0,0,True,85658,0.0445072,519.5918653248967
assign-string,64,1x,0,1,True,85658,0.0461164,538.3782016857737
assign-string,64,1x,0,2,False,85658,0.0441697,515.6517780008872
assign-string,64,1x,0,3,False,85658,0.0448323,523.3871909220388
assign-string,64,1x,0,4,False,85658,0.0449563,524.8348081907119
assign-string,64,2-stackless,0,0,True,85658,0.019907292,232.40435219127227
assign-string,64,2-stackless,0,1,True,85658,0.020172916,235.50533517009504
assign-string,64,2-stackless,0,2,False,85658,0.020272375000000002,236.66645263723183
assign-string,64,2-stackless,0,3,False,85658,0.020358416000000004,237.6709239066988
assign-string,64,2-stackless,0,4,False,85658,0.02036795899999999,237.78233206472243
assign-string,64,1x,1,0,True,85658,0.0462753,540.2332531695813
assign-string,64,1x,1,1,True,85658,0.0451493,527.0879544234047
assign-string,64,1x,1,2,False,85658,0.0445119,519.6467346891125
assign-string,64,1x,1,3,False,85658,0.0448664,523.7852856709239
assign-string,64,1x,1,4,False,85658,0.0445417,519.9946298069066
assign-string,64,2-stackless,1,0,True,85658,0.020410125,238.27459198206822
assign-string,64,2-stackless,1,1,True,85658,0.020732542,242.03859534427608
assign-string,64,2-stackless,1,2,False,85658,0.020248166999999997,236.38384038852175
assign-string,64,2-stackless,1,3,False,85658,0.02015625,235.31077073945224
assign-string,64,2-stackless,1,4,False,85658,0.020155791000000006,235.30541222069166
assign-string,64,1x,2,0,True,85658,0.0460662,537.7921501786172
assign-string,64,1x,2,1,True,85658,0.0455254,531.4786709939527
assign-string,64,1x,2,2,False,85658,0.0453858,529.8489341334143
assign-string,64,1x,2,3,False,85658,0.0454412,530.4956921711924
assign-string,64,1x,2,4,False,85658,0.0454927,531.0969203110043
assign-string,64,2-stackless,2,0,True,85658,0.020099792,234.65166125755914
assign-string,64,2-stackless,2,1,True,85658,0.019982916999999996,233.28722361017063
assign-string,64,2-stackless,2,2,False,85658,0.020167499999999998,235.44210698358583
assign-string,64,2-stackless,2,3,False,85658,0.020328792000000005,237.32508347147964
assign-string,64,2-stackless,2,4,False,85658,0.020558084000000004,240.00191459058118
const-int,256,2-stackless,0,0,True,138154,0.019837167,143.58735179582206
const-int,256,2-stackless,0,1,True,138154,0.019885875,143.93991487760036
const-int,256,2-stackless,0,2,False,138154,0.019827790999999997,143.5194855016865
const-int,256,2-stackless,0,3,False,138154,0.019896208,144.01470822415564
const-int,256,2-stackless,0,4,False,138154,0.019885749999999994,143.93901009018916
const-int,256,1x,0,0,True,138154,0.0291416,210.93562256612185
const-int,256,1x,0,1,True,138154,0.0291881,211.27220348306963
const-int,256,1x,0,2,False,138154,0.0293389,212.36373901588084
const-int,256,1x,0,3,False,138154,0.0288173,208.58824210663462
const-int,256,1x,0,4,False,138154,0.0289365,209.45104738190716
const-int,256,2-stackless,1,0,True,138154,0.019523041,141.31361379330312
const-int,256,2-stackless,1,1,True,138154,0.019727292,142.7920436614213
const-int,256,2-stackless,1,2,False,138154,0.020119209,145.62885620394633
const-int,256,2-stackless,1,3,False,138154,0.019941333999999998,144.34134371788002
const-int,256,2-stackless,1,4,False,138154,0.019950125,144.4049756069314
const-int,256,1x,1,0,True,138154,0.0288785,209.0312260231336
const-int,256,1x,1,1,True,138154,0.0277384,200.7788410035178
const-int,256,1x,1,2,False,138154,0.0283673,205.33100742649506
const-int,256,1x,1,3,False,138154,0.028444,205.88618498197664
const-int,256,1x,1,4,False,138154,0.0282965,204.8185358368198
const-int,256,1x,2,0,True,138154,0.0276754,200.32282814829827
const-int,256,1x,2,1,True,138154,0.0278815,201.8146416318022
const-int,256,1x,2,2,False,138154,0.0277563,200.90840656079448
const-int,256,1x,2,3,False,138154,0.0279075,202.00283741332137
const-int,256,1x,2,4,False,138154,0.0277832,201.10311681167394
const-int,256,2-stackless,2,0,True,138154,0.019637208,142.1399887082531
const-int,256,2-stackless,2,1,True,138154,0.019859667,143.75021352982904
const-int,256,2-stackless,2,2,False,138154,0.019814333000000003,143.4220724698525
const-int,256,2-stackless,2,3,False,138154,0.01984966700000001,143.6778305369371
const-int,256,2-stackless,2,4,False,138154,0.019819291000000003,143.45795995772835
update-seq,8,1x,0,0,True,1217042,0.127296,104.59458260273679
update-seq,8,1x,0,1,True,1217042,0.130299,107.06204058693126
update-seq,8,1x,0,2,False,1217042,0.129582,106.47290726203369
update-seq,8,1x,0,3,False,1217042,0.129432,106.34965761247351
update-seq,8,1x,0,4,False,1217042,0.130757,107.43836285025498
update-seq,8,2-stackless,0,0,True,1217042,0.019519833,16.038750511486047
update-seq,8,2-stackless,0,1,True,1217042,0.019328750000000002,15.881744426240017
update-seq,8,2-stackless,0,2,False,1217042,0.019512415999999998,16.03265622714746
update-seq,8,2-stackless,0,3,False,1217042,0.019469374999999997,15.997290972702665
update-seq,8,2-stackless,0,4,False,1217042,0.019343542000000005,15.893898485015312
update-seq,8,1x,1,0,True,1217042,0.128444,105.53785325403724
update-seq,8,1x,1,1,True,1217042,0.128214,105.348870458045
update-seq,8,1x,1,2,False,1217042,0.130408,107.15160199894498
update-seq,8,1x,1,3,False,1217042,0.128728,105.77120592387116
update-seq,8,1x,1,4,False,1217042,0.128887,105.90185055240492
update-seq,8,2-stackless,1,0,True,1217042,0.0195375,16.05326685521124
update-seq,8,2-stackless,1,1,True,1217042,0.019522124999999998,16.04063376613132
update-seq,8,2-stackless,1,2,False,1217042,0.019518334000000005,16.037518836654776
update-seq,8,2-stackless,1,3,False,1217042,0.019601333000000006,16.105716154413738
update-seq,8,2-stackless,1,4,False,1217042,0.019620874999999996,16.12177311875843
update-seq,8,1x,2,0,True,1217042,0.131591,108.12363090180948
update-seq,8,1x,2,1,True,1217042,0.128641,105.69972112712627
update-seq,8,1x,2,2,False,1217042,0.127974,105.15167101874874
update-seq,8,1x,2,3,False,1217042,0.129541,106.43921902448723
update-seq,8,1x,2,4,False,1217042,0.128245,105.37434205228743
update-seq,8,2-stackless,2,0,True,1217042,0.01960625,16.109756277926316
update-seq,8,2-stackless,2,1,True,1217042,0.01942675,15.962267530619322
update-seq,8,2-stackless,2,2,False,1217042,0.019510708,16.031252824471135
update-seq,8,2-stackless,2,3,False,1217042,0.019449042000000007,15.980584071872629
update-seq,8,2-stackless,2,4,False,1217042,0.019616291999999994,16.1180074311322
make-table,8,2-stackless,0,0,True,492106,0.061028625,124.01520200932319
make-table,8,2-stackless,0,1,True,492106,0.06073599999999999,123.42056386225731
make-table,8,2-stackless,0,2,False,492106,0.060859750000000004,123.6720340739597
make-table,8,2-stackless,0,3,False,492106,0.05980791599999999,121.53462058987289
make-table,8,2-stackless,0,4,False,492106,0.05964462500000001,121.20279980329443
make-table,8,1x,0,0,True,492106,0.0213808,43.44754991810707
make-table,8,1x,0,1,True,492106,0.0208933,42.4569096901887
make-table,8,1x,0,2,False,492106,0.0210748,42.825732667352156
make-table,8,1x,0,3,False,492106,0.0210561,42.78773272425047
make-table,8,1x,0,4,False,492106,0.0209945,42.66255644109196
make-table,8,1x,1,0,True,492106,0.0209513,42.574770476279504
make-table,8,1x,1,1,True,492106,0.0203297,41.311627982589116
make-table,8,1x,1,2,False,492106,0.0208173,42.302471418759374
make-table,8,1x,1,3,False,492106,0.020794,42.25512389607117
make-table,8,1x,1,4,False,492106,0.020842,42.352663856973905
make-table,8,2-stackless,1,0,True,492106,0.059671417,121.25724335813828
make-table,8,2-stackless,1,1,True,492106,0.05942320799999999,120.75286218822772
make-table,8,2-stackless,1,2,False,492106,0.059524041999999985,120.95776519692909
make-table,8,2-stackless,1,3,False,492106,0.059316250000000015,120.53551470618122
make-table,8,2-stackless,1,4,False,492106,0.05874145899999997,119.36749196311358
make-table,8,2-stackless,2,0,True,492106,0.059550834000000004,121.012208751773
make-table,8,2-stackless,2,1,True,492106,0.059287166,120.4764136182042
make-table,8,2-stackless,2,2,False,492106,0.059737874999999996,121.39229149817314
make-table,8,2-stackless,2,3,False,492106,0.05913837499999999,120.1740580281484
make-table,8,2-stackless,2,4,False,492106,0.06017154200000002,122.27353862785665
make-table,8,1x,2,0,True,492106,0.022102,44.91308783067063
make-table,8,1x,2,1,True,492106,0.0213848,43.4556782481823
make-table,8,1x,2,2,False,492106,0.021658,44.01084319232035
make-table,8,1x,2,3,False,492106,0.0215256,43.74179546683032
make-table,8,1x,2,4,False,492106,0.0216727,44.040714805346816
add-int,64,2-stackless,0,0,True,336064,0.019718375,58.67446379261093
add-int,64,2-stackless,0,1,True,336064,0.019571666,58.23791301656827
add-int,64,2-stackless,0,2,False,336064,0.019458458999999997,57.90105158541229
add-int,64,2-stackless,0,3,False,336064,0.019618916,58.37851123595506
add-int,64,2-stackless,0,4,False,336064,0.019606542000000005,58.341690868406026
add-int,64,1x,0,0,True,336064,0.0207555,61.760557512854696
add-int,64,1x,0,1,True,336064,0.0207162,61.64361550180918
add-int,64,1x,0,2,False,336064,0.0207829,61.842089601980575
add-int,64,1x,0,3,False,336064,0.0205545,61.162457151018856
add-int,64,1x,0,4,False,336064,0.0205525,61.1565059036374
add-int,64,1x,1,0,True,336064,0.0204849,60.955353742144354
add-int,64,1x,1,1,True,336064,0.0207025,61.602849457246236
add-int,64,1x,1,2,False,336064,0.0205171,61.051168824985716
add-int,64,1x,1,3,False,336064,0.0202527,60.264413921157875
add-int,64,1x,1,4,False,336064,0.0201974,60.09986193106075
add-int,64,2-stackless,1,0,True,336064,0.019493458,58.00519543896401
add-int,64,2-stackless,1,1,True,336064,0.019656165999999996,58.48935321843457
add-int,64,2-stackless,1,2,False,336064,0.019625500000000004,58.39810274233481
add-int,64,2-stackless,1,3,False,336064,0.019630541,58.41310286135974
add-int,64,2-stackless,1,4,False,336064,0.019636374999999998,58.430462649971425
add-int,64,2-stackless,2,0,True,336064,0.019516625000000003,58.074131713007056
add-int,64,2-stackless,2,1,True,336064,0.019581291999999997,58.266556370215184
add-int,64,2-stackless,2,2,False,336064,0.019579917000000002,58.26246488764046
add-int,64,2-stackless,2,3,False,336064,0.019491124999999998,57.99825330889353
add-int,64,2-stackless,2,4,False,336064,0.019129207999999995,56.92132450961721
add-int,64,1x,2,0,True,336064,0.0206683,61.50108312702342
add-int,64,1x,2,1,True,336064,0.0202319,60.202520948390784
add-int,64,1x,2,2,False,336064,0.0209377,62.30271614930489
add-int,64,1x,2,3,False,336064,0.020521,61.062773757379546
add-int,64,1x,2,4,False,336064,0.0207128,61.633498381260715
assign-table,256,2-stackless,0,0,True,15599,0.014802458,948.9363420732099
assign-table,256,2-stackless,0,1,True,15599,0.015216334,975.4685556766459
assign-table,256,2-stackless,0,2,False,15599,0.015239459,976.9510225014424
assign-table,256,2-stackless,0,3,False,15599,0.015153124999999996,971.4164369510863
assign-table,256,2-stackless,0,4,False,15599,0.015145499999999992,970.9276235656127
assign-table,256,1x,0,0,True,15599,0.272352,17459.58074235528
assign-table,256,1x,0,1,True,15599,0.271733,17419.898711455862
assign-table,256,1x,0,2,False,15599,0.262741,16843.451503301494
assign-table,256,1x,0,3,False,15599,0.263258,16876.59465350343
assign-table,256,1x,0,4,False,15599,0.267254,17132.764920828256
assign-table,256,2-stackless,1,0,True,15599,0.015083207999999999,966.9342906596576
assign-table,256,2-stackless,1,1,True,15599,0.015163458,972.0788512084108
assign-table,256,2-stackless,1,2,False,15599,0.015142500000000003,970.7353035450993
assign-table,256,2-stackless,1,3,False,15599,0.015276084000000002,979.2989294185526
assign-table,256,2-stackless,1,4,False,15599,0.015566875,997.9405731136611
assign-table,256,1x,1,0,True,15599,0.265773,17037.82293736778
assign-table,256,1x,1,1,True,15599,0.253915,16277.646002948906
assign-table,256,1x,1,2,False,15599,0.258423,16566.638887108147
assign-table,256,1x,1,3,False,15599,0.260768,16716.969036476698
assign-table,256,1x,1,4,False,15599,0.270827,17361.818065260595
assign-table,256,2-stackless,2,0,True,15599,0.015139417,970.537662670684
assign-table,256,2-stackless,2,1,True,15599,0.015439084,989.7483171998205
assign-table,256,2-stackless,2,2,False,15599,0.015491291,993.095134303481
assign-table,256,2-stackless,2,3,False,15599,0.015316999999999997,981.9219180716711
assign-table,256,2-stackless,2,4,False,15599,0.015354916000000003,984.3525867042762
assign-table,256,1x,2,0,True,15599,0.266798,17103.532277710106
assign-table,256,1x,2,1,True,15599,0.258452,16568.497980639786
assign-table,256,1x,2,2,False,15599,0.268942,17240.976985704212
assign-table,256,1x,2,3,False,15599,0.266021,17053.72139239695
assign-table,256,1x,2,4,False,15599,0.25752,16508.750560933397
update-table,0,2-stackless,0,0,True,1825784,0.020563625000000002,11.262901307054944
update-table,0,2-stackless,0,1,True,1825784,0.020625209000000002,11.296631474478911
update-table,0,2-stackless,0,2,False,1825784,0.020307667,11.122710572554038
update-table,0,2-stackless,0,3,False,1825784,0.020303666999999997,11.120519732892827
update-table,0,2-stackless,0,4,False,1825784,0.02046816700000001,11.210618013960037
update-table,0,1x,0,0,True,1825784,0.126138,69.08703329638116
update-table,0,1x,0,1,True,1825784,0.118925,65.13640167730685
update-table,0,1x,0,2,False,1825784,0.121979,66.80910775863957
update-table,0,1x,0,3,False,1825784,0.119809,65.62057724243394
update-table,0,1x,0,4,False,1825784,0.124795,68.3514588801304
update-table,0,2-stackless,1,0,True,1825784,0.02067775,11.325408701138798
update-table,0,2-stackless,1,1,True,1825784,0.020713583,11.34503479053382
update-table,0,2-stackless,1,2,False,1825784,0.020636124999999998,11.302610275914347
update-table,0,2-stackless,1,3,False,1825784,0.020579291999999992,11.271482278297976
update-table,0,2-stackless,1,4,False,1825784,0.020520791999999996,11.239441248252803
update-table,0,1x,1,0,True,1825784,0.125262,68.60723941057651
update-table,0,1x,1,1,True,1825784,0.11794,64.59690741073423
update-table,0,1x,1,2,False,1825784,0.117908,64.57938069344456
update-table,0,1x,1,3,False,1825784,0.118047,64.65551237167156
update-table,0,1x,1,4,False,1825784,0.116963,64.06179482348405
update-table,0,2-stackless,2,0,True,1825784,0.020218084,11.073645075211525
update-table,0,2-stackless,2,1,True,1825784,0.019920958,10.910906218917463
update-table,0,2-stackless,2,2,False,1825784,0.020160625,11.042174211188179
update-table,0,2-stackless,2,3,False,1825784,0.019909833999999994,10.904813493819637
update-table,0,2-stackless,2,4,False,1825784,0.019895708999999998,10.897077091265997
update-table,0,1x,2,0,True,1825784,0.123208,67.4822432445459
update-table,0,1x,2,1,True,1825784,0.124091,67.96587109975769
update-table,0,1x,2,2,False,1825784,0.120164,65.81501426236619
update-table,0,1x,2,3,False,1825784,0.116537,63.82847039956534
update-table,0,1x,2,4,False,1825784,0.115164,63.0764646858555
const-int,0,1x,0,0,True,4095592,0.0209428,5.113497633553342
const-int,0,1x,0,1,True,4095592,0.0210501,5.13969653227177
const-int,0,1x,0,2,False,4095592,0.0209701,5.120163336582355
const-int,0,1x,0,3,False,4095592,0.0209511,5.115524202606119
const-int,0,1x,0,4,False,4095592,0.0209631,5.118454181959531
const-int,0,2-stackless,0,0,True,4095592,0.042771709,10.443352023346076
const-int,0,2-stackless,0,1,True,4095592,0.04244983299999999,10.3647611871495
const-int,0,2-stackless,0,2,False,4095592,0.041963917,10.246117533191782
const-int,0,2-stackless,0,3,False,4095592,0.04281995800000002,10.455132737831313
const-int,0,2-stackless,0,4,False,4095592,0.04294304199999999,10.485185536059252
const-int,0,2-stackless,1,0,True,4095592,0.042152417000000005,10.292142625534968
const-int,0,2-stackless,1,1,True,4095592,0.0422795,10.323171839382438
const-int,0,2-stackless,1,2,False,4095592,0.04234974999999999,10.340324426847204
const-int,0,2-stackless,1,3,False,4095592,0.04287212500000001,10.46787009057543
const-int,0,2-stackless,1,4,False,4095592,0.042396249999999996,10.351678096841678
const-int,0,1x,1,0,True,4095592,0.0223093,5.447149032423152
const-int,0,1x,1,1,True,4095592,0.0219352,5.355806926080527
const-int,0,1x,1,2,False,4095592,0.0219161,5.35114337560968
const-int,0,1x,1,3,False,4095592,0.0218126,5.3258723036865
const-int,0,1x,1,4,False,4095592,0.0218477,5.334442493295231
const-int,0,1x,2,0,True,4095592,0.0217117,5.301236060623226
const-int,0,1x,2,1,True,4095592,0.0210404,5.137328132294428
const-int,0,1x,2,2,False,4095592,0.0211401,5.16167137742236
const-int,0,1x,2,3,False,4095592,0.0210167,5.131541423071439
const-int,0,1x,2,4,False,4095592,0.0210521,5.140184862164005
const-int,0,2-stackless,2,0,True,4095592,0.042258333,10.318003599967966
const-int,0,2-stackless,2,1,True,4095592,0.043035000000000004,10.507638456174348
const-int,0,2-stackless,2,2,False,4095592,0.042267958999999994,10.320353931739293
const-int,0,2-stackless,2,3,False,4095592,0.042173165999999984,10.297208804001958
const-int,0,2-stackless,2,4,False,4095592,0.042303917000000024,10.329133614871798
make-table,64,1x,0,0,True,88056,0.0189511,215.21645316616699
make-table,64,1x,0,1,True,88056,0.0193815,220.10425183973834
make-table,64,1x,0,2,False,88056,0.0193045,219.22980830380666
make-table,64,1x,0,3,False,88056,0.0192185,218.253157081857
make-table,64,1x,0,4,False,88056,0.019189,217.91814299990915
make-table,64,2-stackless,0,0,True,88056,0.048562375,551.4942195875352
make-table,64,2-stackless,0,1,True,88056,0.049312208,560.0096302353048
make-table,64,2-stackless,0,2,False,88056,0.048686833,552.9076156082493
make-table,64,2-stackless,0,3,False,88056,0.049347375,560.4090010902153
make-table,64,2-stackless,0,4,False,88056,0.04930770899999998,559.9585377487051
make-table,64,2-stackless,1,0,True,88056,0.049037792000000004,556.893249750159
make-table,64,2-stackless,1,1,True,88056,0.04875162499999999,553.6434200963023
make-table,64,2-stackless,1,2,False,88056,0.048822375,554.4468860724993
make-table,64,2-stackless,1,3,False,88056,0.04992633300000002,566.983885254838
make-table,64,2-stackless,1,4,False,88056,0.049148792,558.1538112110475
make-table,64,1x,1,0,True,88056,0.0200273,227.4382211320069
make-table,64,1x,1,1,True,88056,0.0197067,223.797356227855
make-table,64,1x,1,2,False,88056,0.0197608,224.4117379849187
make-table,64,1x,1,3,False,88056,0.0198368,225.2748251112928
make-table,64,1x,1,4,False,88056,0.0199155,226.16857454347235
make-table,64,2-stackless,2,0,True,88056,0.049687625,564.2730194421731
make-table,64,2-stackless,2,1,True,88056,0.04889166600000001,555.2337830471519
make-table,64,2-stackless,2,2,False,88056,0.05003487499999999,568.2165326610339
make-table,64,2-stackless,2,3,False,88056,0.051368916999999986,583.3664599800126
make-table,64,2-stackless,2,4,False,88056,0.05019158300000001,569.9961728899792
make-table,64,1x,2,0,True,88056,0.0189173,214.83260652312165
make-table,64,1x,2,1,True,88056,0.0189635,215.35727264468065
make-table,64,1x,2,2,False,88056,0.0190664,216.525847188153
make-table,64,1x,2,3,False,88056,0.0195153,221.6237394385391
make-table,64,1x,2,4,False,88056,0.0195142,221.6112473880258
push-shared-seq,0,2-stackless,0,0,True,1444044,0.018982667,13.145490719119362
push-shared-seq,0,2-stackless,0,1,True,1444044,0.018474374999999998,12.79349867455562
push-shared-seq,0,2-stackless,0,2,False,1444044,0.018470667000000003,12.790930885762487
push-shared-seq,0,2-stackless,0,3,False,1444044,0.018485583999999992,12.80126090340737
push-shared-seq,0,2-stackless,0,4,False,1444044,0.01847675,12.79514336128262
push-shared-seq,0,1x,0,0,True,1444044,0.136436,94.48188559351377
push-shared-seq,0,1x,0,1,True,1444044,0.139037,96.2830772469537
push-shared-seq,0,1x,0,2,False,1444044,0.135602,93.90434086495979
push-shared-seq,0,1x,0,3,False,1444044,0.135309,93.70143846032393
push-shared-seq,0,1x,0,4,False,1444044,0.141292,97.84466401300791
push-shared-seq,0,1x,1,0,True,1444044,0.139546,96.635559581287
push-shared-seq,0,1x,1,1,True,1444044,0.137926,95.51371010855625
push-shared-seq,0,1x,1,2,False,1444044,0.140082,97.00673940683248
push-shared-seq,0,1x,1,3,False,1444044,0.137875,95.47839262515546
push-shared-seq,0,1x,1,4,False,1444044,0.141805,98.19991634603932
push-shared-seq,0,2-stackless,1,0,True,1444044,0.018829375000000002,13.039336059012054
push-shared-seq,0,2-stackless,1,1,True,1444044,0.019027625000000003,13.176624119486666
push-shared-seq,0,2-stackless,1,2,False,1444044,0.019214958999999997,13.306352853514156
push-shared-seq,0,2-stackless,1,3,False,1444044,0.018980041000000003,13.143672214974062
push-shared-seq,0,2-stackless,1,4,False,1444044,0.018897417,13.086455121866093
push-shared-seq,0,1x,2,0,True,1444044,0.141796,98.19368384896859
push-shared-seq,0,1x,2,1,True,1444044,0.14336,99.27675333992593
push-shared-seq,0,1x,2,2,False,1444044,0.138715,96.0600923517566
push-shared-seq,0,1x,2,3,False,1444044,0.136439,94.48396309253735
push-shared-seq,0,1x,2,4,False,1444044,0.137803,95.42853264858965
push-shared-seq,0,2-stackless,2,0,True,1444044,0.018462292,12.785131200988335
push-shared-seq,0,2-stackless,2,1,True,1444044,0.018426583000000003,12.76040273011072
push-shared-seq,0,2-stackless,2,2,False,1444044,0.018562834,12.854756503264444
push-shared-seq,0,2-stackless,2,3,False,1444044,0.018654042000000003,12.917918013578536
push-shared-seq,0,2-stackless,2,4,False,1444044,0.018589958000000004,12.873539864436266
get-string,8,1x,0,0,True,1474209,0.0235074,15.945771596835998
get-string,8,1x,0,1,True,1474209,0.023315,15.81526092975962
get-string,8,1x,0,2,False,1474209,0.0235208,15.954861217100154
get-string,8,1x,0,3,False,1474209,0.0237243,16.09290134573863
get-string,8,1x,0,4,False,1474209,0.0237171,16.088017370671324
get-string,8,2-stackless,0,0,True,1474209,0.018422333000000003,12.496418757448913
get-string,8,2-stackless,0,1,True,1474209,0.018468166,12.527508650401673
get-string,8,2-stackless,0,2,False,1474209,0.018500208999999997,12.5492443744408
get-string,8,2-stackless,0,3,False,1474209,0.018312792,12.422113825108923
get-string,8,2-stackless,0,4,False,1474209,0.018424333,12.497775417189828
get-string,8,1x,1,0,True,1474209,0.0238124,16.1526622073261
get-string,8,1x,1,1,True,1474209,0.0236024,16.010212934529637
get-string,8,1x,1,2,False,1474209,0.0236211,16.022897703107226
get-string,8,1x,1,3,False,1474209,0.0240126,16.28846384739206
get-string,8,1x,1,4,False,1474209,0.023846,16.17545409097353
get-string,8,2-stackless,1,0,True,1474209,0.018504083,12.551872224358961
get-string,8,2-stackless,1,1,True,1474209,0.018457708,12.52041467661641
get-string,8,2-stackless,1,2,False,1474209,0.018771167000000005,12.733043279480727
get-string,8,2-stackless,1,3,False,1474209,0.018687207999999997,12.676091381886826
get-string,8,2-stackless,1,4,False,1474209,0.018559084000000003,12.589181045564098
get-string,8,1x,2,0,True,1474209,0.0236715,16.057085528578376
get-string,8,1x,2,1,True,1474209,0.0237141,16.085982381059946
get-string,8,1x,2,2,False,1474209,0.023454,15.90954878175347
get-string,8,1x,2,3,False,1474209,0.0237481,16.109045596655562
get-string,8,1x,2,4,False,1474209,0.0237397,16.103347625743705
get-string,8,2-stackless,2,0,True,1474209,0.0192455,13.054797521925318
get-string,8,2-stackless,2,1,True,1474209,0.018530957999999997,12.570102339627553
get-string,8,2-stackless,2,2,False,1474209,0.018551417,12.583980290447284
get-string,8,2-stackless,2,3,False,1474209,0.018593667,12.61263972747419
get-string,8,2-stackless,2,4,False,1474209,0.018569500000000003,12.596246529494803
assign-seq,256,1x,0,0,True,21409,0.225348,10525.85361296651
assign-seq,256,1x,0,1,True,21409,0.226345,10572.422812835723
assign-seq,256,1x,0,2,False,21409,0.229383,10714.325750852446
assign-seq,256,1x,0,3,False,21409,0.231327,10805.128684198235
assign-seq,256,1x,0,4,False,21409,0.229786,10733.149609977112
assign-seq,256,2-stackless,0,0,True,21409,0.019889458000000002,929.023214535943
assign-seq,256,2-stackless,0,1,True,21409,0.0200995,938.8341351767948
assign-seq,256,2-stackless,0,2,False,21409,0.02012625,940.0836096968565
assign-seq,256,2-stackless,0,3,False,21409,0.020167667000000007,942.018169928535
assign-seq,256,2-stackless,0,4,False,21409,0.020117083000000008,939.6554252884305
assign-seq,256,2-stackless,1,0,True,21409,0.019933083,931.06090896352
assign-seq,256,2-stackless,1,1,True,21409,0.020094708000000003,938.6103040777245
assign-seq,256,2-stackless,1,2,False,21409,0.020199916,943.5244990424587
assign-seq,256,2-stackless,1,3,False,21409,0.019959500000000005,932.2948292774068
assign-seq,256,2-stackless,1,4,False,21409,0.020010125000000004,934.6594889999535
assign-seq,256,1x,1,0,True,21409,0.231596,10817.69349339063
assign-seq,256,1x,1,1,True,21409,0.231466,10811.62128076977
assign-seq,256,1x,1,2,False,21409,0.230199,10752.440562380307
assign-seq,256,1x,1,3,False,21409,0.23002,10744.079592694661
assign-seq,256,1x,1,4,False,21409,0.230208,10752.860946330982
assign-seq,256,1x,2,0,True,21409,0.230335,10758.793030968285
assign-seq,256,1x,2,1,True,21409,0.229041,10698.351160726797
assign-seq,256,1x,2,2,False,21409,0.230344,10759.213414918959
assign-seq,256,1x,2,3,False,21409,0.230194,10752.207015741044
assign-seq,256,1x,2,4,False,21409,0.230721,10776.822831519454
assign-seq,256,2-stackless,2,0,True,21409,0.019565291000000002,913.8815918538934
assign-seq,256,2-stackless,2,1,True,21409,0.019996250000000004,934.0113970759962
assign-seq,256,2-stackless,2,2,False,21409,0.020052624999999998,936.644635433696
assign-seq,256,2-stackless,2,3,False,21409,0.020203666000000002,943.6996590219069
assign-seq,256,2-stackless,2,4,False,21409,0.020194624999999994,943.2773599887894
