case,width,engine,round,batch,warmup,iterations,seconds,ns_per_iteration
make-seq,8,2-stackless,0,0,True,582541,0.12076735,207.31133087628166
make-seq,8,2-stackless,0,1,True,582541,0.120964997,207.65061514983495
make-seq,8,2-stackless,0,2,False,582541,0.12079479900000001,207.35845030650205
make-seq,8,2-stackless,0,3,False,582541,0.12130617399999999,208.2362855146676
make-seq,8,2-stackless,0,4,False,582541,0.12057609000000002,206.9830106378779
make-seq,8,2-stackful,0,0,True,582541,0.12334060799999999,211.72863025950102
make-seq,8,2-stackful,0,1,True,582541,0.12358744900000002,212.1523618080101
make-seq,8,2-stackful,0,2,False,582541,0.12380005700000002,212.51732839405298
make-seq,8,2-stackful,0,3,False,582541,0.12308060299999996,211.2823011599183
make-seq,8,2-stackful,0,4,False,582541,0.12247147599999997,210.23666317048924
make-seq,8,1x,0,0,True,582541,0.0196609,33.750242472203674
make-seq,8,1x,0,1,True,582541,0.0196294,33.69616902501283
make-seq,8,1x,0,2,False,582541,0.0196779,33.779424967513016
make-seq,8,1x,0,3,False,582541,0.0196502,33.7318746663325
make-seq,8,1x,0,4,False,582541,0.0198004,33.9897105954774
make-seq,8,1x,1,0,True,582541,0.0199737,34.28720038589559
make-seq,8,1x,1,1,True,582541,0.019532,33.52897049306401
make-seq,8,1x,1,2,False,582541,0.0198515,34.077429743142545
make-seq,8,1x,1,3,False,582541,0.0194865,33.45086440267723
make-seq,8,1x,1,4,False,582541,0.0196235,33.68604098252312
make-seq,8,2-stackless,1,0,True,582541,0.120798296,207.3644533174489
make-seq,8,2-stackless,1,1,True,582541,0.12117988800000001,208.01950077333615
make-seq,8,2-stackless,1,2,False,582541,0.120716237,207.2235894125907
make-seq,8,2-stackless,1,3,False,582541,0.12039794999999998,206.6772124193833
make-seq,8,2-stackless,1,4,False,582541,0.121141834,207.95417661589485
make-seq,8,2-stackful,1,0,True,582541,0.12376664100000001,212.45996590797904
make-seq,8,2-stackful,1,1,True,582541,0.122860226,210.9039981735191
make-seq,8,2-stackful,1,2,False,582541,0.122503624,210.29184898573664
make-seq,8,2-stackful,1,3,False,582541,0.12247560299999999,210.24374765037996
make-seq,8,2-stackful,1,4,False,582541,0.12357435399999994,212.12988270353492
make-seq,8,2-stackless,2,0,True,582541,0.12115374500000001,207.97462324540248
make-seq,8,2-stackless,2,1,True,582541,0.11997723999999999,205.95501432517193
make-seq,8,2-stackless,2,2,False,582541,0.12072037299999999,207.2306893420377
make-seq,8,2-stackless,2,3,False,582541,0.11988764600000001,205.80121570842226
make-seq,8,2-stackless,2,4,False,582541,0.12074488099999997,207.27276020056954
make-seq,8,1x,2,0,True,582541,0.0201687,34.62194077326746
make-seq,8,1x,2,1,True,582541,0.0203017,34.85025088362879
make-seq,8,1x,2,2,False,582541,0.0200458,34.41096849835462
make-seq,8,1x,2,3,False,582541,0.0200415,34.40358704365873
make-seq,8,1x,2,4,False,582541,0.0199027,34.1653205525448
make-seq,8,2-stackful,2,0,True,582541,0.123234287,211.5461177839843
make-seq,8,2-stackful,2,1,True,582541,0.12307012199999999,211.26430929325144
make-seq,8,2-stackful,2,2,False,582541,0.12255915499999998,210.38717446497324
make-seq,8,2-stackful,2,3,False,582541,0.12284229199999996,210.8732123575851
make-seq,8,2-stackful,2,4,False,582541,0.12294775299999994,211.05424854216258
get-string,64,2-stackful,0,0,True,426093,0.036510848,85.68750953430354
get-string,64,2-stackful,0,1,True,426093,0.036464359999999994,85.57840659198811
get-string,64,2-stackful,0,2,False,426093,0.035847215,84.13002560473888
get-string,64,2-stackful,0,3,False,426093,0.03588332500000001,84.21477236190223
get-string,64,2-stackful,0,4,False,426093,0.035940626,84.34925239325688
get-string,64,2-stackless,0,0,True,426093,0.034710019,81.4611340716698
get-string,64,2-stackless,0,1,True,426093,0.034762888000000006,81.58521261790268
get-string,64,2-stackless,0,2,False,426093,0.034334324,80.57941341444239
get-string,64,2-stackless,0,3,False,426093,0.03432698399999999,80.56218712816215
get-string,64,2-stackless,0,4,False,426093,0.03490326200000002,81.9146571288428
get-string,64,1x,0,0,True,426093,0.0204034,47.8848514291481
get-string,64,1x,0,1,True,426093,0.0203028,47.648752737078524
get-string,64,1x,0,2,False,426093,0.0201476,47.28451300537676
get-string,64,1x,0,3,False,426093,0.0202557,47.5382134886046
get-string,64,1x,0,4,False,426093,0.0201454,47.27934981330367
get-string,64,2-stackless,1,0,True,426093,0.03479719,81.66571616994412
get-string,64,2-stackless,1,1,True,426093,0.034683588999999994,81.39910535962804
get-string,64,2-stackless,1,2,False,426093,0.034794404,81.6591776912552
get-string,64,2-stackless,1,3,False,426093,0.03474456199999999,81.5422032279338
get-string,64,2-stackless,1,4,False,426093,0.03508693999999998,82.34573203502518
get-string,64,2-stackful,1,0,True,426093,0.036611449,85.92361057327861
get-string,64,2-stackful,1,1,True,426093,0.03645334200000001,85.55254838732391
get-string,64,2-stackful,1,2,False,426093,0.036610131000000004,85.92051735184575
get-string,64,2-stackful,1,3,False,426093,0.036579925,85.84962672468217
get-string,64,2-stackful,1,4,False,426093,0.036386165,85.39489031737203
get-string,64,1x,1,0,True,426093,0.0204285,47.9437587568911
get-string,64,1x,1,1,True,426093,0.0205704,48.27678464560554
get-string,64,1x,1,2,False,426093,0.0203474,47.75342472183303
get-string,64,1x,1,3,False,426093,0.0202806,47.59665143525005
get-string,64,1x,1,4,False,426093,0.0203193,47.68747667762671
get-string,64,1x,2,0,True,426093,0.0204579,48.01275777823151
get-string,64,1x,2,1,True,426093,0.0205764,48.290866078532154
get-string,64,1x,2,2,False,426093,0.0204122,47.905504197440465
get-string,64,1x,2,3,False,426093,0.0202333,47.48564280567857
get-string,64,1x,2,4,False,426093,0.0204026,47.88297390475788
get-string,64,2-stackless,2,0,True,426093,0.035239382,82.70349900139172
get-string,64,2-stackless,2,1,True,426093,0.03472736700000001,81.50184818807163
get-string,64,2-stackless,2,2,False,426093,0.034936494,81.9926494920123
get-string,64,2-stackless,2,3,False,426093,0.034391229999999995,80.71296641812935
get-string,64,2-stackless,2,4,False,426093,0.03438550100000001,80.69952099658998
get-string,64,2-stackful,2,0,True,426093,0.036279602,85.1447970278789
get-string,64,2-stackful,2,1,True,426093,0.03594736899999999,84.36507757696089
get-string,64,2-stackful,2,2,False,426093,0.03614971,84.83995278026158
get-string,64,2-stackful,2,3,False,426093,0.03605454100000001,84.6166001318961
get-string,64,2-stackful,2,4,False,426093,0.03556691100000001,83.47217860889526
push-shared-seq,8,2-stackless,0,0,True,118117,0.020890567000000002,176.86333889279277
push-shared-seq,8,2-stackless,0,1,True,118117,0.020869313,176.6833986640365
push-shared-seq,8,2-stackless,0,2,False,118117,0.020735543000000002,175.5508775197474
push-shared-seq,8,2-stackless,0,3,False,118117,0.020885487999999994,176.8203391552443
push-shared-seq,8,2-stackless,0,4,False,118117,0.020930419000000006,177.2007331713471
push-shared-seq,8,1x,0,0,True,118117,0.0212511,179.91567682890692
push-shared-seq,8,1x,0,1,True,118117,0.021008,177.85754802441647
push-shared-seq,8,1x,0,2,False,118117,0.02084,176.43522947585868
push-shared-seq,8,1x,0,3,False,118117,0.0206646,174.95026118170966
push-shared-seq,8,1x,0,4,False,118117,0.0210027,177.8126772606822
push-shared-seq,8,2-stackful,0,0,True,118117,0.021383614999999998,181.03757291499107
push-shared-seq,8,2-stackful,0,1,True,118117,0.021692093,183.64920375559825
push-shared-seq,8,2-stackful,0,2,False,118117,0.02157508300000001,182.6585758188915
push-shared-seq,8,2-stackful,0,3,False,118117,0.02142894399999999,181.42133647146468
push-shared-seq,8,2-stackful,0,4,False,118117,0.021371129000000003,180.93186416857864
push-shared-seq,8,2-stackful,1,0,True,118117,0.021212063,179.5851824885495
push-shared-seq,8,2-stackful,1,1,True,118117,0.021321395,180.51080708111448
push-shared-seq,8,2-stackful,1,2,False,118117,0.021602495999999992,182.89065926157954
push-shared-seq,8,2-stackful,1,3,False,118117,0.021637302999999997,183.185341652768
push-shared-seq,8,2-stackful,1,4,False,118117,0.021670035000000004,183.4624567166454
push-shared-seq,8,2-stackless,1,0,True,118117,0.020814717,176.22117900048258
push-shared-seq,8,2-stackless,1,1,True,118117,0.020928984,177.18858420041147
push-shared-seq,8,2-stackless,1,2,False,118117,0.02097217700000001,177.5542639924821
push-shared-seq,8,2-stackless,1,3,False,118117,0.020939388000000003,177.27666635624004
push-shared-seq,8,2-stackless,1,4,False,118117,0.020866693000000006,176.66121726762455
push-shared-seq,8,1x,1,0,True,118117,0.021195,179.44072402787066
push-shared-seq,8,1x,1,1,True,118117,0.0212109,179.57533631907347
push-shared-seq,8,1x,1,2,False,118117,0.0207906,176.017000093128
push-shared-seq,8,1x,1,3,False,118117,0.0209025,176.96436584064952
push-shared-seq,8,1x,1,4,False,118117,0.0205503,173.98257659778017
push-shared-seq,8,2-stackless,2,0,True,118117,0.020941667,177.29596078464573
push-shared-seq,8,2-stackless,2,1,True,118117,0.020889013999999997,176.8501909124004
push-shared-seq,8,2-stackless,2,2,False,118117,0.020916680000000007,177.08441629909333
push-shared-seq,8,2-stackless,2,3,False,118117,0.02101166900000001,177.88861044557524
push-shared-seq,8,2-stackless,2,4,False,118117,0.020949138000000006,177.35921162914744
push-shared-seq,8,1x,2,0,True,118117,0.0208094,176.1761643116571
push-shared-seq,8,1x,2,1,True,118117,0.0209278,177.17856024111686
push-shared-seq,8,1x,2,2,False,118117,0.0210496,178.20974118882125
push-shared-seq,8,1x,2,3,False,118117,0.0210327,178.0666627157818
push-shared-seq,8,1x,2,4,False,118117,0.0208767,176.74593834926387
push-shared-seq,8,2-stackful,2,0,True,118117,0.021162635,179.16671605272737
push-shared-seq,8,2-stackful,2,1,True,118117,0.021657271000000002,183.35439437168236
push-shared-seq,8,2-stackful,2,2,False,118117,0.021437968,181.49773529635868
push-shared-seq,8,2-stackful,2,3,False,118117,0.021382276000000006,181.02623669751185
push-shared-seq,8,2-stackful,2,4,False,118117,0.021299637999999996,180.32660836289438
assign-seq,64,2-stackful,0,0,True,36029,0.020088244,557.5576341280635
assign-seq,64,2-stackful,0,1,True,36029,0.020115074999999996,558.3023397818423
assign-seq,64,2-stackful,0,2,False,36029,0.020103817999999996,557.9898970273945
assign-seq,64,2-stackful,0,3,False,36029,0.019879117,551.7532265674873
assign-seq,64,2-stackful,0,4,False,36029,0.02013725799999999,558.9180382469675
assign-seq,64,1x,0,0,True,36029,0.156602,4346.554164700658
assign-seq,64,1x,0,1,True,36029,0.155415,4313.608482056122
assign-seq,64,1x,0,2,False,36029,0.155367,4312.276221932332
assign-seq,64,1x,0,3,False,36029,0.154241,4281.023619861778
assign-seq,64,1x,0,4,False,36029,0.153815,4269.199811263149
assign-seq,64,2-stackless,0,0,True,36029,0.019708299000000002,547.0121013627912
assign-seq,64,2-stackless,0,1,True,36029,0.019621758,544.6101196258569
assign-seq,64,2-stackless,0,2,False,36029,0.019647621000000004,545.3279580338062
assign-seq,64,2-stackless,0,3,False,36029,0.019659386,545.6545005412307
assign-seq,64,2-stackless,0,4,False,36029,0.019834373000000002,550.5113380887619
assign-seq,64,1x,1,0,True,36029,0.158387,4396.097588054067
assign-seq,64,1x,1,1,True,36029,0.158306,4393.849399095173
assign-seq,64,1x,1,2,False,36029,0.15794,4383.690915651281
assign-seq,64,1x,1,3,False,36029,0.155876,4326.403730328347
assign-seq,64,1x,1,4,False,36029,0.155603,4318.826500874296
assign-seq,64,2-stackful,1,0,True,36029,0.019832427,550.4573260429099
assign-seq,64,2-stackful,1,1,True,36029,0.01980842,549.7910016930806
assign-seq,64,2-stackful,1,2,False,36029,0.019811481,549.8759610313914
assign-seq,64,2-stackful,1,3,False,36029,0.019828859000000004,550.3582947070416
assign-seq,64,2-stackful,1,4,False,36029,0.019870643000000007,551.5180271448003
assign-seq,64,2-stackless,1,0,True,36029,0.019732997999999998,547.6976324627383
assign-seq,64,2-stackless,1,1,True,36029,0.019689489,546.4900219267812
assign-seq,64,2-stackless,1,2,False,36029,0.019682203000000002,546.2877959421578
assign-seq,64,2-stackless,1,3,False,36029,0.019666934999999997,545.8640262011156
assign-seq,64,2-stackless,1,4,False,36029,0.019814272000000008,549.9534264065061
assign-seq,64,2-stackless,2,0,True,36029,0.019837866,550.6082877681868
assign-seq,64,2-stackless,2,1,True,36029,0.019708467,547.0167642732243
assign-seq,64,2-stackless,2,2,False,36029,0.019691104,546.5348469288629
assign-seq,64,2-stackless,2,3,False,36029,0.019642363000000003,545.1820200394128
assign-seq,64,2-stackless,2,4,False,36029,0.01965807400000001,545.6180854311807
assign-seq,64,1x,2,0,True,36029,0.179343,4977.740153765023
assign-seq,64,1x,2,1,True,36029,0.189384,5256.4323184101695
assign-seq,64,1x,2,2,False,36029,0.18551,5148.907824252686
assign-seq,64,1x,2,3,False,36029,0.183571,5095.090066335452
assign-seq,64,1x,2,4,False,36029,0.198459,5508.31274806406
assign-seq,64,2-stackful,2,0,True,36029,0.020137306,558.9193705070915
assign-seq,64,2-stackful,2,1,True,36029,0.020119447000000002,558.4236864747843
assign-seq,64,2-stackful,2,2,False,36029,0.020136230999999997,558.8895334314024
assign-seq,64,2-stackful,2,3,False,36029,0.020137339000000004,558.9202864359268
assign-seq,64,2-stackful,2,4,False,36029,0.020115389999999997,558.3110827389047
const-table,0,1x,0,0,True,872418,0.0653403,74.89563489061437
const-table,0,1x,0,1,True,872418,0.065435,75.00418377429168
const-table,0,1x,0,2,False,872418,0.0650466,74.55898434007551
const-table,0,1x,0,3,False,872418,0.0649363,74.4325541196995
const-table,0,1x,0,4,False,872418,0.0645108,73.94482919884733
const-table,0,2-stackless,0,0,True,872418,0.01916664,21.969560462989072
const-table,0,2-stackless,0,1,True,872418,0.019251175,22.066457821823942
const-table,0,2-stackless,0,2,False,872418,0.019374925,22.20830496390492
const-table,0,2-stackless,0,3,False,872418,0.01936374400000001,22.195488859698
const-table,0,2-stackless,0,4,False,872418,0.019361751999999996,22.193205550550307
const-table,0,2-stackful,0,0,True,872418,0.022115251,25.34937495558322
const-table,0,2-stackful,0,1,True,872418,0.021956958,25.16793326134949
const-table,0,2-stackful,0,2,False,872418,0.021882761,25.0828857267961
const-table,0,2-stackful,0,3,False,872418,0.02209468299999999,25.325799100889697
const-table,0,2-stackful,0,4,False,872418,0.02198815500000001,25.20369249602829
const-table,0,1x,1,0,True,872418,0.0654654,75.0390294560635
const-table,0,1x,1,1,True,872418,0.064788,74.26256679710873
const-table,0,1x,1,2,False,872418,0.0653894,74.95191525163396
const-table,0,1x,1,3,False,872418,0.0649177,74.4112340644049
const-table,0,1x,1,4,False,872418,0.064037,73.40174090860116
const-table,0,2-stackless,1,0,True,872418,0.019116902,21.912548801148073
const-table,0,2-stackless,1,1,True,872418,0.019168516999999996,21.97171195459057
const-table,0,2-stackless,1,2,False,872418,0.019202128,22.010238211499534
const-table,0,2-stackless,1,3,False,872418,0.019229580999999996,22.041705925370632
const-table,0,2-stackless,1,4,False,872418,0.019235188,22.048132890426377
const-table,0,2-stackful,1,0,True,872418,0.022085172,25.31489721670117
const-table,0,2-stackful,1,1,True,872418,0.022121662999999996,25.35672464346219
const-table,0,2-stackful,1,2,False,872418,0.022106097999999998,25.338883425147117
const-table,0,2-stackful,1,3,False,872418,0.022098641000000002,25.330335916957242
const-table,0,2-stackful,1,4,False,872418,0.02206472899999999,25.291464641949148
const-table,0,2-stackless,2,0,True,872418,0.019393824,22.22996774481957
const-table,0,2-stackless,2,1,True,872418,0.019380137,22.21427916434553
const-table,0,2-stackless,2,2,False,872418,0.019377172999999998,22.210881710372774
const-table,0,2-stackless,2,3,False,872418,0.019374105000000003,22.207365047488707
const-table,0,2-stackless,2,4,False,872418,0.019383207,22.21779811970867
const-table,0,1x,2,0,True,872418,0.0647855,74.2597011982788
const-table,0,1x,2,1,True,872418,0.0651737,74.70467138458858
const-table,0,1x,2,2,False,872418,0.0660476,75.70637011157496
const-table,0,1x,2,3,False,872418,0.0664395,76.15558138415301
const-table,0,1x,2,4,False,872418,0.064669,74.1261642928046
const-table,0,2-stackful,2,0,True,872418,0.0221247,25.36020577292078
const-table,0,2-stackful,2,1,True,872418,0.022096816999999998,25.328245176050924
const-table,0,2-stackful,2,2,False,872418,0.02196822300000001,25.180845649677114
const-table,0,2-stackful,2,3,False,872418,0.021780226,24.965356056385815
const-table,0,2-stackful,2,4,False,872418,0.022032095,25.25405826106293
take-table,64,2-stackless,0,0,True,102909,0.08376637099999999,813.9848895626232
take-table,64,2-stackless,0,1,True,102909,0.083890792,815.1939286165447
take-table,64,2-stackless,0,2,False,102909,0.08402076400000003,816.4569085308382
take-table,64,2-stackless,0,3,False,102909,0.084299511,819.1655831851441
take-table,64,2-stackless,0,4,False,102909,0.08444640000000003,820.592951053844
take-table,64,2-stackful,0,0,True,102909,0.080484976,782.0985142213024
take-table,64,2-stackful,0,1,True,102909,0.08072504999999999,784.4313908404513
take-table,64,2-stackful,0,2,False,102909,0.079691866,774.3916081197951
take-table,64,2-stackful,0,3,False,102909,0.07970177800000003,774.4879262260836
take-table,64,2-stackful,0,4,False,102909,0.07956597300000001,773.1682651663122
take-table,64,1x,0,0,True,102909,0.0201297,195.60679823922106
take-table,64,1x,0,1,True,102909,0.0198133,192.53223721929083
take-table,64,1x,0,2,False,102909,0.0199185,193.55449960644842
take-table,64,1x,0,3,False,102909,0.0198961,193.3368315696392
take-table,64,1x,0,4,False,102909,0.0199619,193.97623142776627
take-table,64,2-stackless,1,0,True,102909,0.083833405,814.636280597421
take-table,64,2-stackless,1,1,True,102909,0.083489404,811.2935117433849
take-table,64,2-stackless,1,2,False,102909,0.08424554999999997,818.6412267148643
take-table,64,2-stackless,1,3,False,102909,0.08357449499999997,812.1203684808906
take-table,64,2-stackless,1,4,False,102909,0.08361336999999996,812.4981294153084
take-table,64,2-stackful,1,0,True,102909,0.08002314,777.6107046030959
take-table,64,2-stackful,1,1,True,102909,0.080072302,778.0884276399537
take-table,64,2-stackful,1,2,False,102909,0.07983111000000001,775.7446870536106
take-table,64,2-stackful,1,3,False,102909,0.07901524800000001,767.816692417573
take-table,64,2-stackful,1,4,False,102909,0.07918979500000001,769.5128220077933
take-table,64,1x,1,0,True,102909,0.0196305,190.75591056175844
take-table,64,1x,1,1,True,102909,0.0197187,191.61297845669475
take-table,64,1x,1,2,False,102909,0.019763,192.04345586877727
take-table,64,1x,1,3,False,102909,0.0195884,190.34681126043398
take-table,64,1x,1,4,False,102909,0.0196559,191.00273056778317
take-table,64,1x,2,0,True,102909,0.0197997,192.4000816255138
take-table,64,1x,2,1,True,102909,0.0197896,192.30193666248823
take-table,64,1x,2,2,False,102909,0.0195616,190.08638700210867
take-table,64,1x,2,3,False,102909,0.0196169,190.62375496798143
take-table,64,1x,2,4,False,102909,0.0195877,190.3400091342837
take-table,64,2-stackful,2,0,True,102909,0.079675328,774.230903030833
take-table,64,2-stackful,2,1,True,102909,0.07960039999999999,773.5028034477061
take-table,64,2-stackful,2,2,False,102909,0.080481163,782.0614620684294
take-table,64,2-stackful,2,3,False,102909,0.079796696,775.4102750974162
take-table,64,2-stackful,2,4,False,102909,0.08070814300000001,784.2671000592758
take-table,64,2-stackless,2,0,True,102909,0.083848329,814.7813019269452
take-table,64,2-stackless,2,1,True,102909,0.08339212200000001,810.3481911203103
take-table,64,2-stackless,2,2,False,102909,0.08422483900000002,818.439971236724
take-table,64,2-stackless,2,3,False,102909,0.08428327099999999,819.0077738584574
take-table,64,2-stackless,2,4,False,102909,0.083348545,809.9247393328086
get-table,256,1x,0,0,True,98353,0.019409,197.34019297835349
get-table,256,1x,0,1,True,98353,0.0198554,201.87894624464937
get-table,256,1x,0,2,False,98353,0.0198679,202.0060394700721
get-table,256,1x,0,3,False,98353,0.0198629,201.955202179903
get-table,256,1x,0,4,False,98353,0.0198029,201.345154697874
get-table,256,2-stackless,0,0,True,98353,0.024591599999999998,250.0340609844133
get-table,256,2-stackless,0,1,True,98353,0.024392304,248.0077272681057
get-table,256,2-stackless,0,2,False,98353,0.023603269000000003,239.98524701839298
get-table,256,2-stackless,0,3,False,98353,0.023996470000000006,243.98310168474788
get-table,256,2-stackless,0,4,False,98353,0.024085462000000002,244.88792411009328
get-table,256,2-stackful,0,0,True,98353,0.02483865,252.54593149166777
get-table,256,2-stackful,0,1,True,98353,0.024869033,252.85484936910922
get-table,256,2-stackful,0,2,False,98353,0.024401583999999997,248.10208127865948
get-table,256,2-stackful,0,3,False,98353,0.024122486999999998,245.26437424379526
get-table,256,2-stackful,0,4,False,98353,0.024234936999999998,246.407704899698
get-table,256,2-stackless,1,0,True,98353,0.024250731999999997,246.56829989934212
get-table,256,2-stackless,1,1,True,98353,0.02363889,240.34742204101553
get-table,256,2-stackless,1,2,False,98353,0.023741254999999996,241.38821388264716
get-table,256,2-stackless,1,3,False,98353,0.024586302000000004,249.98019379175017
get-table,256,2-stackless,1,4,False,98353,0.024132469000000004,245.3658658098889
get-table,256,2-stackful,1,0,True,98353,0.024859059,252.75343914267995
get-table,256,2-stackful,1,1,True,98353,0.024115119999999997,245.18947058046015
get-table,256,2-stackful,1,2,False,98353,0.024552815999999998,249.63972629202974
get-table,256,2-stackful,1,3,False,98353,0.024708747000000003,251.22514819070088
get-table,256,2-stackful,1,4,False,98353,0.02355259400000001,239.47001108252937
get-table,256,1x,1,0,True,98353,0.0193093,196.32649741238194
get-table,256,1x,1,1,True,98353,0.0196849,200.14539464988357
get-table,256,1x,1,2,False,98353,0.0197496,200.80322918467155
get-table,256,1x,1,3,False,98353,0.019813,201.44784602401555
get-table,256,1x,1,4,False,98353,0.0201029,204.39539210801908
get-table,256,2-stackless,2,0,True,98353,0.02441096,248.1974113651846
get-table,256,2-stackless,2,1,True,98353,0.023921135000000003,243.21713623377022
get-table,256,2-stackless,2,2,False,98353,0.023447080999999995,238.39721208300708
get-table,256,2-stackless,2,3,False,98353,0.02381690800000001,242.15741258527967
get-table,256,2-stackless,2,4,False,98353,0.024017059999999993,244.192449645664
get-table,256,2-stackful,2,0,True,98353,0.024356025,247.63886205809686
get-table,256,2-stackful,2,1,True,98353,0.024002963000000002,244.0491189897614
get-table,256,2-stackful,2,2,False,98353,0.024554013999999992,249.65190690675416
get-table,256,2-stackful,2,3,False,98353,0.02432756700000001,247.34951653737056
get-table,256,2-stackful,2,4,False,98353,0.024169328000000004,245.74062814555737
get-table,256,1x,2,0,True,98353,0.0193521,196.7616646162293
get-table,256,1x,2,1,True,98353,0.0197414,200.71985602879425
get-table,256,1x,2,2,False,98353,0.019806,201.37667381777882
get-table,256,1x,2,3,False,98353,0.0199055,202.3883358921436
get-table,256,1x,2,4,False,98353,0.0198057,201.37362358036867
add-float,64,1x,0,0,True,269651,0.0200817,74.47292982410598
add-float,64,1x,0,1,True,269651,0.0200915,74.50927309744819
add-float,64,1x,0,2,False,269651,0.0200423,74.32681503128117
add-float,64,1x,0,3,False,269651,0.0200468,74.34350326904035
add-float,64,1x,0,4,False,269651,0.0199461,73.97005759296276
add-float,64,2-stackful,0,0,True,269651,0.025239287,93.59982718402676
add-float,64,2-stackful,0,1,True,269651,0.025404327999999997,94.21188128358506
add-float,64,2-stackful,0,2,False,269651,0.025510296000000002,94.60486332333275
add-float,64,2-stackful,0,3,False,269651,0.025418445999999997,94.26423784818152
add-float,64,2-stackful,0,4,False,269651,0.02548913400000001,94.5263841038973
add-float,64,2-stackless,0,0,True,269651,0.025076559000000002,92.99635083867666
add-float,64,2-stackless,0,1,True,269651,0.025111407000000002,93.12558455188375
add-float,64,2-stackless,0,2,False,269651,0.025040570999999998,92.86288943857058
add-float,64,2-stackless,0,3,False,269651,0.025061367,92.94001134800168
add-float,64,2-stackless,0,4,False,269651,0.025082330999999985,93.0177562849757
add-float,64,2-stackful,1,0,True,269651,0.025484798,94.51030405969198
add-float,64,2-stackful,1,1,True,269651,0.025492231999999997,94.53787302847012
add-float,64,2-stackful,1,2,False,269651,0.025490431000000008,94.53119402486921
add-float,64,2-stackful,1,3,False,269651,0.025481556999999988,94.49828482000804
add-float,64,2-stackful,1,4,False,269651,0.025540964,94.71859551791019
add-float,64,2-stackless,1,0,True,269651,0.025058936,92.93099599111444
add-float,64,2-stackless,1,1,True,269651,0.025069865,92.97152615788556
add-float,64,2-stackless,1,2,False,269651,0.025101755000000003,93.08979013613894
add-float,64,2-stackless,1,3,False,269651,0.024936658,92.47752836073295
add-float,64,2-stackless,1,4,False,269651,0.025052643,92.90765841773255
add-float,64,1x,1,0,True,269651,0.0200482,74.3486951652321
add-float,64,1x,1,1,True,269651,0.0200248,74.26191632888437
add-float,64,1x,1,2,False,269651,0.0199736,74.07204126815773
add-float,64,1x,1,3,False,269651,0.0200702,74.43028210538807
add-float,64,1x,1,4,False,269651,0.020041,74.32199398481741
add-float,64,2-stackful,2,0,True,269651,0.025505377,94.58662122521334
add-float,64,2-stackful,2,1,True,269651,0.025467107000000003,94.44469703431474
add-float,64,2-stackful,2,2,False,269651,0.025343214999999995,93.9852438893236
add-float,64,2-stackful,2,3,False,269651,0.025459949999999995,94.41815531928306
add-float,64,2-stackful,2,4,False,269651,0.025188836000000006,93.41272978776273
add-float,64,1x,2,0,True,269651,0.0200601,74.39282628286192
add-float,64,1x,2,1,True,269651,0.0200616,74.39838902878165
add-float,64,1x,2,2,False,269651,0.02003,74.28120051473942
add-float,64,1x,2,3,False,269651,0.0200675,74.42026916273257
add-float,64,1x,2,4,False,269651,0.0200757,74.45067884042707
add-float,64,2-stackless,2,0,True,269651,0.025074065,92.98710184646079
add-float,64,2-stackless,2,1,True,269651,0.025053717,92.91164134381107
add-float,64,2-stackless,2,2,False,269651,0.025051735,92.90429110220248
add-float,64,2-stackless,2,3,False,269651,0.024988083000000008,92.66823783334758
add-float,64,2-stackless,2,4,False,269651,0.024705273,91.61943771764244
add-float4,8,2-stackful,0,0,True,1329275,0.03768893399999999,28.35299994357826
add-float4,8,2-stackful,0,1,True,1329275,0.037628792999999994,28.307756483797554
add-float4,8,2-stackful,0,2,False,1329275,0.037610007,28.293623967952456
add-float4,8,2-stackful,0,3,False,1329275,0.037465723000000006,28.185080589042904
add-float4,8,2-stackful,0,4,False,1329275,0.037180405,27.970438773015367
add-float4,8,2-stackless,0,0,True,1329275,0.032917957,24.763842696206577
add-float4,8,2-stackless,0,1,True,1329275,0.032880372000000005,24.73556788474921
add-float4,8,2-stackless,0,2,False,1329275,0.032935121,24.776754998025236
add-float4,8,2-stackless,0,3,False,1329275,0.03290929299999999,24.757324857535117
add-float4,8,2-stackless,0,4,False,1329275,0.032968409000000004,24.80179722028926
add-float4,8,1x,0,0,True,1329275,0.0199886,15.037219536965639
add-float4,8,1x,0,1,True,1329275,0.0199841,15.03383423294653
add-float4,8,1x,0,2,False,1329275,0.0198614,14.941528276692182
add-float4,8,1x,0,3,False,1329275,0.0196703,14.797765699347389
add-float4,8,1x,0,4,False,1329275,0.0197058,14.824471986609241
add-float4,8,2-stackful,1,0,True,1329275,0.037470171999999996,28.188427526283117
add-float4,8,2-stackful,1,1,True,1329275,0.03771503799999999,28.372637716048217
add-float4,8,2-stackful,1,2,False,1329275,0.03704875299999999,27.87139831863233
add-float4,8,2-stackful,1,3,False,1329275,0.03713410800000001,27.93561001297701
add-float4,8,2-stackful,1,4,False,1329275,0.037667123000000025,28.336591751142556
add-float4,8,2-stackless,1,0,True,1329275,0.032755765,24.641827311880537
add-float4,8,2-stackless,1,1,True,1329275,0.032730865000000005,24.62309529630814
add-float4,8,2-stackless,1,2,False,1329275,0.033041169999999995,24.856534577119103
add-float4,8,2-stackless,1,3,False,1329275,0.032627566999999996,24.545385266404615
add-float4,8,2-stackless,1,4,False,1329275,0.03281050999999999,24.683011415997434
add-float4,8,1x,1,0,True,1329275,0.0200425,15.077767956216734
add-float4,8,1x,1,1,True,1329275,0.0198116,14.904064245547385
add-float4,8,1x,1,2,False,1329275,0.0196571,14.787835474224671
add-float4,8,1x,1,3,False,1329275,0.019713,14.829888473039816
add-float4,8,1x,1,4,False,1329275,0.0196765,14.802429895995937
add-float4,8,2-stackful,2,0,True,1329275,0.037132727000000004,27.93457110078803
add-float4,8,2-stackful,2,1,True,1329275,0.037099606,27.909654510917605
add-float4,8,2-stackful,2,2,False,1329275,0.03701302100000001,27.84451750014106
add-float4,8,2-stackful,2,3,False,1329275,0.037121969000000005,27.926477967313016
add-float4,8,2-stackful,2,4,False,1329275,0.037420252000000015,28.150873220364495
add-float4,8,2-stackless,2,0,True,1329275,0.032748447,24.636322055255686
add-float4,8,2-stackless,2,1,True,1329275,0.032658835,24.568907863308944
add-float4,8,2-stackless,2,2,False,1329275,0.03262659999999999,24.544657802185395
add-float4,8,2-stackless,2,3,False,1329275,0.03290495900000001,24.75406443361984
add-float4,8,2-stackless,2,4,False,1329275,0.03289560799999999,24.747029771868117
add-float4,8,1x,2,0,True,1329275,0.0197684,14.871565326963946
add-float4,8,1x,2,1,True,1329275,0.0197042,14.823268322958004
add-float4,8,1x,2,2,False,1329275,0.019832,14.919410957100675
add-float4,8,1x,2,3,False,1329275,0.019937,14.9984013842132
add-float4,8,1x,2,4,False,1329275,0.0200125,15.055199262756014
const-table,64,1x,0,0,True,316282,0.0448002,141.6463788644311
const-table,64,1x,0,1,True,316282,0.0448069,141.66756249170044
const-table,64,1x,0,2,False,316282,0.0444326,140.48412492648964
const-table,64,1x,0,3,False,316282,0.0442458,139.89351275127893
const-table,64,1x,0,4,False,316282,0.0444064,140.4012874586603
const-table,64,2-stackful,0,0,True,316282,0.019992192,63.2100214365661
const-table,64,2-stackful,0,1,True,316282,0.020010807000000002,63.26887714128532
const-table,64,2-stackful,0,2,False,316282,0.020146993000000002,63.69946124028558
const-table,64,2-stackful,0,3,False,316282,0.020292810999999994,64.16049917478703
const-table,64,2-stackful,0,4,False,316282,0.02032431600000001,64.26010964898416
const-table,64,2-stackless,0,0,True,316282,0.019248233,60.8578199201978
const-table,64,2-stackless,0,1,True,316282,0.019243895,60.84410431197475
const-table,64,2-stackless,0,2,False,316282,0.019207082,60.727711346203705
const-table,64,2-stackless,0,3,False,316282,0.019115350999999996,60.437682195003184
const-table,64,2-stackless,0,4,False,316282,0.019022797000000008,60.145050935557535
const-table,64,2-stackful,1,0,True,316282,0.020091065,63.522631702088646
const-table,64,2-stackful,1,1,True,316282,0.019986966,63.193498207296024
const-table,64,2-stackful,1,2,False,316282,0.02013339,63.65645215345799
const-table,64,2-stackful,1,3,False,316282,0.020033495,63.340610594343026
const-table,64,2-stackful,1,4,False,316282,0.02009527500000001,63.535942608178814
const-table,64,2-stackless,1,0,True,316282,0.019136536,60.50466355973467
const-table,64,2-stackless,1,1,True,316282,0.019300372000000003,61.02266964291361
const-table,64,2-stackless,1,2,False,316282,0.019281756000000004,60.96381077645899
const-table,64,2-stackless,1,3,False,316282,0.019220871,60.77130851581816
const-table,64,2-stackless,1,4,False,316282,0.018969399999999997,59.97622374969172
const-table,64,1x,1,0,True,316282,0.0450074,142.30149044207386
const-table,64,1x,1,1,True,316282,0.0447925,141.62203350174843
const-table,64,1x,1,2,False,316282,0.0449789,142.21138098279383
const-table,64,1x,1,3,False,316282,0.0448926,141.93852321662314
const-table,64,1x,1,4,False,316282,0.0443975,140.37314801348165
const-table,64,2-stackless,2,0,True,316282,0.019275548,60.94418272301301
const-table,64,2-stackless,2,1,True,316282,0.019323762999999997,61.09662579596688
const-table,64,2-stackless,2,2,False,316282,0.019224479999999995,60.782719218924875
const-table,64,2-stackless,2,3,False,316282,0.019277655999999997,60.950847661264305
const-table,64,2-stackless,2,4,False,316282,0.019084101000000006,60.33887796333654
const-table,64,2-stackful,2,0,True,316282,0.020053631,63.40427529862591
const-table,64,2-stackful,2,1,True,316282,0.019974552000000003,63.15424842387491
const-table,64,2-stackful,2,2,False,316282,0.019993527999999997,63.214245515078304
const-table,64,2-stackful,2,3,False,316282,0.019914831,62.965426423255195
const-table,64,2-stackful,2,4,False,316282,0.020188578999999998,63.83094516918446
const-table,64,1x,2,0,True,316282,0.0449986,142.2736671704365
const-table,64,1x,2,1,True,316282,0.0447391,141.45319683067643
const-table,64,1x,2,2,False,316282,0.0445986,141.00897300510303
const-table,64,1x,2,3,False,316282,0.0441946,139.73163189811623
const-table,64,1x,2,4,False,316282,0.0449258,142.0434928323458
take-table,0,2-stackless,0,0,True,3093294,0.04748418,15.35068441603029
take-table,0,2-stackless,0,1,True,3093294,0.047244257000000005,15.273122115130345
take-table,0,2-stackless,0,2,False,3093294,0.04677224799999999,15.120531058476816
take-table,0,2-stackless,0,3,False,3093294,0.04744857399999999,15.339173709320871
take-table,0,2-stackless,0,4,False,3093294,0.04703702500000001,15.206128159819276
take-table,0,1x,0,0,True,3093294,0.0205859,6.655009190849625
take-table,0,1x,0,1,True,3093294,0.0207253,6.700074419049725
take-table,0,1x,0,2,False,3093294,0.0205507,6.6436297358091405
take-table,0,1x,0,3,False,3093294,0.0206371,6.671561125453966
take-table,0,1x,0,4,False,3093294,0.0205738,6.651097503179458
take-table,0,2-stackful,0,0,True,3093294,0.057825103,18.69369772158741
take-table,0,2-stackful,0,1,True,3093294,0.057335811,18.535519417165002
take-table,0,2-stackful,0,2,False,3093294,0.056993731000000006,18.424931804089752
take-table,0,2-stackful,0,3,False,3093294,0.05690758000000001,18.39708091115814
take-table,0,2-stackful,0,4,False,3093294,0.05693325200000002,18.40538015461835
take-table,0,1x,1,0,True,3093294,0.0206801,6.68546216428183
take-table,0,1x,1,1,True,3093294,0.020366,6.583919924843872
take-table,0,1x,1,2,False,3093294,0.0204404,6.607971954815805
take-table,0,1x,1,3,False,3093294,0.0204979,6.626560553248414
take-table,0,1x,1,4,False,3093294,0.0201847,6.525309265785923
take-table,0,2-stackful,1,0,True,3093294,0.057520262,18.59514873141706
take-table,0,2-stackful,1,1,True,3093294,0.057070352000000005,18.449701838881143
take-table,0,2-stackful,1,2,False,3093294,0.05686469800000002,18.383218019367064
take-table,0,2-stackful,1,3,False,3093294,0.05683929700000001,18.375006384779464
take-table,0,2-stackful,1,4,False,3093294,0.05696763499999999,18.416495489921097
take-table,0,2-stackless,1,0,True,3093294,0.046834726,15.140728944613736
take-table,0,2-stackless,1,1,True,3093294,0.046822605999999996,15.13681079134411
take-table,0,2-stackless,1,2,False,3093294,0.04679802799999999,15.128865216174082
take-table,0,2-stackless,1,3,False,3093294,0.046643359999999995,15.078864149350172
take-table,0,2-stackless,1,4,False,3093294,0.046749190999999995,15.11307719214533
take-table,0,2-stackful,2,0,True,3093294,0.057156807000000004,18.477651008924468
take-table,0,2-stackful,2,1,True,3093294,0.057686215,18.64879801273335
take-table,0,2-stackful,2,2,False,3093294,0.057003711,18.428158138217707
take-table,0,2-stackful,2,3,False,3093294,0.05716508399999998,18.480326797258837
take-table,0,2-stackful,2,4,False,3093294,0.056858252000000026,18.381134156662775
take-table,0,1x,2,0,True,3093294,0.0203583,6.581430669053766
take-table,0,1x,2,1,True,3093294,0.020554,6.644696559719186
take-table,0,1x,2,2,False,3093294,0.0204818,6.621355745687284
take-table,0,1x,2,3,False,3093294,0.0203089,6.565460638400359
take-table,0,1x,2,4,False,3093294,0.020196,6.5289623294778965
take-table,0,2-stackless,2,0,True,3093294,0.046800503,15.129665334106619
take-table,0,2-stackless,2,1,True,3093294,0.047162022000000005,15.246537186571986
take-table,0,2-stackless,2,2,False,3093294,0.046887655,15.157839830290946
take-table,0,2-stackless,2,3,False,3093294,0.046725447,15.105401232472568
take-table,0,2-stackless,2,4,False,3093294,0.046686692,15.09287251712899
const-seq,8,2-stackless,0,0,True,800349,0.020058484,25.062171627627446
const-seq,8,2-stackless,0,1,True,800349,0.020167296000000005,25.198127316957983
const-seq,8,2-stackless,0,2,False,800349,0.020220868000000003,25.265063116215554
const-seq,8,2-stackless,0,3,False,800349,0.020016097000000004,25.009210981709234
const-seq,8,2-stackless,0,4,False,800349,0.02004028399999999,25.03943154798718
const-seq,8,2-stackful,0,0,True,800349,0.022568103,28.197827447775907
const-seq,8,2-stackful,0,1,True,800349,0.022669256999999998,28.324214811288574
const-seq,8,2-stackful,0,2,False,800349,0.022553601,28.17970785244937
const-seq,8,2-stackful,0,3,False,800349,0.02251581000000001,28.132489701367792
const-seq,8,2-stackful,0,4,False,800349,0.02259991800000001,28.237578856223987
const-seq,8,1x,0,0,True,800349,0.0644512,80.52886928077626
const-seq,8,1x,0,1,True,800349,0.0638158,79.73496562124774
const-seq,8,1x,0,2,False,800349,0.0650409,81.26567285021909
const-seq,8,1x,0,3,False,800349,0.06539,81.70185756463742
const-seq,8,1x,0,4,False,800349,0.0653514,81.65362860452129
const-seq,8,2-stackful,1,0,True,800349,0.022962297,28.690355082595218
const-seq,8,2-stackful,1,1,True,800349,0.022934885000000002,28.656105024183205
const-seq,8,2-stackful,1,2,False,800349,0.022926556,28.64569831411047
const-seq,8,2-stackful,1,3,False,800349,0.022931076999999994,28.651347099827692
const-seq,8,2-stackful,1,4,False,800349,0.022924022999999988,28.6425334447847
const-seq,8,2-stackless,1,0,True,800349,0.020336098,25.409037807256585
const-seq,8,2-stackless,1,1,True,800349,0.020348665,25.424739707302688
const-seq,8,2-stackless,1,2,False,800349,0.020342226000000005,25.41669446703876
const-seq,8,2-stackless,1,3,False,800349,0.020357859000000006,25.436227195885802
const-seq,8,2-stackless,1,4,False,800349,0.020347026000000004,25.422691850680145
const-seq,8,1x,1,0,True,800349,0.0652963,81.58478363813786
const-seq,8,1x,1,1,True,800349,0.0652203,81.4898250638159
const-seq,8,1x,1,2,False,800349,0.0650722,81.30478078938063
const-seq,8,1x,1,3,False,800349,0.0656483,82.02459177183954
const-seq,8,1x,1,4,False,800349,0.0649943,81.20744825070064
const-seq,8,1x,2,0,True,800349,0.0653565,81.66000082464025
const-seq,8,1x,2,1,True,800349,0.0652799,81.56429257736312
const-seq,8,1x,2,2,False,800349,0.0653061,81.5970282964057
const-seq,8,1x,2,3,False,800349,0.0660968,82.58497230583158
const-seq,8,1x,2,4,False,800349,0.065503,81.84304597119508
const-seq,8,2-stackless,2,0,True,800349,0.020333745,25.40609783981738
const-seq,8,2-stackless,2,1,True,800349,0.020314364999999997,25.381883403365276
const-seq,8,2-stackless,2,2,False,800349,0.02003784,25.036377880149786
const-seq,8,2-stackless,2,3,False,800349,0.020004776000000002,24.995065902500038
const-seq,8,2-stackless,2,4,False,800349,0.020052631,25.054858567949733
const-seq,8,2-stackful,2,0,True,800349,0.022642655999999997,28.29097806082096
const-seq,8,2-stackful,2,1,True,800349,0.022650376,28.300623852844197
const-seq,8,2-stackful,2,2,False,800349,0.022604546000000003,28.243361333618214
const-seq,8,2-stackful,2,3,False,800349,0.022848372000000006,28.548010930231694
const-seq,8,2-stackful,2,4,False,800349,0.022933705999999998,28.654631916826286
make-table,256,2-stackless,0,0,True,13197,0.061989527999999995,4697.243919072516
make-table,256,2-stackless,0,1,True,13197,0.061868287,4688.056906872775
make-table,256,2-stackless,0,2,False,13197,0.06182078100000002,4684.457149352127
make-table,256,2-stackless,0,3,False,13197,0.06178457299999998,4681.713495491398
make-table,256,2-stackless,0,4,False,13197,0.06184577400000002,4686.350988861106
make-table,256,2-stackful,0,0,True,13197,0.062772179,4756.549139956051
make-table,256,2-stackful,0,1,True,13197,0.062109171000000005,4706.30984314617
make-table,256,2-stackful,0,2,False,13197,0.06260708000000001,4744.03879669622
make-table,256,2-stackful,0,3,False,13197,0.062134335999999984,4708.216715920284
make-table,256,2-stackful,0,4,False,13197,0.061746578000000024,4678.834432067896
make-table,256,1x,0,0,True,13197,0.0200122,1516.4203985754339
make-table,256,1x,0,1,True,13197,0.0200433,1518.776994771539
make-table,256,1x,0,2,False,13197,0.0199694,1513.1772372508904
make-table,256,1x,0,3,False,13197,0.0198607,1504.9405167841176
make-table,256,1x,0,4,False,13197,0.0197542,1496.87050087141
make-table,256,1x,1,0,True,13197,0.022403,1697.5827839660528
make-table,256,1x,1,1,True,13197,0.0224129,1698.3329544593469
make-table,256,1x,1,2,False,13197,0.022566,1709.9340759263468
make-table,256,1x,1,3,False,13197,0.0224159,1698.560278851254
make-table,256,1x,1,4,False,13197,0.0222294,1684.4282791543533
make-table,256,2-stackless,1,0,True,13197,0.062352684,4724.761991361673
make-table,256,2-stackless,1,1,True,13197,0.06213740300000001,4708.449117223612
make-table,256,2-stackless,1,2,False,13197,0.061686465999999995,4674.2794574524505
make-table,256,2-stackless,1,3,False,13197,0.06177495799999999,4680.984920815336
make-table,256,2-stackless,1,4,False,13197,0.06215100300000001,4709.479654466925
make-table,256,2-stackful,1,0,True,13197,0.061994302999999994,4697.605743729635
make-table,256,2-stackful,1,1,True,13197,0.06213069699999999,4707.940971432901
make-table,256,2-stackful,1,2,False,13197,0.061960469000000004,4695.041979237706
make-table,256,2-stackful,1,3,False,13197,0.06173545900000002,4677.99189209669
make-table,256,2-stackful,1,4,False,13197,0.062104751000000014,4705.974918542094
make-table,256,2-stackless,2,0,True,13197,0.06272771199999999,4753.179662044404
make-table,256,2-stackless,2,1,True,13197,0.062371774000000005,4726.208532242177
make-table,256,2-stackless,2,2,False,13197,0.06223126000000001,4715.561112374025
make-table,256,2-stackless,2,3,False,13197,0.062369068,4726.0034856406755
make-table,256,2-stackless,2,4,False,13197,0.062337681000000034,4723.625142077748
make-table,256,1x,2,0,True,13197,0.020164,1527.9230128059407
make-table,256,1x,2,1,True,13197,0.0201095,1523.793286352959
make-table,256,1x,2,2,False,13197,0.0199733,1513.4727589603697
make-table,256,1x,2,3,False,13197,0.0201398,1526.0892627112223
make-table,256,1x,2,4,False,13197,0.0201151,1524.2176252178526
make-table,256,2-stackful,2,0,True,13197,0.062392198,4727.756156702281
make-table,256,2-stackful,2,1,True,13197,0.062175293000000006,4711.3202242934
make-table,256,2-stackful,2,2,False,13197,0.061712633,4676.262256573464
make-table,256,2-stackful,2,3,False,13197,0.061902122000000004,4690.620747139502
make-table,256,2-stackful,2,4,False,13197,0.061985974,4696.974615442904
update-string,256,1x,0,0,True,66536,0.0309982,465.8861368281832
update-string,256,1x,0,1,True,66536,0.0317089,476.5675724419863
update-string,256,1x,0,2,False,66536,0.0316137,475.1367680654082
update-string,256,1x,0,3,False,66536,0.0313762,471.56727185283154
update-string,256,1x,0,4,False,66536,0.031326,470.8127930744259
update-string,256,2-stackful,0,0,True,66536,0.020529922,308.55359504629075
update-string,256,2-stackful,0,1,True,66536,0.02031609,305.3398160394373
update-string,256,2-stackful,0,2,False,66536,0.020365918000000004,306.0887038595648
update-string,256,2-stackful,0,3,False,66536,0.020479288,307.7925934832271
update-string,256,2-stackful,0,4,False,66536,0.020488438999999997,307.9301280509799
update-string,256,2-stackless,0,0,True,66536,0.020284639,304.86712456414574
update-string,256,2-stackless,0,1,True,66536,0.020272666999999998,304.68719189611636
update-string,256,2-stackless,0,2,False,66536,0.020028452999999995,301.01678790429236
update-string,256,2-stackless,0,3,False,66536,0.019967481999999995,300.1004268365997
update-string,256,2-stackless,0,4,False,66536,0.020130804000000002,302.555067933149
update-string,256,2-stackful,1,0,True,66536,0.020435003,307.12701394733676
update-string,256,2-stackful,1,1,True,66536,0.020516183999999996,308.3471203558975
update-string,256,2-stackful,1,2,False,66536,0.020471285999999998,307.67232776241434
update-string,256,2-stackful,1,3,False,66536,0.020482879000000002,307.8465642659613
update-string,256,2-stackful,1,4,False,66536,0.020476611000000006,307.7523596248648
update-string,256,2-stackless,1,0,True,66536,0.020245463,304.27833052783456
update-string,256,2-stackless,1,1,True,66536,0.020280167999999998,304.7999278586028
update-string,256,2-stackless,1,2,False,66536,0.020263259999999998,304.54580978718286
update-string,256,2-stackless,1,3,False,66536,0.020244428000000002,304.2627750390766
update-string,256,2-stackless,1,4,False,66536,0.019969871,300.13633221113383
update-string,256,1x,1,0,True,66536,0.0313171,470.6790309005651
update-string,256,1x,1,1,True,66536,0.0312231,469.2662618732716
update-string,256,1x,1,2,False,66536,0.0313875,471.73710472526153
update-string,256,1x,1,3,False,66536,0.0310264,466.3099675363713
update-string,256,1x,1,4,False,66536,0.0309688,465.4442707707106
update-string,256,1x,2,0,True,66536,0.0314328,472.417939160755
update-string,256,1x,2,1,True,66536,0.0314167,472.1759648911867
update-string,256,1x,2,2,False,66536,0.0311909,468.7823133341349
update-string,256,1x,2,3,False,66536,0.031313,470.6174101238427
update-string,256,1x,2,4,False,66536,0.0309369,464.964831068895
update-string,256,2-stackful,2,0,True,66536,0.020172722,303.18507274257547
update-string,256,2-stackful,2,1,True,66536,0.020176347,303.23955452687267
update-string,256,2-stackful,2,2,False,66536,0.0204714,307.67404112059637
update-string,256,2-stackful,2,3,False,66536,0.020447977000000006,307.3220061320189
update-string,256,2-stackful,2,4,False,66536,0.020187869999999997,303.41273896837794
update-string,256,2-stackless,2,0,True,66536,0.020026236,300.9834675964891
update-string,256,2-stackless,2,1,True,66536,0.019959581000000004,299.98167909101846
update-string,256,2-stackless,2,2,False,66536,0.019920977,299.4014819045329
update-string,256,2-stackless,2,3,False,66536,0.019921627000000004,299.4112510520621
update-string,256,2-stackless,2,4,False,66536,0.019948296000000004,299.81207166045454
get-int,64,1x,0,0,True,463481,0.020386,43.98454305570239
get-int,64,1x,0,1,True,463481,0.0202986,43.795970061340164
get-int,64,1x,0,2,False,463481,0.0202755,43.74612983056479
get-int,64,1x,0,3,False,463481,0.0200865,43.33834612422084
get-int,64,1x,0,4,False,463481,0.0203017,43.8026585771585
get-int,64,2-stackful,0,0,True,463481,0.036506296,78.76546395645128
get-int,64,2-stackful,0,1,True,463481,0.036072209,77.82888403192364
get-int,64,2-stackful,0,2,False,463481,0.036618651,79.00787950315116
get-int,64,2-stackful,0,3,False,463481,0.03612496300000001,77.94270531046581
get-int,64,2-stackful,0,4,False,463481,0.036001384,77.67607302133204
get-int,64,2-stackless,0,0,True,463481,0.034910865,75.3231847691707
get-int,64,2-stackless,0,1,True,463481,0.03467834399999999,74.82150077349448
get-int,64,2-stackless,0,2,False,463481,0.03457531600000001,74.59920902906485
get-int,64,2-stackless,0,3,False,463481,0.034852153,75.19650859474282
get-int,64,2-stackless,0,4,False,463481,0.035003303999999985,75.52262983811632
get-int,64,2-stackless,1,0,True,463481,0.035117541,75.76910596119366
get-int,64,2-stackless,1,1,True,463481,0.035488599,76.56969541361998
get-int,64,2-stackless,1,2,False,463481,0.03485566000000001,75.20407524796056
get-int,64,2-stackless,1,3,False,463481,0.034737938999999995,74.95008209613769
get-int,64,2-stackless,1,4,False,463481,0.03484467399999999,75.18037201093463
get-int,64,1x,1,0,True,463481,0.0201186,43.40760462672688
get-int,64,1x,1,1,True,463481,0.0201537,43.48333588647647
get-int,64,1x,1,2,False,463481,0.0203666,43.94268589219407
get-int,64,1x,1,3,False,463481,0.0202114,43.6078285841275
get-int,64,1x,1,4,False,463481,0.0202377,43.664573089296
get-int,64,2-stackful,1,0,True,463481,0.036282917,78.28350460968196
get-int,64,2-stackful,1,1,True,463481,0.036356009,78.44120686716391
get-int,64,2-stackful,1,2,False,463481,0.03600336,77.68033641076981
get-int,64,2-stackful,1,3,False,463481,0.036004065,77.68185750872205
get-int,64,2-stackful,1,4,False,463481,0.03628904599999999,78.29672845273052
get-int,64,1x,2,0,True,463481,0.020141,43.455934547478755
get-int,64,1x,2,1,True,463481,0.0202271,43.64170268036877
get-int,64,1x,2,2,False,463481,0.0204802,44.18778763315001
get-int,64,1x,2,3,False,463481,0.0203237,43.850125463611235
get-int,64,1x,2,4,False,463481,0.0203917,43.99684129446514
get-int,64,2-stackful,2,0,True,463481,0.036738574999999996,79.26662581637649
get-int,64,2-stackful,2,1,True,463481,0.036811595,79.42417272768463
get-int,64,2-stackful,2,2,False,463481,0.035784913,77.20901827690886
get-int,64,2-stackful,2,3,False,463481,0.03622698599999999,78.16282868121883
get-int,64,2-stackful,2,4,False,463481,0.03616174800000002,78.02207210220057
get-int,64,2-stackless,2,0,True,463481,0.034963876000000005,75.43756054725006
get-int,64,2-stackless,2,1,True,463481,0.035312621,76.19000778888454
get-int,64,2-stackless,2,2,False,463481,0.034999061,75.51347520178821
get-int,64,2-stackless,2,3,False,463481,0.034639029,74.73667528981771
get-int,64,2-stackless,2,4,False,463481,0.03484733200000001,75.18610687385245
do-int,256,2-stackful,0,0,True,4199,0.029213347,6957.215289354608
do-int,256,2-stackful,0,1,True,4199,0.029466104000000003,7017.409859490355
do-int,256,2-stackful,0,2,False,4199,0.029173833000000003,6947.804953560372
do-int,256,2-stackful,0,3,False,4199,0.029199169999999997,6953.8390092879245
do-int,256,2-stackful,0,4,False,4199,0.029239678000000005,6963.486068111456
do-int,256,2-stackless,0,0,True,4199,0.026030436,6199.198856870684
do-int,256,2-stackless,0,1,True,4199,0.026023464000000003,6197.538461538463
do-int,256,2-stackless,0,2,False,4199,0.026070025999999996,6208.627292212431
do-int,256,2-stackless,0,3,False,4199,0.026036296,6200.594427244582
do-int,256,2-stackless,0,4,False,4199,0.026150516999999998,6227.796380090497
do-int,256,1x,0,0,True,4199,0.0201829,4806.596808763991
do-int,256,1x,0,1,True,4199,0.0200677,4779.161705167897
do-int,256,1x,0,2,False,4199,0.0200195,4767.682781614671
do-int,256,1x,0,3,False,4199,0.0200365,4771.731364610621
do-int,256,1x,0,4,False,4199,0.020055,4776.137175517981
do-int,256,2-stackful,1,0,True,4199,0.029267631,6970.143129316504
do-int,256,2-stackful,1,1,True,4199,0.029175476,6948.196237199333
do-int,256,2-stackful,1,2,False,4199,0.029162037000000002,6944.995713265063
do-int,256,2-stackful,1,3,False,4199,0.029133870000000006,6938.2876875446555
do-int,256,2-stackful,1,4,False,4199,0.02919413,6952.638723505596
do-int,256,2-stackless,1,0,True,4199,0.026276256,6257.741366992141
do-int,256,2-stackless,1,1,True,4199,0.026187544000000004,6236.614432007622
do-int,256,2-stackless,1,2,False,4199,0.026381750000000002,6282.8649678494885
do-int,256,2-stackless,1,3,False,4199,0.026212748000000008,6242.616813527032
do-int,256,2-stackless,1,4,False,4199,0.026185856999999993,6236.2126696832565
do-int,256,1x,1,0,True,4199,0.0202467,4821.790902595856
do-int,256,1x,1,1,True,4199,0.0202008,4810.859728506787
do-int,256,1x,1,2,False,4199,0.0199345,4747.439866634913
do-int,256,1x,1,3,False,4199,0.0200161,4766.87306501548
do-int,256,1x,1,4,False,4199,0.0200918,4784.901166944511
do-int,256,2-stackless,2,0,True,4199,0.027189964,6475.34270064301
do-int,256,2-stackless,2,1,True,4199,0.027112887999999998,6456.9869016432485
do-int,256,2-stackless,2,2,False,4199,0.027008658000000005,6432.164324839248
do-int,256,2-stackless,2,3,False,4199,0.02695397699999999,6419.141938556797
do-int,256,2-stackless,2,4,False,4199,0.026914529000000006,6409.747320790666
do-int,256,1x,2,0,True,4199,0.0199303,4746.439628482972
do-int,256,1x,2,1,True,4199,0.0198979,4738.72350559657
do-int,256,1x,2,2,False,4199,0.0199502,4751.178852107645
do-int,256,1x,2,3,False,4199,0.0200522,4775.470350083353
do-int,256,1x,2,4,False,4199,0.0199954,4761.943319838057
do-int,256,2-stackful,2,0,True,4199,0.029284942,6974.265777566087
do-int,256,2-stackful,2,1,True,4199,0.029237081999999998,6962.867825672778
do-int,256,2-stackful,2,2,False,4199,0.029195072000000002,6952.863062633961
do-int,256,2-stackful,2,3,False,4199,0.029199877,6954.007382710169
do-int,256,2-stackful,2,4,False,4199,0.02919000599999999,6951.656584901164
assign-string,8,1x,0,0,True,325018,0.0193393,59.502242952698005
assign-string,8,1x,0,1,True,325018,0.0193606,59.567777784615004
assign-string,8,1x,0,2,False,325018,0.019201,59.07672805813832
assign-string,8,1x,0,3,False,325018,0.0191419,58.89489197521368
assign-string,8,1x,0,4,False,325018,0.0189639,58.34722999956926
assign-string,8,2-stackful,0,0,True,325018,0.035357368,108.78587647453372
assign-string,8,2-stackful,0,1,True,325018,0.035438676,109.03604108080168
assign-string,8,2-stackful,0,2,False,325018,0.035402047000000006,108.92334270717316
assign-string,8,2-stackful,0,3,False,325018,0.03531950099999999,108.66936908109703
assign-string,8,2-stackful,0,4,False,325018,0.035349357,108.76122860887705
assign-string,8,2-stackless,0,0,True,325018,0.034327441,105.61704582515429
assign-string,8,2-stackless,0,1,True,325018,0.034231689,105.32244060328966
assign-string,8,2-stackless,0,2,False,325018,0.034263481,105.42025672424296
assign-string,8,2-stackless,0,3,False,325018,0.034216440999999986,105.27552627854453
assign-string,8,2-stackless,0,4,False,325018,0.03457669300000002,106.38393258219551
assign-string,8,2-stackful,1,0,True,325018,0.035921522,110.5216388015433
assign-string,8,2-stackful,1,1,True,325018,0.035396738,108.90700822723664
assign-string,8,2-stackful,1,2,False,325018,0.035376348,108.84427324025131
assign-string,8,2-stackful,1,3,False,325018,0.03531530200000001,108.65644979662667
assign-string,8,2-stackful,1,4,False,325018,0.03532411499999999,108.68356521792637
assign-string,8,1x,1,0,True,325018,0.0190818,58.709979139616884
assign-string,8,1x,1,1,True,325018,0.0190986,58.76166858450917
assign-string,8,1x,1,2,False,325018,0.0192382,59.19118325754266
assign-string,8,1x,1,3,False,325018,0.0190342,58.563525712422084
assign-string,8,1x,1,4,False,325018,0.0190347,58.56506408875816
assign-string,8,2-stackless,1,0,True,325018,0.034300449999999996,105.53400119378001
assign-string,8,2-stackless,1,1,True,325018,0.034234954,105.33248620076427
assign-string,8,2-stackless,1,2,False,325018,0.034239362999999995,105.34605160329579
assign-string,8,2-stackless,1,3,False,325018,0.03424476000000001,105.36265683746751
assign-string,8,2-stackless,1,4,False,325018,0.03424719899999998,105.3701610372348
assign-string,8,2-stackful,2,0,True,325018,0.035384558,108.86953337968974
assign-string,8,2-stackful,2,1,True,325018,0.035689161,109.8067214738876
assign-string,8,2-stackful,2,2,False,325018,0.035345679000000005,108.74991231254887
assign-string,8,2-stackful,2,3,False,325018,0.035352253,108.77013888461562
assign-string,8,2-stackful,2,4,False,325018,0.03568355100000001,109.78946089139681
assign-string,8,1x,2,0,True,325018,0.0191043,58.77920607474048
assign-string,8,1x,2,1,True,325018,0.0192076,59.097034625774576
assign-string,8,1x,2,2,False,325018,0.0191447,58.90350688269573
assign-string,8,1x,2,3,False,325018,0.0193496,59.53393350522125
assign-string,8,1x,2,4,False,325018,0.0190113,58.493068076229626
assign-string,8,2-stackless,2,0,True,325018,0.034263621,105.42068746961706
assign-string,8,2-stackless,2,1,True,325018,0.034331508,105.62955897827197
assign-string,8,2-stackless,2,2,False,325018,0.034236672999999995,105.33777513860768
assign-string,8,2-stackless,2,3,False,325018,0.03424506200000001,105.36358601677448
assign-string,8,2-stackless,2,4,False,325018,0.03423411300000001,105.329898651767
update-seq,256,2-stackful,0,0,True,67336,0.020164483,299.46065997386245
update-seq,256,2-stackful,0,1,True,67336,0.020231831000000002,300.4608381846264
update-seq,256,2-stackful,0,2,False,67336,0.020397111999999995,302.91540929072113
update-seq,256,2-stackful,0,3,False,67336,0.020481228999999997,304.16462219318043
update-seq,256,2-stackful,0,4,False,67336,0.020176831000000006,299.64403884994664
update-seq,256,1x,0,0,True,67336,0.0375158,557.1432814541998
update-seq,256,1x,0,1,True,67336,0.0379623,563.7742069621005
update-seq,256,1x,0,2,False,67336,0.0379003,562.8534513484615
update-seq,256,1x,0,3,False,67336,0.0375027,556.9487347035761
update-seq,256,1x,0,4,False,67336,0.0374242,555.782939289533
update-seq,256,2-stackless,0,0,True,67336,0.020001803,297.04471605084944
update-seq,256,2-stackless,0,1,True,67336,0.020079203,298.1941754781989
update-seq,256,2-stackless,0,2,False,67336,0.020099152000000002,298.4904360223358
update-seq,256,2-stackless,0,3,False,67336,0.019946861000000003,296.22877806819537
update-seq,256,2-stackless,0,4,False,67336,0.019913946000000002,295.73996079363195
update-seq,256,1x,1,0,True,67336,0.0376146,558.6105500772246
update-seq,256,1x,1,1,True,67336,0.0374189,555.7042295354639
update-seq,256,1x,1,2,False,67336,0.0374223,555.7547225852442
update-seq,256,1x,1,3,False,67336,0.0376692,559.4214090531068
update-seq,256,1x,1,4,False,67336,0.0378347,561.8792325056434
update-seq,256,2-stackful,1,0,True,67336,0.020184632,299.75989069739813
update-seq,256,2-stackful,1,1,True,67336,0.020439962000000002,303.55177022692175
update-seq,256,2-stackful,1,2,False,67336,0.020492022,304.32490792443866
update-seq,256,2-stackful,1,3,False,67336,0.020213514000000002,300.18881430438404
update-seq,256,2-stackful,1,4,False,67336,0.020121313000000002,298.8195467506237
update-seq,256,2-stackless,1,0,True,67336,0.019961725,296.44952180111676
update-seq,256,2-stackless,1,1,True,67336,0.019945411,296.20724426755373
update-seq,256,2-stackless,1,2,False,67336,0.020071258,298.0761851015801
update-seq,256,2-stackless,1,3,False,67336,0.019941177000000004,296.1443655696805
update-seq,256,2-stackless,1,4,False,67336,0.019936752000000002,296.0786503504812
update-seq,256,2-stackful,2,0,True,67336,0.020175326,299.6216882499703
update-seq,256,2-stackful,2,1,True,67336,0.020171478,299.5645419983367
update-seq,256,2-stackful,2,2,False,67336,0.02020227,300.02183081858146
update-seq,256,2-stackful,2,3,False,67336,0.020177687,299.65675121777355
update-seq,256,2-stackful,2,4,False,67336,0.02013603600000001,299.0381965070692
update-seq,256,2-stackless,2,0,True,67336,0.019969300000000002,296.5620173458477
update-seq,256,2-stackless,2,1,True,67336,0.020050743000000003,297.77151894974463
update-seq,256,2-stackless,2,2,False,67336,0.020187691,299.8053195913033
update-seq,256,2-stackless,2,3,False,67336,0.019949431999999996,296.26695972436727
update-seq,256,2-stackless,2,4,False,67336,0.01991862600000001,295.8094629915648
update-seq,256,1x,2,0,True,67336,0.0379727,563.92865629084
update-seq,256,1x,2,1,True,67336,0.0376859,559.6694190329096
update-seq,256,1x,2,2,False,67336,0.0375289,557.3378282048236
update-seq,256,1x,2,3,False,67336,0.0379454,563.5232268028989
update-seq,256,1x,2,4,False,67336,0.0375107,557.0675418795295
get-int,0,2-stackless,0,0,True,3161256,0.048497226,15.341125805692421
get-int,0,2-stackless,0,1,True,3161256,0.048383178,15.305049005838185
get-int,0,2-stackless,0,2,False,3161256,0.04848372199999999,15.336854085844358
get-int,0,2-stackless,0,3,False,3161256,0.04846704800000001,15.33157960000709
get-int,0,2-stackless,0,4,False,3161256,0.048324487,15.286483283859328
get-int,0,2-stackful,0,0,True,3161256,0.058434607,18.484617190129494
get-int,0,2-stackful,0,1,True,3161256,0.058996696,18.66242278385553
get-int,0,2-stackful,0,2,False,3161256,0.058409211,18.476583674337036
get-int,0,2-stackful,0,3,False,3161256,0.05844068499999999,18.486539843657077
get-int,0,2-stackful,0,4,False,3161256,0.05848093300000001,18.49927149209049
get-int,0,1x,0,0,True,3161256,0.0196339,6.210790900831821
get-int,0,1x,0,1,True,3161256,0.020046,6.341150479429695
get-int,0,1x,0,2,False,3161256,0.0197992,6.263080244054895
get-int,0,1x,0,3,False,3161256,0.0196122,6.203926540590196
get-int,0,1x,0,4,False,3161256,0.01985,6.27914980627953
get-int,0,2-stackful,1,0,True,3161256,0.058615402000000004,18.541808066161046
get-int,0,2-stackful,1,1,True,3161256,0.05845345300000001,18.49057874465086
get-int,0,2-stackful,1,2,False,3161256,0.058493063999999984,18.503108890896524
get-int,0,2-stackful,1,3,False,3161256,0.058732808,18.578947102037922
get-int,0,2-stackful,1,4,False,3161256,0.058452309000000036,18.490216863170854
get-int,0,2-stackless,1,0,True,3161256,0.048627642,15.382380294414626
get-int,0,2-stackless,1,1,True,3161256,0.048286935999999996,15.274604777341661
get-int,0,2-stackless,1,2,False,3161256,0.04822998200000002,15.256588520512105
get-int,0,2-stackless,1,3,False,3161256,0.04831650299999998,15.283957705418349
get-int,0,2-stackless,1,4,False,3161256,0.04834941300000001,15.294368124568212
get-int,0,1x,1,0,True,3161256,0.0197974,6.262510850117801
get-int,0,1x,1,1,True,3161256,0.0198563,6.281142685059356
get-int,0,1x,1,2,False,3161256,0.0198766,6.287564183349909
get-int,0,1x,1,3,False,3161256,0.0200427,6.340106590545024
get-int,0,1x,1,4,False,3161256,0.0198942,6.293131590734822
get-int,0,2-stackful,2,0,True,3161256,0.059143367999999995,18.708819532489617
get-int,0,2-stackful,2,1,True,3161256,0.058429768,18.483086469428606
get-int,0,2-stackful,2,2,False,3161256,0.05848688399999999,18.501153971712508
get-int,0,2-stackful,2,3,False,3161256,0.05838475200000001,18.468846559721836
get-int,0,2-stackful,2,4,False,3161256,0.05835493100000003,18.45941328383403
get-int,0,2-stackless,2,0,True,3161256,0.048382611,15.304869646748001
get-int,0,2-stackless,2,1,True,3161256,0.048628471000000006,15.382642531955655
get-int,0,2-stackless,2,2,False,3161256,0.04825332199999999,15.263971661896406
get-int,0,2-stackless,2,3,False,3161256,0.048413765000000025,15.314724590479234
get-int,0,2-stackless,2,4,False,3161256,0.04832937400000001,15.288029188398538
get-int,0,1x,2,0,True,3161256,0.0197682,6.253274015138286
get-int,0,1x,2,1,True,3161256,0.0198521,6.279814099206138
get-int,0,1x,2,2,False,3161256,0.019888,6.2911703449515
get-int,0,1x,2,3,False,3161256,0.0197976,6.2625741161108115
get-int,0,1x,2,4,False,3161256,0.0197243,6.23938712967251
get-seq,64,2-stackful,0,0,True,245981,0.020495384,83.32100446782475
get-seq,64,2-stackful,0,1,True,245981,0.020458778999999996,83.17219216118316
get-seq,64,2-stackful,0,2,False,245981,0.020496082,83.32384208536432
get-seq,64,2-stackful,0,3,False,245981,0.020186815000000004,82.06656205154059
get-seq,64,2-stackful,0,4,False,245981,0.020459141,83.1736638195633
get-seq,64,2-stackless,0,0,True,245981,0.019711259,80.1332582597843
get-seq,64,2-stackless,0,1,True,245981,0.019583143000000004,79.61242128457077
get-seq,64,2-stackless,0,2,False,245981,0.019489625999999996,79.23224151458851
get-seq,64,2-stackless,0,3,False,245981,0.019591454000000008,79.64620844699391
get-seq,64,2-stackless,0,4,False,245981,0.019552644000000008,79.48843203336845
get-seq,64,1x,0,0,True,245981,0.0278592,113.25752802045686
get-seq,64,1x,0,1,True,245981,0.0277659,112.87823043243178
get-seq,64,1x,0,2,False,245981,0.0278354,113.16077257999602
get-seq,64,1x,0,3,False,245981,0.0278749,113.3213540883239
get-seq,64,1x,0,4,False,245981,0.0283314,115.17718848203722
get-seq,64,2-stackful,1,0,True,245981,0.02034981,82.72919453128493
get-seq,64,2-stackful,1,1,True,245981,0.020236814000000002,82.26982571824655
get-seq,64,2-stackful,1,2,False,245981,0.020473857999999998,83.23349364381801
get-seq,64,2-stackful,1,3,False,245981,0.020149829000000008,81.91620084478072
get-seq,64,2-stackful,1,4,False,245981,0.020570098999999994,83.6247474398429
get-seq,64,1x,1,0,True,245981,0.0281323,114.3677763729719
get-seq,64,1x,1,1,True,245981,0.0280029,113.84171948239904
get-seq,64,1x,1,2,False,245981,0.0273712,111.27363495554535
get-seq,64,1x,1,3,False,245981,0.0276981,112.60259938775759
get-seq,64,1x,1,4,False,245981,0.0276395,112.36436960578256
get-seq,64,2-stackless,1,0,True,245981,0.019793117,80.46604006000463
get-seq,64,2-stackless,1,1,True,245981,0.019888092,80.85214711705376
get-seq,64,2-stackless,1,2,False,245981,0.020000681,81.3098613307532
get-seq,64,2-stackless,1,3,False,245981,0.019874712999999995,80.79775673730896
get-seq,64,2-stackless,1,4,False,245981,0.019519944999999997,79.35549900195542
get-seq,64,1x,2,0,True,245981,0.0278318,113.14613730328766
get-seq,64,1x,2,1,True,245981,0.0278889,113.37826905330087
get-seq,64,1x,2,2,False,245981,0.0278255,113.12052556904801
get-seq,64,1x,2,3,False,245981,0.0277797,112.9343323264805
get-seq,64,1x,2,4,False,245981,0.0276839,112.54487135185238
get-seq,64,2-stackful,2,0,True,245981,0.020793004,84.5309353161423
get-seq,64,2-stackful,2,1,True,245981,0.020280808999999997,82.44868099568664
get-seq,64,2-stackful,2,2,False,245981,0.020273319999999997,82.4182355547786
get-seq,64,2-stackful,2,3,False,245981,0.020520079999999996,83.42140246604411
get-seq,64,2-stackful,2,4,False,245981,0.020451790999999997,83.14378346295038
get-seq,64,2-stackless,2,0,True,245981,0.01985294,80.70924177070587
get-seq,64,2-stackless,2,1,True,245981,0.019337851000000003,78.61522231391857
get-seq,64,2-stackless,2,2,False,245981,0.019447356,79.06039897390448
get-seq,64,2-stackless,2,3,False,245981,0.019339654999999997,78.62255621369128
get-seq,64,2-stackless,2,4,False,245981,0.019756933000000004,80.31893926766703
update-string,64,1x,0,0,True,198638,0.026062,131.20349580644188
update-string,64,1x,0,1,True,198638,0.0261235,131.51310423987354
update-string,64,1x,0,2,False,198638,0.0262611,132.20582164540522
update-string,64,1x,0,3,False,198638,0.0259958,130.87022624069917
update-string,64,1x,0,4,False,198638,0.0260741,131.26441063643412
update-string,64,2-stackless,0,0,True,198638,0.020198233,101.68363052386754
update-string,64,2-stackless,0,1,True,198638,0.020175516,101.5692667062697
update-string,64,2-stackless,0,2,False,198638,0.019908611000000007,100.22559127659363
update-string,64,2-stackless,0,3,False,198638,0.019898433999999993,100.17435737371495
update-string,64,2-stackless,0,4,False,198638,0.01985561999999999,99.9588195612118
update-string,64,2-stackful,0,0,True,198638,0.020545307000000002,103.43089942508485
update-string,64,2-stackful,0,1,True,198638,0.02057483,103.57952657598244
update-string,64,2-stackful,0,2,False,198638,0.020509479000000004,103.25053111690615
update-string,64,2-stackful,0,3,False,198638,0.020484015,103.122338122615
update-string,64,2-stackful,0,4,False,198638,0.020528256999999994,103.34506489191389
update-string,64,2-stackless,1,0,True,198638,0.019936392999999997,100.36545373996917
update-string,64,2-stackless,1,1,True,198638,0.020070944999999996,101.04282664948296
update-string,64,2-stackless,1,2,False,198638,0.020235113,101.86929489825714
update-string,64,2-stackless,1,3,False,198638,0.019911876999999994,100.24203324640801
update-string,64,2-stackless,1,4,False,198638,0.019879737999999994,100.08023640995174
update-string,64,1x,1,0,True,198638,0.02607,131.24377007420534
update-string,64,1x,1,1,True,198638,0.0261833,131.81415439140548
update-string,64,1x,1,2,False,198638,0.0260237,131.01068274952425
update-string,64,1x,1,3,False,198638,0.0260339,131.06203244092268
update-string,64,1x,1,4,False,198638,0.0260576,131.18134495917195
update-string,64,2-stackful,1,0,True,198638,0.020518928999999998,103.29810509570173
update-string,64,2-stackful,1,1,True,198638,0.020596352000000002,103.68787442483311
update-string,64,2-stackful,1,2,False,198638,0.020596655,103.68939981272466
update-string,64,2-stackful,1,3,False,198638,0.020549934,103.45419305470253
update-string,64,2-stackful,1,4,False,198638,0.020541941999999994,103.41395906120678
update-string,64,1x,2,0,True,198638,0.0260339,131.06203244092268
update-string,64,1x,2,1,True,198638,0.0259631,130.70560517121598
update-string,64,1x,2,2,False,198638,0.0260737,131.26239692304594
update-string,64,1x,2,3,False,198638,0.02604,131.09274157009233
update-string,64,1x,2,4,False,198638,0.0260761,131.274479203375
update-string,64,2-stackless,2,0,True,198638,0.019952189,100.44497528166816
update-string,64,2-stackless,2,1,True,198638,0.019944327,100.40539574502361
update-string,64,2-stackless,2,2,False,198638,0.019888873,100.12622458945418
update-string,64,2-stackless,2,3,False,198638,0.019934188999999998,100.35435817920033
update-string,64,2-stackless,2,4,False,198638,0.019930145999999996,100.33400457112937
update-string,64,2-stackful,2,0,True,198638,0.020572418000000002,103.56738388425177
update-string,64,2-stackful,2,1,True,198638,0.020850910000000004,104.96939155649979
update-string,64,2-stackful,2,2,False,198638,0.020583563000000006,103.62349097352977
update-string,64,2-stackful,2,3,False,198638,0.020705558,104.2376483855053
update-string,64,2-stackful,2,4,False,198638,0.02080921899999999,104.75950724433386
const-table,8,2-stackful,0,0,True,795663,0.022443331,28.207081389985458
const-table,8,2-stackful,0,1,True,795663,0.022464334,28.233478243929905
const-table,8,2-stackful,0,2,False,795663,0.022436541000000004,28.198547626319186
const-table,8,2-stackful,0,3,False,795663,0.022445618,28.20995572246039
const-table,8,2-stackful,0,4,False,795663,0.02241539399999999,28.1719697912307
const-table,8,2-stackless,0,0,True,795663,0.019916139,25.030872366818617
const-table,8,2-stackless,0,1,True,795663,0.019913524000000002,25.027585799515627
const-table,8,2-stackless,0,2,False,795663,0.019912026,25.025703092892343
const-table,8,2-stackless,0,3,False,795663,0.019922809000000007,25.039255312864878
const-table,8,2-stackless,0,4,False,795663,0.019905136000000004,25.017043647876054
const-table,8,1x,0,0,True,795663,0.072672,91.33515068565461
const-table,8,1x,0,1,True,795663,0.0719999,90.49044633217832
const-table,8,1x,0,2,False,795663,0.0719941,90.48315681387723
const-table,8,1x,0,3,False,795663,0.0719567,90.43615198897021
const-table,8,1x,0,4,False,795663,0.0726826,91.34847290875659
const-table,8,1x,1,0,True,795663,0.071975,90.45915167602364
const-table,8,1x,1,1,True,795663,0.0721846,90.72257978566303
const-table,8,1x,1,2,False,795663,0.0723046,90.87339740568558
const-table,8,1x,1,3,False,795663,0.071733,90.15500280897817
const-table,8,1x,1,4,False,795663,0.0717024,90.11654431587242
const-table,8,2-stackless,1,0,True,795663,0.019893062,25.00186888167478
const-table,8,2-stackless,1,1,True,795663,0.019974422999999998,25.10412448486356
const-table,8,2-stackless,1,2,False,795663,0.019882416,24.988488845151778
const-table,8,2-stackless,1,3,False,795663,0.01993355,25.052754746670388
const-table,8,2-stackless,1,4,False,795663,0.020211690000000004,25.40232485361265
const-table,8,2-stackful,1,0,True,795663,0.022537581999999997,28.325537319191664
const-table,8,2-stackful,1,1,True,795663,0.022439571,28.202355771224752
const-table,8,2-stackful,1,2,False,795663,0.022395611999999995,28.147107506569988
const-table,8,2-stackful,1,3,False,795663,0.022402766000000005,28.156098750350342
const-table,8,2-stackful,1,4,False,795663,0.02246463,28.233850260725962
const-table,8,1x,2,0,True,795663,0.072413,91.00963598910594
const-table,8,1x,2,1,True,795663,0.0728163,91.51650887373172
const-table,8,1x,2,2,False,795663,0.0721626,90.69492988865889
const-table,8,1x,2,3,False,795663,0.0720928,90.60720430634578
const-table,8,1x,2,4,False,795663,0.0733678,92.20964151908534
const-table,8,2-stackful,2,0,True,795663,0.022849014,28.716949261182183
const-table,8,2-stackful,2,1,True,795663,0.022809333999999997,28.667078901494722
const-table,8,2-stackful,2,2,False,795663,0.022546212000000003,28.336383619698292
const-table,8,2-stackful,2,3,False,795663,0.022421443,28.179572256093348
const-table,8,2-stackful,2,4,False,795663,0.022461642000000004,28.230094901987403
const-table,8,2-stackless,2,0,True,795663,0.020224501,25.418425891363555
const-table,8,2-stackless,2,1,True,795663,0.020240242000000002,25.438209392670018
const-table,8,2-stackless,2,2,False,795663,0.020115052,25.28086891058149
const-table,8,2-stackless,2,3,False,795663,0.019904902999999995,25.0167508103305
const-table,8,2-stackless,2,4,False,795663,0.019900184,25.010819907423116
add-float4,64,2-stackful,0,0,True,269705,0.028339172000000003,105.07470013533306
add-float4,64,2-stackful,0,1,True,269705,0.028317898999999997,104.99582506812997
add-float4,64,2-stackful,0,2,False,269705,0.027992081000000002,103.78777182477153
add-float4,64,2-stackful,0,3,False,269705,0.027978257000000006,103.7365158228435
add-float4,64,2-stackful,0,4,False,269705,0.028015269999999995,103.87375095011214
add-float4,64,2-stackless,0,0,True,269705,0.027293029,101.19585843792292
add-float4,64,2-stackless,0,1,True,269705,0.027353823,101.42126768135556
add-float4,64,2-stackless,0,2,False,269705,0.027305130000000004,101.24072597838381
add-float4,64,2-stackless,0,3,False,269705,0.027733621,102.82946552715003
add-float4,64,2-stackless,0,4,False,269705,0.027356470999999993,101.4310858159841
add-float4,64,1x,0,0,True,269705,0.0197726,73.31195194749819
add-float4,64,1x,0,1,True,269705,0.0197059,73.06464470439926
add-float4,64,1x,0,2,False,269705,0.0197293,73.15140616599618
add-float4,64,1x,0,3,False,269705,0.0197605,73.26708811479209
add-float4,64,1x,0,4,False,269705,0.0199015,73.78988153723513
add-float4,64,1x,1,0,True,269705,0.0201472,74.7008768840029
add-float4,64,1x,1,1,True,269705,0.0200271,74.25557553623403
add-float4,64,1x,1,2,False,269705,0.0196911,73.00976993381657
add-float4,64,1x,1,3,False,269705,0.0197328,73.16438330768803
add-float4,64,1x,1,4,False,269705,0.0196883,72.9993882204631
add-float4,64,2-stackful,1,0,True,269705,0.028047745000000002,103.99416028623868
add-float4,64,2-stackful,1,1,True,269705,0.028403819,105.31439535789103
add-float4,64,2-stackful,1,2,False,269705,0.028000897999999996,103.82046309857064
add-float4,64,2-stackful,1,3,False,269705,0.027991808999999993,103.78676331547429
add-float4,64,2-stackful,1,4,False,269705,0.02807598900000001,104.09888211193716
add-float4,64,2-stackless,1,0,True,269705,0.027394164,101.5708422164958
add-float4,64,2-stackless,1,1,True,269705,0.027303074,101.23310283457852
add-float4,64,2-stackless,1,2,False,269705,0.027285459999999997,101.16779444207559
add-float4,64,2-stackless,1,3,False,269705,0.027370472000000007,101.48299809050633
add-float4,64,2-stackless,1,4,False,269705,0.02729192400000001,101.19176136890309
add-float4,64,2-stackful,2,0,True,269705,0.028085793,104.13523293969337
add-float4,64,2-stackful,2,1,True,269705,0.028067242000000003,104.06645038097182
add-float4,64,2-stackful,2,2,False,269705,0.028213138999999998,104.60740067851913
add-float4,64,2-stackful,2,3,False,269705,0.027973368999999998,103.7183923175321
add-float4,64,2-stackful,2,4,False,269705,0.02801024099999999,103.85510465137833
add-float4,64,1x,2,0,True,269705,0.0201221,74.6078122392985
add-float4,64,1x,2,1,True,269705,0.0198213,73.49251960475334
add-float4,64,1x,2,2,False,269705,0.0197558,73.24966166737732
add-float4,64,1x,2,3,False,269705,0.0197604,73.26671733931518
add-float4,64,1x,2,4,False,269705,0.0196918,73.01236536215495
add-float4,64,2-stackless,2,0,True,269705,0.027599907,102.33368680595466
add-float4,64,2-stackless,2,1,True,269705,0.027326442,101.31974564802285
add-float4,64,2-stackless,2,2,False,269705,0.027318453,101.2901243951725
add-float4,64,2-stackless,2,3,False,269705,0.02736126500000001,101.44886079234723
add-float4,64,2-stackless,2,4,False,269705,0.027428734999999982,101.69902300661828
assign-string,256,2-stackful,0,0,True,16311,0.043635918,2675.244804119919
assign-string,256,2-stackful,0,1,True,16311,0.043350691000000004,2657.75801606278
assign-string,256,2-stackful,0,2,False,16311,0.04358851500000001,2672.338605848814
assign-string,256,2-stackful,0,3,False,16311,0.04317528699999998,2647.0042915823665
assign-string,256,2-stackful,0,4,False,16311,0.04375082800000002,2682.2897431181427
assign-string,256,1x,0,0,True,16311,0.0207341,1271.1728281527803
assign-string,256,1x,0,1,True,16311,0.019948,1222.9783581632028
assign-string,256,1x,0,2,False,16311,0.0203532,1247.8204892403899
assign-string,256,1x,0,3,False,16311,0.020085,1231.3775979400405
assign-string,256,1x,0,4,False,16311,0.0210858,1292.7349641346332
assign-string,256,2-stackless,0,0,True,16311,0.043239334000000004,2650.93090552388
assign-string,256,2-stackless,0,1,True,16311,0.043268953000000006,2652.7467966403046
assign-string,256,2-stackless,0,2,False,16311,0.04322700400000001,2650.174973943965
assign-string,256,2-stackless,0,3,False,16311,0.04316435000000002,2646.333762491571
assign-string,256,2-stackless,0,4,False,16311,0.043229036,2650.299552449267
assign-string,256,1x,1,0,True,16311,0.0199283,1221.7705842682851
assign-string,256,1x,1,1,True,16311,0.0205909,1262.393476794801
assign-string,256,1x,1,2,False,16311,0.0203241,1246.0364171418062
assign-string,256,1x,1,3,False,16311,0.0200254,1227.7236220955183
assign-string,256,1x,1,4,False,16311,0.0204043,1250.9533443688308
assign-string,256,2-stackful,1,0,True,16311,0.043213443,2649.3435718226965
assign-string,256,2-stackful,1,1,True,16311,0.043320607,2655.9136165777695
assign-string,256,2-stackful,1,2,False,16311,0.043324403,2656.1463429587393
assign-string,256,2-stackful,1,3,False,16311,0.043790614000000005,2684.7289559193187
assign-string,256,2-stackful,1,4,False,16311,0.04323989,2650.964992949543
assign-string,256,2-stackless,1,0,True,16311,0.043596352,2672.8190791490406
assign-string,256,2-stackless,1,1,True,16311,0.043315164999999996,2655.579976702838
assign-string,256,2-stackless,1,2,False,16311,0.04323374000000001,2650.5879467843793
assign-string,256,2-stackless,1,3,False,16311,0.04323766600000001,2650.828643246889
assign-string,256,2-stackless,1,4,False,16311,0.04316547900000001,2646.40297958433
assign-string,256,1x,2,0,True,16311,0.0204108,1251.351848445834
assign-string,256,1x,2,1,True,16311,0.0197216,1209.098154619582
assign-string,256,1x,2,2,False,16311,0.0200778,1230.93617803936
assign-string,256,1x,2,3,False,16311,0.0207649,1273.0611243945802
assign-string,256,1x,2,4,False,16311,0.0207595,1272.73005946907
assign-string,256,2-stackless,2,0,True,16311,0.043412269,2661.53325976335
assign-string,256,2-stackless,2,1,True,16311,0.043194579999999996,2648.187112991233
assign-string,256,2-stackless,2,2,False,16311,0.043248165000000005,2651.4723192937286
assign-string,256,2-stackless,2,3,False,16311,0.04314359100000001,2645.061063086261
assign-string,256,2-stackless,2,4,False,16311,0.043155147000000005,2645.7695420268533
assign-string,256,2-stackful,2,0,True,16311,0.043223939,2649.987063944577
assign-string,256,2-stackful,2,1,True,16311,0.043210827,2649.1831892587825
assign-string,256,2-stackful,2,2,False,16311,0.04318398600000001,2647.5376126540377
assign-string,256,2-stackful,2,3,False,16311,0.043182099,2647.4219238550672
assign-string,256,2-stackful,2,4,False,16311,0.04366379100000001,2676.953650910429
push-shared-seq,64,2-stackless,0,0,True,78978,0.056956764,721.1725290587252
push-shared-seq,64,2-stackless,0,1,True,78978,0.056820336000000006,719.4451112968169
push-shared-seq,64,2-stackless,0,2,False,78978,0.05637231699999999,713.7724049735368
push-shared-seq,64,2-stackless,0,3,False,78978,0.05600024299999998,709.0612955506593
push-shared-seq,64,2-stackless,0,4,False,78978,0.05627188600000002,712.5007723669886
push-shared-seq,64,2-stackful,0,0,True,78978,0.056788780000000004,719.0455569905545
push-shared-seq,64,2-stackful,0,1,True,78978,0.056585223000000004,716.46816835068
push-shared-seq,64,2-stackful,0,2,False,78978,0.056970213000000006,721.3428169870091
push-shared-seq,64,2-stackful,0,3,False,78978,0.056593699,716.5754893767885
push-shared-seq,64,2-stackful,0,4,False,78978,0.056357590999999985,713.5859479855147
push-shared-seq,64,1x,0,0,True,78978,0.0229578,290.68601382663525
push-shared-seq,64,1x,0,1,True,78978,0.0229641,290.76578287624403
push-shared-seq,64,1x,0,2,False,78978,0.0227651,288.24609384891994
push-shared-seq,64,1x,0,3,False,78978,0.0229906,291.10131935475704
push-shared-seq,64,1x,0,4,False,78978,0.0227947,288.62088176454205
push-shared-seq,64,1x,1,0,True,78978,0.0228131,288.8538580364152
push-shared-seq,64,1x,1,1,True,78978,0.0226201,286.41013953252804
push-shared-seq,64,1x,1,2,False,78978,0.022969,290.82782547038414
push-shared-seq,64,1x,1,3,False,78978,0.0229024,289.9845526602345
push-shared-seq,64,1x,1,4,False,78978,0.0227802,288.43728633290283
push-shared-seq,64,2-stackful,1,0,True,78978,0.056151117,710.9716250094963
push-shared-seq,64,2-stackful,1,1,True,78978,0.056403715,714.1699587226823
push-shared-seq,64,2-stackful,1,2,False,78978,0.056403764999999995,714.1705918103775
push-shared-seq,64,2-stackful,1,3,False,78978,0.056617429999999996,716.8759654587353
push-shared-seq,64,2-stackful,1,4,False,78978,0.05633687499999998,713.3236470915948
push-shared-seq,64,2-stackless,1,0,True,78978,0.055942587,708.3312694674466
push-shared-seq,64,2-stackless,1,1,True,78978,0.055916181,707.9969231938009
push-shared-seq,64,2-stackless,1,2,False,78978,0.055863828000000004,707.3340423915522
push-shared-seq,64,2-stackless,1,3,False,78978,0.05579665,706.4834510876447
push-shared-seq,64,2-stackless,1,4,False,78978,0.055840833000000034,707.0428853604806
push-shared-seq,64,1x,2,0,True,78978,0.0200634,254.03783332067158
push-shared-seq,64,1x,2,1,True,78978,0.0197818,250.47228342069943
push-shared-seq,64,1x,2,2,False,78978,0.0197687,250.30641444452885
push-shared-seq,64,1x,2,3,False,78978,0.0197645,250.25323507812303
push-shared-seq,64,1x,2,4,False,78978,0.019737,249.90503684570388
push-shared-seq,64,2-stackful,2,0,True,78978,0.056171482,711.229481627795
push-shared-seq,64,2-stackful,2,1,True,78978,0.055999495999999996,709.0518372204917
push-shared-seq,64,2-stackful,2,2,False,78978,0.055990240999999996,708.9346526880903
push-shared-seq,64,2-stackful,2,3,False,78978,0.05609054000000002,710.2046139431237
push-shared-seq,64,2-stackful,2,4,False,78978,0.056085096,710.1356833548583
push-shared-seq,64,2-stackless,2,0,True,78978,0.055837973,707.0066727443085
push-shared-seq,64,2-stackless,2,1,True,78978,0.05583252700000001,706.9377168325358
push-shared-seq,64,2-stackless,2,2,False,78978,0.055932093,708.1983970219554
push-shared-seq,64,2-stackless,2,3,False,78978,0.05583650500000001,706.9880852895744
push-shared-seq,64,2-stackless,2,4,False,78978,0.055876961,707.5003292056016
assign-int,64,2-stackless,0,0,True,209736,0.039157304,186.69805851165273
assign-int,64,2-stackless,0,1,True,209736,0.039309451999999995,187.42348476179575
assign-int,64,2-stackless,0,2,False,209736,0.038853075,185.24752546057903
assign-int,64,2-stackless,0,3,False,209736,0.039089824999999995,186.37632547583627
assign-int,64,2-stackless,0,4,False,209736,0.038985137,185.8771836976008
assign-int,64,1x,0,0,True,209736,0.0206411,98.41467368501354
assign-int,64,1x,0,1,True,209736,0.0204848,97.66945111950261
assign-int,64,1x,0,2,False,209736,0.0202132,96.37448983483999
assign-int,64,1x,0,3,False,209736,0.0201025,95.84668344967007
assign-int,64,1x,0,4,False,209736,0.0203391,96.97476828012358
assign-int,64,2-stackful,0,0,True,209736,0.038676735000000004,184.4067542052867
assign-int,64,2-stackful,0,1,True,209736,0.038180592000000006,182.04119464469622
assign-int,64,2-stackful,0,2,False,209736,0.03833420700000001,182.77361540221997
assign-int,64,2-stackful,0,3,False,209736,0.038569427,183.89512053247893
assign-int,64,2-stackful,0,4,False,209736,0.038168408000000015,181.98310256703672
assign-int,64,1x,1,0,True,209736,0.0206115,98.27354388373956
assign-int,64,1x,1,1,True,209736,0.0201963,96.29391234695045
assign-int,64,1x,1,2,False,209736,0.0200936,95.80424915131404
assign-int,64,1x,1,3,False,209736,0.020396,97.24606171568067
assign-int,64,1x,1,4,False,209736,0.0202923,96.75163062135256
assign-int,64,2-stackless,1,0,True,209736,0.037655995,179.53996929473243
assign-int,64,2-stackless,1,1,True,209736,0.037535236,178.9642026166228
assign-int,64,2-stackless,1,2,False,209736,0.037525479,178.917682229088
assign-int,64,2-stackless,1,3,False,209736,0.037511817,178.85254319716213
assign-int,64,2-stackless,1,4,False,209736,0.037576534999999994,179.16111206469083
assign-int,64,2-stackful,1,0,True,209736,0.038580085,183.94593679673494
assign-int,64,2-stackful,1,1,True,209736,0.038336475999999994,182.78443376435135
assign-int,64,2-stackful,1,2,False,209736,0.038151768,181.90376473280696
assign-int,64,2-stackful,1,3,False,209736,0.03827248,182.47930731967807
assign-int,64,2-stackful,1,4,False,209736,0.038182631999999994,182.0509211580272
assign-int,64,2-stackful,2,0,True,209736,0.038404903,183.11068676812755
assign-int,64,2-stackful,2,1,True,209736,0.038321891,182.7148939619331
assign-int,64,2-stackful,2,2,False,209736,0.038142192000000005,181.85810733493537
assign-int,64,2-stackful,2,3,False,209736,0.03827397399999999,182.48643056032338
assign-int,64,2-stackful,2,4,False,209736,0.038181577999999994,182.04589579280616
assign-int,64,2-stackless,2,0,True,209736,0.037497828000000004,178.78584506236416
assign-int,64,2-stackless,2,1,True,209736,0.03764161099999999,179.47138783995115
assign-int,64,2-stackless,2,2,False,209736,0.037559352000000004,179.0791852614716
assign-int,64,2-stackless,2,3,False,209736,0.037474005000000005,178.67225941183204
assign-int,64,2-stackless,2,4,False,209736,0.037478063000000006,178.69160754472293
assign-int,64,1x,2,0,True,209736,0.0201724,96.17995956821909
assign-int,64,1x,2,1,True,209736,0.0202335,96.47127817828127
assign-int,64,1x,2,2,False,209736,0.0202419,96.51132852729145
assign-int,64,1x,2,3,False,209736,0.0202736,96.66247091581798
assign-int,64,1x,2,4,False,209736,0.0200527,95.60924209482397
get-string,256,1x,0,0,True,149360,0.0199133,133.3241831815747
get-string,256,1x,0,1,True,149360,0.0196278,131.41269416175683
get-string,256,1x,0,2,False,149360,0.0195479,130.87774504552758
get-string,256,1x,0,3,False,149360,0.0196136,131.3176218532405
get-string,256,1x,0,4,False,149360,0.0195538,130.9172469201928
get-string,256,2-stackless,0,0,True,149360,0.03641599,243.81353776111408
get-string,256,2-stackless,0,1,True,149360,0.036013232000000006,241.1169791108731
get-string,256,2-stackless,0,2,False,149360,0.03649220700000001,244.32382833422614
get-string,256,2-stackless,0,3,False,149360,0.036061437,241.43972281735404
get-string,256,2-stackless,0,4,False,149360,0.035960517,240.76403990358864
get-string,256,2-stackful,0,0,True,149360,0.037286082,249.63900642742368
get-string,256,2-stackful,0,1,True,149360,0.036985937,247.62946572040707
get-string,256,2-stackful,0,2,False,149360,0.03657666200000001,244.8892742367435
get-string,256,2-stackful,0,3,False,149360,0.037531474999999995,251.28196973754683
get-string,256,2-stackful,0,4,False,149360,0.03719481799999999,249.02797268344932
get-string,256,1x,1,0,True,149360,0.019639,131.48768077129085
get-string,256,1x,1,1,True,149360,0.0196098,131.2921799678629
get-string,256,1x,1,2,False,149360,0.0195868,131.1381896089984
get-string,256,1x,1,3,False,149360,0.0196189,131.35310658810926
get-string,256,1x,1,4,False,149360,0.0196303,131.4294322442421
get-string,256,2-stackful,1,0,True,149360,0.037407581,250.45247054097482
get-string,256,2-stackful,1,1,True,149360,0.03735145300000001,250.07668050348158
get-string,256,2-stackful,1,2,False,149360,0.036679341000000004,245.57673406534553
get-string,256,2-stackful,1,3,False,149360,0.037697180999999996,252.39141001606856
get-string,256,2-stackful,1,4,False,149360,0.036450067999999974,244.04169791108717
get-string,256,2-stackless,1,0,True,149360,0.036813379,246.47414970540976
get-string,256,2-stackless,1,1,True,149360,0.036449169999999996,244.03568559185854
get-string,256,2-stackless,1,2,False,149360,0.036003030000000005,241.04867434386722
get-string,256,2-stackless,1,3,False,149360,0.036527429999999986,244.5596545259774
get-string,256,2-stackless,1,4,False,149360,0.036346558,243.34867434386717
get-string,256,2-stackless,2,0,True,149360,0.036691274,245.65662828066417
get-string,256,2-stackless,2,1,True,149360,0.036278727999999996,242.89453668987676
get-string,256,2-stackless,2,2,False,149360,0.036230976,242.57482592394214
get-string,256,2-stackless,2,3,False,149360,0.035800709,239.6940881092662
get-string,256,2-stackless,2,4,False,149360,0.03621633299999999,242.47678762720938
get-string,256,1x,2,0,True,149360,0.0196764,131.7380824852705
get-string,256,1x,2,1,True,149360,0.0195458,130.86368505623994
get-string,256,1x,2,2,False,149360,0.0196222,131.37520085698984
get-string,256,1x,2,3,False,149360,0.0198973,133.21705945366898
get-string,256,1x,2,4,False,149360,0.0196951,131.8632833422603
get-string,256,2-stackful,2,0,True,149360,0.037305038,249.76592126405998
get-string,256,2-stackful,2,1,True,149360,0.037016464,247.83385109801821
get-string,256,2-stackful,2,2,False,149360,0.036974515,247.55299276914837
get-string,256,2-stackful,2,3,False,149360,0.036598311999999994,245.03422603106583
get-string,256,2-stackful,2,4,False,149360,0.036747312999999976,246.03182244242083
update-int,0,2-stackful,0,0,True,3166712,0.058649865,18.520744860915677
update-int,0,2-stackful,0,1,True,3166712,0.05858336100000001,18.499743898403143
update-int,0,2-stackful,0,2,False,3166712,0.058799568999999996,18.568019131515587
update-int,0,2-stackful,0,3,False,3166712,0.058515553,18.478331152311924
update-int,0,2-stackful,0,4,False,3166712,0.058616469000000004,18.510198906626183
update-int,0,1x,0,0,True,3166712,0.0196342,6.200184923668461
update-int,0,1x,0,1,True,3166712,0.0201396,6.359782638901169
update-int,0,1x,0,2,False,3166712,0.0197525,6.237542283605203
update-int,0,1x,0,3,False,3166712,0.0197431,6.234573905047254
update-int,0,1x,0,4,False,3166712,0.0198938,6.282162697460331
update-int,0,2-stackless,0,0,True,3166712,0.048632394999999995,15.357378568054182
update-int,0,2-stackless,0,1,True,3166712,0.04867386,15.370472591129221
update-int,0,2-stackless,0,2,False,3166712,0.048494789999999996,15.313924979600289
update-int,0,2-stackless,0,3,False,3166712,0.04838859199999998,15.280389249164426
update-int,0,2-stackless,0,4,False,3166712,0.048360810000000004,15.271616111600931
update-int,0,1x,1,0,True,3166712,0.0199089,6.286931050250228
update-int,0,1x,1,1,True,3166712,0.0198661,6.27341545426297
update-int,0,1x,1,2,False,3166712,0.0199059,6.285983695391308
update-int,0,1x,1,3,False,3166712,0.0201623,6.366950957333663
update-int,0,1x,1,4,False,3166712,0.0202823,6.40484515169046
update-int,0,2-stackful,1,0,True,3166712,0.05879921,18.567905764717473
update-int,0,2-stackful,1,1,True,3166712,0.059088546,18.659273719870956
update-int,0,2-stackful,1,2,False,3166712,0.058550257999999994,18.489290469104862
update-int,0,2-stackful,1,3,False,3166712,0.05857864799999998,18.49825560391977
update-int,0,2-stackful,1,4,False,3166712,0.058616925999999986,18.510343220349682
update-int,0,2-stackless,1,0,True,3166712,0.048340204000000005,15.265109046859964
update-int,0,2-stackless,1,1,True,3166712,0.048381287999999995,15.278082755867914
update-int,0,2-stackless,1,2,False,3166712,0.048375503000000014,15.27625593991497
update-int,0,2-stackless,1,3,False,3166712,0.04836056700000002,15.271539375857364
update-int,0,2-stackless,1,4,False,3166712,0.04835751699999999,15.270576231750782
update-int,0,1x,2,0,True,3166712,0.0199712,6.306604452820465
update-int,0,1x,2,1,True,3166712,0.020106,6.3491722644812665
update-int,0,1x,2,2,False,3166712,0.0199712,6.306604452820465
update-int,0,1x,2,3,False,3166712,0.0198199,6.258826189435604
update-int,0,1x,2,4,False,3166712,0.0199744,6.3076149646699795
update-int,0,2-stackful,2,0,True,3166712,0.05861705699999999,18.510384588178525
update-int,0,2-stackful,2,1,True,3166712,0.058621220999999994,18.511699516722704
update-int,0,2-stackful,2,2,False,3166712,0.058852659,18.584784154668945
update-int,0,2-stackful,2,3,False,3166712,0.05851057899999998,18.47676043795583
update-int,0,2-stackful,2,4,False,3166712,0.05854196799999997,18.486672611844707
update-int,0,2-stackless,2,0,True,3166712,0.048540479,15.32835287831669
update-int,0,2-stackless,2,1,True,3166712,0.048437817,15.295933763474544
update-int,0,2-stackless,2,2,False,3166712,0.048408899000000005,15.286801894204464
update-int,0,2-stackless,2,3,False,3166712,0.048790749999999994,15.40738469428227
update-int,0,2-stackless,2,4,False,3166712,0.048369525999999996,15.27436849325104
get-seq,256,2-stackful,0,0,True,98532,0.024599386,249.65885194657574
get-seq,256,2-stackful,0,1,True,98532,0.023957006,243.1393455933098
get-seq,256,2-stackful,0,2,False,98532,0.023898703000000007,242.54762919660627
get-seq,256,2-stackful,0,3,False,98532,0.024472666000000004,248.37277229732476
get-seq,256,2-stackful,0,4,False,98532,0.024433070999999987,247.9709231518693
get-seq,256,2-stackless,0,0,True,98532,0.024036887,243.95005683432794
get-seq,256,2-stackless,0,1,True,98532,0.023650182,240.02539276580197
get-seq,256,2-stackless,0,2,False,98532,0.02394424299999999,243.00981407055565
get-seq,256,2-stackless,0,3,False,98532,0.024460183999999996,248.2460926399545
get-seq,256,2-stackless,0,4,False,98532,0.023435868,237.85032273779078
get-seq,256,1x,0,0,True,98532,0.019747,200.412048877522
get-seq,256,1x,0,1,True,98532,0.0197001,199.93606138107418
get-seq,256,1x,0,2,False,98532,0.0191983,194.84329963869607
get-seq,256,1x,0,3,False,98532,0.0192246,195.11021800024358
get-seq,256,1x,0,4,False,98532,0.019269,195.56083302886373
get-seq,256,1x,1,0,True,98532,0.0195722,198.6380059270085
get-seq,256,1x,1,1,True,98532,0.019506,197.9661429789307
get-seq,256,1x,1,2,False,98532,0.0194719,197.62006251776072
get-seq,256,1x,1,3,False,98532,0.0193926,196.81524783826575
get-seq,256,1x,1,4,False,98532,0.0194841,197.74388016075994
get-seq,256,2-stackful,1,0,True,98532,0.024243655000000003,246.048542605448
get-seq,256,2-stackful,1,1,True,98532,0.024715247,250.83472374457028
get-seq,256,2-stackful,1,2,False,98532,0.023490699999999996,238.40681200016235
get-seq,256,2-stackful,1,3,False,98532,0.02410720999999999,244.66376405634708
get-seq,256,2-stackful,1,4,False,98532,0.024048701000000006,244.06995696829463
get-seq,256,2-stackless,1,0,True,98532,0.024089328,244.48227986846913
get-seq,256,2-stackless,1,1,True,98532,0.023960821000000004,243.17806397921493
get-seq,256,2-stackless,1,2,False,98532,0.023942466000000003,242.99177932042386
get-seq,256,2-stackless,1,3,False,98532,0.023766785999999998,241.2088052612349
get-seq,256,2-stackless,1,4,False,98532,0.023779609999999993,241.33895587220388
get-seq,256,2-stackless,2,0,True,98532,0.023859915,242.1539702837657
get-seq,256,2-stackless,2,1,True,98532,0.023457681999999997,238.0717127430682
get-seq,256,2-stackless,2,2,False,98532,0.023532362999999994,238.82964925100467
get-seq,256,2-stackless,2,3,False,98532,0.024484441999999995,248.49228676978035
get-seq,256,2-stackless,2,4,False,98532,0.02384966999999999,242.0499939106076
get-seq,256,2-stackful,2,0,True,98532,0.024646514999999997,250.13716356107656
get-seq,256,2-stackful,2,1,True,98532,0.024317775000000003,246.800785531604
get-seq,256,2-stackful,2,2,False,98532,0.023538525000000005,238.89218730970654
get-seq,256,2-stackful,2,3,False,98532,0.023747129000000006,241.00930662119927
get-seq,256,2-stackful,2,4,False,98532,0.023880417,242.36204481792717
get-seq,256,1x,2,0,True,98532,0.019805,201.0006901311249
get-seq,256,1x,2,1,True,98532,0.0198365,201.32038322575406
get-seq,256,1x,2,2,False,98532,0.0197368,200.30852920878496
get-seq,256,1x,2,3,False,98532,0.0197614,200.55819429220963
get-seq,256,1x,2,4,False,98532,0.0197028,199.9634636463281
update-string,8,2-stackless,0,0,True,711387,0.027862581,39.16655913026243
update-string,8,2-stackless,0,1,True,711387,0.028055550000000002,39.437816547111495
update-string,8,2-stackless,0,2,False,711387,0.02765634000000001,38.87664520155697
update-string,8,2-stackless,0,3,False,711387,0.02775410299999999,39.014071103351604
update-string,8,2-stackless,0,4,False,711387,0.02770012799999999,38.93819819591866
update-string,8,2-stackful,0,0,True,711387,0.029900629,42.031452641108146
update-string,8,2-stackful,0,1,True,711387,0.029864804000000002,41.98109327271935
update-string,8,2-stackful,0,2,False,711387,0.029863118,41.97872325471227
update-string,8,2-stackful,0,3,False,711387,0.029885220000000004,42.00979213845629
update-string,8,2-stackful,0,4,False,711387,0.029907114,42.04056863563714
update-string,8,1x,0,0,True,711387,0.0206864,29.078968269029374
update-string,8,1x,0,1,True,711387,0.0205343,28.865160594725516
update-string,8,1x,0,2,False,711387,0.0205202,28.84534015943502
update-string,8,1x,0,3,False,711387,0.0204616,28.762965868085868
update-string,8,1x,0,4,False,711387,0.0203491,28.60482409715106
update-string,8,2-stackful,1,0,True,711387,0.029934078,42.078472055294796
update-string,8,2-stackful,1,1,True,711387,0.029858300999999997,41.971951975507
update-string,8,2-stackful,1,2,False,711387,0.030171390000000006,42.41206263257553
update-string,8,2-stackful,1,3,False,711387,0.03031515,42.61414673026074
update-string,8,2-stackful,1,4,False,711387,0.030111063999999993,42.32726209503406
update-string,8,1x,1,0,True,711387,0.0207158,29.120295985167004
update-string,8,1x,1,1,True,711387,0.0206682,29.0533844447537
update-string,8,1x,1,2,False,711387,0.0205575,28.89777294215385
update-string,8,1x,1,3,False,711387,0.0205053,28.824395160440098
update-string,8,1x,1,4,False,711387,0.0205368,28.868674856301844
update-string,8,2-stackless,1,0,True,711387,0.027503862,38.66230617090276
update-string,8,2-stackless,1,1,True,711387,0.027719792,38.96583997177345
update-string,8,2-stackless,1,2,False,711387,0.027478715000000008,38.62695691655879
update-string,8,2-stackless,1,3,False,711387,0.027553440999999998,38.73199960077988
update-string,8,2-stackless,1,4,False,711387,0.02762508200000001,38.83270568621581
update-string,8,1x,2,0,True,711387,0.0207398,29.154032896299764
update-string,8,1x,2,1,True,711387,0.0205527,28.891025559927296
update-string,8,1x,2,2,False,711387,0.0203655,28.627877653091776
update-string,8,1x,2,3,False,711387,0.0205394,28.872329688341225
update-string,8,1x,2,4,False,711387,0.0205651,28.90845629734589
update-string,8,2-stackless,2,0,True,711387,0.027670806,38.89698012474223
update-string,8,2-stackless,2,1,True,711387,0.027574736,38.76193408088706
update-string,8,2-stackless,2,2,False,711387,0.027623168999999996,38.83001657325759
update-string,8,2-stackless,2,3,False,711387,0.02759880799999999,38.7957722027532
update-string,8,2-stackless,2,4,False,711387,0.02756816600000002,38.75269860146449
update-string,8,2-stackful,2,0,True,711387,0.029857356,41.97062358463115
update-string,8,2-stackful,2,1,True,711387,0.029911167,42.04626595650469
update-string,8,2-stackful,2,2,False,711387,0.029786159,41.87054163205119
update-string,8,2-stackful,2,3,False,711387,0.02984714599999999,41.95627134035341
update-string,8,2-stackful,2,4,False,711387,0.029894281999999994,42.02253063381815
assign-int,0,1x,0,0,True,2509726,0.0158817,6.328061310278492
assign-int,0,1x,0,1,True,2509726,0.0156985,6.255065293980299
assign-int,0,1x,0,2,False,2509726,0.0157885,6.290925782336399
assign-int,0,1x,0,3,False,2509726,0.0158091,6.299133849671239
assign-int,0,1x,0,4,False,2509726,0.0156334,6.22912620740272
assign-int,0,2-stackful,0,0,True,2509726,0.046525399,18.538039212248666
assign-int,0,2-stackful,0,1,True,2509726,0.046522446999999995,18.536862988230585
assign-int,0,2-stackful,0,2,False,2509726,0.046457786999999987,18.511099219596076
assign-int,0,2-stackful,0,3,False,2509726,0.046424484000000016,18.49782964355472
assign-int,0,2-stackful,0,4,False,2509726,0.046581865,18.560538082643284
assign-int,0,2-stackless,0,0,True,2509726,0.038484248,15.33404363663603
assign-int,0,2-stackless,0,1,True,2509726,0.038453317,15.321719183687781
assign-int,0,2-stackless,0,2,False,2509726,0.03899261000000001,15.53660040976585
assign-int,0,2-stackless,0,3,False,2509726,0.03844241100000001,15.317373689398766
assign-int,0,2-stackless,0,4,False,2509726,0.038587313999999984,15.37511027100169
assign-int,0,2-stackless,1,0,True,2509726,0.038412632,15.305508250701472
assign-int,0,2-stackless,1,1,True,2509726,0.038439926,15.316383541470264
assign-int,0,2-stackless,1,2,False,2509726,0.038360738000000005,15.284831093115347
assign-int,0,2-stackless,1,3,False,2509726,0.03842696899999999,15.311220826496594
assign-int,0,2-stackless,1,4,False,2509726,0.038395154999999986,15.29854454231258
assign-int,0,1x,1,0,True,2509726,0.015758,6.278773061282387
assign-int,0,1x,1,1,True,2509726,0.015716,6.2620381667162075
assign-int,0,1x,1,2,False,2509726,0.0157963,6.29403369132726
assign-int,0,1x,1,3,False,2509726,0.0156882,6.250961260312879
assign-int,0,1x,1,4,False,2509726,0.0157654,6.281721590324999
assign-int,0,2-stackful,1,0,True,2509726,0.046445132,18.506056836483346
assign-int,0,2-stackful,1,1,True,2509726,0.046440801000000004,18.50433115009368
assign-int,0,2-stackful,1,2,False,2509726,0.046387397,18.483052333202906
assign-int,0,2-stackful,1,3,False,2509726,0.046431500000000014,18.500625167847012
assign-int,0,2-stackful,1,4,False,2509726,0.046401623,18.488720681062397
assign-int,0,1x,2,0,True,2509726,0.0157994,6.295268885926194
assign-int,0,1x,2,1,True,2509726,0.0156421,6.232592721277142
assign-int,0,1x,2,2,False,2509726,0.0155893,6.211554568108232
assign-int,0,1x,2,3,False,2509726,0.0156818,6.24841118114089
assign-int,0,1x,2,4,False,2509726,0.0156197,6.223667444175181
assign-int,0,2-stackful,2,0,True,2509726,0.04647444,18.517734605291572
assign-int,0,2-stackful,2,1,True,2509726,0.046565973,18.55420591729934
assign-int,0,2-stackful,2,2,False,2509726,0.04635222699999998,18.469038851253078
assign-int,0,2-stackful,2,3,False,2509726,0.04637754599999999,18.479127203527394
assign-int,0,2-stackful,2,4,False,2509726,0.046400792999999996,18.488389967669775
assign-int,0,2-stackless,2,0,True,2509726,0.038404418999999995,15.302235781914039
assign-int,0,2-stackless,2,1,True,2509726,0.03845919200000001,15.324060076677696
assign-int,0,2-stackless,2,2,False,2509726,0.03834338600000001,15.277917190960292
assign-int,0,2-stackless,2,3,False,2509726,0.038331433,15.273154519656728
assign-int,0,2-stackless,2,4,False,2509726,0.038276842000000005,15.251402742769532
get-string,0,2-stackless,0,0,True,1907742,0.046235281999999996,24.235605233831404
get-string,0,2-stackless,0,1,True,1907742,0.045885325,24.052164810545662
get-string,0,2-stackless,0,2,False,1907742,0.04613875099999999,24.185005624450262
get-string,0,2-stackless,0,3,False,1907742,0.04563761599999999,23.922320733097028
get-string,0,2-stackless,0,4,False,1907742,0.045444788999999985,23.82124469660991
get-string,0,1x,0,0,True,1907742,0.0192343,10.082233341825047
get-string,0,1x,0,1,True,1907742,0.0189418,9.928910722728755
get-string,0,1x,0,2,False,1907742,0.0189866,9.952393981995469
get-string,0,1x,0,3,False,1907742,0.0190366,9.978602976712784
get-string,0,1x,0,4,False,1907742,0.0191174,10.020956712175964
get-string,0,2-stackful,0,0,True,1907742,0.051491874,26.991005073013017
get-string,0,2-stackful,0,1,True,1907742,0.051722348999999994,27.111815434162477
get-string,0,2-stackful,0,2,False,1907742,0.05148898099999999,26.98948862057867
get-string,0,2-stackful,0,3,False,1907742,0.051552398,27.022730536938433
get-string,0,2-stackful,0,4,False,1907742,0.051500201999999995,26.99537044317313
get-string,0,2-stackless,1,0,True,1907742,0.045485597,23.842635429738404
get-string,0,2-stackless,1,1,True,1907742,0.045361269999999995,23.777465716014007
get-string,0,2-stackless,1,2,False,1907742,0.045395034000000015,23.795164125966725
get-string,0,2-stackless,1,3,False,1907742,0.04554533900000002,23.873950984986447
get-string,0,2-stackless,1,4,False,1907742,0.04569252600000001,23.95110345109559
get-string,0,2-stackful,1,0,True,1907742,0.051724849,27.11312588389835
get-string,0,2-stackful,1,1,True,1907742,0.051593244,27.044141188902902
get-string,0,2-stackful,1,2,False,1907742,0.05153977999999999,27.016116435031567
get-string,0,2-stackful,1,3,False,1907742,0.05152416900000001,27.007933462700937
get-string,0,2-stackful,1,4,False,1907742,0.051541997000000006,27.01727854185734
get-string,0,1x,1,0,True,1907742,0.019189,10.05848799261116
get-string,0,1x,1,1,True,1907742,0.0189691,9.943220833844409
get-string,0,1x,1,2,False,1907742,0.0189781,9.947938452893526
get-string,0,1x,1,3,False,1907742,0.018926,9.920628680398083
get-string,0,1x,1,4,False,1907742,0.0188919,9.902754146000873
get-string,0,2-stackful,2,0,True,1907742,0.052361653999999994,27.44692626151754
get-string,0,2-stackful,2,1,True,1907742,0.051820077000000006,27.16304248687716
get-string,0,2-stackful,2,2,False,1907742,0.051528109000000016,27.009998731484664
get-string,0,2-stackful,2,3,False,1907742,0.05148871499999999,26.989349188726774
get-string,0,2-stackful,2,4,False,1907742,0.051682263000000006,27.09080315891772
get-string,0,2-stackless,2,0,True,1907742,0.046001943999999996,24.113294145644428
get-string,0,2-stackless,2,1,True,1907742,0.045624987000000006,23.91570086521134
get-string,0,2-stackless,2,2,False,1907742,0.045429593000000004,23.813279258935438
get-string,0,2-stackless,2,3,False,1907742,0.045684587,23.94694198691437
get-string,0,2-stackless,2,4,False,1907742,0.045487327999999994,23.84354278513551
get-string,0,1x,2,0,True,1907742,0.019086,10.004497463493491
get-string,0,1x,2,1,True,1907742,0.0191193,10.021952653975223
get-string,0,1x,2,2,False,1907742,0.0190252,9.972627325917236
get-string,0,1x,2,3,False,1907742,0.0190271,9.973623267716494
get-string,0,1x,2,4,False,1907742,0.0189689,9.94311599786554
add-float,256,2-stackless,0,0,True,54912,0.019961637,363.5204873251748
add-float,256,2-stackless,0,1,True,54912,0.019990296,364.0423951048951
add-float,256,2-stackless,0,2,False,54912,0.019699447000000002,358.7457568473194
add-float,256,2-stackless,0,3,False,54912,0.019647948999999998,357.80792905011646
add-float,256,2-stackless,0,4,False,54912,0.019849092999999998,361.47095352564105
add-float,256,2-stackful,0,0,True,54912,0.019889024,362.1981351981352
add-float,256,2-stackful,0,1,True,54912,0.019756292999999998,359.78097683566426
add-float,256,2-stackful,0,2,False,54912,0.019734821,359.3899511946387
add-float,256,2-stackful,0,3,False,54912,0.019691662,358.6039845571096
add-float,256,2-stackful,0,4,False,54912,0.019932870000000005,362.9966127622378
add-float,256,1x,0,0,True,54912,0.0202929,369.5531031468532
add-float,256,1x,0,1,True,54912,0.0201298,366.58289627039625
add-float,256,1x,0,2,False,54912,0.0199129,362.63293997668995
add-float,256,1x,0,3,False,54912,0.0199267,362.88425116550115
add-float,256,1x,0,4,False,54912,0.0202134,368.10533216783216
add-float,256,1x,1,0,True,54912,0.020307,369.8098776223776
add-float,256,1x,1,1,True,54912,0.020037,364.8929195804196
add-float,256,1x,1,2,False,54912,0.0199501,363.31038752913753
add-float,256,1x,1,3,False,54912,0.0200963,365.9728292540793
add-float,256,1x,1,4,False,54912,0.0200286,364.7399475524476
add-float,256,2-stackless,1,0,True,54912,0.019648357,357.8153591200466
add-float,256,2-stackless,1,1,True,54912,0.019652273999999997,357.88669143356634
add-float,256,2-stackless,1,2,False,54912,0.019623551000000003,357.3636181526807
add-float,256,2-stackless,1,3,False,54912,0.019862155,361.70882502913753
add-float,256,2-stackless,1,4,False,54912,0.019924757,362.8488672785548
add-float,256,2-stackful,1,0,True,54912,0.019912424,362.62427156177154
add-float,256,2-stackful,1,1,True,54912,0.019767266999999998,359.9808238636363
add-float,256,2-stackful,1,2,False,54912,0.019717772,359.07947261072263
add-float,256,2-stackful,1,3,False,54912,0.019922393000000004,362.80581657925416
add-float,256,2-stackful,1,4,False,54912,0.019916873,362.7052921037296
add-float,256,1x,2,0,True,54912,0.0200116,364.4303613053613
add-float,256,1x,2,1,True,54912,0.019984,363.9277389277389
add-float,256,1x,2,2,False,54912,0.0198898,362.2122668997669
add-float,256,1x,2,3,False,54912,0.0201785,367.4697698135198
add-float,256,1x,2,4,False,54912,0.0201357,366.69034090909093
add-float,256,2-stackless,2,0,True,54912,0.019664265,358.1050590034965
add-float,256,2-stackless,2,1,True,54912,0.019650426000000002,357.85303758741264
add-float,256,2-stackless,2,2,False,54912,0.019671537000000003,358.2374890734266
add-float,256,2-stackless,2,3,False,54912,0.01994833599999999,363.2782634032632
add-float,256,2-stackless,2,4,False,54912,0.019942829999999995,363.1779938811188
add-float,256,2-stackful,2,0,True,54912,0.019920314999999997,362.76797421328666
add-float,256,2-stackful,2,1,True,54912,0.020016812999999998,364.52529501748245
add-float,256,2-stackful,2,2,False,54912,0.019764142,359.9239146270396
add-float,256,2-stackful,2,3,False,54912,0.019716422999999997,359.0549060314685
add-float,256,2-stackful,2,4,False,54912,0.019722340000000005,359.16266025641033
const-string,64,1x,0,0,True,396724,0.019736,49.747431463687604
const-string,64,1x,0,1,True,396724,0.0195968,49.39655780845121
const-string,64,1x,0,2,False,396724,0.0194882,49.12281586190903
const-string,64,1x,0,3,False,396724,0.0193012,48.65145541988889
const-string,64,1x,0,4,False,396724,0.0192139,48.431403192143655
const-string,64,2-stackless,0,0,True,396724,0.024400541,61.50507909781107
const-string,64,2-stackless,0,1,True,396724,0.024435489,61.593170566943265
const-string,64,2-stackless,0,2,False,396724,0.024379381000000006,61.451742269184635
const-string,64,2-stackless,0,3,False,396724,0.024374335999999996,61.43902561982637
const-string,64,2-stackless,0,4,False,396724,0.024531853000000006,61.83606991258408
const-string,64,2-stackful,0,0,True,396724,0.025850697000000002,65.16040622699913
const-string,64,2-stackful,0,1,True,396724,0.025763954000000002,64.94175799800367
const-string,64,2-stackful,0,2,False,396724,0.025743475999999994,64.89014024863631
const-string,64,2-stackful,0,3,False,396724,0.025721440999999998,64.83459785644428
const-string,64,2-stackful,0,4,False,396724,0.02579551899999999,65.02132212823018
const-string,64,2-stackful,1,0,True,396724,0.02574923,64.90464403464374
const-string,64,2-stackful,1,1,True,396724,0.025727312999999998,64.84939907845252
const-string,64,2-stackful,1,2,False,396724,0.025704967000000002,64.79307276595317
const-string,64,2-stackful,1,3,False,396724,0.025852027,65.16375868361884
const-string,64,2-stackful,1,4,False,396724,0.02574559599999998,64.89548401407522
const-string,64,2-stackless,1,0,True,396724,0.024445346,61.61801655559029
const-string,64,2-stackless,1,1,True,396724,0.024429756000000004,61.57871971446145
const-string,64,2-stackless,1,2,False,396724,0.024427283,61.57248616166403
const-string,64,2-stackless,1,3,False,396724,0.02447301099999999,61.687750173924414
const-string,64,2-stackless,1,4,False,396724,0.024467837999999992,61.67471088212458
const-string,64,1x,1,0,True,396724,0.0195169,49.19515834686079
const-string,64,1x,1,1,True,396724,0.0195239,49.21280285538561
const-string,64,1x,1,2,False,396724,0.0193224,48.70489307427834
const-string,64,1x,1,3,False,396724,0.0191818,48.35049051733699
const-string,64,1x,1,4,False,396724,0.0193035,48.65725290126133
const-string,64,1x,2,0,True,396724,0.0195354,49.24179026224781
const-string,64,1x,2,1,True,396724,0.0194793,49.100382129641766
const-string,64,1x,2,2,False,396724,0.0191812,48.34897813089201
const-string,64,1x,2,3,False,396724,0.0191925,48.37746140893921
const-string,64,1x,2,4,False,396724,0.0193069,48.665823091116245
const-string,64,2-stackful,2,0,True,396724,0.026045911999999997,65.65247376009518
const-string,64,2-stackful,2,1,True,396724,0.026184247999999997,66.00116957885078
const-string,64,2-stackful,2,2,False,396724,0.025801106999999997,65.03540748732115
const-string,64,2-stackful,2,3,False,396724,0.025757379999999996,64.92518728385475
const-string,64,2-stackful,2,4,False,396724,0.025838599000000004,65.12991147498009
const-string,64,2-stackless,2,0,True,396724,0.024573272,61.94047246952541
const-string,64,2-stackless,2,1,True,396724,0.024375808,61.44273600790474
const-string,64,2-stackless,2,2,False,396724,0.024673921999999994,62.19417529567153
const-string,64,2-stackless,2,3,False,396724,0.024881252999999992,62.71678295237997
const-string,64,2-stackless,2,4,False,396724,0.024846418999999995,62.62897883667234
const-seq,0,1x,0,0,True,866672,0.0613337,70.76921834327173
const-seq,0,1x,0,1,True,866672,0.0603431,69.6262253770746
const-seq,0,1x,0,2,False,866672,0.0613895,70.83360256244578
const-seq,0,1x,0,3,False,866672,0.0604488,69.74818616500822
const-seq,0,1x,0,4,False,866672,0.0602796,69.55295659719017
const-seq,0,2-stackless,0,0,True,866672,0.018876962,21.78097596322484
const-seq,0,2-stackless,0,1,True,866672,0.018877061,21.781090193291117
const-seq,0,2-stackless,0,2,False,866672,0.018806981,21.700229152435984
const-seq,0,2-stackless,0,3,False,866672,0.018767298,21.654441357283954
const-seq,0,2-stackless,0,4,False,866672,0.018803119999999993,21.695774179851192
const-seq,0,2-stackful,0,0,True,866672,0.021572354,24.891024516772205
const-seq,0,2-stackful,0,1,True,866672,0.021607635000000004,24.93173311241162
const-seq,0,2-stackful,0,2,False,866672,0.021828377999999996,25.1864350065538
const-seq,0,2-stackful,0,3,False,866672,0.02170294199999999,25.041702051064288
const-seq,0,2-stackful,0,4,False,866672,0.021649555,24.980102045525875
const-seq,0,2-stackless,1,0,True,866672,0.019069428,22.00305075045692
const-seq,0,2-stackless,1,1,True,866672,0.018852281000000002,21.752498061550394
const-seq,0,2-stackless,1,2,False,866672,0.018846797,21.746170408182103
const-seq,0,2-stackless,1,3,False,866672,0.018826671999999996,21.722949397234473
const-seq,0,2-stackless,1,4,False,866672,0.018802867,21.695482258570717
const-seq,0,2-stackful,1,0,True,866672,0.021839127,25.198837622537706
const-seq,0,2-stackful,1,1,True,866672,0.021917869,25.28969321727251
const-seq,0,2-stackful,1,2,False,866672,0.021734075999999998,25.07762567614968
const-seq,0,2-stackful,1,3,False,866672,0.021624732000000008,24.951460298705864
const-seq,0,2-stackful,1,4,False,866672,0.02163892599999999,24.967837890228356
const-seq,0,1x,1,0,True,866672,0.0624976,72.11217161740544
const-seq,0,1x,1,1,True,866672,0.0614241,70.87352539368989
const-seq,0,1x,1,2,False,866672,0.0615225,70.98706315653442
const-seq,0,1x,1,3,False,866672,0.0607091,70.04853047058172
const-seq,0,1x,1,4,False,866672,0.0603631,69.64930215814057
const-seq,0,2-stackful,2,0,True,866672,0.021826898,25.184727324754924
const-seq,0,2-stackful,2,1,True,866672,0.021668147,25.001554221204792
const-seq,0,2-stackful,2,2,False,866672,0.021592702,24.914502833828713
const-seq,0,2-stackful,2,3,False,866672,0.02161940300000001,24.945311490390836
const-seq,0,2-stackful,2,4,False,866672,0.021648965000000006,24.979421280484438
const-seq,0,2-stackless,2,0,True,866672,0.018915619,21.825579919508186
const-seq,0,2-stackless,2,1,True,866672,0.018780909,21.670146260638397
const-seq,0,2-stackless,2,2,False,866672,0.018844040000000006,21.74298927391217
const-seq,0,2-stackless,2,3,False,866672,0.018875733,21.77955789502834
const-seq,0,2-stackless,2,4,False,866672,0.01882935899999999,21.72604976277068
const-seq,0,1x,2,0,True,866672,0.0614737,70.93075581073347
const-seq,0,1x,2,1,True,866672,0.0622089,71.77905828271825
const-seq,0,1x,2,2,False,866672,0.0614786,70.93640962209463
const-seq,0,1x,2,3,False,866672,0.061043,70.43379733047797
const-seq,0,1x,2,4,False,866672,0.0605477,69.8623008473794
take-seq,64,2-stackful,0,0,True,99578,0.020059354999999997,201.44364216995717
take-seq,64,2-stackful,0,1,True,99578,0.020047283000000003,201.3224105726165
take-seq,64,2-stackful,0,2,False,99578,0.020050316,201.3528691076342
take-seq,64,2-stackful,0,3,False,99578,0.020005939999999993,200.907228504288
take-seq,64,2-stackful,0,4,False,99578,0.019996085999999996,200.8082709032115
take-seq,64,1x,0,0,True,99578,0.0362332,363.86752093835986
take-seq,64,1x,0,1,True,99578,0.0364541,366.08588242382854
take-seq,64,1x,0,2,False,99578,0.036251,364.04627528168874
take-seq,64,1x,0,3,False,99578,0.0363973,365.51547530579046
take-seq,64,1x,0,4,False,99578,0.0361841,363.37444013737974
take-seq,64,2-stackless,0,0,True,99578,0.020034351,201.1925425294744
take-seq,64,2-stackless,0,1,True,99578,0.020009323000000002,200.94120187189947
take-seq,64,2-stackless,0,2,False,99578,0.020005973000000003,200.9075599027898
take-seq,64,2-stackless,0,3,False,99578,0.019992075999999998,200.76800096406834
take-seq,64,2-stackless,0,4,False,99578,0.020009474,200.94271827110407
take-seq,64,2-stackless,1,0,True,99578,0.020049868999999998,201.34838016429327
take-seq,64,2-stackless,1,1,True,99578,0.020007988999999997,200.92780533852854
take-seq,64,2-stackless,1,2,False,99578,0.019919894,200.04312197473337
take-seq,64,2-stackless,1,3,False,99578,0.019788767999999998,198.7263050071301
take-seq,64,2-stackless,1,4,False,99578,0.019708701999999995,197.92225190303074
take-seq,64,1x,1,0,True,99578,0.0359642,361.16612103074976
take-seq,64,1x,1,1,True,99578,0.0363769,365.310610777481
take-seq,64,1x,1,2,False,99578,0.0363853,365.39496675972606
take-seq,64,1x,1,3,False,99578,0.0363606,365.1469200024102
take-seq,64,1x,1,4,False,99578,0.0358611,360.13075177247987
take-seq,64,2-stackful,1,0,True,99578,0.020070092999999997,201.55147723392713
take-seq,64,2-stackful,1,1,True,99578,0.02008726,201.72387475145112
take-seq,64,2-stackful,1,2,False,99578,0.020140883000000005,202.26237723191875
take-seq,64,2-stackful,1,3,False,99578,0.020200461999999995,202.86069212074952
take-seq,64,2-stackful,1,4,False,99578,0.02030222000000001,203.88258450661803
take-seq,64,2-stackless,2,0,True,99578,0.02003196,201.16853120167104
take-seq,64,2-stackless,2,1,True,99578,0.020013031,200.97843901263332
take-seq,64,2-stackless,2,2,False,99578,0.020017322000000004,201.0215308602302
take-seq,64,2-stackless,2,3,False,99578,0.020010559000000004,200.9536142521441
take-seq,64,2-stackless,2,4,False,99578,0.01986469299999999,199.48877262045823
take-seq,64,2-stackful,2,0,True,99578,0.020305031,203.9108136335335
take-seq,64,2-stackful,2,1,True,99578,0.020314398999999997,204.0048906384944
take-seq,64,2-stackful,2,2,False,99578,0.020303651,203.89695515073612
take-seq,64,2-stackful,2,3,False,99578,0.020291165999999992,203.77157605093487
take-seq,64,2-stackful,2,4,False,99578,0.020287229000000004,203.73203920544702
take-seq,64,1x,2,0,True,99578,0.0362706,364.2431059069272
take-seq,64,1x,2,1,True,99578,0.0363232,364.77133503384283
take-seq,64,1x,2,2,False,99578,0.035843,359.9489847154994
take-seq,64,1x,2,3,False,99578,0.0358861,360.3818112434474
take-seq,64,1x,2,4,False,99578,0.0358679,360.199039948583
update-table,8,2-stackful,0,0,True,573158,0.021753892,37.9544418816452
update-table,8,2-stackful,0,1,True,573158,0.021745561,37.93990662260668
update-table,8,2-stackful,0,2,False,573158,0.021767567,37.97830092225878
update-table,8,2-stackful,0,3,False,573158,0.021706826,37.87232490866393
update-table,8,2-stackful,0,4,False,573158,0.02171209099999999,37.88151085739009
update-table,8,1x,0,0,True,573158,0.088252,153.9749946786052
update-table,8,1x,0,1,True,573158,0.0886453,154.6611928996891
update-table,8,1x,0,2,False,573158,0.0884306,154.28660160025683
update-table,8,1x,0,3,False,573158,0.0884997,154.40716172503917
update-table,8,1x,0,4,False,573158,0.0883121,154.07985232693255
update-table,8,2-stackless,0,0,True,573158,0.01992417,34.76209003451056
update-table,8,2-stackless,0,1,True,573158,0.019889065,34.700841652737985
update-table,8,2-stackless,0,2,False,573158,0.019934399999999998,34.779938516081074
update-table,8,2-stackless,0,3,False,573158,0.019840424999999995,34.61597849109669
update-table,8,2-stackless,0,4,False,573158,0.019815451999999997,34.572407608373254
update-table,8,2-stackful,1,0,True,573158,0.021755695,37.95758761109502
update-table,8,2-stackful,1,1,True,573158,0.021726634999999998,37.906886059341396
update-table,8,2-stackful,1,2,False,573158,0.021784109000000003,38.007162073983096
update-table,8,2-stackful,1,3,False,573158,0.021756784,37.95948761074607
update-table,8,2-stackful,1,4,False,573158,0.02173692699999999,37.92484271352749
update-table,8,1x,1,0,True,573158,0.0889903,155.26312116379776
update-table,8,1x,1,1,True,573158,0.0886624,154.6910276049536
update-table,8,1x,1,2,False,573158,0.0880605,153.64088087403474
update-table,8,1x,1,3,False,573158,0.0881475,153.79267147976648
update-table,8,1x,1,4,False,573158,0.0877132,153.034939754832
update-table,8,2-stackless,1,0,True,573158,0.019890909000000002,34.70405891569166
update-table,8,2-stackless,1,1,True,573158,0.019883578000000002,34.69126837625926
update-table,8,2-stackless,1,2,False,573158,0.019860743,34.65142770405368
update-table,8,2-stackless,1,3,False,573158,0.019872688000000006,34.6722683797487
update-table,8,2-stackless,1,4,False,573158,0.019968657,34.83970737562766
update-table,8,2-stackless,2,0,True,573158,0.02021019,35.26111473625074
update-table,8,2-stackless,2,1,True,573158,0.019923668999999998,34.761215929987884
update-table,8,2-stackless,2,2,False,573158,0.019831757,34.60085526155092
update-table,8,2-stackless,2,3,False,573158,0.019821872999999997,34.583610452964095
update-table,8,2-stackless,2,4,False,573158,0.019917216,34.74995725436965
update-table,8,2-stackful,2,0,True,573158,0.021770298,37.98306575150308
update-table,8,2-stackful,2,1,True,573158,0.021773292,37.988289442003776
update-table,8,2-stackful,2,2,False,573158,0.021726345000000008,37.906380090655645
update-table,8,2-stackful,2,3,False,573158,0.021720955,37.89697605197868
update-table,8,2-stackful,2,4,False,573158,0.02177572,37.99252562120741
update-table,8,1x,2,0,True,573158,0.0881214,153.74713429804697
update-table,8,1x,2,1,True,573158,0.0876171,152.86727220068462
update-table,8,1x,2,2,False,573158,0.087435,152.54955876041163
update-table,8,1x,2,3,False,573158,0.088096,153.70281842005173
update-table,8,1x,2,4,False,573158,0.0876386,152.90478367221604
update-int,256,1x,0,0,True,68335,0.02222,325.1628009072949
update-int,256,1x,0,1,True,68335,0.0220131,322.13506987634446
update-int,256,1x,0,2,False,68335,0.0218331,319.5009877807858
update-int,256,1x,0,3,False,68335,0.0218119,319.19075144508673
update-int,256,1x,0,4,False,68335,0.0218844,320.25170117802
update-int,256,2-stackless,0,0,True,68335,0.019720812,288.5902099948782
update-int,256,2-stackless,0,1,True,68335,0.019575603,286.46525206702273
update-int,256,2-stackless,0,2,False,68335,0.019558850000000003,286.2200921928734
update-int,256,2-stackless,0,3,False,68335,0.019539783999999998,285.94108436379594
update-int,256,2-stackless,0,4,False,68335,0.019743852000000006,288.9273725031098
update-int,256,2-stackful,0,0,True,68335,0.019781229,289.47433965025243
update-int,256,2-stackful,0,1,True,68335,0.019823692,290.0957342503841
update-int,256,2-stackful,0,2,False,68335,0.019788688999999998,289.5835077193239
update-int,256,2-stackful,0,3,False,68335,0.019763200999999994,289.2105216945927
update-int,256,2-stackful,0,4,False,68335,0.019998101000000004,292.6479988292969
update-int,256,2-stackful,1,0,True,68335,0.019888619,291.04586229604155
update-int,256,2-stackful,1,1,True,68335,0.019817549000000004,290.00583888197855
update-int,256,2-stackful,1,2,False,68335,0.019790564000000004,289.61094607448604
update-int,256,2-stackful,1,3,False,68335,0.01977244699999999,289.3458257115679
update-int,256,2-stackful,1,4,False,68335,0.019838964,290.3192214824029
update-int,256,1x,1,0,True,68335,0.0219344,320.9833906490086
update-int,256,1x,1,1,True,68335,0.0218352,319.53171873856735
update-int,256,1x,1,2,False,68335,0.0218115,319.1848979293188
update-int,256,1x,1,3,False,68335,0.0218679,320.01024365259383
update-int,256,1x,1,4,False,68335,0.0217995,319.00929245628157
update-int,256,2-stackless,1,0,True,68335,0.019725382,288.6570864125265
update-int,256,2-stackless,1,1,True,68335,0.019633533,287.31298748811
update-int,256,2-stackless,1,2,False,68335,0.019539769000000005,285.94086485695476
update-int,256,2-stackless,1,3,False,68335,0.019707970999999998,288.4022975049389
update-int,256,2-stackless,1,4,False,68335,0.019711779,288.4580229750494
update-int,256,2-stackless,2,0,True,68335,0.019606417,286.9161776542036
update-int,256,2-stackless,2,1,True,68335,0.019623158999999998,287.1611765566693
update-int,256,2-stackless,2,2,False,68335,0.019560075000000003,286.2380185849126
update-int,256,2-stackless,2,3,False,68335,0.019678568999999993,287.9720348284187
update-int,256,2-stackless,2,4,False,68335,0.019675306000000004,287.9242847735422
update-int,256,2-stackful,2,0,True,68335,0.020014759,292.89176849345137
update-int,256,2-stackful,2,1,True,68335,0.019936316,291.7438501499963
update-int,256,2-stackful,2,2,False,68335,0.019789350000000004,289.59318065413044
update-int,256,2-stackful,2,3,False,68335,0.019939127999999993,291.7850003658446
update-int,256,2-stackful,2,4,False,68335,0.01991293000000001,291.4016243506257
update-int,256,1x,2,0,True,68335,0.0218759,320.127313967952
update-int,256,1x,2,1,True,68335,0.0219389,321.04924270139753
update-int,256,1x,2,2,False,68335,0.022102,323.4360137557621
update-int,256,1x,2,3,False,68335,0.0220227,322.27555425477425
update-int,256,1x,2,4,False,68335,0.0218396,319.59610741201436
update-seq,64,2-stackful,0,0,True,206519,0.020582088000000002,99.66195846387015
update-seq,64,2-stackful,0,1,True,206519,0.020795671,100.69616354911655
update-seq,64,2-stackful,0,2,False,206519,0.020736671999999998,100.41048039163465
update-seq,64,2-stackful,0,3,False,206519,0.020568649,99.59688454815296
update-seq,64,2-stackful,0,4,False,206519,0.020539848,99.45742522479772
update-seq,64,1x,0,0,True,206519,0.0528562,255.93867876563417
update-seq,64,1x,0,1,True,206519,0.0518939,251.27905906962556
update-seq,64,1x,0,2,False,206519,0.0519975,251.7807078283354
update-seq,64,1x,0,3,False,206519,0.0532553,257.87118860734364
update-seq,64,1x,0,4,False,206519,0.0544424,263.6193280037188
update-seq,64,2-stackless,0,0,True,206519,0.020283428000000003,98.215796125296
update-seq,64,2-stackless,0,1,True,206519,0.020339895000000004,98.4892189096403
update-seq,64,2-stackless,0,2,False,206519,0.020177366000000002,97.70222594531256
update-seq,64,2-stackless,0,3,False,206519,0.020288041000000007,98.23813305313317
update-seq,64,2-stackless,0,4,False,206519,0.020237094999999997,97.9914438865189
update-seq,64,2-stackless,1,0,True,206519,0.020062166000000003,97.14440802056956
update-seq,64,2-stackless,1,1,True,206519,0.020674193999999996,100.1079513265123
update-seq,64,2-stackless,1,2,False,206519,0.020613229999999996,99.8127533059912
update-seq,64,2-stackless,1,3,False,206519,0.02052781499999999,99.39915939937725
update-seq,64,2-stackless,1,4,False,206519,0.020394474999999995,98.7535045201652
update-seq,64,2-stackful,1,0,True,206519,0.020968735,101.53416876897525
update-seq,64,2-stackful,1,1,True,206519,0.02093695,101.38026041187494
update-seq,64,2-stackful,1,2,False,206519,0.021002931000000002,101.69975159670541
update-seq,64,2-stackful,1,3,False,206519,0.020938549,101.38800304088244
update-seq,64,2-stackful,1,4,False,206519,0.020641711999999993,99.9506679772805
update-seq,64,1x,1,0,True,206519,0.0525176,254.29912017780447
update-seq,64,1x,1,1,True,206519,0.0526065,254.72958904507576
update-seq,64,1x,1,2,False,206519,0.0524833,254.13303376444782
update-seq,64,1x,1,3,False,206519,0.0521886,252.7060464170367
update-seq,64,1x,1,4,False,206519,0.0523043,253.2662854265225
update-seq,64,2-stackful,2,0,True,206519,0.020690348,100.18617173238297
update-seq,64,2-stackful,2,1,True,206519,0.020680598999999997,100.13896542206768
update-seq,64,2-stackful,2,2,False,206519,0.020857034999999996,100.99329843743189
update-seq,64,2-stackful,2,3,False,206519,0.020634224000000007,99.91440981217228
update-seq,64,2-stackful,2,4,False,206519,0.020603944,99.76778892014778
update-seq,64,2-stackless,2,0,True,206519,0.019950486,96.60363453241591
update-seq,64,2-stackless,2,1,True,206519,0.019988868000000003,96.78948668161284
update-seq,64,2-stackless,2,2,False,206519,0.020260488,98.10471675729593
update-seq,64,2-stackless,2,3,False,206519,0.020302688,98.30905630958895
update-seq,64,2-stackless,2,4,False,206519,0.020120994000000003,97.4292631670694
update-seq,64,1x,2,0,True,206519,0.0530607,256.9289024254427
update-seq,64,1x,2,1,True,206519,0.052021,251.8944988112474
update-seq,64,1x,2,2,False,206519,0.0522778,253.13796793515365
update-seq,64,1x,2,3,False,206519,0.0520158,251.8693195299222
update-seq,64,1x,2,4,False,206519,0.0521996,252.75931028137848
assign-table,8,1x,0,0,True,231038,0.138193,598.1396999627767
assign-table,8,1x,0,1,True,231038,0.139514,603.857374111618
assign-table,8,1x,0,2,False,231038,0.139922,605.6233173763624
assign-table,8,1x,0,3,False,231038,0.139122,602.1606835239224
assign-table,8,1x,0,4,False,231038,0.138821,600.857867536942
assign-table,8,2-stackless,0,0,True,231038,0.02009569,86.98002060267142
assign-table,8,2-stackless,0,1,True,231038,0.020164828000000003,87.27927007678392
assign-table,8,2-stackless,0,2,False,231038,0.020061565000000003,86.8323176274033
assign-table,8,2-stackless,0,3,False,231038,0.020084952999999996,86.93354772807935
assign-table,8,2-stackless,0,4,False,231038,0.020024521000000003,86.67198036686607
assign-table,8,2-stackful,0,0,True,231038,0.020875383,90.35475982305941
assign-table,8,2-stackful,0,1,True,231038,0.020982235,90.81724651356053
assign-table,8,2-stackful,0,2,False,231038,0.021145061000000007,91.52200503813229
assign-table,8,2-stackful,0,3,False,231038,0.020856107,90.27132766038487
assign-table,8,2-stackful,0,4,False,231038,0.020826258,90.14213246305802
assign-table,8,2-stackless,1,0,True,231038,0.020063150999999998,86.83918229901573
assign-table,8,2-stackless,1,1,True,231038,0.020203666000000002,87.44737229373524
assign-table,8,2-stackless,1,2,False,231038,0.020155346999999997,87.23823353734016
assign-table,8,2-stackless,1,3,False,231038,0.020046418000000003,86.76675698369966
assign-table,8,2-stackless,1,4,False,231038,0.020069173999999995,86.86525160363229
assign-table,8,2-stackful,1,0,True,231038,0.020847796,90.23535522295033
assign-table,8,2-stackful,1,1,True,231038,0.02099769,90.88414027129737
assign-table,8,2-stackful,1,2,False,231038,0.02086040799999999,90.289943645634
assign-table,8,2-stackful,1,3,False,231038,0.020824204,90.13324215064189
assign-table,8,2-stackful,1,4,False,231038,0.02082994299999999,90.15808222024077
assign-table,8,1x,1,0,True,231038,0.137498,595.1315368034695
assign-table,8,1x,1,1,True,231038,0.138363,598.8755096564201
assign-table,8,1x,1,2,False,231038,0.138478,599.3732632727084
assign-table,8,1x,1,3,False,231038,0.14016,606.6534509474632
assign-table,8,1x,1,4,False,231038,0.138198,598.1613414243544
assign-table,8,1x,2,0,True,231038,0.138367,598.8928228256824
assign-table,8,1x,2,1,True,231038,0.139583,604.156026281391
assign-table,8,1x,2,2,False,231038,0.139172,602.3770981396999
assign-table,8,1x,2,3,False,231038,0.138692,600.299517828236
assign-table,8,1x,2,4,False,231038,0.137622,595.6682450505978
assign-table,8,2-stackless,2,0,True,231038,0.020126378,87.11284723725102
assign-table,8,2-stackless,2,1,True,231038,0.020114459,87.06125832114198
assign-table,8,2-stackless,2,2,False,231038,0.020092101,86.96448636155091
assign-table,8,2-stackless,2,3,False,231038,0.020102125999999998,87.00787749201429
assign-table,8,2-stackless,2,4,False,231038,0.02004062899999999,86.74170049948488
assign-table,8,2-stackful,2,0,True,231038,0.020921815,90.55573109185502
assign-table,8,2-stackful,2,1,True,231038,0.020864684,90.30845142357535
assign-table,8,2-stackful,2,2,False,231038,0.020857151000000004,90.27584639756232
assign-table,8,2-stackful,2,3,False,231038,0.02087918200000001,90.37120300556623
assign-table,8,2-stackful,2,4,False,231038,0.02084448400000001,90.22101991880129
make-seq,64,2-stackless,0,0,True,67737,0.079334493,1171.21356127375
make-seq,64,2-stackless,0,1,True,67737,0.07852973700000002,1159.3329642588249
make-seq,64,2-stackless,0,2,False,67737,0.07836056700000002,1156.8355108729352
make-seq,64,2-stackless,0,3,False,67737,0.07837671699999998,1157.0739330055949
make-seq,64,2-stackless,0,4,False,67737,0.07838799499999999,1157.2404298979875
make-seq,64,2-stackful,0,0,True,67737,0.078804077,1163.3830402881733
make-seq,64,2-stackful,0,1,True,67737,0.07866919400000001,1161.3917652095606
make-seq,64,2-stackful,0,2,False,67737,0.078664132,1161.3170350030264
make-seq,64,2-stackful,0,3,False,67737,0.078718435,1162.118709124998
make-seq,64,2-stackful,0,4,False,67737,0.07861147899999998,1160.5397197986326
make-seq,64,1x,0,0,True,67737,0.0212327,313.4579328874913
make-seq,64,1x,0,1,True,67737,0.0214056,316.01045219008813
make-seq,64,1x,0,2,False,67737,0.0212711,314.0248313329495
make-seq,64,1x,0,3,False,67737,0.021419,316.2082761267845
make-seq,64,1x,0,4,False,67737,0.0212552,313.790099945377
make-seq,64,1x,1,0,True,67737,0.0226465,334.32983450699027
make-seq,64,1x,1,1,True,67737,0.0226511,334.39774421660246
make-seq,64,1x,1,2,False,67737,0.02254,332.7575770996649
make-seq,64,1x,1,3,False,67737,0.0226687,334.6575726707708
make-seq,64,1x,1,4,False,67737,0.0225801,333.3495726117188
make-seq,64,2-stackful,1,0,True,67737,0.079312774,1170.892924103518
make-seq,64,2-stackful,1,1,True,67737,0.079548093,1174.366933876611
make-seq,64,2-stackful,1,2,False,67737,0.07871303699999999,1162.0390185570661
make-seq,64,2-stackful,1,3,False,67737,0.07933841200000002,1171.2714173937438
make-seq,64,2-stackful,1,4,False,67737,0.07872157699999999,1162.1650944092592
make-seq,64,2-stackless,1,0,True,67737,0.078544708,1159.5539808376516
make-seq,64,2-stackless,1,1,True,67737,0.07859067900000001,1160.2326498073433
make-seq,64,2-stackless,1,2,False,67737,0.07845975,1158.299747553036
make-seq,64,2-stackless,1,3,False,67737,0.07870472399999998,1161.9162939014125
make-seq,64,2-stackless,1,4,False,67737,0.07872704600000002,1162.2458331487965
make-seq,64,2-stackful,2,0,True,67737,0.07880364000000001,1163.3765888657604
make-seq,64,2-stackful,2,1,True,67737,0.07891137399999999,1164.967063790838
make-seq,64,2-stackful,2,2,False,67737,0.07899948200000001,1166.2678004635577
make-seq,64,2-stackful,2,3,False,67737,0.079031247,1166.7367465343902
make-seq,64,2-stackful,2,4,False,67737,0.078653358,1161.1579786527304
make-seq,64,2-stackless,2,0,True,67737,0.078587565,1160.1866778865317
make-seq,64,2-stackless,2,1,True,67737,0.078389089,1157.2565805984912
make-seq,64,2-stackless,2,2,False,67737,0.07833916200000002,1156.5195092785334
make-seq,64,2-stackless,2,3,False,67737,0.07853059699999998,1159.3456604219257
make-seq,64,2-stackless,2,4,False,67737,0.078732984,1162.3334957261172
make-seq,64,1x,2,0,True,67737,0.0198027,292.34687098631474
make-seq,64,1x,2,1,True,67737,0.019773,291.9084104699057
make-seq,64,1x,2,2,False,67737,0.0196852,290.61222079513414
make-seq,64,1x,2,3,False,67737,0.0196198,289.6467218802132
make-seq,64,1x,2,4,False,67737,0.0196083,289.47694760618276
add-float,0,1x,0,0,True,2393805,0.0153484,6.4117169109430385
add-float,0,1x,0,1,True,2393805,0.0150116,6.271020404753102
add-float,0,1x,0,2,False,2393805,0.0150023,6.267135376523986
add-float,0,1x,0,3,False,2393805,0.0149641,6.251177518636648
add-float,0,1x,0,4,False,2393805,0.0149181,6.231961249976502
add-float,0,2-stackful,0,0,True,2393805,0.044487918,18.584604009098484
add-float,0,2-stackful,0,1,True,2393805,0.04428459,18.499664759660874
add-float,0,2-stackful,0,2,False,2393805,0.044598226000000005,18.63068462134552
add-float,0,2-stackful,0,3,False,2393805,0.044486587999999994,18.58404840828722
add-float,0,2-stackful,0,4,False,2393805,0.044414291999999994,18.553847117873005
add-float,0,2-stackless,0,0,True,2393805,0.036973802,15.445619839544158
add-float,0,2-stackless,0,1,True,2393805,0.036546852000000005,15.267263624230047
add-float,0,2-stackless,0,2,False,2393805,0.036598633000000005,15.288894876566808
add-float,0,2-stackless,0,3,False,2393805,0.036526094999999995,15.258592491869635
add-float,0,2-stackless,0,4,False,2393805,0.036654611000000004,15.312279404546318
add-float,0,1x,1,0,True,2393805,0.0150981,6.3071553447335935
add-float,0,1x,1,1,True,2393805,0.0150716,6.296085103005466
add-float,0,1x,1,2,False,2393805,0.0150124,6.271354600729801
add-float,0,1x,1,3,False,2393805,0.0150143,6.272148316174459
add-float,0,1x,1,4,False,2393805,0.0150239,6.276158667894837
add-float,0,2-stackful,1,0,True,2393805,0.044680028999999996,18.664857413197815
add-float,0,2-stackful,1,1,True,2393805,0.04444963400000001,18.568611060633597
add-float,0,2-stackful,1,2,False,2393805,0.044456994,18.571685663619217
add-float,0,2-stackful,1,3,False,2393805,0.04454830100000001,18.6098287036747
add-float,0,2-stackful,1,4,False,2393805,0.04427463400000001,18.49550569073087
add-float,0,2-stackless,1,0,True,2393805,0.037007158000000005,15.45955414079259
add-float,0,2-stackless,1,1,True,2393805,0.03656934800000001,15.2766612150948
add-float,0,2-stackless,1,2,False,2393805,0.036690501,15.32727227155094
add-float,0,2-stackless,1,3,False,2393805,0.03660377299999999,15.291042085717088
add-float,0,2-stackless,1,4,False,2393805,0.036596148999999994,15.287857198059154
add-float,0,1x,2,0,True,2393805,0.0152068,6.35256422306746
add-float,0,1x,2,1,True,2393805,0.0148779,6.215167902147418
add-float,0,1x,2,2,False,2393805,0.0149123,6.22953832914544
add-float,0,1x,2,3,False,2393805,0.0151817,6.342078824298554
add-float,0,1x,2,4,False,2393805,0.0149155,6.230875113052233
add-float,0,2-stackless,2,0,True,2393805,0.036666426,15.31721506137718
add-float,0,2-stackless,2,1,True,2393805,0.036846062,15.392257096964874
add-float,0,2-stackless,2,2,False,2393805,0.03690336600000001,15.416195554775769
add-float,0,2-stackless,2,3,False,2393805,0.03672169800000001,15.340304661407261
add-float,0,2-stackless,2,4,False,2393805,0.03691955899999999,15.422960099089105
add-float,0,2-stackful,2,0,True,2393805,0.044476325000000004,18.57976109165116
add-float,0,2-stackful,2,1,True,2393805,0.044941009,18.773880495696183
add-float,0,2-stackful,2,2,False,2393805,0.04439887599999999,18.54740716140203
add-float,0,2-stackful,2,3,False,2393805,0.04474610400000001,18.692459912148237
add-float,0,2-stackful,2,4,False,2393805,0.044493808999999995,18.587064944721895
assign-string,0,2-stackless,0,0,True,1095051,0.027408171000000002,25.02912741050417
assign-string,0,2-stackless,0,1,True,1095051,0.027431977999999996,25.050867950442488
assign-string,0,2-stackless,0,2,False,1095051,0.027168751000000005,24.8104891918276
assign-string,0,2-stackless,0,3,False,1095051,0.027396168,25.01816627718709
assign-string,0,2-stackless,0,4,False,1095051,0.027654536000000007,25.254107799545416
assign-string,0,1x,0,0,True,1095051,0.0114476,10.453942327800258
assign-string,0,1x,0,1,True,1095051,0.0108918,9.94638605873151
assign-string,0,1x,0,2,False,1095051,0.0108628,9.919903273911443
assign-string,0,1x,0,3,False,1095051,0.0109556,10.004648185335661
assign-string,0,1x,0,4,False,1095051,0.0109863,10.03268340926587
assign-string,0,2-stackful,0,0,True,1095051,0.029951077000000003,27.35130783863035
assign-string,0,2-stackful,0,1,True,1095051,0.029901146000000003,27.30571087556653
assign-string,0,2-stackful,0,2,False,1095051,0.029607651999999998,27.037692308394767
assign-string,0,2-stackful,0,3,False,1095051,0.029700763000000005,27.122721224856196
assign-string,0,2-stackful,0,4,False,1095051,0.030046365000000005,27.438324790352233
assign-string,0,2-stackless,1,0,True,1095051,0.0262863,24.004635400542988
assign-string,0,2-stackless,1,1,True,1095051,0.026317313000000002,24.032956455909364
assign-string,0,2-stackless,1,2,False,1095051,0.026533748999999995,24.23060569781681
assign-string,0,2-stackless,1,3,False,1095051,0.026503393,24.202884614506537
assign-string,0,2-stackless,1,4,False,1095051,0.026280080999999997,23.998956212998294
assign-string,0,2-stackful,1,0,True,1095051,0.029697358,27.11961178063853
assign-string,0,2-stackful,1,1,True,1095051,0.029609306,27.03920274032899
assign-string,0,2-stackful,1,2,False,1095051,0.029606272999999995,27.036433006316596
assign-string,0,2-stackful,1,3,False,1095051,0.029718702,27.1391031102661
assign-string,0,2-stackful,1,4,False,1095051,0.029617224999999997,27.046434366983817
assign-string,0,1x,1,0,True,1095051,0.0109762,10.023460094552673
assign-string,0,1x,1,1,True,1095051,0.0110041,10.048938359948533
assign-string,0,1x,1,2,False,1095051,0.0108985,9.952504495224423
assign-string,0,1x,1,3,False,1095051,0.0109169,9.969307365593018
assign-string,0,1x,1,4,False,1095051,0.0110539,10.094415693880924
assign-string,0,1x,2,0,True,1095051,0.0112039,10.231395615364033
assign-string,0,1x,2,1,True,1095051,0.0110861,10.123820717025964
assign-string,0,1x,2,2,False,1095051,0.0113276,10.34435839061377
assign-string,0,1x,2,3,False,1095051,0.0111236,10.158065697396742
assign-string,0,1x,2,4,False,1095051,0.0108884,9.943281180511228
assign-string,0,2-stackless,2,0,True,1095051,0.026452094,24.15603839455879
assign-string,0,2-stackless,2,1,True,1095051,0.02669966,24.382115536171376
assign-string,0,2-stackless,2,2,False,1095051,0.026278835,23.997818366450513
assign-string,0,2-stackless,2,3,False,1095051,0.026295726000000005,24.01324321880899
assign-string,0,2-stackless,2,4,False,1095051,0.026385450000000005,24.095179128643327
assign-string,0,2-stackful,2,0,True,1095051,0.030096668,27.48426146362133
assign-string,0,2-stackful,2,1,True,1095051,0.029795867,27.20957014787439
assign-string,0,2-stackful,2,2,False,1095051,0.029601214000000008,27.03181313016472
assign-string,0,2-stackful,2,3,False,1095051,0.029928232,27.33044579658847
assign-string,0,2-stackful,2,4,False,1095051,0.029605338999999994,27.03558007800549
push-shared-seq,256,1x,0,0,True,26860,0.0186843,695.6180193596426
push-shared-seq,256,1x,0,1,True,26860,0.018557,690.8786299329859
push-shared-seq,256,1x,0,2,False,26860,0.01852,689.5011169024572
push-shared-seq,256,1x,0,3,False,26860,0.0182983,681.2472077438571
push-shared-seq,256,1x,0,4,False,26860,0.0182832,680.6850335070737
push-shared-seq,256,2-stackful,0,0,True,26860,0.06884786799999999,2563.211764705882
push-shared-seq,256,2-stackful,0,1,True,26860,0.068147171,2537.124758004468
push-shared-seq,256,2-stackful,0,2,False,26860,0.06793051,2529.0584512285927
push-shared-seq,256,2-stackful,0,3,False,26860,0.067872663,2526.904802680566
push-shared-seq,256,2-stackful,0,4,False,26860,0.06768337499999999,2519.857594936708
push-shared-seq,256,2-stackless,0,0,True,26860,0.06768710800000001,2519.9965748324653
push-shared-seq,256,2-stackless,0,1,True,26860,0.06787006599999999,2526.8081161578557
push-shared-seq,256,2-stackless,0,2,False,26860,0.06822192199999999,2539.9077438570357
push-shared-seq,256,2-stackless,0,3,False,26860,0.06772802199999997,2521.519806403573
push-shared-seq,256,2-stackless,0,4,False,26860,0.06760473699999997,2516.9298957557694
push-shared-seq,256,2-stackless,1,0,True,26860,0.067993386,2531.3993298585256
push-shared-seq,256,2-stackless,1,1,True,26860,0.067980399,2530.91582278481
push-shared-seq,256,2-stackless,1,2,False,26860,0.068701558,2557.7646314221893
push-shared-seq,256,2-stackless,1,3,False,26860,0.067873659,2526.9418838421443
push-shared-seq,256,2-stackless,1,4,False,26860,0.06782773800000003,2525.232241250932
push-shared-seq,256,2-stackful,1,0,True,26860,0.06797579,2530.7442293373047
push-shared-seq,256,2-stackful,1,1,True,26860,0.06795527700000001,2529.9805286671635
push-shared-seq,256,2-stackful,1,2,False,26860,0.06791408300000001,2528.4468726731207
push-shared-seq,256,2-stackful,1,3,False,26860,0.067982032,2530.976619508563
push-shared-seq,256,2-stackful,1,4,False,26860,0.067831166,2525.359865971705
push-shared-seq,256,1x,1,0,True,26860,0.0196674,732.2189128816084
push-shared-seq,256,1x,1,1,True,26860,0.0196711,732.3566641846612
push-shared-seq,256,1x,1,2,False,26860,0.0196681,732.2449739389426
push-shared-seq,256,1x,1,3,False,26860,0.0200318,745.7855547282204
push-shared-seq,256,1x,1,4,False,26860,0.0200145,745.1414743112434
push-shared-seq,256,2-stackless,2,0,True,26860,0.069058226,2571.0434102755025
push-shared-seq,256,2-stackless,2,1,True,26860,0.06898095500000001,2568.1666046165305
push-shared-seq,256,2-stackless,2,2,False,26860,0.06828104099999999,2542.1087490692476
push-shared-seq,256,2-stackless,2,3,False,26860,0.067868453,2526.7480640357408
push-shared-seq,256,2-stackless,2,4,False,26860,0.06802117699999999,2532.43399106478
push-shared-seq,256,1x,2,0,True,26860,0.0201436,749.9478778853313
push-shared-seq,256,1x,2,1,True,26860,0.0199318,742.0625465376024
push-shared-seq,256,1x,2,2,False,26860,0.0200013,744.6500372300819
push-shared-seq,256,1x,2,3,False,26860,0.0198736,739.8957557706627
push-shared-seq,256,1x,2,4,False,26860,0.019944,742.5167535368578
push-shared-seq,256,2-stackful,2,0,True,26860,0.068153513,2537.3608711839165
push-shared-seq,256,2-stackful,2,1,True,26860,0.068078123,2534.55409530901
push-shared-seq,256,2-stackful,2,2,False,26860,0.067884305,2527.3382352941176
push-shared-seq,256,2-stackful,2,3,False,26860,0.06782385599999999,2525.0877140729704
push-shared-seq,256,2-stackful,2,4,False,26860,0.067854566,2526.23104988831
update-table,256,1x,0,0,True,67356,0.0381437,566.2999584298356
update-table,256,1x,0,1,True,67356,0.0382458,567.8157847853198
update-table,256,1x,0,2,False,67356,0.0386018,573.1011342716313
update-table,256,1x,0,3,False,67356,0.0383452,569.2915256250371
update-table,256,1x,0,4,False,67356,0.038274,568.2344557277748
update-table,256,2-stackful,0,0,True,67356,0.020562216999999997,305.2766939842033
update-table,256,2-stackful,0,1,True,67356,0.020456111,303.7013926005107
update-table,256,2-stackful,0,2,False,67356,0.020225973,300.2846517014074
update-table,256,2-stackful,0,3,False,67356,0.02023565699999999,300.4284250846248
update-table,256,2-stackful,0,4,False,67356,0.020291492999999994,301.2573935506858
update-table,256,2-stackless,0,0,True,67356,0.020333407999999997,301.87968406674975
update-table,256,2-stackless,0,1,True,67356,0.02032519,301.757675633945
update-table,256,2-stackless,0,2,False,67356,0.020144566999999995,299.07605855454597
update-table,256,2-stackless,0,3,False,67356,0.019987778999999997,296.7483075004453
update-table,256,2-stackless,0,4,False,67356,0.019997431999999996,296.8916206425559
update-table,256,2-stackless,1,0,True,67356,0.020080034,298.1179701882535
update-table,256,2-stackless,1,1,True,67356,0.020124412,298.7768276025892
update-table,256,2-stackless,1,2,False,67356,0.020036365,297.46963893342837
update-table,256,2-stackless,1,3,False,67356,0.020051370000000006,297.6924104756816
update-table,256,2-stackless,1,4,False,67356,0.020039501,297.5161975176673
update-table,256,2-stackful,1,0,True,67356,0.020372658,302.462408694103
update-table,256,2-stackful,1,1,True,67356,0.020256571,300.73892452045845
update-table,256,2-stackful,1,2,False,67356,0.020236751999999997,300.44468198824154
update-table,256,2-stackful,1,3,False,67356,0.020223235,300.24400201912226
update-table,256,2-stackful,1,4,False,67356,0.020238956000000002,300.4774036462973
update-table,256,1x,1,0,True,67356,0.0381855,566.9205415998575
update-table,256,1x,1,1,True,67356,0.0386796,574.2561909852129
update-table,256,1x,1,2,False,67356,0.0385871,572.8828909080112
update-table,256,1x,1,3,False,67356,0.038399,570.0902666429123
update-table,256,1x,1,4,False,67356,0.0390368,579.5593562563098
update-table,256,2-stackful,2,0,True,67356,0.020225093,300.2715867925649
update-table,256,2-stackful,2,1,True,67356,0.020230526000000002,300.35224775818045
update-table,256,2-stackful,2,2,False,67356,0.020267821,300.9059475028208
update-table,256,2-stackful,2,3,False,67356,0.020238765,300.47456796721895
update-table,256,2-stackful,2,4,False,67356,0.020263174999999994,300.8369707227269
update-table,256,2-stackless,2,0,True,67356,0.02001058,297.0868222578538
update-table,256,2-stackless,2,1,True,67356,0.020046478,297.61978145970664
update-table,256,2-stackless,2,2,False,67356,0.020040756,297.5348298592553
update-table,256,2-stackless,2,3,False,67356,0.02001956199999999,297.2201734069718
update-table,256,2-stackless,2,4,False,67356,0.020081748999999996,298.1434319140091
update-table,256,1x,2,0,True,67356,0.0381314,566.117346635786
update-table,256,1x,2,1,True,67356,0.038938,578.092523308985
update-table,256,1x,2,2,False,67356,0.0382324,567.6168418552171
update-table,256,1x,2,3,False,67356,0.0388342,576.5514579250549
update-table,256,1x,2,4,False,67356,0.0384213,570.4213433101728
const-string,8,1x,0,0,True,1128758,0.0201602,17.860515717275092
const-string,8,1x,0,1,True,1128758,0.0202579,17.947071028510983
const-string,8,1x,0,2,False,1128758,0.0201358,17.83889903770339
const-string,8,1x,0,3,False,1128758,0.0201818,17.879651794273
const-string,8,1x,0,4,False,1128758,0.0197892,17.53183587624628
const-string,8,2-stackful,0,0,True,1128758,0.034412231,30.486810281743296
const-string,8,2-stackful,0,1,True,1128758,0.034421531000000005,30.49504942600629
const-string,8,2-stackful,0,2,False,1128758,0.03436101899999999,30.441440060668445
const-string,8,2-stackful,0,3,False,1128758,0.034347173999999994,30.429174366870484
const-string,8,2-stackful,0,4,False,1128758,0.034391051000000006,30.46804629513147
const-string,8,2-stackless,0,0,True,1128758,0.030556102,27.070551880916902
const-string,8,2-stackless,0,1,True,1128758,0.030556898,27.071257080791455
const-string,8,2-stackless,0,2,False,1128758,0.030608188,27.116696404366568
const-string,8,2-stackless,0,3,False,1128758,0.030572612000000013,27.08517857680744
const-string,8,2-stackless,0,4,False,1128758,0.030545344999999988,27.061021937386037
const-string,8,1x,1,0,True,1128758,0.0202805,17.96709303499953
const-string,8,1x,1,1,True,1128758,0.0204877,18.150657625460905
const-string,8,1x,1,2,False,1128758,0.0200269,17.742421316172287
const-string,8,1x,1,3,False,1128758,0.0200642,17.775466486173297
const-string,8,1x,1,4,False,1128758,0.0200691,17.779807540677453
const-string,8,2-stackless,1,0,True,1128758,0.031022041,27.483340981857936
const-string,8,2-stackless,1,1,True,1128758,0.030536976,27.05360759347885
const-string,8,2-stackless,1,2,False,1128758,0.030554489999999997,27.06912376257798
const-string,8,2-stackless,1,3,False,1128758,0.030620422000000008,27.12753486575511
const-string,8,2-stackless,1,4,False,1128758,0.030571713,27.08438212619534
const-string,8,2-stackful,1,0,True,1128758,0.03441364399999999,30.48806210011357
const-string,8,2-stackful,1,1,True,1128758,0.034431685,30.50404515405428
const-string,8,2-stackful,1,2,False,1128758,0.034417796,30.49174047935873
const-string,8,2-stackful,1,3,False,1128758,0.03437659600000001,30.455240184344216
const-string,8,2-stackful,1,4,False,1128758,0.034393594,30.47029921382617
const-string,8,2-stackless,2,0,True,1128758,0.030604990999999998,27.11386408778498
const-string,8,2-stackless,2,1,True,1128758,0.030612149999999998,27.120206457008496
const-string,8,2-stackless,2,2,False,1128758,0.030920708999999998,27.393567974712024
const-string,8,2-stackless,2,3,False,1128758,0.03070355999999999,27.201189271748234
const-string,8,2-stackless,2,4,False,1128758,0.03060781800000001,27.116368610455037
const-string,8,2-stackful,2,0,True,1128758,0.034606371,30.658804633056864
const-string,8,2-stackful,2,1,True,1128758,0.034593144000000006,30.647086443684127
const-string,8,2-stackful,2,2,False,1128758,0.034348869000000004,30.430676017357136
const-string,8,2-stackful,2,3,False,1128758,0.03468686,30.730112211829287
const-string,8,2-stackful,2,4,False,1128758,0.034832871000000015,30.859467662687674
const-string,8,1x,2,0,True,1128758,0.02007,17.78060487721903
const-string,8,1x,2,1,True,1128758,0.0200638,17.77511211437704
const-string,8,1x,2,2,False,1128758,0.0201766,17.87504496092165
const-string,8,1x,2,3,False,1128758,0.0200591,17.770948245771017
const-string,8,1x,2,4,False,1128758,0.0200478,17.76093724252674
add-float,8,2-stackless,0,0,True,1338196,0.026751522,19.990735288403194
add-float,8,2-stackless,0,1,True,1338196,0.026651941000000002,19.91632092757713
add-float,8,2-stackless,0,2,False,1338196,0.026657987000000008,19.920838950348084
add-float,8,2-stackless,0,3,False,1338196,0.02659502999999999,19.873792777739578
add-float,8,2-stackless,0,4,False,1338196,0.026755100000000004,19.993409037241186
add-float,8,2-stackful,0,0,True,1338196,0.031181266000000003,23.300970859276223
add-float,8,2-stackful,0,1,True,1338196,0.031116198,23.252347189798805
add-float,8,2-stackful,0,2,False,1338196,0.03123783,23.343239704796606
add-float,8,2-stackful,0,3,False,1338196,0.03150312899999999,23.541490932568916
add-float,8,2-stackful,0,4,False,1338196,0.03110843200000002,23.246543854562425
add-float,8,1x,0,0,True,1338196,0.0189394,14.152934248794645
add-float,8,1x,0,1,True,1338196,0.0189457,14.157642079336659
add-float,8,1x,0,2,False,1338196,0.0188968,14.121100347034366
add-float,8,1x,0,3,False,1338196,0.0189437,14.156147529958242
add-float,8,1x,0,4,False,1338196,0.0188893,14.115495786865303
add-float,8,2-stackless,1,0,True,1338196,0.026648557,19.913792150028844
add-float,8,2-stackless,1,1,True,1338196,0.027049353,20.21329685636484
add-float,8,2-stackless,1,2,False,1338196,0.026689932000000006,19.94471064029485
add-float,8,2-stackless,1,3,False,1338196,0.026624877000000005,19.89609668538839
add-float,8,2-stackless,1,4,False,1338196,0.026720340999999995,19.96743451631898
add-float,8,2-stackful,1,0,True,1338196,0.03141854,23.478279713883467
add-float,8,2-stackful,1,1,True,1338196,0.03110508399999999,23.244041978902935
add-float,8,2-stackful,1,2,False,1338196,0.031200432,23.31529312596959
add-float,8,2-stackful,1,3,False,1338196,0.031621391,23.62986513186409
add-float,8,2-stackful,1,4,False,1338196,0.03114541899999998,23.27418330349215
add-float,8,1x,1,0,True,1338196,0.0189741,14.178864680510179
add-float,8,1x,1,1,True,1338196,0.0190089,14.204869839694634
add-float,8,1x,1,2,False,1338196,0.0191109,14.281091857993896
add-float,8,1x,1,3,False,1338196,0.0189052,14.127377454423717
add-float,8,1x,1,4,False,1338196,0.018863,14.09584246253912
add-float,8,2-stackless,2,0,True,1338196,0.026669506,19.929446807493072
add-float,8,2-stackless,2,1,True,1338196,0.026710361999999998,19.959977462195372
add-float,8,2-stackless,2,2,False,1338196,0.026648811,19.913981957799905
add-float,8,2-stackless,2,3,False,1338196,0.026584191000000007,19.86569306738326
add-float,8,2-stackless,2,4,False,1338196,0.026592594999999997,19.87197316387136
add-float,8,2-stackful,2,0,True,1338196,0.031197612,23.31318581134602
add-float,8,2-stackful,2,1,True,1338196,0.031147130000000002,23.275461890485403
add-float,8,2-stackful,2,2,False,1338196,0.031287593,23.38042633515569
add-float,8,2-stackful,2,3,False,1338196,0.03140854,23.470806966991383
add-float,8,2-stackful,2,4,False,1338196,0.031122419000000012,23.256995985640376
add-float,8,1x,2,0,True,1338196,0.0189556,14.165040098759823
add-float,8,1x,2,1,True,1338196,0.0189002,14.123641080977674
add-float,8,1x,2,2,False,1338196,0.0189638,14.171167751211332
add-float,8,1x,2,3,False,1338196,0.0189,14.123491626039833
add-float,8,1x,2,4,False,1338196,0.0188314,14.072228582360133
add-int,256,1x,0,0,True,90038,0.0265007,294.3279504209334
add-int,256,1x,0,1,True,90038,0.0261067,289.95202025811324
add-int,256,1x,0,2,False,90038,0.0260374,289.1823452320132
add-int,256,1x,0,3,False,90038,0.026067,289.5110953153113
add-int,256,1x,0,4,False,90038,0.0260463,289.28119238543724
add-int,256,2-stackless,0,0,True,90038,0.020084518000000003,223.06712721295457
add-int,256,2-stackless,0,1,True,90038,0.019832778,220.27119660587752
add-int,256,2-stackless,0,2,False,90038,0.019669553,218.45835091850108
add-int,256,2-stackless,0,3,False,90038,0.019643621,218.17033919011973
add-int,256,2-stackless,0,4,False,90038,0.01992619000000001,221.30866967280494
add-int,256,2-stackful,0,0,True,90038,0.019917773,221.21518692107776
add-int,256,2-stackful,0,1,True,90038,0.019758343,219.44449010417824
add-int,256,2-stackful,0,2,False,90038,0.019705925,218.86231368977542
add-int,256,2-stackful,0,3,False,90038,0.01956041,217.24616273129124
add-int,256,2-stackful,0,4,False,90038,0.019422699999999987,215.71669739443334
add-int,256,1x,1,0,True,90038,0.0261749,290.709478220307
add-int,256,1x,1,1,True,90038,0.0261936,290.9171683067149
add-int,256,1x,1,2,False,90038,0.0264555,293.8259401585997
add-int,256,1x,1,3,False,90038,0.0262436,291.47248939336725
add-int,256,1x,1,4,False,90038,0.0260947,289.8187431973167
add-int,256,2-stackless,1,0,True,90038,0.019743904,219.28412448077478
add-int,256,2-stackless,1,1,True,90038,0.019338614,214.78280281658854
add-int,256,2-stackless,1,2,False,90038,0.019280823000000002,214.14095159821412
add-int,256,2-stackless,1,3,False,90038,0.019795896,219.86156955951932
add-int,256,2-stackless,1,4,False,90038,0.019716921999999998,218.9844510095737
add-int,256,2-stackful,1,0,True,90038,0.019541257,217.0334414358382
add-int,256,2-stackful,1,1,True,90038,0.019662697,218.38220529109932
add-int,256,2-stackful,1,2,False,90038,0.019444257,215.95611852773274
add-int,256,2-stackful,1,3,False,90038,0.019886111999999997,220.86354650258775
add-int,256,2-stackful,1,4,False,90038,0.019279333999999995,214.12441413625353
add-int,256,1x,2,0,True,90038,0.0260707,289.55218907572356
add-int,256,1x,2,1,True,90038,0.0260739,289.58772962526933
add-int,256,1x,2,2,False,90038,0.026086,289.72211732823916
add-int,256,1x,2,3,False,90038,0.0260346,289.1512472511606
add-int,256,1x,2,4,False,90038,0.0260582,289.4133588040605
add-int,256,2-stackless,2,0,True,90038,0.019522182000000003,216.8215864412804
add-int,256,2-stackless,2,1,True,90038,0.019598914000000002,217.6738043937005
add-int,256,2-stackless,2,2,False,90038,0.019236828000000004,213.65232457406876
add-int,256,2-stackless,2,3,False,90038,0.01941292,215.60807658988426
add-int,256,2-stackless,2,4,False,90038,0.019516486,216.75832426308892
add-int,256,2-stackful,2,0,True,90038,0.019657805,218.32787267598124
add-int,256,2-stackful,2,1,True,90038,0.01978213,219.7086785579422
add-int,256,2-stackful,2,2,False,90038,0.019445072,215.96517026144517
add-int,256,2-stackful,2,3,False,90038,0.019592855,217.6065105844199
add-int,256,2-stackful,2,4,False,90038,0.019676634999999998,218.53700659721446
do-int,64,2-stackless,0,0,True,17108,0.026539479999999997,1551.2906242693475
do-int,64,2-stackless,0,1,True,17108,0.026571514,1553.1630815992519
do-int,64,2-stackless,0,2,False,17108,0.026614135000000004,1555.6543722235215
do-int,64,2-stackless,0,3,False,17108,0.026603486999999995,1555.031973345803
do-int,64,2-stackless,0,4,False,17108,0.026571119000000004,1553.139992985738
do-int,64,1x,0,0,True,17108,0.0199731,1167.4713584288052
do-int,64,1x,0,1,True,17108,0.0200657,1172.8840308627543
do-int,64,1x,0,2,False,17108,0.019914,1164.0168342296001
do-int,64,1x,0,3,False,17108,0.0198241,1158.761982698153
do-int,64,1x,0,4,False,17108,0.0199206,1164.4026186579379
do-int,64,2-stackful,0,0,True,17108,0.029865595,1745.7093172784662
do-int,64,2-stackful,0,1,True,17108,0.029986482999999998,1752.7754851531445
do-int,64,2-stackful,0,2,False,17108,0.029596226999999996,1729.9641688099132
do-int,64,2-stackful,0,3,False,17108,0.02959241700000001,1729.7414659808283
do-int,64,2-stackful,0,4,False,17108,0.029679131999999997,1734.8101472995088
do-int,64,1x,1,0,True,17108,0.0198987,1163.1225157820902
do-int,64,1x,1,1,True,17108,0.01977,1155.5997194295066
do-int,64,1x,1,2,False,17108,0.019916,1164.1337386018238
do-int,64,1x,1,3,False,17108,0.0198295,1159.0776245031564
do-int,64,1x,1,4,False,17108,0.0201401,1177.2328735094693
do-int,64,2-stackful,1,0,True,17108,0.029658102,1733.5808978255786
do-int,64,2-stackful,1,1,True,17108,0.029526163000000005,1725.8687748421794
do-int,64,2-stackful,1,2,False,17108,0.029599976000000007,1730.1833060556469
do-int,64,2-stackful,1,3,False,17108,0.02947736599999999,1723.016483516483
do-int,64,2-stackful,1,4,False,17108,0.029529305000000006,1726.0524316109427
do-int,64,2-stackless,1,0,True,17108,0.026853899,1569.6691021744214
do-int,64,2-stackless,1,1,True,17108,0.026865774000000002,1570.3632218844987
do-int,64,2-stackless,1,2,False,17108,0.026834340999999998,1568.5258943184474
do-int,64,2-stackless,1,3,False,17108,0.026885925000000005,1571.5410918868367
do-int,64,2-stackless,1,4,False,17108,0.02690256299999999,1572.5136193593635
do-int,64,2-stackful,2,0,True,17108,0.029602663,1730.3403670797288
do-int,64,2-stackful,2,1,True,17108,0.029609584,1730.7449146598083
do-int,64,2-stackful,2,2,False,17108,0.029788147,1741.1823123684826
do-int,64,2-stackful,2,3,False,17108,0.029545261000000003,1726.9850946925417
do-int,64,2-stackful,2,4,False,17108,0.029525179999999998,1725.811316343231
do-int,64,1x,2,0,True,17108,0.0198055,1157.6747720364742
do-int,64,1x,2,1,True,17108,0.0198818,1162.1346738368015
do-int,64,1x,2,2,False,17108,0.0197678,1155.471124620061
do-int,64,1x,2,3,False,17108,0.0198376,1159.5510872106618
do-int,64,1x,2,4,False,17108,0.0198075,1157.7916764086976
do-int,64,2-stackless,2,0,True,17108,0.02643484,1545.174187514613
do-int,64,2-stackless,2,1,True,17108,0.026466401000000004,1547.0189969604864
do-int,64,2-stackless,2,2,False,17108,0.026484285999999996,1548.064414309095
do-int,64,2-stackless,2,3,False,17108,0.026404912000000003,1543.4248304886605
do-int,64,2-stackless,2,4,False,17108,0.026448696000000008,1545.984101005378
take-seq,0,2-stackful,0,0,True,3003770,0.055353813,18.42811300465748
take-seq,0,2-stackful,0,1,True,3003770,0.055947362,18.62571435229728
take-seq,0,2-stackful,0,2,False,3003770,0.055274906,18.401843683104897
take-seq,0,2-stackful,0,3,False,3003770,0.05524414,18.39160122113211
take-seq,0,2-stackful,0,4,False,3003770,0.055307123000000014,18.412569204699434
take-seq,0,1x,0,0,True,3003770,0.0199234,6.632798117032928
take-seq,0,1x,0,1,True,3003770,0.019709,6.561421147424737
take-seq,0,1x,0,2,False,3003770,0.0198336,6.602902352710094
take-seq,0,1x,0,3,False,3003770,0.0198612,6.612090805887268
take-seq,0,1x,0,4,False,3003770,0.0202156,6.730075871321706
take-seq,0,2-stackless,0,0,True,3003770,0.045576993999999996,15.173263598744242
take-seq,0,2-stackless,0,1,True,3003770,0.045425304,15.122763726916508
take-seq,0,2-stackless,0,2,False,3003770,0.045349087999999996,15.097390279548698
take-seq,0,2-stackless,0,3,False,3003770,0.04582858200000001,15.25702101026377
take-seq,0,2-stackless,0,4,False,3003770,0.04560935199999999,15.184036061349568
take-seq,0,1x,1,0,True,3003770,0.019753,6.5760694061129845
take-seq,0,1x,1,1,True,3003770,0.0198516,6.608894822173468
take-seq,0,1x,1,2,False,3003770,0.0197735,6.582894163001828
take-seq,0,1x,1,3,False,3003770,0.0198032,6.592781737616395
take-seq,0,1x,1,4,False,3003770,0.0198649,6.613322591276962
take-seq,0,2-stackless,1,0,True,3003770,0.045979375999999995,15.307222590278215
take-seq,0,2-stackless,1,1,True,3003770,0.046032048,15.324757887587932
take-seq,0,2-stackless,1,2,False,3003770,0.04584321699999999,15.26189322085246
take-seq,0,2-stackless,1,3,False,3003770,0.04580911200000001,15.250539155794224
take-seq,0,2-stackless,1,4,False,3003770,0.04597601099999998,15.306102331403531
take-seq,0,2-stackful,1,0,True,3003770,0.055297786999999994,18.409461110537755
take-seq,0,2-stackful,1,1,True,3003770,0.055230664000000006,18.38711485899387
take-seq,0,2-stackful,1,2,False,3003770,0.055566458,18.498905708492995
take-seq,0,2-stackful,1,3,False,3003770,0.05524821399999999,18.392957516720653
take-seq,0,2-stackful,1,4,False,3003770,0.05522326200000002,18.384650622384545
take-seq,0,2-stackless,2,0,True,3003770,0.045390484,15.111171627654581
take-seq,0,2-stackless,2,1,True,3003770,0.04543611000000001,15.126361206084356
take-seq,0,2-stackless,2,2,False,3003770,0.04542396800000001,15.12231895251634
take-seq,0,2-stackless,2,3,False,3003770,0.04526629999999998,15.069828914996815
take-seq,0,2-stackless,2,4,False,3003770,0.04537480999999999,15.105953518411857
take-seq,0,1x,2,0,True,3003770,0.0195936,6.523002759865103
take-seq,0,1x,2,1,True,3003770,0.019646,6.540447504302926
take-seq,0,1x,2,2,False,3003770,0.0197659,6.580364009228403
take-seq,0,1x,2,3,False,3003770,0.0197785,6.584558737852765
take-seq,0,1x,2,4,False,3003770,0.0199519,6.6422861936832716
take-seq,0,2-stackful,2,0,True,3003770,0.055488772,18.47304287611901
take-seq,0,2-stackful,2,1,True,3003770,0.055265928,18.398854772502556
take-seq,0,2-stackful,2,2,False,3003770,0.05535933700000001,18.429952026952797
take-seq,0,2-stackful,2,3,False,3003770,0.05532405100000001,18.418204789314768
take-seq,0,2-stackful,2,4,False,3003770,0.055200092000000034,18.376936982525304
get-table,64,2-stackful,0,0,True,254049,0.021043713,82.83328413022684
get-table,64,2-stackful,0,1,True,254049,0.02114511,83.23240792130652
get-table,64,2-stackful,0,2,False,254049,0.021212430999999997,83.4974001078532
get-table,64,2-stackful,0,3,False,254049,0.020980580999999998,82.58478088872619
get-table,64,2-stackful,0,4,False,254049,0.020808992,81.90936394160181
get-table,64,1x,0,0,True,254049,0.0283085,111.42929119972919
get-table,64,1x,0,1,True,254049,0.0284533,111.99925998527843
get-table,64,1x,0,2,False,254049,0.028439,111.94297163145693
get-table,64,1x,0,3,False,254049,0.0289078,113.7882849371578
get-table,64,1x,0,4,False,254049,0.0287078,113.0010352333605
get-table,64,2-stackless,0,0,True,254049,0.02062765,81.19555676267177
get-table,64,2-stackless,0,1,True,254049,0.020540814,80.85374868627706
get-table,64,2-stackless,0,2,False,254049,0.020216399999999995,79.57677455923856
get-table,64,2-stackless,0,3,False,254049,0.020076977999999995,79.02797491822442
get-table,64,2-stackless,0,4,False,254049,0.020073452000000006,79.0140957059465
get-table,64,2-stackful,1,0,True,254049,0.020898942,82.26342949588465
get-table,64,2-stackful,1,1,True,254049,0.020964514000000004,82.52153718377166
get-table,64,2-stackful,1,2,False,254049,0.020678316999999995,81.39499466638324
get-table,64,2-stackful,1,3,False,254049,0.021032547999999998,82.78933591551235
get-table,64,2-stackful,1,4,False,254049,0.021104523,83.07264740266642
get-table,64,2-stackless,1,0,True,254049,0.02014009,79.27639943475471
get-table,64,2-stackless,1,1,True,254049,0.020209455,79.54943731327421
get-table,64,2-stackless,1,2,False,254049,0.020232369,79.63963251183827
get-table,64,2-stackless,1,3,False,254049,0.020310926,79.94885238674429
get-table,64,2-stackless,1,4,False,254049,0.020282900999999992,79.83853902199967
get-table,64,1x,1,0,True,254049,0.02828,111.31710811693807
get-table,64,1x,1,1,True,254049,0.0285589,112.4149278288834
get-table,64,1x,1,2,False,254049,0.0287963,113.3493932272908
get-table,64,1x,1,3,False,254049,0.0287669,113.2336675208326
get-table,64,1x,1,4,False,254049,0.0285777,112.48892930104034
get-table,64,1x,2,0,True,254049,0.0283024,111.40528008376337
get-table,64,1x,2,1,True,254049,0.028383,111.72254171439369
get-table,64,1x,2,2,False,254049,0.0287807,113.2879877503946
get-table,64,1x,2,3,False,254049,0.0282063,111.02700660108877
get-table,64,1x,2,4,False,254049,0.0286672,112.84122354348965
get-table,64,2-stackful,2,0,True,254049,0.020939298000000002,82.42228074111688
get-table,64,2-stackful,2,1,True,254049,0.021442874000000004,84.40448102531403
get-table,64,2-stackful,2,2,False,254049,0.021362860000000004,84.08952603631585
get-table,64,2-stackful,2,3,False,254049,0.021322936,83.93237525044381
get-table,64,2-stackful,2,4,False,254049,0.021371801999999995,84.12472397057259
get-table,64,2-stackless,2,0,True,254049,0.020705019,81.50010037433724
get-table,64,2-stackless,2,1,True,254049,0.020518790999999998,80.7670606851434
get-table,64,2-stackless,2,2,False,254049,0.020470015,80.57506622738133
get-table,64,2-stackless,2,3,False,254049,0.020308350999999995,79.93871654680788
get-table,64,2-stackless,2,4,False,254049,0.020266921000000007,79.77563777066632
const-string,0,2-stackless,0,0,True,1587693,0.038334887000000005,24.145024888312797
const-string,0,2-stackless,0,1,True,1587693,0.03795913000000001,23.908356338410517
const-string,0,2-stackless,0,2,False,1587693,0.038406732,24.190276079821476
const-string,0,2-stackless,0,3,False,1587693,0.037873480000000015,23.85441014100334
const-string,0,2-stackless,0,4,False,1587693,0.03784507100000001,23.83651688330175
const-string,0,2-stackful,0,0,True,1587693,0.043176264,27.194340467584098
const-string,0,2-stackful,0,1,True,1587693,0.042841519,26.983503107968605
const-string,0,2-stackful,0,2,False,1587693,0.04282761099999999,26.974743228067382
const-string,0,2-stackful,0,3,False,1587693,0.04290396399999999,27.02283375942326
const-string,0,2-stackful,0,4,False,1587693,0.042820211999999996,26.970083007231246
const-string,0,1x,0,0,True,1587693,0.0158654,9.992737890763518
const-string,0,1x,0,1,True,1587693,0.0158062,9.955451085316872
const-string,0,1x,0,2,False,1587693,0.0157736,9.934918148533752
const-string,0,1x,0,3,False,1587693,0.015913,10.022718497845617
const-string,0,1x,0,4,False,1587693,0.0157712,9.933406521285916
const-string,0,1x,1,0,True,1587693,0.0160372,10.10094520792118
const-string,0,1x,1,1,True,1587693,0.0158942,10.01087741773756
const-string,0,1x,1,2,False,1587693,0.0158539,9.985494676867631
const-string,0,1x,1,3,False,1587693,0.0157373,9.91205478641022
const-string,0,1x,1,4,False,1587693,0.0157696,9.93239876978736
const-string,0,2-stackful,1,0,True,1587693,0.042949311999999996,27.051395956271143
const-string,0,2-stackful,1,1,True,1587693,0.042863531,26.99736724921002
const-string,0,2-stackful,1,2,False,1587693,0.04287161399999999,27.002458283811784
const-string,0,2-stackful,1,3,False,1587693,0.04282346399999998,26.97213126215205
const-string,0,2-stackful,1,4,False,1587693,0.04289369700000001,27.01636714402596
const-string,0,2-stackless,1,0,True,1587693,0.038127783,24.01458153433945
const-string,0,2-stackless,1,1,True,1587693,0.038456571999999994,24.221667539001555
const-string,0,2-stackless,1,2,False,1587693,0.03787024100000001,23.852370074063447
const-string,0,2-stackless,1,3,False,1587693,0.037825112999999994,23.823946443046605
const-string,0,2-stackless,1,4,False,1587693,0.037818249,23.819623189117795
const-string,0,2-stackful,2,0,True,1587693,0.042924206,27.035583075569395
const-string,0,2-stackful,2,1,True,1587693,0.042869532999999994,27.00114757701898
const-string,0,2-stackful,2,2,False,1587693,0.043393825,27.331370107445206
const-string,0,2-stackful,2,3,False,1587693,0.042891031999999996,27.014688607936165
const-string,0,2-stackful,2,4,False,1587693,0.042816346000000005,26.967648027672862
const-string,0,2-stackless,2,0,True,1587693,0.037780839000000004,23.796060699392136
const-string,0,2-stackless,2,1,True,1587693,0.037736829,23.768341234734926
const-string,0,2-stackless,2,2,False,1587693,0.03780143600000001,23.809033610402015
const-string,0,2-stackless,2,3,False,1587693,0.037727635999999995,23.76255107253102
const-string,0,2-stackless,2,4,False,1587693,0.03776059300000001,23.783308863867262
const-string,0,1x,2,0,True,1587693,0.0160585,10.114360899745732
const-string,0,1x,2,1,True,1587693,0.0159192,10.02662353490253
const-string,0,1x,2,2,False,1587693,0.0157339,9.909913314475782
const-string,0,1x,2,3,False,1587693,0.0158052,9.954821240630272
const-string,0,1x,2,4,False,1587693,0.0157984,9.950538296761401
take-seq,256,1x,0,0,True,27355,0.0427296,1562.0398464631694
take-seq,256,1x,0,1,True,27355,0.0425059,1553.8621824163772
take-seq,256,1x,0,2,False,27355,0.0423523,1548.247121184427
take-seq,256,1x,0,3,False,27355,0.042323,1547.1760190093219
take-seq,256,1x,0,4,False,27355,0.042617,1557.9235971486016
take-seq,256,2-stackful,0,0,True,27355,0.020067498,733.5952476695303
take-seq,256,2-stackful,0,1,True,27355,0.020036773999999997,732.4720891975871
take-seq,256,2-stackful,0,2,False,27355,0.020051027000000006,732.9931273990132
take-seq,256,2-stackful,0,3,False,27355,0.020058861999999997,733.2795467007858
take-seq,256,2-stackful,0,4,False,27355,0.020092861000000004,734.5224273441785
take-seq,256,2-stackless,0,0,True,27355,0.020257035,740.5240358252605
take-seq,256,2-stackless,0,1,True,27355,0.020290524000000004,741.7482727106564
take-seq,256,2-stackless,0,2,False,27355,0.020145734,736.455273259002
take-seq,256,2-stackless,0,3,False,27355,0.020027445000000005,732.1310546518006
take-seq,256,2-stackless,0,4,False,27355,0.01997855600000001,730.3438493876807
take-seq,256,2-stackless,1,0,True,27355,0.020267804,740.9177115700969
take-seq,256,2-stackless,1,1,True,27355,0.020035282999999997,732.417583622738
take-seq,256,2-stackless,1,2,False,27355,0.019943825999999998,729.0742460244926
take-seq,256,2-stackless,1,3,False,27355,0.019959211000000004,729.6366660573937
take-seq,256,2-stackless,1,4,False,27355,0.020063642999999992,733.4543227929078
take-seq,256,2-stackful,1,0,True,27355,0.020402796,745.8525315298848
take-seq,256,2-stackful,1,1,True,27355,0.020381734,745.082580881009
take-seq,256,2-stackful,1,2,False,27355,0.020063279000000003,733.4410162675929
take-seq,256,2-stackful,1,3,False,27355,0.020037890999999995,732.5129226832388
take-seq,256,2-stackful,1,4,False,27355,0.02007358499999999,733.817766404679
take-seq,256,1x,1,0,True,27355,0.0426737,1559.996344361177
take-seq,256,1x,1,1,True,27355,0.0424215,1550.776823249863
take-seq,256,1x,1,2,False,27355,0.0424901,1553.2845914823615
take-seq,256,1x,1,3,False,27355,0.0423432,1547.9144580515444
take-seq,256,1x,1,4,False,27355,0.0424247,1550.8938036921952
take-seq,256,1x,2,0,True,27355,0.0423791,1549.22683238896
take-seq,256,1x,2,1,True,27355,0.0424106,1550.3783586181685
take-seq,256,1x,2,2,False,27355,0.0422948,1546.1451288612684
take-seq,256,1x,2,3,False,27355,0.0422175,1543.319320051179
take-seq,256,1x,2,4,False,27355,0.0424037,1550.1261195393895
take-seq,256,2-stackful,2,0,True,27355,0.020058968,733.2834216779382
take-seq,256,2-stackful,2,1,True,27355,0.02006156,733.3781758362273
take-seq,256,2-stackful,2,2,False,27355,0.020093495000000003,734.5456040943156
take-seq,256,2-stackful,2,3,False,27355,0.020033681000000005,732.3590202887956
take-seq,256,2-stackful,2,4,False,27355,0.020032864999999997,732.3291902760006
take-seq,256,2-stackless,2,0,True,27355,0.01996527,729.8581612136721
take-seq,256,2-stackless,2,1,True,27355,0.019961187,729.7089014805338
take-seq,256,2-stackless,2,2,False,27355,0.020014982,731.6754523853043
take-seq,256,2-stackless,2,3,False,27355,0.019948275999999994,729.2369219521108
take-seq,256,2-stackless,2,4,False,27355,0.019967168999999993,729.9275817949184
update-seq,0,1x,0,0,True,881481,0.062155,70.51201330488122
update-seq,0,1x,0,1,True,881481,0.0619849,70.31904261124176
update-seq,0,1x,0,2,False,881481,0.0617505,70.05312649960692
update-seq,0,1x,0,3,False,881481,0.0628588,71.31044231242649
update-seq,0,1x,0,4,False,881481,0.0614396,69.70042462628236
update-seq,0,2-stackful,0,0,True,881481,0.022045128999999997,25.009193618467098
update-seq,0,2-stackful,0,1,True,881481,0.022070397,25.03785901227593
update-seq,0,2-stackful,0,2,False,881481,0.021936234,24.885657206451416
update-seq,0,2-stackful,0,3,False,881481,0.021998484999999998,24.95627812737881
update-seq,0,2-stackful,0,4,False,881481,0.022290995000000008,25.288117384265806
update-seq,0,2-stackless,0,0,True,881481,0.019338195,21.938300428483426
update-seq,0,2-stackless,0,1,True,881481,0.019099667999999997,21.667702423534934
update-seq,0,2-stackless,0,2,False,881481,0.019114732000000002,21.684791844634205
update-seq,0,2-stackless,0,3,False,881481,0.019164478,21.74122641327493
update-seq,0,2-stackless,0,4,False,881481,0.01911259,21.68236184330689
update-seq,0,2-stackful,1,0,True,881481,0.021967570999999998,24.92120760402096
update-seq,0,2-stackful,1,1,True,881481,0.021988129,24.944529717600265
update-seq,0,2-stackful,1,2,False,881481,0.021909896999999998,24.85577908088773
update-seq,0,2-stackful,1,3,False,881481,0.021967583,24.921221217473775
update-seq,0,2-stackful,1,4,False,881481,0.021981897,24.93745979777216
update-seq,0,2-stackless,1,0,True,881481,0.019145426,21.71961278802379
update-seq,0,2-stackless,1,1,True,881481,0.019083662999999997,21.649545480844164
update-seq,0,2-stackless,1,2,False,881481,0.019090253,21.657021535347898
update-seq,0,2-stackless,1,3,False,881481,0.019236919999999998,21.823408559004672
update-seq,0,2-stackless,1,4,False,881481,0.01920918199999999,21.791941062824943
update-seq,0,1x,1,0,True,881481,0.0618031,70.11279880110858
update-seq,0,1x,1,1,True,881481,0.0620304,70.37066028649511
update-seq,0,1x,1,2,False,881481,0.0607988,68.97346624601097
update-seq,0,1x,1,3,False,881481,0.0612699,69.50790771440337
update-seq,0,1x,1,4,False,881481,0.0622577,70.62852177188164
update-seq,0,2-stackless,2,0,True,881481,0.019128052,21.69990277725782
update-seq,0,2-stackless,2,1,True,881481,0.019111384999999998,21.680994825753473
update-seq,0,2-stackless,2,2,False,881481,0.019235249000000003,21.82151288570032
update-seq,0,2-stackless,2,3,False,881481,0.019113400999999995,21.683281885826236
update-seq,0,2-stackless,2,4,False,881481,0.01911315999999999,21.683008482315543
update-seq,0,2-stackful,2,0,True,881481,0.021966693,24.92021155305673
update-seq,0,2-stackful,2,1,True,881481,0.021944218000000005,24.89471469039038
update-seq,0,2-stackful,2,2,False,881481,0.021969194999999997,24.92304995796846
update-seq,0,2-stackful,2,3,False,881481,0.022300465000000005,25.298860667444906
update-seq,0,2-stackful,2,4,False,881481,0.022031160000000008,24.99334642493713
update-seq,0,1x,2,0,True,881481,0.0613591,69.60910104698797
update-seq,0,1x,2,1,True,881481,0.060482,68.61407109171951
update-seq,0,1x,2,2,False,881481,0.0608701,69.05435284481457
update-seq,0,1x,2,3,False,881481,0.0609025,69.09110916741257
update-seq,0,1x,2,4,False,881481,0.0611311,69.35044544352063
const-int,64,2-stackful,0,0,True,433457,0.025584576999999997,59.02448685798129
const-int,64,2-stackful,0,1,True,433457,0.025599365,59.05860327552676
const-int,64,2-stackful,0,2,False,433457,0.025556765000000002,58.9603236307177
const-int,64,2-stackful,0,3,False,433457,0.025521386000000007,58.87870307781397
const-int,64,2-stackful,0,4,False,433457,0.025591718999999985,59.040963694207235
const-int,64,1x,0,0,True,433457,0.0194658,44.90826079634197
const-int,64,1x,0,1,True,433457,0.0193846,44.72092964238667
const-int,64,1x,0,2,False,433457,0.0193884,44.72969637126636
const-int,64,1x,0,3,False,433457,0.0194367,44.841126109394935
const-int,64,1x,0,4,False,433457,0.0194496,44.87088684690754
const-int,64,2-stackless,0,0,True,433457,0.024478715,56.47322571789128
const-int,64,2-stackless,0,1,True,433457,0.024379472,56.244268750994905
const-int,64,2-stackless,0,2,False,433457,0.024421191000000002,56.34051589892423
const-int,64,2-stackless,0,3,False,433457,0.02450421600000001,56.5320573897757
const-int,64,2-stackless,0,4,False,433457,0.024430652999999997,56.36234505383463
const-int,64,2-stackless,1,0,True,433457,0.024375653,56.23545818847083
const-int,64,2-stackless,1,1,True,433457,0.024496733,56.51479385498446
const-int,64,2-stackless,1,2,False,433457,0.024398931,56.28916132396062
const-int,64,2-stackless,1,3,False,433457,0.024345827,56.16664859490099
const-int,64,2-stackless,1,4,False,433457,0.02440732100000001,56.30851733851342
const-int,64,2-stackful,1,0,True,433457,0.025601563,59.06367413607347
const-int,64,2-stackful,1,1,True,433457,0.025624836999999998,59.1173680434276
const-int,64,2-stackful,1,2,False,433457,0.02577914,59.473350297722725
const-int,64,2-stackful,1,3,False,433457,0.025512377000000003,58.85791900926736
const-int,64,2-stackful,1,4,False,433457,0.025562172999999994,58.972800070133815
const-int,64,1x,1,0,True,433457,0.0197141,45.48109731761166
const-int,64,1x,1,1,True,433457,0.01965,45.33321644361494
const-int,64,1x,1,2,False,433457,0.019386,44.72415948986866
const-int,64,1x,1,3,False,433457,0.0193393,44.61642100600521
const-int,64,1x,1,4,False,433457,0.0193272,44.58850589562517
const-int,64,2-stackless,2,0,True,433457,0.024554068000000002,56.647067644541444
const-int,64,2-stackless,2,1,True,433457,0.024445368,56.396293057904245
const-int,64,2-stackless,2,2,False,433457,0.024364933000000005,56.210726784894476
const-int,64,2-stackless,2,3,False,433457,0.024506135,56.536484587859924
const-int,64,2-stackless,2,4,False,433457,0.02448604,56.490124741323825
const-int,64,2-stackful,2,0,True,433457,0.025570602,58.99224605900931
const-int,64,2-stackful,2,1,True,433457,0.025569915,58.99066112670922
const-int,64,2-stackful,2,2,False,433457,0.025533375999999997,58.90636441446325
const-int,64,2-stackful,2,3,False,433457,0.025575270999999997,59.00301760036174
const-int,64,2-stackful,2,4,False,433457,0.025529252999999988,58.89685251362878
const-int,64,1x,2,0,True,433457,0.0194535,44.87988427917879
const-int,64,1x,2,1,True,433457,0.0193895,44.73223410857363
const-int,64,1x,2,2,False,433457,0.0194656,44.907799389558825
const-int,64,1x,2,3,False,433457,0.0194224,44.80813552440034
const-int,64,1x,2,4,False,433457,0.0193793,44.70870236263343
update-int,8,2-stackless,0,0,True,1065712,0.024196185999999998,22.70424467398321
update-int,8,2-stackless,0,1,True,1065712,0.024113448000000003,22.62660831444143
update-int,8,2-stackless,0,2,False,1065712,0.024134069999999994,22.645958758088483
update-int,8,2-stackless,0,3,False,1065712,0.024240422999999997,22.74575401234104
update-int,8,2-stackless,0,4,False,1065712,0.024340847999999998,22.839986788175416
update-int,8,1x,0,0,True,1065712,0.0199174,18.689289414025552
update-int,8,1x,0,1,True,1065712,0.0218908,20.541009203236896
update-int,8,1x,0,2,False,1065712,0.0213862,20.067522933025057
update-int,8,1x,0,3,False,1065712,0.0219683,20.613730538832254
update-int,8,1x,0,4,False,1065712,0.0218772,20.52824778176468
update-int,8,2-stackful,0,0,True,1065712,0.027624185000000002,25.920872618493554
update-int,8,2-stackful,0,1,True,1065712,0.027165832,25.490781749665953
update-int,8,2-stackful,0,2,False,1065712,0.027213558000000006,25.5355649556353
update-int,8,2-stackful,0,3,False,1065712,0.027238031999999995,25.558529884246397
update-int,8,2-stackful,0,4,False,1065712,0.027283509999999997,25.601203702313565
update-int,8,2-stackless,1,0,True,1065712,0.024138391,22.65001332442536
update-int,8,2-stackless,1,1,True,1065712,0.024238807,22.744237655201406
update-int,8,2-stackless,1,2,False,1065712,0.024162222000000004,22.672374900535985
update-int,8,2-stackless,1,3,False,1065712,0.024069113000000003,22.585007018781813
update-int,8,2-stackless,1,4,False,1065712,0.02415291,22.663637080186767
update-int,8,1x,1,0,True,1065712,0.0220044,20.64760460612248
update-int,8,1x,1,1,True,1065712,0.0214164,20.095860795411895
update-int,8,1x,1,2,False,1065712,0.0216379,20.303703064242498
update-int,8,1x,1,3,False,1065712,0.0220802,20.71873076403381
update-int,8,1x,1,4,False,1065712,0.0216155,20.282684252405904
update-int,8,2-stackful,1,0,True,1065712,0.027530087999999998,25.832577657003014
update-int,8,2-stackful,1,1,True,1065712,0.027304448000000002,25.620850661341905
update-int,8,2-stackful,1,2,False,1065712,0.027169348999999995,25.494081890792256
update-int,8,2-stackful,1,3,False,1065712,0.027260835999999997,25.5799277853679
update-int,8,2-stackful,1,4,False,1065712,0.02727808300000001,25.596111332142275
update-int,8,2-stackful,2,0,True,1065712,0.027161031,25.486276780218294
update-int,8,2-stackful,2,1,True,1065712,0.027134784999999998,25.46164911345654
update-int,8,2-stackful,2,2,False,1065712,0.027306591999999998,25.6228624619034
update-int,8,2-stackful,2,3,False,1065712,0.027241095000000007,25.5614040190971
update-int,8,2-stackful,2,4,False,1065712,0.027118102000000005,25.445994790337355
update-int,8,1x,2,0,True,1065712,0.0211778,19.871972915759606
update-int,8,1x,2,1,True,1065712,0.0208177,19.534076748690076
update-int,8,1x,2,2,False,1065712,0.0200645,18.827319200684613
update-int,8,1x,2,3,False,1065712,0.0207975,19.515122284444576
update-int,8,1x,2,4,False,1065712,0.0203832,19.126368099449007
update-int,8,2-stackless,2,0,True,1065712,0.024475772,22.966591349257584
update-int,8,2-stackless,2,1,True,1065712,0.024350916,22.849433993424114
update-int,8,2-stackless,2,2,False,1065712,0.024283581,22.786250882039425
update-int,8,2-stackless,2,3,False,1065712,0.024243183,22.748343830228055
update-int,8,2-stackless,2,4,False,1065712,0.024492278000000006,22.982079586229684
get-table,8,1x,0,0,True,741507,0.0696312,93.90497999344578
get-table,8,1x,0,1,True,741507,0.0700029,94.40625644801734
get-table,8,1x,0,2,False,741507,0.0696467,93.92588336994795
get-table,8,1x,0,3,False,741507,0.0704021,94.94461953831859
get-table,8,1x,0,4,False,741507,0.0699657,94.35608834441213
get-table,8,2-stackful,0,0,True,741507,0.022310314,30.087799575728887
get-table,8,2-stackful,0,1,True,741507,0.022463425999999998,30.294287174632203
get-table,8,2-stackful,0,2,False,741507,0.022291653999999994,30.062634607630127
get-table,8,2-stackful,0,3,False,741507,0.022114772000000005,29.82409066940704
get-table,8,2-stackful,0,4,False,741507,0.022150655000000005,29.872482660312045
get-table,8,2-stackless,0,0,True,741507,0.019959150000000002,26.91700820086662
get-table,8,2-stackless,0,1,True,741507,0.019745916,26.62943977602369
get-table,8,2-stackless,0,2,False,741507,0.019684196,26.54620387939696
get-table,8,2-stackless,0,3,False,741507,0.019700811,26.568610950402356
get-table,8,2-stackless,0,4,False,741507,0.019691152000000003,26.555584775329166
get-table,8,2-stackless,1,0,True,741507,0.020006427,26.980766196408126
get-table,8,2-stackless,1,1,True,741507,0.01977013,26.6620948959349
get-table,8,2-stackless,1,2,False,741507,0.019684471000000002,26.54657474575426
get-table,8,2-stackless,1,3,False,741507,0.019688371999999996,26.55183565360812
get-table,8,2-stackless,1,4,False,741507,0.019697323000000003,26.563907016386903
get-table,8,1x,1,0,True,741507,0.0696459,93.92480448599946
get-table,8,1x,1,1,True,741507,0.070314,94.82580744349008
get-table,8,1x,1,2,False,741507,0.0704607,95.02364778754617
get-table,8,1x,1,3,False,741507,0.0705716,95.17320807490691
get-table,8,1x,1,4,False,741507,0.0711535,95.95796128694671
get-table,8,2-stackful,1,0,True,741507,0.022144643000000002,29.864374847439073
get-table,8,2-stackful,1,1,True,741507,0.022109238000000003,29.816627489693293
get-table,8,2-stackful,1,2,False,741507,0.022235770999999994,29.987270518012636
get-table,8,2-stackful,1,3,False,741507,0.022109543999999995,29.817040162803583
get-table,8,2-stackful,1,4,False,741507,0.022122566999999996,29.834603044880218
get-table,8,2-stackless,2,0,True,741507,0.019711011,26.582366720745725
get-table,8,2-stackless,2,1,True,741507,0.019761482,26.650432160451622
get-table,8,2-stackless,2,2,False,741507,0.019713691999999998,26.58598233057813
get-table,8,2-stackless,2,3,False,741507,0.019728139000000006,26.60546562608311
get-table,8,2-stackless,2,4,False,741507,0.019684725,26.546917291407905
get-table,8,2-stackful,2,0,True,741507,0.022094944,29.797350530743472
get-table,8,2-stackful,2,1,True,741507,0.022198205000000002,29.936608825000985
get-table,8,2-stackful,2,2,False,741507,0.022122439,29.834430423448463
get-table,8,2-stackful,2,3,False,741507,0.022065713,29.757929459870237
get-table,8,2-stackful,2,4,False,741507,0.022086995999999998,29.786631818715126
get-table,8,1x,2,0,True,741507,0.0699375,94.31805768522752
get-table,8,1x,2,1,True,741507,0.069779,94.10430380293106
get-table,8,1x,2,2,False,741507,0.0695676,93.81920871954007
get-table,8,1x,2,3,False,741507,0.0702864,94.78858594726685
get-table,8,1x,2,4,False,741507,0.0695641,93.81448860226538
const-seq,256,1x,0,0,True,114765,0.0220506,192.1369755587505
const-seq,256,1x,0,1,True,114765,0.021767,189.66583888816277
const-seq,256,1x,0,2,False,114765,0.0216669,188.793621748791
const-seq,256,1x,0,3,False,114765,0.0216384,188.54528819762123
const-seq,256,1x,0,4,False,114765,0.0216842,188.94436457108003
const-seq,256,2-stackless,0,0,True,114765,0.019804013000000002,172.56143423517625
const-seq,256,2-stackless,0,1,True,114765,0.019671387000000002,171.40580316298525
const-seq,256,2-stackless,0,2,False,114765,0.019680471999999997,171.48496492833178
const-seq,256,2-stackless,0,3,False,114765,0.019807971,172.59592210168606
const-seq,256,2-stackless,0,4,False,114765,0.01966466900000001,171.34726615257276
const-seq,256,2-stackful,0,0,True,114765,0.019984090000000003,174.13052759987804
const-seq,256,2-stackful,0,1,True,114765,0.019977792,174.07565024179846
const-seq,256,2-stackful,0,2,False,114765,0.019984516,174.13423953295865
const-seq,256,2-stackful,0,3,False,114765,0.019981289000000006,174.10612120419995
const-seq,256,2-stackful,0,4,False,114765,0.019982196999999993,174.11403302400552
const-seq,256,1x,1,0,True,114765,0.021659,188.72478543109833
const-seq,256,1x,1,1,True,114765,0.0217022,189.1012068139241
const-seq,256,1x,1,2,False,114765,0.0218738,190.59643619570426
const-seq,256,1x,1,3,False,114765,0.0216218,188.40064479588725
const-seq,256,1x,1,4,False,114765,0.021682,188.92519496362132
const-seq,256,2-stackful,1,0,True,114765,0.019977842000000003,174.07608591469528
const-seq,256,2-stackful,1,1,True,114765,0.020097287000000002,175.11686489783474
const-seq,256,2-stackful,1,2,False,114765,0.019985055,174.13893608678603
const-seq,256,2-stackful,1,3,False,114765,0.019954508999999995,173.87277480067962
const-seq,256,2-stackful,1,4,False,114765,0.019971579000000003,174.02151352764346
const-seq,256,2-stackless,1,0,True,114765,0.020023542,174.47429094236048
const-seq,256,2-stackless,1,1,True,114765,0.019930472000000005,173.6633294122773
const-seq,256,2-stackless,1,2,False,114765,0.019895654999999998,173.35995294732714
const-seq,256,2-stackless,1,3,False,114765,0.019810141000000003,172.61483030540674
const-seq,256,2-stackless,1,4,False,114765,0.019596593999999995,170.75409750359427
const-seq,256,1x,2,0,True,114765,0.0218413,190.31324881279136
const-seq,256,1x,2,1,True,114765,0.0217421,189.4488737855618
const-seq,256,1x,2,2,False,114765,0.0216804,188.91125343092406
const-seq,256,1x,2,3,False,114765,0.021671,188.8293469263277
const-seq,256,1x,2,4,False,114765,0.0217419,189.44713109397463
const-seq,256,2-stackless,2,0,True,114765,0.019773247,172.29335598832395
const-seq,256,2-stackless,2,1,True,114765,0.019762092,172.1961573650503
const-seq,256,2-stackless,2,2,False,114765,0.019700694999999997,171.6611771881671
const-seq,256,2-stackless,2,3,False,114765,0.019779827,172.3506905415414
const-seq,256,2-stackless,2,4,False,114765,0.019783721000000004,172.38462074674337
const-seq,256,2-stackful,2,0,True,114765,0.020036371,174.58607589421862
const-seq,256,2-stackful,2,1,True,114765,0.019987997000000004,174.16457108003314
const-seq,256,2-stackful,2,2,False,114765,0.019986971,174.155631072191
const-seq,256,2-stackful,2,3,False,114765,0.019956291,173.88830218272122
const-seq,256,2-stackful,2,4,False,114765,0.020203359000000004,176.041118807999
get-seq,0,1x,0,0,True,883842,0.0636617,72.02837158677683
get-seq,0,1x,0,1,True,883842,0.0628038,71.05772298668768
get-seq,0,1x,0,2,False,883842,0.0628541,71.11463361098475
get-seq,0,1x,0,3,False,883842,0.0620715,70.22918123374993
get-seq,0,1x,0,4,False,883842,0.0624201,70.62359562003164
get-seq,0,2-stackful,0,0,True,883842,0.022108749,25.01436795264312
get-seq,0,2-stackful,0,1,True,883842,0.022062812000000005,24.962393731006223
get-seq,0,2-stackful,0,2,False,883842,0.022356901,25.295133066769854
get-seq,0,2-stackful,0,3,False,883842,0.022067678999999993,24.96790037133333
get-seq,0,2-stackful,0,4,False,883842,0.022053484999999998,24.951840939896492
get-seq,0,2-stackless,0,0,True,883842,0.019374582999999997,21.920867078052407
get-seq,0,2-stackless,0,1,True,883842,0.019210551000000003,21.735277345950976
get-seq,0,2-stackless,0,2,False,883842,0.019186649,21.708234050882396
get-seq,0,2-stackless,0,3,False,883842,0.01943332999999999,21.987334840390016
get-seq,0,2-stackless,0,4,False,883842,0.019423366999999997,21.976062463653
get-seq,0,2-stackful,1,0,True,883842,0.022343993,25.280528646522797
get-seq,0,2-stackful,1,1,True,883842,0.022371672000000002,25.3118453298214
get-seq,0,2-stackful,1,2,False,883842,0.022162880999999995,25.075614193487066
get-seq,0,2-stackful,1,3,False,883842,0.022051693999999997,24.949814559615856
get-seq,0,2-stackful,1,4,False,883842,0.022150949000000003,25.062114043007693
get-seq,0,2-stackless,1,0,True,883842,0.019425911,21.978940806162186
get-seq,0,2-stackless,1,1,True,883842,0.019164766000000003,21.683475100753306
get-seq,0,2-stackless,1,2,False,883842,0.01914341,21.659312411041793
get-seq,0,2-stackless,1,3,False,883842,0.019124574,21.63800090966485
get-seq,0,2-stackless,1,4,False,883842,0.01925112200000001,21.781180346713565
get-seq,0,1x,1,0,True,883842,0.062206,70.3813577539877
get-seq,0,1x,1,1,True,883842,0.0620371,70.19026025013521
get-seq,0,1x,1,2,False,883842,0.0624729,70.68333480418445
get-seq,0,1x,1,3,False,883842,0.0617941,69.91532423215914
get-seq,0,1x,1,4,False,883842,0.0624078,70.60967910554149
get-seq,0,2-stackful,2,0,True,883842,0.022017252,24.910846056195563
get-seq,0,2-stackful,2,1,True,883842,0.021984164000000004,24.873409500793134
get-seq,0,2-stackful,2,2,False,883842,0.021989787000000004,24.87977149762062
get-seq,0,2-stackful,2,3,False,883842,0.022056447999999992,24.95519334903749
get-seq,0,2-stackful,2,4,False,883842,0.02201367800000001,24.906802347025835
get-seq,0,2-stackless,2,0,True,883842,0.019175353,21.69545348603031
get-seq,0,2-stackless,2,1,True,883842,0.019163628999999998,21.682188671730916
get-seq,0,2-stackless,2,2,False,883842,0.019119950000000004,21.632769205355714
get-seq,0,2-stackless,2,3,False,883842,0.019152168999999997,21.66922255335229
get-seq,0,2-stackless,2,4,False,883842,0.019117734999999997,21.630263101323536
get-seq,0,1x,2,0,True,883842,0.062427,70.63140244523342
get-seq,0,1x,2,1,True,883842,0.0619059,70.04181742890698
get-seq,0,1x,2,2,False,883842,0.0625325,70.75076767114486
get-seq,0,1x,2,3,False,883842,0.0616505,69.75285175404653
get-seq,0,1x,2,4,False,883842,0.0636204,71.9816437779603
const-seq,64,1x,0,0,True,329915,0.0373504,113.2121910188988
const-seq,64,1x,0,1,True,329915,0.0376846,114.22517921282754
const-seq,64,1x,0,2,False,329915,0.0370693,112.36015337283845
const-seq,64,1x,0,3,False,329915,0.0377464,114.41250018944274
const-seq,64,1x,0,4,False,329915,0.0379992,115.17875816498189
const-seq,64,2-stackless,0,0,True,329915,0.020259708,61.408871982177224
const-seq,64,2-stackless,0,1,True,329915,0.020091068,60.8977100162163
const-seq,64,2-stackless,0,2,False,329915,0.020270992,61.4430747313702
const-seq,64,2-stackless,0,3,False,329915,0.019942825000000004,60.44837306578968
const-seq,64,2-stackless,0,4,False,329915,0.019638638,59.52635678886986
const-seq,64,2-stackful,0,0,True,329915,0.020822327999999998,63.11422032947879
const-seq,64,2-stackful,0,1,True,329915,0.021196156,64.24732431080733
const-seq,64,2-stackful,0,2,False,329915,0.02090766699999999,63.37288998681476
const-seq,64,2-stackful,0,3,False,329915,0.020807828,63.07026961490081
const-seq,64,2-stackful,0,4,False,329915,0.02081056099999999,63.0785535668278
const-seq,64,1x,1,0,True,329915,0.0379386,114.9950744888835
const-seq,64,1x,1,1,True,329915,0.0374503,113.51499628692238
const-seq,64,1x,1,2,False,329915,0.0378134,114.61558280163072
const-seq,64,1x,1,3,False,329915,0.0369677,112.05219526241608
const-seq,64,1x,1,4,False,329915,0.0371816,112.70054407953563
const-seq,64,2-stackful,1,0,True,329915,0.020867901,63.25235590985557
const-seq,64,2-stackful,1,1,True,329915,0.021045303,63.790076231756665
const-seq,64,2-stackful,1,2,False,329915,0.020803620999999994,63.057517845505636
const-seq,64,2-stackful,1,3,False,329915,0.02084279800000001,63.17626661412792
const-seq,64,2-stackful,1,4,False,329915,0.020848235999999992,63.19274964763649
const-seq,64,2-stackless,1,0,True,329915,0.019903512,60.32921206977555
const-seq,64,2-stackless,1,1,True,329915,0.019832524999999997,60.11404452662048
const-seq,64,2-stackless,1,2,False,329915,0.019768334,59.91947622872558
const-seq,64,2-stackless,1,3,False,329915,0.019874008,60.239782974402495
const-seq,64,2-stackless,1,4,False,329915,0.019735237000000003,59.81915644938849
const-seq,64,2-stackful,2,0,True,329915,0.021045384,63.79032174954155
const-seq,64,2-stackful,2,1,True,329915,0.021094097,63.93797493293727
const-seq,64,2-stackful,2,2,False,329915,0.020787426999999997,63.008432475031434
const-seq,64,2-stackful,2,3,False,329915,0.020809066,63.074022096600636
const-seq,64,2-stackful,2,4,False,329915,0.020820878,63.109825258021004
const-seq,64,1x,2,0,True,329915,0.04515,136.8534319445918
const-seq,64,1x,2,1,True,329915,0.0457697,138.73179455314246
const-seq,64,1x,2,2,False,329915,0.0452619,137.19261021778337
const-seq,64,1x,2,3,False,329915,0.0450144,136.44241698619342
const-seq,64,1x,2,4,False,329915,0.0458065,138.84333843565767
const-seq,64,2-stackless,2,0,True,329915,0.019817895,60.069699771153175
const-seq,64,2-stackless,2,1,True,329915,0.019747838000000004,59.857351135898654
const-seq,64,2-stackless,2,2,False,329915,0.019721548,59.777663943743086
const-seq,64,2-stackless,2,3,False,329915,0.019715066000000003,59.75801645878485
const-seq,64,2-stackless,2,4,False,329915,0.019889428,60.28652228604337
assign-int,256,2-stackful,0,0,True,45879,0.030446879,663.6343207131803
assign-int,256,2-stackful,0,1,True,45879,0.030162137000000002,657.4279517862203
assign-int,256,2-stackful,0,2,False,45879,0.029962784,653.0827611761372
assign-int,256,2-stackful,0,3,False,45879,0.030083518000000004,655.7143355347763
assign-int,256,2-stackful,0,4,False,45879,0.03047693899999998,664.2895224394599
assign-int,256,1x,0,0,True,45879,0.0201232,438.61461670916975
assign-int,256,1x,0,1,True,45879,0.0199562,434.9746071187253
assign-int,256,1x,0,2,False,45879,0.0200379,436.7553782776434
assign-int,256,1x,0,3,False,45879,0.0200442,436.89269600470806
assign-int,256,1x,0,4,False,45879,0.0199362,434.53867782645654
assign-int,256,2-stackless,0,0,True,45879,0.030033431,654.6226160116829
assign-int,256,2-stackless,0,1,True,45879,0.030049274,654.9679374005536
assign-int,256,2-stackless,0,2,False,45879,0.030021242999999996,654.3569607009742
assign-int,256,2-stackless,0,3,False,45879,0.029967678999999997,653.1894548704199
assign-int,256,2-stackless,0,4,False,45879,0.030021209000000007,654.3562196211776
assign-int,256,2-stackless,1,0,True,45879,0.030009192,654.0942915059178
assign-int,256,2-stackless,1,1,True,45879,0.029984429000000003,653.5545456526952
assign-int,256,2-stackless,1,2,False,45879,0.029991637,653.7116545696288
assign-int,256,2-stackless,1,3,False,45879,0.03018468199999999,657.91935308093
assign-int,256,2-stackless,1,4,False,45879,0.030011307000000015,654.1403910285754
assign-int,256,2-stackful,1,0,True,45879,0.030194966,658.1435079230149
assign-int,256,2-stackful,1,1,True,45879,0.030475898999999997,664.2668541162623
assign-int,256,2-stackful,1,2,False,45879,0.030250963,659.3640445519736
assign-int,256,2-stackful,1,3,False,45879,0.02989163900000001,651.5320517012143
assign-int,256,2-stackful,1,4,False,45879,0.030025232000000013,654.4439067983176
assign-int,256,1x,1,0,True,45879,0.0201435,439.0570849408226
assign-int,256,1x,1,1,True,45879,0.0199356,434.5255999476885
assign-int,256,1x,1,2,False,45879,0.0198423,432.49198979925455
assign-int,256,1x,1,3,False,45879,0.0198331,432.29146232481094
assign-int,256,1x,1,4,False,45879,0.0198923,433.58181302992654
assign-int,256,2-stackless,2,0,True,45879,0.030267147,659.7167985352776
assign-int,256,2-stackless,2,1,True,45879,0.030207888999999998,658.4251836352144
assign-int,256,2-stackless,2,2,False,45879,0.030340434000000006,661.3141960374029
assign-int,256,2-stackless,2,3,False,45879,0.030450490999999996,663.713049543364
assign-int,256,2-stackless,2,4,False,45879,0.030254815000000018,659.4480045336651
assign-int,256,1x,2,0,True,45879,0.0199812,435.5195187340613
assign-int,256,1x,2,1,True,45879,0.0202672,441.7533076135051
assign-int,256,1x,2,2,False,45879,0.0199322,434.4514919680028
assign-int,256,1x,2,3,False,45879,0.0197123,429.6584493995074
assign-int,256,1x,2,4,False,45879,0.0198545,432.7579066675385
assign-int,256,2-stackful,2,0,True,45879,0.030097806999999997,656.0257852176376
assign-int,256,2-stackful,2,1,True,45879,0.029951623,652.8394908345866
assign-int,256,2-stackful,2,2,False,45879,0.029885361,651.3952134963708
assign-int,256,2-stackful,2,3,False,45879,0.029971891,653.2812615793719
assign-int,256,2-stackful,2,4,False,45879,0.030271493999999996,659.8115477669521
get-int,8,2-stackful,0,0,True,1508160,0.035753082000000005,23.706425047740296
get-int,8,2-stackful,0,1,True,1508160,0.03572593,23.688421652875025
get-int,8,2-stackful,0,2,False,1508160,0.035718274999999994,23.683345931466153
get-int,8,2-stackful,0,3,False,1508160,0.03562702400000001,23.622841077869726
get-int,8,2-stackful,0,4,False,1508160,0.03569129800000001,23.6654585720348
get-int,8,1x,0,0,True,1508160,0.0180358,11.958810736261405
get-int,8,1x,0,1,True,1508160,0.017887,11.860147464460004
get-int,8,1x,0,2,False,1508160,0.0181159,12.011921812009335
get-int,8,1x,0,3,False,1508160,0.0179561,11.905964884362401
get-int,8,1x,0,4,False,1508160,0.0179494,11.90152238489285
get-int,8,2-stackless,0,0,True,1508160,0.030896655999999998,20.486325058349244
get-int,8,2-stackless,0,1,True,1508160,0.031181467999999997,20.6751723955018
get-int,8,2-stackless,0,2,False,1508160,0.031201776999999993,20.68863847337152
get-int,8,2-stackless,0,3,False,1508160,0.03127049,20.73419928920008
get-int,8,2-stackless,0,4,False,1508160,0.031247519,20.718968146615744
get-int,8,1x,1,0,True,1508160,0.0182481,12.099578294080203
get-int,8,1x,1,1,True,1508160,0.0181362,12.025381922342458
get-int,8,1x,1,2,False,1508160,0.0179096,11.875132611924464
get-int,8,1x,1,3,False,1508160,0.0178564,11.839857840016974
get-int,8,1x,1,4,False,1508160,0.0179718,11.916374920432846
get-int,8,2-stackful,1,0,True,1508160,0.036041171,23.897445231275196
get-int,8,2-stackful,1,1,True,1508160,0.035825996,23.754771377042225
get-int,8,2-stackful,1,2,False,1508160,0.035848613,23.769767796520263
get-int,8,2-stackful,1,3,False,1508160,0.03559401100000001,23.600951490558035
get-int,8,2-stackful,1,4,False,1508160,0.03568824600000001,23.663434914067476
get-int,8,2-stackless,1,0,True,1508160,0.031060492000000002,20.59495809463187
get-int,8,2-stackless,1,1,True,1508160,0.030953222,20.52383168894547
get-int,8,2-stackless,1,2,False,1508160,0.031095162000000003,20.617946371737748
get-int,8,2-stackless,1,3,False,1508160,0.030668,20.334712497347763
get-int,8,2-stackless,1,4,False,1508160,0.030737586999999997,20.380852827286226
get-int,8,2-stackful,2,0,True,1508160,0.035763711,23.713472708465947
get-int,8,2-stackful,2,1,True,1508160,0.035986412,23.861136749416506
get-int,8,2-stackful,2,2,False,1508160,0.035952947,23.838947459155527
get-int,8,2-stackful,2,3,False,1508160,0.035686609999999994,23.662350148525352
get-int,8,2-stackful,2,4,False,1508160,0.03547518600000002,23.522163430935723
get-int,8,2-stackless,2,0,True,1508160,0.030913198,20.497293390621685
get-int,8,2-stackless,2,1,True,1508160,0.030785706000000003,20.412758593252708
get-int,8,2-stackless,2,2,False,1508160,0.031184843999999996,20.677410884786756
get-int,8,2-stackless,2,3,False,1508160,0.030940798000000005,20.515593836197752
get-int,8,2-stackless,2,4,False,1508160,0.030773386,20.404589698705706
get-int,8,1x,2,0,True,1508160,0.0179444,11.898207086781243
get-int,8,1x,2,1,True,1508160,0.0181214,12.015568639932102
get-int,8,1x,2,2,False,1508160,0.0180619,11.976116592403988
get-int,8,1x,2,3,False,1508160,0.0179343,11.891510184595798
get-int,8,1x,2,4,False,1508160,0.0178712,11.84967112242733
make-seq,0,2-stackless,0,0,True,1353290,0.029435808,21.75129351432435
make-seq,0,2-stackless,0,1,True,1353290,0.029609006,21.879276430033475
make-seq,0,2-stackless,0,2,False,1353290,0.029257395999999998,21.619457765889052
make-seq,0,2-stackless,0,3,False,1353290,0.029604498999999992,21.875946027828473
make-seq,0,2-stackless,0,4,False,1353290,0.029478472000000006,21.78281964693451
make-seq,0,2-stackful,0,0,True,1353290,0.033763677,24.949328673085592
make-seq,0,2-stackful,0,1,True,1353290,0.033793831999999996,24.97161140627655
make-seq,0,2-stackful,0,2,False,1353290,0.03411465699999999,25.208681805082424
make-seq,0,2-stackful,0,3,False,1353290,0.033758501999999996,24.94550465901617
make-seq,0,2-stackful,0,4,False,1353290,0.033745705000000015,24.936048444900955
make-seq,0,1x,0,0,True,1353290,0.0194791,14.3938845332486
make-seq,0,1x,0,1,True,1353290,0.0190969,14.111461697049412
make-seq,0,1x,0,2,False,1353290,0.0182928,13.51728010995426
make-seq,0,1x,0,3,False,1353290,0.0185087,13.67681723799038
make-seq,0,1x,0,4,False,1353290,0.0189365,13.992935734395436
make-seq,0,1x,1,0,True,1353290,0.0192852,14.25060408338198
make-seq,0,1x,1,1,True,1353290,0.0193472,14.296418358223292
make-seq,0,1x,1,2,False,1353290,0.0190089,14.046434984371421
make-seq,0,1x,1,3,False,1353290,0.0187743,13.873079679891228
make-seq,0,1x,1,4,False,1353290,0.018902,13.967442307265996
make-seq,0,2-stackless,1,0,True,1353290,0.029547379999999998,21.83373851872104
make-seq,0,2-stackless,1,1,True,1353290,0.029102434,21.504950158502613
make-seq,0,2-stackless,1,2,False,1353290,0.029146907000000007,21.537813033422257
make-seq,0,2-stackless,1,3,False,1353290,0.029531644999999995,21.822111299130263
make-seq,0,2-stackless,1,4,False,1353290,0.029132227999999996,21.52696613438361
make-seq,0,2-stackful,1,0,True,1353290,0.033747105,24.93708296078446
make-seq,0,2-stackful,1,1,True,1353290,0.033873696,25.0306261037915
make-seq,0,2-stackful,1,2,False,1353290,0.03376475799999999,24.95012746713564
make-seq,0,2-stackful,1,3,False,1353290,0.03388717799999999,25.04058849174973
make-seq,0,2-stackful,1,4,False,1353290,0.033828679,24.997361245557123
make-seq,0,1x,2,0,True,1353290,0.0191748,14.169025116567772
make-seq,0,1x,2,1,True,1353290,0.0183717,13.575582469389413
make-seq,0,1x,2,2,False,1353290,0.0189106,13.973797190550437
make-seq,0,1x,2,3,False,1353290,0.0185051,13.674157054289916
make-seq,0,1x,2,4,False,1353290,0.018951,14.003650363188969
make-seq,0,2-stackful,2,0,True,1353290,0.033788183,24.967437134686577
make-seq,0,2-stackful,2,1,True,1353290,0.033756119,24.94374376519445
make-seq,0,2-stackful,2,2,False,1353290,0.034260788,25.316663834063654
make-seq,0,2-stackful,2,3,False,1353290,0.033698011000000014,24.900805444509317
make-seq,0,2-stackful,2,4,False,1353290,0.03373431100000002,24.92762896348899
make-seq,0,2-stackless,2,0,True,1353290,0.029132589,21.527232891693576
make-seq,0,2-stackless,2,1,True,1353290,0.029099214999999998,21.502571510910446
make-seq,0,2-stackless,2,2,False,1353290,0.029105622999999997,21.50730663789727
make-seq,0,2-stackless,2,3,False,1353290,0.02916914999999999,21.554249273991527
make-seq,0,2-stackless,2,4,False,1353290,0.029146723,21.537677068477564
add-int,8,2-stackless,0,0,True,1352769,0.026811232,19.819519814543355
add-int,8,2-stackless,0,1,True,1352769,0.026769686,19.788807993086774
add-int,8,2-stackless,0,2,False,1352769,0.026748885000000007,19.773431384072232
add-int,8,2-stackless,0,3,False,1352769,0.026689599999999994,19.729606459048064
add-int,8,2-stackless,0,4,False,1352769,0.026710545999999988,19.745090255616436
add-int,8,2-stackful,0,0,True,1352769,0.031369145,23.188840814654977
add-int,8,2-stackful,0,1,True,1352769,0.031139186000000006,23.018849485758476
add-int,8,2-stackful,0,2,False,1352769,0.03114716699999999,23.02474923656588
add-int,8,2-stackful,0,3,False,1352769,0.031133563000000003,23.014692826343598
add-int,8,2-stackful,0,4,False,1352769,0.031130586000000002,23.012492154979896
add-int,8,1x,0,0,True,1352769,0.0200593,14.828326196120697
add-int,8,1x,0,1,True,1352769,0.020199,14.931595860047059
add-int,8,1x,0,2,False,1352769,0.019954,14.75048585530863
add-int,8,1x,0,3,False,1352769,0.0199327,14.734740373264025
add-int,8,1x,0,4,False,1352769,0.0199393,14.739619255024325
add-int,8,1x,1,0,True,1352769,0.0201585,14.901657267427034
add-int,8,1x,1,1,True,1352769,0.0203227,15.023037931827238
add-int,8,1x,1,2,False,1352769,0.019972,14.763791896473085
add-int,8,1x,1,3,False,1352769,0.0199625,14.75676926363629
add-int,8,1x,1,4,False,1352769,0.0199604,14.755216892167104
add-int,8,2-stackless,1,0,True,1352769,0.026875507,19.8670334698681
add-int,8,2-stackless,1,1,True,1352769,0.026713158999999997,19.747021849258815
add-int,8,2-stackless,1,2,False,1352769,0.026820819000000003,19.826606759912448
add-int,8,2-stackless,1,3,False,1352769,0.026799592999999997,19.810915980481514
add-int,8,2-stackless,1,4,False,1352769,0.026976145000000007,19.94142754601858
add-int,8,2-stackful,1,0,True,1352769,0.031186632000000002,23.05392273181896
add-int,8,2-stackful,1,1,True,1352769,0.031050624000000002,22.953382284780332
add-int,8,2-stackful,1,2,False,1352769,0.031450931999999994,23.249299769583715
add-int,8,2-stackful,1,3,False,1352769,0.031596757,23.357097183628547
add-int,8,2-stackful,1,4,False,1352769,0.03114288300000001,23.021582398768757
add-int,8,1x,2,0,True,1352769,0.0200207,14.799792130068031
add-int,8,1x,2,1,True,1352769,0.020052,14.822929857204002
add-int,8,1x,2,2,False,1352769,0.0199887,14.776136945775665
add-int,8,1x,2,3,False,1352769,0.0199703,14.762535214807555
add-int,8,1x,2,4,False,1352769,0.0199615,14.756030039127154
add-int,8,2-stackless,2,0,True,1352769,0.026825814,19.830299186335584
add-int,8,2-stackless,2,1,True,1352769,0.026759801,19.78150075881396
add-int,8,2-stackless,2,2,False,1352769,0.026752274,19.775936615933688
add-int,8,2-stackless,2,3,False,1352769,0.02675515299999999,19.778064843295486
add-int,8,2-stackless,2,4,False,1352769,0.026792964000000002,19.806015661210452
add-int,8,2-stackful,2,0,True,1352769,0.031068483,22.966584095288997
add-int,8,2-stackful,2,1,True,1352769,0.031094845000000003,22.986071531798853
add-int,8,2-stackful,2,2,False,1352769,0.031154394000000002,23.03009161209342
add-int,8,2-stackful,2,3,False,1352769,0.031160347000000005,23.03449221559631
add-int,8,2-stackful,2,4,False,1352769,0.03110634100000001,22.994569656755893
get-table,0,2-stackless,0,0,True,910805,0.019981109,21.937856072375535
get-table,0,2-stackless,0,1,True,910805,0.019790978999999997,21.72910666937489
get-table,0,2-stackless,0,2,False,910805,0.019747653999999996,21.681538858482327
get-table,0,2-stackless,0,3,False,910805,0.01977962199999999,21.716637480031387
get-table,0,2-stackless,0,4,False,910805,0.019793162000000003,21.731503450244567
get-table,0,1x,0,0,True,910805,0.0679644,74.62014371901779
get-table,0,1x,0,1,True,910805,0.0673706,73.96819297215102
get-table,0,1x,0,2,False,910805,0.0681273,74.79899649211411
get-table,0,1x,0,3,False,910805,0.067809,74.44952541982093
get-table,0,1x,0,4,False,910805,0.0681626,74.83775341593426
get-table,0,2-stackful,0,0,True,910805,0.022706357,24.92998720911721
get-table,0,2-stackful,0,1,True,910805,0.022689845000000004,24.91185819138016
get-table,0,2-stackful,0,2,False,910805,0.023003804000000003,25.256563150180337
get-table,0,2-stackful,0,3,False,910805,0.02305401,25.31168581639319
get-table,0,2-stackful,0,4,False,910805,0.022765368000000008,24.994777147688044
get-table,0,2-stackless,1,0,True,910805,0.019961246000000002,21.916047891700202
get-table,0,2-stackless,1,1,True,910805,0.019957264,21.911675935024512
get-table,0,2-stackless,1,2,False,910805,0.020215095000000002,22.194756287020827
get-table,0,2-stackless,1,3,False,910805,0.01999674299999999,21.955021107701416
get-table,0,2-stackless,1,4,False,910805,0.019886252000000007,21.8337097402847
get-table,0,1x,1,0,True,910805,0.0678188,74.4602851323829
get-table,0,1x,1,1,True,910805,0.0670188,73.58194124977355
get-table,0,1x,1,2,False,910805,0.0681469,74.82051591723805
get-table,0,1x,1,3,False,910805,0.068246,74.92932076569627
get-table,0,1x,1,4,False,910805,0.0680148,74.67547938362218
get-table,0,2-stackful,1,0,True,910805,0.022940763,25.187348554300865
get-table,0,2-stackful,1,1,True,910805,0.022717056,24.941733960617256
get-table,0,2-stackful,1,2,False,910805,0.022716843000000007,24.94150010155852
get-table,0,2-stackful,1,3,False,910805,0.022760719999999998,24.989673969730074
get-table,0,2-stackful,1,4,False,910805,0.023061587999999994,25.3200059288212
get-table,0,2-stackful,2,0,True,910805,0.022732621999999997,24.958824336713125
get-table,0,2-stackful,2,1,True,910805,0.022699783,24.92276941826187
get-table,0,2-stackful,2,2,False,910805,0.022674144000000007,24.8946195947541
get-table,0,2-stackful,2,3,False,910805,0.022764519999999996,24.993846103172466
get-table,0,2-stackful,2,4,False,910805,0.022724097,24.94946448471407
get-table,0,2-stackless,2,0,True,910805,0.019929154999999997,21.880814224779176
get-table,0,2-stackless,2,1,True,910805,0.01991157,21.861507128309572
get-table,0,2-stackless,2,2,False,910805,0.019890536,21.838413271776066
get-table,0,2-stackless,2,3,False,910805,0.020140963000000005,22.113364551138833
get-table,0,2-stackless,2,4,False,910805,0.019933064,21.885106032575578
get-table,0,1x,2,0,True,910805,0.0676938,74.32304390072518
get-table,0,1x,2,1,True,910805,0.0680651,74.73070525524125
get-table,0,1x,2,2,False,910805,0.0680255,74.68722723305208
get-table,0,1x,2,3,False,910805,0.0679555,74.61037214332376
get-table,0,1x,2,4,False,910805,0.0683008,74.98948732165502
update-table,64,1x,0,0,True,201153,0.0589341,292.98146187230617
update-table,64,1x,0,1,True,201153,0.0587532,292.08214642585494
update-table,64,1x,0,2,False,201153,0.0584678,290.6633259260364
update-table,64,1x,0,3,False,201153,0.0589164,292.89346915034827
update-table,64,1x,0,4,False,201153,0.05841,290.3759824611117
update-table,64,2-stackless,0,0,True,201153,0.019628246000000002,97.57868885872945
update-table,64,2-stackless,0,1,True,201153,0.019568019,97.27927995108202
update-table,64,2-stackless,0,2,False,201153,0.019588092,97.37906966339055
update-table,64,2-stackless,0,3,False,201153,0.019624343999999995,97.55929068917688
update-table,64,2-stackless,0,4,False,201153,0.019647194000000007,97.67288581328644
update-table,64,2-stackful,0,0,True,201153,0.020286474000000002,100.85096419143639
update-table,64,2-stackful,0,1,True,201153,0.020316099,100.99824014556084
update-table,64,2-stackful,0,2,False,201153,0.020292991000000003,100.88336241567366
update-table,64,2-stackful,0,3,False,201153,0.020274089000000002,100.78939414276697
update-table,64,2-stackful,0,4,False,201153,0.020303834999999992,100.93727162905844
update-table,64,2-stackful,1,0,True,201153,0.020284266,100.83998747222263
update-table,64,2-stackful,1,1,True,201153,0.020274067,100.78928477328203
update-table,64,2-stackful,1,2,False,201153,0.020236796,100.60399795180783
update-table,64,2-stackful,1,3,False,201153,0.020243238999999996,100.63602829686853
update-table,64,2-stackful,1,4,False,201153,0.020274716999999998,100.79251614442735
update-table,64,1x,1,0,True,201153,0.0585739,291.19078512376154
update-table,64,1x,1,1,True,201153,0.0585775,291.2086819485665
update-table,64,1x,1,2,False,201153,0.0593471,295.03462538465743
update-table,64,1x,1,3,False,201153,0.0587947,292.2884570451348
update-table,64,1x,1,4,False,201153,0.0587851,292.24073217898814
update-table,64,2-stackless,1,0,True,201153,0.019668559,97.77909849716384
update-table,64,2-stackless,1,1,True,201153,0.019644413,97.65906051612454
update-table,64,2-stackless,1,2,False,201153,0.019643255999999998,97.6533086754858
update-table,64,2-stackless,1,3,False,201153,0.019658513999999995,97.72916138461765
update-table,64,2-stackless,1,4,False,201153,0.01962182400000001,97.54676291181345
update-table,64,2-stackless,2,0,True,201153,0.019584699,97.36220190601185
update-table,64,2-stackless,2,1,True,201153,0.019582079000000002,97.349176994626
update-table,64,2-stackless,2,2,False,201153,0.019669067,97.78162393799744
update-table,64,2-stackless,2,3,False,201153,0.019761512000000002,98.24119948496917
update-table,64,2-stackless,2,4,False,201153,0.019566172000000007,97.27009788568904
update-table,64,2-stackful,2,0,True,201153,0.020239417,100.61702783453391
update-table,64,2-stackful,2,1,True,201153,0.020233452000000002,100.58737379010009
update-table,64,2-stackful,2,2,False,201153,0.020257889,100.70885843114445
update-table,64,2-stackful,2,3,False,201153,0.020287996000000003,100.85853057125672
update-table,64,2-stackful,2,4,False,201153,0.020242068000000002,100.63020685746672
update-table,64,1x,2,0,True,201153,0.0584976,290.8114718647
update-table,64,1x,2,1,True,201153,0.0585459,291.05158759750043
update-table,64,1x,2,2,False,201153,0.0587859,292.244709251167
update-table,64,1x,2,3,False,201153,0.0584773,290.7105536581607
update-table,64,1x,2,4,False,201153,0.0587714,292.17262481792466
do-int,8,1x,0,0,True,132423,0.0199093,150.3462389464066
do-int,8,1x,0,1,True,132423,0.0200852,151.6745580450526
do-int,8,1x,0,2,False,132423,0.0198564,149.94676151423846
do-int,8,1x,0,3,False,132423,0.0198354,149.78817879069345
do-int,8,1x,0,4,False,132423,0.019835,149.78515816738783
do-int,8,2-stackful,0,0,True,132423,0.032450592,245.05253619084297
do-int,8,2-stackful,0,1,True,132423,0.032489321,245.34500049085128
do-int,8,2-stackful,0,2,False,132423,0.032324587,244.10100209178165
do-int,8,2-stackful,0,3,False,132423,0.032415364,244.78650989631714
do-int,8,2-stackful,0,4,False,132423,0.03266043499999999,246.6371778316455
do-int,8,2-stackless,0,0,True,132423,0.028716397,216.85354507902704
do-int,8,2-stackless,0,1,True,132423,0.028641664,216.28919447527997
do-int,8,2-stackless,0,2,False,132423,0.028418574000000002,214.60451734215357
do-int,8,2-stackless,0,3,False,132423,0.028522115,215.3864132363713
do-int,8,2-stackless,0,4,False,132423,0.028406408000000008,214.5126450843132
do-int,8,2-stackful,1,0,True,132423,0.03233768,244.19987464413282
do-int,8,2-stackful,1,1,True,132423,0.03219883800000001,243.15140119163596
do-int,8,2-stackful,1,2,False,132423,0.032076006000000004,242.2238281869464
do-int,8,2-stackful,1,3,False,132423,0.03199903500000001,241.64257719580442
do-int,8,2-stackful,1,4,False,132423,0.032010590000000005,241.72983545154545
do-int,8,2-stackless,1,0,True,132423,0.028401483,214.47545365986272
do-int,8,2-stackless,1,1,True,132423,0.02855297,215.61941656660852
do-int,8,2-stackless,1,2,False,132423,0.028567956999999998,215.73259177031179
do-int,8,2-stackless,1,3,False,132423,0.02869276600000001,216.6750942056894
do-int,8,2-stackless,1,4,False,132423,0.028519220999999997,215.36455902675513
do-int,8,1x,1,0,True,132423,0.0200042,151.06288182566473
do-int,8,1x,1,1,True,132423,0.0198734,150.07513800472728
do-int,8,1x,1,2,False,132423,0.0198189,149.66357807933667
do-int,8,1x,1,3,False,132423,0.0198154,149.6371476254125
do-int,8,1x,1,4,False,132423,0.0198391,149.81611955627042
do-int,8,2-stackful,2,0,True,132423,0.032596077,246.15117464488796
do-int,8,2-stackful,2,1,True,132423,0.032253419000000005,243.56357279324592
do-int,8,2-stackful,2,2,False,132423,0.032138653,242.6969106575142
do-int,8,2-stackful,2,3,False,132423,0.032319526,244.0627836554073
do-int,8,2-stackful,2,4,False,132423,0.032422221,244.8382909313337
do-int,8,2-stackless,2,0,True,132423,0.028870392,218.0164472938991
do-int,8,2-stackless,2,1,True,132423,0.02894175,218.555311388505
do-int,8,2-stackless,2,2,False,132423,0.029049421,219.3683952183533
do-int,8,2-stackless,2,3,False,132423,0.029079440999999998,219.59509299744
do-int,8,2-stackless,2,4,False,132423,0.028839573000000007,217.78371581975946
do-int,8,1x,2,0,True,132423,0.0201239,151.96680334987124
do-int,8,1x,2,1,True,132423,0.0199828,150.9012784788141
do-int,8,1x,2,2,False,132423,0.0200202,151.1837067578895
do-int,8,1x,2,3,False,132423,0.0200007,151.03645137174055
do-int,8,1x,2,4,False,132423,0.0202515,152.93038218436374
assign-table,0,2-stackless,0,0,True,888712,0.019658486,22.120198669535238
assign-table,0,2-stackless,0,1,True,888712,0.019260582000000002,21.67246757104664
assign-table,0,2-stackless,0,2,False,888712,0.019261072000000004,21.673018930767228
assign-table,0,2-stackless,0,3,False,888712,0.019328752000000005,21.749174085643048
assign-table,0,2-stackless,0,4,False,888712,0.019244059999999993,21.653876621447658
assign-table,0,1x,0,0,True,888712,0.0651791,73.3410823753927
assign-table,0,1x,0,1,True,888712,0.0662686,74.56701383575331
assign-table,0,1x,0,2,False,888712,0.0656761,73.90031866341403
assign-table,0,1x,0,3,False,888712,0.065868,74.11624913357757
assign-table,0,1x,0,4,False,888712,0.0657888,74.02713139914842
assign-table,0,2-stackful,0,0,True,888712,0.022158135,24.932863514839454
assign-table,0,2-stackful,0,1,True,888712,0.022129927999999997,24.90112432374042
assign-table,0,2-stackful,0,2,False,888712,0.02211907099999999,24.888907767645748
assign-table,0,2-stackful,0,3,False,888712,0.022173568000000005,24.950229095590025
assign-table,0,2-stackful,0,4,False,888712,0.022124471000000007,24.894983976811393
assign-table,0,2-stackless,1,0,True,888712,0.019294443,21.710568778186857
assign-table,0,2-stackless,1,1,True,888712,0.019327198000000004,21.74742548767205
assign-table,0,2-stackless,1,2,False,888712,0.019254401999999997,21.665513687223754
assign-table,0,2-stackless,1,3,False,888712,0.019245474000000005,21.65546768806993
assign-table,0,2-stackless,1,4,False,888712,0.019233245999999996,21.641708449981543
assign-table,0,2-stackful,1,0,True,888712,0.022147509,24.92090688547021
assign-table,0,2-stackful,1,1,True,888712,0.022226750000000003,25.010070754080065
assign-table,0,2-stackful,1,2,False,888712,0.022203121000000006,24.983482838084786
assign-table,0,2-stackful,1,3,False,888712,0.022153665000000003,24.927833763919026
assign-table,0,2-stackful,1,4,False,888712,0.022188453999999996,24.966979178856587
assign-table,0,1x,1,0,True,888712,0.065638,73.85744763207879
assign-table,0,1x,1,1,True,888712,0.0659538,74.21279334587584
assign-table,0,1x,1,2,False,888712,0.0659296,74.18556292702249
assign-table,0,1x,1,3,False,888712,0.0665416,74.8741999657932
assign-table,0,1x,1,4,False,888712,0.0655641,73.7742935844233
assign-table,0,2-stackless,2,0,True,888712,0.019317486,21.73649731296528
assign-table,0,2-stackless,2,1,True,888712,0.019272703,21.686106410175626
assign-table,0,2-stackless,2,2,False,888712,0.019269140000000004,21.682097237350238
assign-table,0,2-stackless,2,3,False,888712,0.019300874000000003,21.717805093213553
assign-table,0,2-stackless,2,4,False,888712,0.019323522999999995,21.74329028976766
assign-table,0,1x,2,0,True,888712,0.0656029,73.81795227250224
assign-table,0,1x,2,1,True,888712,0.0655288,73.73457318006284
assign-table,0,1x,2,2,False,888712,0.0649237,73.05370018633708
assign-table,0,1x,2,3,False,888712,0.0657655,74.0009136818227
assign-table,0,1x,2,4,False,888712,0.0658821,74.13211479084337
assign-table,0,2-stackful,2,0,True,888712,0.022190571,24.9693612778943
assign-table,0,2-stackful,2,1,True,888712,0.02245259,25.26419132407349
assign-table,0,2-stackful,2,2,False,888712,0.022144993,24.918075822088596
assign-table,0,2-stackful,2,3,False,888712,0.022170338999999997,24.946595747553758
assign-table,0,2-stackful,2,4,False,888712,0.022143379000000005,24.91625971068243
update-string,0,2-stackful,0,0,True,2010233,0.054368164,27.045702662328196
update-string,0,2-stackful,0,1,True,2010233,0.054304561,27.014063046422976
update-string,0,2-stackful,0,2,False,2010233,0.05433600399999999,27.029704516839587
update-string,0,2-stackful,0,3,False,2010233,0.054334526999999994,27.028969776140375
update-string,0,2-stackful,0,4,False,2010233,0.05422518300000001,26.974576081479118
update-string,0,1x,0,0,True,2010233,0.0202966,10.096640538683824
update-string,0,1x,0,1,True,2010233,0.0201742,10.035752074510766
update-string,0,1x,0,2,False,2010233,0.0200912,9.994463328380341
update-string,0,1x,0,3,False,2010233,0.0199941,9.946160469955473
update-string,0,1x,0,4,False,2010233,0.019977,9.93765399334306
update-string,0,2-stackless,0,0,True,2010233,0.048064516999999994,23.909923377041363
update-string,0,2-stackless,0,1,True,2010233,0.04784224199999999,23.799351617449318
update-string,0,2-stackless,0,2,False,2010233,0.04792109499999998,23.838577418637534
update-string,0,2-stackless,0,3,False,2010233,0.04782007599999999,23.788325034958632
update-string,0,2-stackless,0,4,False,2010233,0.04786780700000001,23.81206904871227
update-string,0,2-stackful,1,0,True,2010233,0.054279008999999996,27.001352082072074
update-string,0,2-stackful,1,1,True,2010233,0.05427429100000001,26.99900509045469
update-string,0,2-stackful,1,2,False,2010233,0.054284542000000005,27.004104499329188
update-string,0,2-stackful,1,3,False,2010233,0.05431319699999998,27.018359065839622
update-string,0,2-stackful,1,4,False,2010233,0.05419202100000001,26.958079486308307
update-string,0,1x,1,0,True,2010233,0.0198499,9.874427491738519
update-string,0,1x,1,1,True,2010233,0.020117,10.00729766151486
update-string,0,1x,1,2,False,2010233,0.0200732,9.985509142472539
update-string,0,1x,1,3,False,2010233,0.0202077,10.052416809394732
update-string,0,1x,1,4,False,2010233,0.0200413,9.969640335224822
update-string,0,2-stackless,1,0,True,2010233,0.047860099,23.808234667324633
update-string,0,2-stackless,1,1,True,2010233,0.04788488700000001,23.820565576229228
update-string,0,2-stackless,1,2,False,2010233,0.047926034000000006,23.84103434775969
update-string,0,2-stackless,1,3,False,2010233,0.04791890800000001,23.837489485049748
update-string,0,2-stackless,1,4,False,2010233,0.04795782500000001,23.856848932437188
update-string,0,2-stackful,2,0,True,2010233,0.054308143999999996,27.015845426873398
update-string,0,2-stackful,2,1,True,2010233,0.054678141,27.199902200391694
update-string,0,2-stackful,2,2,False,2010233,0.054276661000000004,27.000184058265887
update-string,0,2-stackful,2,3,False,2010233,0.05420429700000001,26.964186241097433
update-string,0,2-stackful,2,4,False,2010233,0.054202109000000026,26.963097810054865
update-string,0,1x,2,0,True,2010233,0.0200684,9.983121359563793
update-string,0,1x,2,1,True,2010233,0.0200464,9.972177354565366
update-string,0,1x,2,2,False,2010233,0.0199938,9.946011233523675
update-string,0,1x,2,3,False,2010233,0.0200662,9.98202695906395
update-string,0,1x,2,4,False,2010233,0.0203003,10.098481121342651
update-string,0,2-stackless,2,0,True,2010233,0.052933235999999995,26.331890880310887
update-string,0,2-stackless,2,1,True,2010233,0.052699501999999995,26.215618786478977
update-string,0,2-stackless,2,2,False,2010233,0.052563708999999986,26.148067910535737
update-string,0,2-stackless,2,3,False,2010233,0.052649381999999995,26.190686353273474
update-string,0,2-stackless,2,4,False,2010233,0.05258997600000001,26.161134555049095
make-table,0,1x,0,0,True,891532,0.0250639,28.1132926243814
make-table,0,1x,0,1,True,891532,0.0250057,28.048011737099735
make-table,0,1x,0,2,False,891532,0.0250029,28.04487107585594
make-table,0,1x,0,3,False,891532,0.0246784,27.680890870995096
make-table,0,1x,0,4,False,891532,0.0246312,27.62794829574261
make-table,0,2-stackless,0,0,True,891532,0.019191019,21.525889143631414
make-table,0,2-stackless,0,1,True,891532,0.019168675,21.500826666905954
make-table,0,2-stackless,0,2,False,891532,0.019177409,21.510623286657125
make-table,0,2-stackless,0,3,False,891532,0.019252135000000004,21.594440805265545
make-table,0,2-stackless,0,4,False,891532,0.019244351999999992,21.585710888672523
make-table,0,2-stackful,0,0,True,891532,0.022237371,24.94287473696962
make-table,0,2-stackful,0,1,True,891532,0.022289704999999996,25.001575938945543
make-table,0,2-stackful,0,2,False,891532,0.022280708999999996,24.99148544303513
make-table,0,2-stackful,0,3,False,891532,0.02227447099999999,24.984488498449846
make-table,0,2-stackful,0,4,False,891532,0.022215962000000006,24.91886101676665
make-table,0,1x,1,0,True,891532,0.0252256,28.294665811210365
make-table,0,1x,1,1,True,891532,0.0255664,28.676929151169
make-table,0,1x,1,2,False,891532,0.0251732,28.235890579362266
make-table,0,1x,1,3,False,891532,0.024664,27.664738898884167
make-table,0,1x,1,4,False,891532,0.0249554,27.99159200118448
make-table,0,2-stackless,1,0,True,891532,0.019525873,21.901483065105907
make-table,0,2-stackless,1,1,True,891532,0.019784644,22.191737368933477
make-table,0,2-stackless,1,2,False,891532,0.019529957,21.906063943862925
make-table,0,2-stackless,1,3,False,891532,0.01949239,21.86392636495381
make-table,0,2-stackless,1,4,False,891532,0.019534955999999992,21.911671145847812
make-table,0,2-stackful,1,0,True,891532,0.022324771,25.040908234365116
make-table,0,2-stackful,1,1,True,891532,0.022523499,25.263814422813763
make-table,0,2-stackful,1,2,False,891532,0.022246181000000004,24.95275660324027
make-table,0,2-stackful,1,3,False,891532,0.022208077000000007,24.91001669037119
make-table,0,2-stackful,1,4,False,891532,0.022200988000000005,24.902065209100744
make-table,0,2-stackless,2,0,True,891532,0.019218151000000003,21.556322151083755
make-table,0,2-stackless,2,1,True,891532,0.019252033999999998,21.594327517127816
make-table,0,2-stackless,2,2,False,891532,0.019189398999999996,21.52407204676893
make-table,0,2-stackless,2,3,False,891532,0.0191582,21.489077228859983
make-table,0,2-stackless,2,4,False,891532,0.019221183000000003,21.55972303854489
make-table,0,2-stackful,2,0,True,891532,0.022327452,25.043915417506046
make-table,0,2-stackful,2,1,True,891532,0.022316716,25.031873224965565
make-table,0,2-stackful,2,2,False,891532,0.022228843999999998,24.933310301817542
make-table,0,2-stackful,2,3,False,891532,0.022263197,24.971842850284677
make-table,0,2-stackful,2,4,False,891532,0.022252018,24.959303760268842
make-table,0,1x,2,0,True,891532,0.0250028,28.04475890938295
make-table,0,1x,2,1,True,891532,0.024875,27.90141015689846
make-table,0,1x,2,2,False,891532,0.0251077,28.162421539552142
make-table,0,1x,2,3,False,891532,0.0249442,27.979029356209313
make-table,0,1x,2,4,False,891532,0.0248924,27.920927123199167
const-int,8,1x,0,0,True,1419306,0.0200911,14.155580262466303
const-int,8,1x,0,1,True,1419306,0.0200448,14.12295868544204
const-int,8,1x,0,2,False,1419306,0.0202302,14.253585907478726
const-int,8,1x,0,3,False,1419306,0.0202568,14.27232746144947
const-int,8,1x,0,4,False,1419306,0.0200169,14.103301190863704
const-int,8,2-stackful,0,0,True,1419306,0.031020381,21.856020477613708
const-int,8,2-stackful,0,1,True,1419306,0.031073340999999997,21.893334488827637
const-int,8,2-stackful,0,2,False,1419306,0.031075506000000003,21.894859882224132
const-int,8,2-stackful,0,3,False,1419306,0.03111752799999999,21.92446731007971
const-int,8,2-stackful,0,4,False,1419306,0.031021298000000003,21.856666568026913
const-int,8,2-stackless,0,0,True,1419306,0.026386361,18.591030405000755
const-int,8,2-stackless,0,1,True,1419306,0.026406770999999996,18.605410672539957
const-int,8,2-stackless,0,2,False,1419306,0.026498831,18.670273358951487
const-int,8,2-stackless,0,3,False,1419306,0.026594037,18.73735262163339
const-int,8,2-stackless,0,4,False,1419306,0.02636007400000001,18.57250938134554
const-int,8,1x,1,0,True,1419306,0.0200972,14.15987813762501
const-int,8,1x,1,1,True,1419306,0.0201642,14.20708430740094
const-int,8,1x,1,2,False,1419306,0.0200279,14.111051457543335
const-int,8,1x,1,3,False,1419306,0.0200093,14.097946461157777
const-int,8,1x,1,4,False,1419306,0.0201128,14.170869424916122
const-int,8,2-stackful,1,0,True,1419306,0.031286198,22.04330708106638
const-int,8,2-stackful,1,1,True,1419306,0.031238997000000004,22.010050686744087
const-int,8,2-stackful,1,2,False,1419306,0.030988780000000007,21.83375537058253
const-int,8,2-stackful,1,3,False,1419306,0.031031874,21.864118097154524
const-int,8,2-stackful,1,4,False,1419306,0.03106848200000001,21.88991098466434
const-int,8,2-stackless,1,0,True,1419306,0.026431098,18.622550739586814
const-int,8,2-stackless,1,1,True,1419306,0.026426856,18.619561954927267
const-int,8,2-stackless,1,2,False,1419306,0.02643587,18.625912946186375
const-int,8,2-stackless,1,3,False,1419306,0.02641868700000001,18.613806325063102
const-int,8,2-stackless,1,4,False,1419306,0.026402452000000007,18.602367636013664
const-int,8,1x,2,0,True,1419306,0.0200508,14.12718610363093
const-int,8,1x,2,1,True,1419306,0.020066,14.137895563042782
const-int,8,1x,2,2,False,1419306,0.020007,14.096325950852036
const-int,8,1x,2,3,False,1419306,0.019979,14.076597999303885
const-int,8,1x,2,4,False,1419306,0.0199931,14.086532432047775
const-int,8,2-stackless,2,0,True,1419306,0.026593064000000003,18.736667075317094
const-int,8,2-stackless,2,1,True,1419306,0.026725879,18.83024449977665
const-int,8,2-stackless,2,2,False,1419306,0.026382125000000006,18.588045847759403
const-int,8,2-stackless,2,3,False,1419306,0.026354195999999996,18.568367920659814
const-int,8,2-stackless,2,4,False,1419306,0.026563790000000004,18.716041501973503
const-int,8,2-stackful,2,0,True,1419306,0.031135929,21.937432097095343
const-int,8,2-stackful,2,1,True,1419306,0.031006529,21.846260778154956
const-int,8,2-stackful,2,2,False,1419306,0.031018701000000003,21.854836800520822
const-int,8,2-stackful,2,3,False,1419306,0.03110196300000001,21.913500682728046
const-int,8,2-stackful,2,4,False,1419306,0.031089581000000005,21.90477670072557
do-int,0,2-stackful,0,0,True,3190302,0.059219399000000006,18.56231761131078
do-int,0,2-stackful,0,1,True,3190302,0.058939254999999996,18.474506488727396
do-int,0,2-stackful,0,2,False,3190302,0.05936349300000002,18.607483868298367
do-int,0,2-stackful,0,3,False,3190302,0.059041661999999995,18.50660595768049
do-int,0,2-stackful,0,4,False,3190302,0.05891668299999997,18.467431296472864
do-int,0,1x,0,0,True,3190302,0.0199134,6.241854219443802
do-int,0,1x,0,1,True,3190302,0.0199564,6.255332567261657
do-int,0,1x,0,2,False,3190302,0.0199424,6.250944267972123
do-int,0,1x,0,3,False,3190302,0.0199148,6.242293049372755
do-int,0,1x,0,4,False,3190302,0.0199469,6.252354792743759
do-int,0,2-stackless,0,0,True,3190302,0.048874578,15.319733993835067
do-int,0,2-stackless,0,1,True,3190302,0.048762237,15.284520713086097
do-int,0,2-stackless,0,2,False,3190302,0.04877139,15.287389720471603
do-int,0,2-stackless,0,3,False,3190302,0.048663807,15.253667834581178
do-int,0,2-stackless,0,4,False,3190302,0.04885946199999999,15.314995884402164
do-int,0,1x,1,0,True,3190302,0.0201161,6.305390524157274
do-int,0,1x,1,1,True,3190302,0.0200473,6.283825167648706
do-int,0,1x,1,2,False,3190302,0.0200544,6.286050662288398
do-int,0,1x,1,3,False,3190302,0.0201314,6.310186308380836
do-int,0,1x,1,4,False,3190302,0.0200218,6.275832193942768
do-int,0,2-stackful,1,0,True,3190302,0.058974385,18.485517985444638
do-int,0,2-stackful,1,1,True,3190302,0.059058938,18.51202111900378
do-int,0,2-stackful,1,2,False,3190302,0.05901669200000001,18.498779112447664
do-int,0,2-stackful,1,3,False,3190302,0.05897776099999999,18.48657619247331
do-int,0,2-stackful,1,4,False,3190302,0.05898372099999999,18.488444354170856
do-int,0,2-stackless,1,0,True,3190302,0.048666025,15.254363066568619
do-int,0,2-stackless,1,1,True,3190302,0.049302396,15.453833524224352
do-int,0,2-stackless,1,2,False,3190302,0.048740142,15.277595036457363
do-int,0,2-stackless,1,3,False,3190302,0.04866188199999999,15.253064443428864
do-int,0,2-stackless,1,4,False,3190302,0.04879240999999998,15.293978438404883
do-int,0,1x,2,0,True,3190302,0.0200822,6.294764570877616
do-int,0,1x,2,1,True,3190302,0.0200445,6.282947507790799
do-int,0,1x,2,2,False,3190302,0.019997,6.268058635201307
do-int,0,1x,2,3,False,3190302,0.0199797,6.26263595107924
do-int,0,1x,2,4,False,3190302,0.0199457,6.251978652804656
do-int,0,2-stackful,2,0,True,3190302,0.058982934,18.488197669060796
do-int,0,2-stackful,2,1,True,3190302,0.058951053999999996,18.478204884678625
do-int,0,2-stackful,2,2,False,3190302,0.05895596800000001,18.47974517772926
do-int,0,2-stackful,2,3,False,3190302,0.05891153299999999,18.46581702923422
do-int,0,2-stackful,2,4,False,3190302,0.05888606599999999,18.457834399376605
do-int,0,2-stackless,2,0,True,3190302,0.048746839,15.279694210767508
do-int,0,2-stackless,2,1,True,3190302,0.04874621099999999,15.279497364199374
do-int,0,2-stackless,2,2,False,3190302,0.04874827500000001,15.280144324894636
do-int,0,2-stackless,2,3,False,3190302,0.04873519500000001,15.276044399558414
do-int,0,2-stackless,2,4,False,3190302,0.04879296800000002,15.29415334347658
const-string,256,1x,0,0,True,144914,0.0201492,139.0424665663773
const-string,256,1x,0,1,True,144914,0.0200942,138.6629311177664
const-string,256,1x,0,2,False,144914,0.0201758,139.22602371061458
const-string,256,1x,0,3,False,144914,0.0200806,138.5690823522917
const-string,256,1x,0,4,False,144914,0.0200829,138.58495383468815
const-string,256,2-stackless,0,0,True,144914,0.025239229,174.16694729287715
const-string,256,2-stackless,0,1,True,144914,0.025443831000000004,175.57883296299877
const-string,256,2-stackless,0,2,False,144914,0.025295967000000003,174.55847606166418
const-string,256,2-stackless,0,3,False,144914,0.024960099,172.24077038795423
const-string,256,2-stackless,0,4,False,144914,0.025002960000000005,172.53653891273447
const-string,256,2-stackful,0,0,True,144914,0.025487705,175.8815918406779
const-string,256,2-stackful,0,1,True,144914,0.025459499,175.68695226134122
const-string,256,2-stackful,0,2,False,144914,0.025440367999999998,175.55493603102528
const-string,256,2-stackful,0,3,False,144914,0.025495279999999995,175.9338642229184
const-string,256,2-stackful,0,4,False,144914,0.025473303000000017,175.78220875829814
const-string,256,2-stackful,1,0,True,144914,0.025478746,175.81976896642146
const-string,256,2-stackful,1,1,True,144914,0.025482208,175.8436589977504
const-string,256,2-stackful,1,2,False,144914,0.02550123,175.9749230578136
const-string,256,2-stackful,1,3,False,144914,0.025463175000000005,175.71231903059748
const-string,256,2-stackful,1,4,False,144914,0.025464805000000007,175.72356708116544
const-string,256,1x,1,0,True,144914,0.0199196,137.4580785845398
const-string,256,1x,1,1,True,144914,0.0199401,137.59954179720387
const-string,256,1x,1,2,False,144914,0.0198991,137.31661537187574
const-string,256,1x,1,3,False,144914,0.0198751,137.15099990339098
const-string,256,1x,1,4,False,144914,0.0198297,136.837710642174
const-string,256,2-stackless,1,0,True,144914,0.025217590999999998,174.01763114674907
const-string,256,2-stackless,1,1,True,144914,0.025048423,172.85026291455623
const-string,256,2-stackless,1,2,False,144914,0.02498513,172.41350042093933
const-string,256,2-stackless,1,3,False,144914,0.02513435800000001,173.44326980139954
const-string,256,2-stackless,1,4,False,144914,0.02503632700000001,172.76679271843997
const-string,256,2-stackless,2,0,True,144914,0.0255851,176.55368011372263
const-string,256,2-stackless,2,1,True,144914,0.025483195999999996,175.85047683453632
const-string,256,2-stackless,2,2,False,144914,0.02499130499999999,172.45611190085148
const-string,256,2-stackless,2,3,False,144914,0.02515369199999999,173.57668686255292
const-string,256,2-stackless,2,4,False,144914,0.025192724000000014,173.84603281946545
const-string,256,2-stackful,2,0,True,144914,0.025479605,175.82569662006432
const-string,256,2-stackful,2,1,True,144914,0.025471566999999997,175.77022923941092
const-string,256,2-stackful,2,2,False,144914,0.025503304000000004,175.98923499454853
const-string,256,2-stackful,2,3,False,144914,0.025484821000000005,175.8616903818817
const-string,256,2-stackful,2,4,False,144914,0.025445159999999994,175.58800391956606
const-string,256,1x,2,0,True,144914,0.0198989,137.31523524297168
const-string,256,1x,2,1,True,144914,0.0201477,139.032115599597
const-string,256,1x,2,2,False,144914,0.0198438,136.93500972990878
const-string,256,1x,2,3,False,144914,0.0198663,137.09027423161322
const-string,256,1x,2,4,False,144914,0.0198424,136.9253488275805
make-seq,256,2-stackless,0,0,True,14454,0.064750346,4479.7527328075275
make-seq,256,2-stackless,0,1,True,14454,0.06443106700000001,4457.663414971635
make-seq,256,2-stackless,0,2,False,14454,0.064141434,4437.625155666252
make-seq,256,2-stackless,0,3,False,14454,0.06459660499999997,4469.11616161616
make-seq,256,2-stackless,0,4,False,14454,0.06419793900000004,4441.5344541303475
make-seq,256,1x,0,0,True,14454,0.01956,1353.2586135325862
make-seq,256,1x,0,1,True,14454,0.019502,1349.245883492459
make-seq,256,1x,0,2,False,14454,0.019503,1349.3150684931506
make-seq,256,1x,0,3,False,14454,0.0196618,1360.3016466030165
make-seq,256,1x,0,4,False,14454,0.0197766,1368.2440846824409
make-seq,256,2-stackful,0,0,True,14454,0.064215913,4442.77798533278
make-seq,256,2-stackful,0,1,True,14454,0.06441683900000002,4456.679050781791
make-seq,256,2-stackful,0,2,False,14454,0.06421981400000001,4443.04787602048
make-seq,256,2-stackful,0,3,False,14454,0.06416176800000001,4439.03196347032
make-seq,256,2-stackful,0,4,False,14454,0.06414278400000001,4437.7185554171865
make-seq,256,2-stackful,1,0,True,14454,0.064462883,4459.864604953646
make-seq,256,2-stackful,1,1,True,14454,0.06450323100000001,4462.6560813615615
make-seq,256,2-stackful,1,2,False,14454,0.06418479399999999,4440.62501729625
make-seq,256,2-stackful,1,3,False,14454,0.06413258300000002,4437.012799225129
make-seq,256,2-stackful,1,4,False,14454,0.06409487200000002,4434.40376366404
make-seq,256,2-stackless,1,0,True,14454,0.064201841,4441.804414003043
make-seq,256,2-stackless,1,1,True,14454,0.064161079,4438.984295004842
make-seq,256,2-stackless,1,2,False,14454,0.064099089,4434.695516811955
make-seq,256,2-stackless,1,3,False,14454,0.064190896,4441.047184170472
make-seq,256,2-stackless,1,4,False,14454,0.064107001,4435.242908537429
make-seq,256,1x,1,0,True,14454,0.0213242,1475.314791753148
make-seq,256,1x,1,1,True,14454,0.0212878,1472.7964577279645
make-seq,256,1x,1,2,False,14454,0.0209567,1449.889303998893
make-seq,256,1x,1,3,False,14454,0.0209416,1448.844610488446
make-seq,256,1x,1,4,False,14454,0.0210057,1453.2793690327937
make-seq,256,2-stackless,2,0,True,14454,0.064180905,4440.35595682856
make-seq,256,2-stackless,2,1,True,14454,0.064145621,4437.914833264148
make-seq,256,2-stackless,2,2,False,14454,0.06413355099999998,4437.079770305797
make-seq,256,2-stackless,2,3,False,14454,0.06408081599999998,4433.431299294312
make-seq,256,2-stackless,2,4,False,14454,0.06458133900000002,4468.059983395601
make-seq,256,1x,2,0,True,14454,0.0200114,1384.4887228448872
make-seq,256,1x,2,1,True,14454,0.0196952,1362.6124256261241
make-seq,256,1x,2,2,False,14454,0.0197004,1362.972187629722
make-seq,256,1x,2,3,False,14454,0.0198526,1373.5021447350214
make-seq,256,1x,2,4,False,14454,0.019808,1370.4164937041648
make-seq,256,2-stackful,2,0,True,14454,0.064194742,4441.313269683133
make-seq,256,2-stackful,2,1,True,14454,0.06415192200000001,4438.350767953509
make-seq,256,2-stackful,2,2,False,14454,0.06421739100000001,4442.880240763803
make-seq,256,2-stackful,2,3,False,14454,0.06411284200000003,4435.647018126472
make-seq,256,2-stackful,2,4,False,14454,0.06421855400000004,4442.9607029196095
add-float4,256,2-stackful,0,0,True,55418,0.020928198,377.64260709516765
add-float4,256,2-stackful,0,1,True,55418,0.020781735,374.99972932982064
add-float4,256,2-stackful,0,2,False,55418,0.020551385,370.8431376087192
add-float4,256,2-stackful,0,3,False,55418,0.020555139999999993,370.9108953769532
add-float4,256,2-stackful,0,4,False,55418,0.020596022000000005,371.64859792847096
add-float4,256,1x,0,0,True,55418,0.0200033,360.95311992493413
add-float4,256,1x,0,1,True,55418,0.0199679,360.31433830163485
add-float4,256,1x,0,2,False,55418,0.0199552,360.08517088310657
add-float4,256,1x,0,3,False,55418,0.0199456,359.91194196831356
add-float4,256,1x,0,4,False,55418,0.0200293,361.42228156916525
add-float4,256,2-stackless,0,0,True,55418,0.020400337,368.1175249918799
add-float4,256,2-stackless,0,1,True,55418,0.020331654999999997,366.87818037460744
add-float4,256,2-stackless,0,2,False,55418,0.020316989,366.61353711790395
add-float4,256,2-stackless,0,3,False,55418,0.020530246999999995,370.46170919195924
add-float4,256,2-stackless,0,4,False,55418,0.020681495999999994,373.1909487892019
add-float4,256,2-stackful,1,0,True,55418,0.020923129999999998,377.55115666389975
add-float4,256,2-stackful,1,1,True,55418,0.020925486000000004,377.5936699267387
add-float4,256,2-stackful,1,2,False,55418,0.020934254000000006,377.7518856689164
add-float4,256,2-stackful,1,3,False,55418,0.020890118,376.9554657331553
add-float4,256,2-stackful,1,4,False,55418,0.020907423999999994,377.2677469414268
add-float4,256,2-stackless,1,0,True,55418,0.020622767,372.1312028582771
add-float4,256,2-stackless,1,1,True,55418,0.020520108000000002,370.2787541953878
add-float4,256,2-stackless,1,2,False,55418,0.020294499,366.207712295644
add-float4,256,2-stackless,1,3,False,55418,0.020591908000000006,371.5743621206108
add-float4,256,2-stackless,1,4,False,55418,0.020513545000000008,370.16032696957683
add-float4,256,1x,1,0,True,55418,0.0200214,361.2797286080335
add-float4,256,1x,1,1,True,55418,0.0199873,360.66440506694573
add-float4,256,1x,1,2,False,55418,0.0199627,360.2205059727886
add-float4,256,1x,1,3,False,55418,0.0199507,360.0039698292973
add-float4,256,1x,1,4,False,55418,0.0199794,360.521852105814
add-float4,256,2-stackless,2,0,True,55418,0.020284374,366.0250099245732
add-float4,256,2-stackless,2,1,True,55418,0.020260406,365.59251506730664
add-float4,256,2-stackless,2,2,False,55418,0.020338546,367.0025262550074
add-float4,256,2-stackless,2,3,False,55418,0.020279182999999992,365.9313399978345
add-float4,256,2-stackless,2,4,False,55418,0.020288868,366.1061027103107
add-float4,256,2-stackful,2,0,True,55418,0.020574483,371.25993359558265
add-float4,256,2-stackful,2,1,True,55418,0.020544562000000002,370.72001876646584
add-float4,256,2-stackful,2,2,False,55418,0.020625228000000002,372.1756108123715
add-float4,256,2-stackful,2,3,False,55418,0.020555317000000004,370.9140892850699
add-float4,256,2-stackful,2,4,False,55418,0.020560478999999993,371.0072359161282
add-float4,256,1x,2,0,True,55418,0.0200058,360.9982316214948
add-float4,256,1x,2,1,True,55418,0.020019,361.23642137933524
add-float4,256,1x,2,2,False,55418,0.0199995,360.88455014616187
add-float4,256,1x,2,3,False,55418,0.0199976,360.8502652567758
add-float4,256,1x,2,4,False,55418,0.0199835,360.59583528817353
add-int,0,2-stackful,0,0,True,3165058,0.058659204000000006,18.533374111943605
add-int,0,2-stackful,0,1,True,3165058,0.058519645,18.489280449205037
add-int,0,2-stackful,0,2,False,3165058,0.058715700999999995,18.551224337753048
add-int,0,2-stackful,0,3,False,3165058,0.05864261500000001,18.528132817787228
add-int,0,2-stackful,0,4,False,3165058,0.058549297,18.49864899790146
add-int,0,1x,0,0,True,3165058,0.0198555,6.273344753871809
add-int,0,1x,0,1,True,3165058,0.020097,6.349646673141534
add-int,0,1x,0,2,False,3165058,0.0198935,6.285350852970151
add-int,0,1x,0,3,False,3165058,0.019918,6.293091627388819
add-int,0,1x,0,4,False,3165058,0.0198168,6.2611174897900765
add-int,0,2-stackless,0,0,True,3165058,0.048369403000000005,15.282311730148392
add-int,0,2-stackless,0,1,True,3165058,0.048281073,15.25440386874427
add-int,0,2-stackless,0,2,False,3165058,0.048831163999999996,15.428205107141796
add-int,0,2-stackless,0,3,False,3165058,0.04886990200000002,15.440444377322635
add-int,0,2-stackless,0,4,False,3165058,0.04831005499999999,15.263560730956586
add-int,0,2-stackful,1,0,True,3165058,0.058590526999999996,18.51167561542316
add-int,0,2-stackful,1,1,True,3165058,0.058666092,18.53555037538017
add-int,0,2-stackful,1,2,False,3165058,0.05858139899999999,18.50879162403975
add-int,0,2-stackful,1,3,False,3165058,0.058592283999999994,18.512230739531468
add-int,0,2-stackful,1,4,False,3165058,0.058586893,18.510527453209388
add-int,0,2-stackless,1,0,True,3165058,0.048381385,15.286097442764081
add-int,0,2-stackless,1,1,True,3165058,0.04842308499999999,15.299272556774628
add-int,0,2-stackless,1,2,False,3165058,0.048368971,15.28217523975864
add-int,0,2-stackless,1,3,False,3165058,0.048367098,15.281583465453082
add-int,0,2-stackless,1,4,False,3165058,0.048337714000000004,15.272299591350302
add-int,0,1x,1,0,True,3165058,0.0199824,6.313438805860746
add-int,0,1x,1,1,True,3165058,0.0199897,6.315745240687533
add-int,0,1x,1,2,False,3165058,0.0198759,6.279790133387761
add-int,0,1x,1,3,False,3165058,0.0198929,6.2851612829843875
add-int,0,1x,1,4,False,3165058,0.0198289,6.2649404845029695
add-int,0,2-stackful,2,0,True,3165058,0.058605369000000004,18.516364944970995
add-int,0,2-stackful,2,1,True,3165058,0.058563274000000005,18.503065030719817
add-int,0,2-stackful,2,2,False,3165058,0.05871137100000001,18.549856274355797
add-int,0,2-stackful,2,3,False,3165058,0.058809556999999985,18.580878138726046
add-int,0,2-stackful,2,4,False,3165058,0.05888069500000004,18.603354188138113
add-int,0,1x,2,0,True,3165058,0.0200471,6.333880769325554
add-int,0,1x,2,1,True,3165058,0.0200042,6.320326515343479
add-int,0,1x,2,2,False,3165058,0.0198693,6.277704863544365
add-int,0,1x,2,3,False,3165058,0.0198105,6.259127004939562
add-int,0,1x,2,4,False,3165058,0.0199621,6.307025021342421
add-int,0,2-stackless,2,0,True,3165058,0.04834478,15.27453209388264
add-int,0,2-stackless,2,1,True,3165058,0.04837901099999999,15.28534737752041
add-int,0,2-stackless,2,2,False,3165058,0.04842708899999999,15.300537620479622
add-int,0,2-stackless,2,3,False,3165058,0.048385707,15.28746297856153
add-int,0,2-stackless,2,4,False,3165058,0.04838848199999998,15.28833973974568
assign-seq,0,2-stackful,0,0,True,869539,0.021706329,24.963030985384208
assign-seq,0,2-stackful,0,1,True,869539,0.021666694,24.91744936109824
assign-seq,0,2-stackful,0,2,False,869539,0.021971000000000004,25.26741181246615
assign-seq,0,2-stackful,0,3,False,869539,0.021636945000000005,24.88323697959494
assign-seq,0,2-stackful,0,4,False,869539,0.021638902,24.885487597451064
assign-seq,0,1x,0,0,True,869539,0.0610613,70.22261221175819
assign-seq,0,1x,0,1,True,869539,0.0607542,69.8694365635124
assign-seq,0,1x,0,2,False,869539,0.0596511,68.60083331512445
assign-seq,0,1x,0,3,False,869539,0.0594694,68.39187201494126
assign-seq,0,1x,0,4,False,869539,0.0610852,70.25009804045592
assign-seq,0,2-stackless,0,0,True,869539,0.018900838,21.73661905906463
assign-seq,0,2-stackless,0,1,True,869539,0.018916684000000003,21.754842508501635
assign-seq,0,2-stackless,0,2,False,869539,0.018889714000000002,21.723826073356115
assign-seq,0,2-stackless,0,3,False,869539,0.018847093999999995,21.6748115955696
assign-seq,0,2-stackless,0,4,False,869539,0.01886568799999999,21.696195340289503
assign-seq,0,2-stackful,1,0,True,869539,0.021661202,24.911133370671127
assign-seq,0,2-stackful,1,1,True,869539,0.021799620999999998,25.070320020148607
assign-seq,0,2-stackful,1,2,False,869539,0.022020360999999995,25.324178673987017
assign-seq,0,2-stackful,1,3,False,869539,0.021708266000000004,24.96525860254687
assign-seq,0,2-stackful,1,4,False,869539,0.021682038,24.93509549312912
assign-seq,0,2-stackless,1,0,True,869539,0.018966475,21.81210388493213
assign-seq,0,2-stackless,1,1,True,869539,0.019070938,21.932239957034703
assign-seq,0,2-stackless,1,2,False,869539,0.018894277,21.7290736815715
assign-seq,0,2-stackless,1,3,False,869539,0.018825029,21.64943608049783
assign-seq,0,2-stackless,1,4,False,869539,0.018828492000000002,21.65341865057232
assign-seq,0,1x,1,0,True,869539,0.0620557,71.36620669113174
assign-seq,0,1x,1,1,True,869539,0.0608403,69.96845454890465
assign-seq,0,1x,1,2,False,869539,0.061177,70.35567122348739
assign-seq,0,1x,1,3,False,869539,0.0604125,69.47646971556192
assign-seq,0,1x,1,4,False,869539,0.0603301,69.38170685846178
assign-seq,0,2-stackless,2,0,True,869539,0.018890236,21.7244263914557
assign-seq,0,2-stackless,2,1,True,869539,0.018875640000000003,21.70764048536064
assign-seq,0,2-stackless,2,2,False,869539,0.018914557,21.752396384751002
assign-seq,0,2-stackless,2,3,False,869539,0.018829728000000004,21.65484009342882
assign-seq,0,2-stackless,2,4,False,869539,0.018806554000000003,21.62818918990408
assign-seq,0,1x,2,0,True,869539,0.0618168,71.09146340762175
assign-seq,0,1x,2,1,True,869539,0.0605158,69.59526829733916
assign-seq,0,1x,2,2,False,869539,0.0607866,69.90669768693526
assign-seq,0,1x,2,3,False,869539,0.060006,69.00898062076571
assign-seq,0,1x,2,4,False,869539,0.0608302,69.95683919870184
assign-seq,0,2-stackful,2,0,True,869539,0.021706718,24.96347834887222
assign-seq,0,2-stackful,2,1,True,869539,0.021636709000000004,24.882965571411983
assign-seq,0,2-stackful,2,2,False,869539,0.02162526,24.869798824434557
assign-seq,0,2-stackful,2,3,False,869539,0.021628149,24.87312127460643
assign-seq,0,2-stackful,2,4,False,869539,0.021684798000000005,24.938269588828106
take-seq,8,2-stackless,0,0,True,462651,0.01992383,43.06449137686939
take-seq,8,2-stackless,0,1,True,462651,0.019653148999999998,42.479426176534794
take-seq,8,2-stackless,0,2,False,462651,0.019732454999999996,42.650842643807096
take-seq,8,2-stackless,0,3,False,462651,0.019678427,42.53406347333087
take-seq,8,2-stackless,0,4,False,462651,0.019775281000000006,42.743409178841084
take-seq,8,1x,0,0,True,462651,0.0226909,49.04539274744894
take-seq,8,1x,0,1,True,462651,0.0226239,48.90057516356822
take-seq,8,1x,0,2,False,462651,0.0225709,48.78601797034914
take-seq,8,1x,0,3,False,462651,0.0227309,49.13185100648221
take-seq,8,1x,0,4,False,462651,0.0226109,48.87247622938241
take-seq,8,2-stackful,0,0,True,462651,0.021131105,45.673963743729075
take-seq,8,2-stackful,0,1,True,462651,0.020896437000000004,45.166739075458615
take-seq,8,2-stackful,0,2,False,462651,0.020870603,45.11090000886197
take-seq,8,2-stackful,0,3,False,462651,0.020892159000000007,45.15749236465501
take-seq,8,2-stackful,0,4,False,462651,0.020950716999999994,45.284062932966734
take-seq,8,2-stackful,1,0,True,462651,0.020911086,45.19840225137307
take-seq,8,2-stackful,1,1,True,462651,0.020849996,45.066358875264505
take-seq,8,2-stackful,1,2,False,462651,0.021018813000000004,45.431249473144995
take-seq,8,2-stackful,1,3,False,462651,0.021224904000000003,45.876706199705616
take-seq,8,2-stackful,1,4,False,462651,0.02087492399999999,45.12023966229402
take-seq,8,1x,1,0,True,462651,0.0226684,48.99675997674273
take-seq,8,1x,1,1,True,462651,0.0226436,48.943155856142106
take-seq,8,1x,1,2,False,462651,0.0229575,49.621637043905665
take-seq,8,1x,1,3,False,462651,0.0226537,48.964986566548
take-seq,8,1x,1,4,False,462651,0.0226078,48.865775714307325
take-seq,8,2-stackless,1,0,True,462651,0.019723914,42.63238164404702
take-seq,8,2-stackless,1,1,True,462651,0.01993864,43.09650254727646
take-seq,8,2-stackless,1,2,False,462651,0.019696449999999997,42.573019403394774
take-seq,8,2-stackless,1,3,False,462651,0.019668027999999997,42.511586487438684
take-seq,8,2-stackless,1,4,False,462651,0.019680539999999996,42.53863063086429
take-seq,8,1x,2,0,True,462651,0.0226785,49.01859068714863
take-seq,8,1x,2,1,True,462651,0.0225867,48.82016898266728
take-seq,8,1x,2,2,False,462651,0.022589,48.825140332561695
take-seq,8,1x,2,3,False,462651,0.0225842,48.8147653414777
take-seq,8,1x,2,4,False,462651,0.0225672,48.77802058138856
take-seq,8,2-stackless,2,0,True,462651,0.019814557,42.82830254338584
take-seq,8,2-stackless,2,1,True,462651,0.019760742999999997,42.711985924595425
take-seq,8,2-stackless,2,2,False,462651,0.019654237999999997,42.48178000263697
take-seq,8,2-stackless,2,3,False,462651,0.019664044999999998,42.50297740629545
take-seq,8,2-stackless,2,4,False,462651,0.019662324999999994,42.49925970115701
take-seq,8,2-stackful,2,0,True,462651,0.021095531,45.59707209105784
take-seq,8,2-stackful,2,1,True,462651,0.020897608999999998,45.16927230244827
take-seq,8,2-stackful,2,2,False,462651,0.020830188999999992,45.02354690684769
take-seq,8,2-stackful,2,3,False,462651,0.021005521,45.40251939366823
take-seq,8,2-stackful,2,4,False,462651,0.02130364600000001,46.04690360552557
take-table,8,2-stackful,0,0,True,626537,0.06501019699999999,103.76114579027255
take-table,8,2-stackful,0,1,True,626537,0.06547333400000001,104.50034714629784
take-table,8,2-stackful,0,2,False,626537,0.065498368,104.54030328615868
take-table,8,2-stackful,0,3,False,626537,0.06448870400000001,102.92880388548483
take-table,8,2-stackful,0,4,False,626537,0.06421001799999998,102.48400014683885
take-table,8,2-stackless,0,0,True,626537,0.063232872,100.92440191082089
take-table,8,2-stackless,0,1,True,626537,0.06324556700000002,100.94466408208935
take-table,8,2-stackless,0,2,False,626537,0.063554951,101.43846412901392
take-table,8,2-stackless,0,3,False,626537,0.06363180999999998,101.56113685225291
take-table,8,2-stackless,0,4,False,626537,0.06389989800000001,101.98902538876396
take-table,8,1x,0,0,True,626537,0.0195176,31.151552103068134
take-table,8,1x,0,1,True,626537,0.0194089,30.978058757902566
take-table,8,1x,0,2,False,626537,0.0194361,31.021471996067273
take-table,8,1x,0,3,False,626537,0.0192786,30.770090194194438
take-table,8,1x,0,4,False,626537,0.0195557,31.212362557997373
take-table,8,2-stackful,1,0,True,626537,0.064176734,102.4308763887847
take-table,8,2-stackful,1,1,True,626537,0.06372654700000001,101.71234420313566
take-table,8,2-stackful,1,2,False,626537,0.06284542099999998,100.30600108213878
take-table,8,2-stackful,1,3,False,626537,0.06413635200000001,102.36642369085945
take-table,8,2-stackful,1,4,False,626537,0.06291745700000001,100.42097593597825
take-table,8,1x,1,0,True,626537,0.0193253,30.8446268935434
take-table,8,1x,1,1,True,626537,0.0194411,31.0294523707299
take-table,8,1x,1,2,False,626537,0.0197094,31.45767927512661
take-table,8,1x,1,3,False,626537,0.0196083,31.296316099448237
take-table,8,1x,1,4,False,626537,0.0196155,31.307807838962425
take-table,8,2-stackless,1,0,True,626537,0.063874183,101.94798232187405
take-table,8,2-stackless,1,1,True,626537,0.063510096,101.36687218791548
take-table,8,2-stackless,1,2,False,626537,0.06336513299999999,101.13550037747171
take-table,8,2-stackless,1,3,False,626537,0.06400435299999999,102.15574339584093
take-table,8,2-stackless,1,4,False,626537,0.06337249499999997,101.14725068112493
take-table,8,2-stackless,2,0,True,626537,0.063419772,101.22270831571001
take-table,8,2-stackless,2,1,True,626537,0.06380009199999999,101.82972753404825
take-table,8,2-stackless,2,2,False,626537,0.06489051100000001,103.57011796589829
take-table,8,2-stackless,2,3,False,626537,0.063427335,101.2347794304247
take-table,8,2-stackless,2,4,False,626537,0.06356478500000001,101.45415992990041
take-table,8,2-stackful,2,0,True,626537,0.063527363,101.39443161377541
take-table,8,2-stackful,2,1,True,626537,0.062783517,100.20719765951571
take-table,8,2-stackful,2,2,False,626537,0.063802047,101.83284786054136
take-table,8,2-stackful,2,3,False,626537,0.06304114200000002,100.61838646400774
take-table,8,2-stackful,2,4,False,626537,0.063051089,100.63426262136156
take-table,8,1x,2,0,True,626537,0.0190674,30.43299916844496
take-table,8,1x,2,1,True,626537,0.0195294,31.17038578727194
take-table,8,1x,2,2,False,626537,0.0199507,31.842812156345115
take-table,8,1x,2,3,False,626537,0.0195635,31.224811942471074
take-table,8,1x,2,4,False,626537,0.0194903,31.107979257410175
const-table,256,1x,0,0,True,116628,0.024869,213.23352882669684
const-table,256,1x,0,1,True,116628,0.0249763,214.15354803306238
const-table,256,1x,0,2,False,116628,0.0245907,210.84730939397056
const-table,256,1x,0,3,False,116628,0.024721,211.9645368179168
const-table,256,1x,0,4,False,116628,0.0246708,211.53410844737112
const-table,256,2-stackful,0,0,True,116628,0.020324661,174.26913777137565
const-table,256,2-stackful,0,1,True,116628,0.020311793000000005,174.15880406077446
const-table,256,2-stackful,0,2,False,116628,0.020324786000000004,174.2702095551669
const-table,256,2-stackful,0,3,False,116628,0.020322459,174.2502572281099
const-table,256,2-stackful,0,4,False,116628,0.020323684999999994,174.2607692835339
const-table,256,2-stackless,0,0,True,116628,0.020107635999999998,172.4083067530953
const-table,256,2-stackless,0,1,True,116628,0.019958403,171.12874266899888
const-table,256,2-stackless,0,2,False,116628,0.019989209,171.39288164077237
const-table,256,2-stackless,0,3,False,116628,0.01996121,171.15281064581404
const-table,256,2-stackless,0,4,False,116628,0.019997612999999997,171.46493980862226
const-table,256,2-stackful,1,0,True,116628,0.020339522,174.39656000274377
const-table,256,2-stackful,1,1,True,116628,0.020290885999999998,173.97954179099355
const-table,256,2-stackful,1,2,False,116628,0.020342070999999996,174.41841581781387
const-table,256,2-stackful,1,3,False,116628,0.020298168999999998,174.041988201804
const-table,256,2-stackful,1,4,False,116628,0.020334318000000004,174.3519394999486
const-table,256,1x,1,0,True,116628,0.0242604,208.01522790410536
const-table,256,1x,1,1,True,116628,0.0245863,210.80958260452036
const-table,256,1x,1,2,False,116628,0.0244885,209.97101896628598
const-table,256,1x,1,3,False,116628,0.0243819,209.05700174915114
const-table,256,1x,1,4,False,116628,0.0244064,209.2670713722262
const-table,256,2-stackless,1,0,True,116628,0.020409781000000002,174.9989796618308
const-table,256,2-stackless,1,1,True,116628,0.020125917999999996,172.56506156326094
const-table,256,2-stackless,1,2,False,116628,0.019876846000000004,170.42945090372814
const-table,256,2-stackless,1,3,False,116628,0.020053240000000007,171.94190074424674
const-table,256,2-stackless,1,4,False,116628,0.02019013600000001,173.115684055287
const-table,256,2-stackless,2,0,True,116628,0.020356341,174.54077065541722
const-table,256,2-stackless,2,1,True,116628,0.020287715999999997,173.95236135404875
const-table,256,2-stackless,2,2,False,116628,0.020251684,173.6434132455328
const-table,256,2-stackless,2,3,False,116628,0.02027044,173.8042322598347
const-table,256,2-stackless,2,4,False,116628,0.02028128600000001,173.89722879582956
const-table,256,1x,2,0,True,116628,0.0242044,207.53506876564805
const-table,256,1x,2,1,True,116628,0.0243245,208.5648386322324
const-table,256,1x,2,2,False,116628,0.0243165,208.49624446959564
const-table,256,1x,2,3,False,116628,0.0244006,209.2173406043146
const-table,256,1x,2,4,False,116628,0.0243361,208.6643001680557
const-table,256,2-stackful,2,0,True,116628,0.020308126,174.1273622114758
const-table,256,2-stackful,2,1,True,116628,0.020317535999999997,174.20804609527727
const-table,256,2-stackful,2,2,False,116628,0.020304986999999997,174.10044757691117
const-table,256,2-stackful,2,3,False,116628,0.020323348000000005,174.25787975443293
const-table,256,2-stackful,2,4,False,116628,0.020341911000000004,174.4170439345612
assign-table,64,2-stackful,0,0,True,36664,0.020158669,549.82186886319
assign-table,64,2-stackful,0,1,True,36664,0.020263477000000002,552.6804767619465
assign-table,64,2-stackful,0,2,False,36664,0.020306641,553.8577623827188
assign-table,64,2-stackful,0,3,False,36664,0.020196178000000002,550.8449159938906
assign-table,64,2-stackful,0,4,False,36664,0.020214385,551.3415066550294
assign-table,64,2-stackless,0,0,True,36664,0.020211847,551.2722834387955
assign-table,64,2-stackless,0,1,True,36664,0.020111546,548.5366026620118
assign-table,64,2-stackless,0,2,False,36664,0.019996656,545.4030111280821
assign-table,64,2-stackless,0,3,False,36664,0.020045416000000003,546.7329260309841
assign-table,64,2-stackless,0,4,False,36664,0.020028033,546.2588097316168
assign-table,64,1x,0,0,True,36664,0.156383,4265.301112808204
assign-table,64,1x,0,1,True,36664,0.156545,4269.719615972071
assign-table,64,1x,0,2,False,36664,0.157506,4295.930613135501
assign-table,64,1x,0,3,False,36664,0.156488,4268.164957451451
assign-table,64,1x,0,4,False,36664,0.156134,4258.5097097970765
assign-table,64,2-stackful,1,0,True,36664,0.020358009,555.2588097316168
assign-table,64,2-stackful,1,1,True,36664,0.020252074000000002,552.3694632336898
assign-table,64,2-stackful,1,2,False,36664,0.020163386,549.9505236744491
assign-table,64,2-stackful,1,3,False,36664,0.020162755000000004,549.9333133318788
assign-table,64,2-stackful,1,4,False,36664,0.020152486999999997,549.65325660048
assign-table,64,2-stackless,1,0,True,36664,0.020288101000000003,553.3520892428542
assign-table,64,2-stackless,1,1,True,36664,0.020276188,553.0271656120445
assign-table,64,2-stackless,1,2,False,36664,0.020028641,546.2753927558368
assign-table,64,2-stackless,1,3,False,36664,0.019982580000000007,545.0190922976218
assign-table,64,2-stackless,1,4,False,36664,0.019978938,544.9197578005674
assign-table,64,1x,1,0,True,36664,0.157326,4291.021165175649
assign-table,64,1x,1,1,True,36664,0.157143,4286.029893083133
assign-table,64,1x,1,2,False,36664,0.157562,4297.4579969452325
assign-table,64,1x,1,3,False,36664,0.155242,4234.180667684923
assign-table,64,1x,1,4,False,36664,0.156239,4261.373554440323
assign-table,64,2-stackless,2,0,True,36664,0.020027305,546.2389537420903
assign-table,64,2-stackless,2,1,True,36664,0.020028706000000004,546.2771656120447
assign-table,64,2-stackless,2,2,False,36664,0.020036427999999995,546.487780929522
assign-table,64,2-stackless,2,3,False,36664,0.020002799,545.5705596770674
assign-table,64,2-stackless,2,4,False,36664,0.019987337999999993,545.1488653720269
assign-table,64,2-stackful,2,0,True,36664,0.020192982999999998,550.757773292603
assign-table,64,2-stackful,2,1,True,36664,0.020175600000000002,550.2836569932359
assign-table,64,2-stackful,2,2,False,36664,0.020129793,549.0342843115862
assign-table,64,2-stackful,2,3,False,36664,0.020117129999999997,548.6889046476107
assign-table,64,2-stackful,2,4,False,36664,0.020146807000000003,549.4983362426359
assign-table,64,1x,2,0,True,36664,0.156309,4263.282784202487
assign-table,64,1x,2,1,True,36664,0.157107,4285.048003491163
assign-table,64,1x,2,2,False,36664,0.157533,4296.667030329479
assign-table,64,1x,2,3,False,36664,0.156132,4258.4551603753
assign-table,64,1x,2,4,False,36664,0.156006,4255.018546803404
add-float4,0,2-stackless,0,0,True,2607596,0.040747711,15.626542992089265
add-float4,0,2-stackless,0,1,True,2607596,0.040457297,15.515170678279917
add-float4,0,2-stackless,0,2,False,2607596,0.04052281299999999,15.54029573599591
add-float4,0,2-stackless,0,3,False,2607596,0.04034448999999998,15.471909759027083
add-float4,0,2-stackless,0,4,False,2607596,0.040284864000000004,15.449043486797802
add-float4,0,1x,0,0,True,2607596,0.0168545,6.463616296389471
add-float4,0,1x,0,1,True,2607596,0.0166339,6.379017301759935
add-float4,0,1x,0,2,False,2607596,0.0164577,6.311445484653297
add-float4,0,1x,0,3,False,2607596,0.0163631,6.275166858669824
add-float4,0,1x,0,4,False,2607596,0.0165523,6.3477241106367694
add-float4,0,2-stackful,0,0,True,2607596,0.049187608,18.8632012014131
add-float4,0,2-stackful,0,1,True,2607596,0.048795945,18.71300040343673
add-float4,0,2-stackful,0,2,False,2607596,0.049034782,18.804593196185298
add-float4,0,2-stackful,0,3,False,2607596,0.04873915799999998,18.691222873481927
add-float4,0,2-stackful,0,4,False,2607596,0.049373167999999995,18.934362531619158
add-float4,0,2-stackful,1,0,True,2607596,0.049386813,18.93959532074754
add-float4,0,2-stackful,1,1,True,2607596,0.049243847,18.884768576113785
add-float4,0,2-stackful,1,2,False,2607596,0.04933475200000001,18.919630188111967
add-float4,0,2-stackful,1,3,False,2607596,0.048898577,18.752359261173893
add-float4,0,2-stackful,1,4,False,2607596,0.04874584500000001,18.693787304475084
add-float4,0,1x,1,0,True,2607596,0.0165361,6.341511491810849
add-float4,0,1x,1,1,True,2607596,0.0165571,6.349564886585193
add-float4,0,1x,1,2,False,2607596,0.0164552,6.310486747180161
add-float4,0,1x,1,3,False,2607596,0.0164868,6.322605188840603
add-float4,0,1x,1,4,False,2607596,0.0163464,6.268762492349275
add-float4,0,2-stackless,1,0,True,2607596,0.040658085999999996,15.592172253677331
add-float4,0,2-stackless,1,1,True,2607596,0.04060879,15.573267484687046
add-float4,0,2-stackless,1,2,False,2607596,0.040544311,15.548540111274907
add-float4,0,2-stackless,1,3,False,2607596,0.04036911899999998,15.481354857117429
add-float4,0,2-stackless,1,4,False,2607596,0.04039000499999998,15.489364533462997
add-float4,0,2-stackless,2,0,True,2607596,0.040607038,15.57259560146587
add-float4,0,2-stackless,2,1,True,2607596,0.040471159,15.520486685820963
add-float4,0,2-stackless,2,2,False,2607596,0.040328817,15.465899242060503
add-float4,0,2-stackless,2,3,False,2607596,0.040267167000000006,15.442256775972968
add-float4,0,2-stackless,2,4,False,2607596,0.04039558600000001,15.491504818998038
add-float4,0,1x,2,0,True,2607596,0.0164092,6.292845977674455
add-float4,0,1x,2,1,True,2607596,0.0164318,6.301512964431606
add-float4,0,1x,2,2,False,2607596,0.0164868,6.322605188840603
add-float4,0,1x,2,3,False,2607596,0.0166596,6.388873122983775
add-float4,0,1x,2,4,False,2607596,0.0164999,6.327628973199837
add-float4,0,2-stackful,2,0,True,2607596,0.049200202,18.868030937307772
add-float4,0,2-stackful,2,1,True,2607596,0.048811981,18.719150129084415
add-float4,0,2-stackful,2,2,False,2607596,0.04926870000000001,18.894299577081732
add-float4,0,2-stackful,2,3,False,2607596,0.04888856800000002,18.748520859826453
add-float4,0,2-stackful,2,4,False,2607596,0.048968066000000005,18.7790079444822
assign-int,8,2-stackful,0,0,True,641625,0.025024539000000002,39.001814143775576
assign-int,8,2-stackful,0,1,True,641625,0.024489656999999998,38.16817767387492
assign-int,8,2-stackful,0,2,False,641625,0.023840686000000007,37.15672861874149
assign-int,8,2-stackful,0,3,False,641625,0.02422729,37.75926748490161
assign-int,8,2-stackful,0,4,False,641625,0.024891807000000002,38.794945645821166
assign-int,8,1x,0,0,True,641625,0.0195277,30.43475550360413
assign-int,8,1x,0,1,True,641625,0.0191891,29.90703292421586
assign-int,8,1x,0,2,False,641625,0.0191064,29.7781414377557
assign-int,8,1x,0,3,False,641625,0.0187819,29.272394311318916
assign-int,8,1x,0,4,False,641625,0.019871,30.969803233976233
assign-int,8,2-stackless,0,0,True,641625,0.023206090999999998,36.167685174361964
assign-int,8,2-stackless,0,1,True,641625,0.022237770999999996,34.65851704656146
assign-int,8,2-stackless,0,2,False,641625,0.022355077999999994,34.84134502240404
assign-int,8,2-stackless,0,3,False,641625,0.022002398000000006,34.29167816091955
assign-int,8,2-stackless,0,4,False,641625,0.021839319999999995,34.03751412429378
assign-int,8,2-stackless,1,0,True,641625,0.023697519,36.9335967270602
assign-int,8,2-stackless,1,1,True,641625,0.022343504,34.82330644847068
assign-int,8,2-stackless,1,2,False,641625,0.022480904000000003,35.037450224040526
assign-int,8,2-stackless,1,3,False,641625,0.02188317799999999,34.10586869277224
assign-int,8,2-stackless,1,4,False,641625,0.022053641,34.3715425676992
assign-int,8,1x,1,0,True,641625,0.0195513,30.47153711279953
assign-int,8,1x,1,1,True,641625,0.0194503,30.314124293785312
assign-int,8,1x,1,2,False,641625,0.0198021,30.86241963763881
assign-int,8,1x,1,3,False,641625,0.0195523,30.473095655562048
assign-int,8,1x,1,4,False,641625,0.0194601,30.32939801285798
assign-int,8,2-stackful,1,0,True,641625,0.025628173,39.94260354568478
assign-int,8,2-stackful,1,1,True,641625,0.024689137,38.47907578414183
assign-int,8,2-stackful,1,2,False,641625,0.024156291000000003,37.64861250730568
assign-int,8,2-stackful,1,3,False,641625,0.024491144000000006,38.1704952269628
assign-int,8,2-stackful,1,4,False,641625,0.024983641,38.93807286187415
assign-int,8,2-stackful,2,0,True,641625,0.025318549,39.46004130138321
assign-int,8,2-stackful,2,1,True,641625,0.024931155000000003,38.85627118644069
assign-int,8,2-stackful,2,2,False,641625,0.02420784,37.72895382817066
assign-int,8,2-stackful,2,3,False,641625,0.024281752000000004,37.844148840833824
assign-int,8,2-stackful,2,4,False,641625,0.024083355,37.534938632378726
assign-int,8,2-stackless,2,0,True,641625,0.023203750999999998,36.16403818429768
assign-int,8,2-stackless,2,1,True,641625,0.022578897,35.19017650496785
assign-int,8,2-stackless,2,2,False,641625,0.022847820000000005,35.60930450029223
assign-int,8,2-stackless,2,3,False,641625,0.021999966999999995,34.28788934346385
assign-int,8,2-stackless,2,4,False,641625,0.02192996400000001,34.178786674459396
assign-int,8,1x,2,0,True,641625,0.0192755,30.041691018897332
assign-int,8,1x,2,1,True,641625,0.0189094,29.47110851353984
assign-int,8,1x,2,2,False,641625,0.0200472,31.244418468731737
assign-int,8,1x,2,3,False,641625,0.0195034,30.396882914474965
assign-int,8,1x,2,4,False,641625,0.0192278,29.967348529125267
get-seq,8,2-stackless,0,0,True,747214,0.020212949,27.05108442828962
get-seq,8,2-stackless,0,1,True,747214,0.020192158,27.02325973549746
get-seq,8,2-stackless,0,2,False,747214,0.020165290000000002,26.98730216510933
get-seq,8,2-stackless,0,3,False,747214,0.020185814000000003,27.014769530549486
get-seq,8,2-stackless,0,4,False,747214,0.019846513999999996,26.56068274952021
get-seq,8,2-stackful,0,0,True,747214,0.022435762,30.02588548929758
get-seq,8,2-stackful,0,1,True,747214,0.022512138999999997,30.12810118654093
get-seq,8,2-stackful,0,2,False,747214,0.022458227999999997,30.05595184244406
get-seq,8,2-stackful,0,3,False,747214,0.022290855999999998,29.831957110011317
get-seq,8,2-stackful,0,4,False,747214,0.022292712000000006,29.8344410035144
get-seq,8,1x,0,0,True,747214,0.0616154,82.46017874397428
get-seq,8,1x,0,1,True,747214,0.0602554,80.6400843667276
get-seq,8,1x,0,2,False,747214,0.0602307,80.60702824090555
get-seq,8,1x,0,3,False,747214,0.0610574,81.71340472742749
get-seq,8,1x,0,4,False,747214,0.0600287,80.33669069369685
get-seq,8,2-stackless,1,0,True,747214,0.019954534000000003,26.705246422042418
get-seq,8,2-stackless,1,1,True,747214,0.019907769000000002,26.642660603254228
get-seq,8,2-stackless,1,2,False,747214,0.019884334999999996,26.61129877116863
get-seq,8,2-stackless,1,3,False,747214,0.019855139,26.572225627464153
get-seq,8,2-stackless,1,4,False,747214,0.020145804000000003,26.961223959936515
get-seq,8,1x,1,0,True,747214,0.0622814,83.35148966694949
get-seq,8,1x,1,1,True,747214,0.0618944,82.83356575224768
get-seq,8,1x,1,2,False,747214,0.0621869,83.22501987382464
get-seq,8,1x,1,3,False,747214,0.0625198,83.67054150484333
get-seq,8,1x,1,4,False,747214,0.0619356,82.88870390544075
get-seq,8,2-stackful,1,0,True,747214,0.022361561999999998,29.926583281362497
get-seq,8,2-stackful,1,1,True,747214,0.022322772,29.874670442470297
get-seq,8,2-stackful,1,2,False,747214,0.022310168,29.857802450168226
get-seq,8,2-stackful,1,3,False,747214,0.022588414,30.230180376706002
get-seq,8,2-stackful,1,4,False,747214,0.022283595000000003,29.822239679663394
get-seq,8,1x,2,0,True,747214,0.0629933,84.30422877515679
get-seq,8,1x,2,1,True,747214,0.0617302,82.61381612228892
get-seq,8,1x,2,2,False,747214,0.0619664,82.92992368986663
get-seq,8,1x,2,3,False,747214,0.062995,84.30650389312834
get-seq,8,1x,2,4,False,747214,0.0617705,82.66774980126175
get-seq,8,2-stackless,2,0,True,747214,0.02018785,27.017494318896595
get-seq,8,2-stackless,2,1,True,747214,0.020123028999999997,26.93074407064107
get-seq,8,2-stackless,2,2,False,747214,0.020083446999999997,26.877771294435057
get-seq,8,2-stackless,2,3,False,747214,0.019853243000000007,26.56968820177353
get-seq,8,2-stackless,2,4,False,747214,0.019863023999999993,26.58277815993811
get-seq,8,2-stackful,2,0,True,747214,0.022353262,29.91547535244254
get-seq,8,2-stackful,2,1,True,747214,0.022296076,29.838943060488695
get-seq,8,2-stackful,2,2,False,747214,0.022297314999999998,29.84060121999855
get-seq,8,2-stackful,2,3,False,747214,0.022325556999999996,29.87839762102958
get-seq,8,2-stackful,2,4,False,747214,0.022484233999999992,30.09075579419014
update-int,64,2-stackless,0,0,True,241258,0.021247203,88.068387369538
update-int,64,2-stackless,0,1,True,241258,0.021083556,87.39008032894246
update-int,64,2-stackless,0,2,False,241258,0.020984865,86.98101202861666
update-int,64,2-stackless,0,3,False,241258,0.020972876,86.93131833970273
update-int,64,2-stackless,0,4,False,241258,0.020883115000000008,86.55926435600067
update-int,64,1x,0,0,True,241258,0.0201543,83.53836971209245
update-int,64,1x,0,1,True,241258,0.0201575,83.55163352096096
update-int,64,1x,0,2,False,241258,0.019984,82.83248638387121
update-int,64,1x,0,3,False,241258,0.0203274,84.25585887307363
update-int,64,1x,0,4,False,241258,0.0209542,86.85390743519386
update-int,64,2-stackful,0,0,True,241258,0.021725406,90.05051024214741
update-int,64,2-stackful,0,1,True,241258,0.021772115,90.24411625728473
update-int,64,2-stackful,0,2,False,241258,0.021928077000000004,90.8905694318945
update-int,64,2-stackful,0,3,False,241258,0.021971288000000005,91.06967644596243
update-int,64,2-stackful,0,4,False,241258,0.021766258999999996,90.21984348705534
update-int,64,2-stackful,1,0,True,241258,0.02173877,90.10590322393455
update-int,64,2-stackful,1,1,True,241258,0.021708025,89.97846703529002
update-int,64,2-stackful,1,2,False,241258,0.021755473000000004,90.17513616128794
update-int,64,2-stackful,1,3,False,241258,0.021720539999999997,90.03034096278671
update-int,64,2-stackful,1,4,False,241258,0.021689505999999997,89.90170688640376
update-int,64,2-stackless,1,0,True,241258,0.020914986,86.69136774739076
update-int,64,2-stackless,1,1,True,241258,0.020922005,86.7204610831558
update-int,64,2-stackless,1,2,False,241258,0.020946434000000007,86.82171782904611
update-int,64,2-stackless,1,3,False,241258,0.020904852,86.64936292268028
update-int,64,2-stackless,1,4,False,241258,0.020927664,86.74391730015171
update-int,64,1x,1,0,True,241258,0.0198578,82.30939492161917
update-int,64,1x,1,1,True,241258,0.0208984,86.62261976804915
update-int,64,1x,1,2,False,241258,0.0203713,84.43782175098856
update-int,64,1x,1,3,False,241258,0.0204059,84.58123668437938
update-int,64,1x,1,4,False,241258,0.0196594,81.4870387717713
update-int,64,1x,2,0,True,241258,0.0198626,82.32929063492195
update-int,64,1x,2,1,True,241258,0.0198459,82.26007013238939
update-int,64,1x,2,2,False,241258,0.0202756,84.04115096701456
update-int,64,1x,2,3,False,241258,0.0204229,84.65170066899336
update-int,64,1x,2,4,False,241258,0.0200635,83.16200913544836
update-int,64,2-stackless,2,0,True,241258,0.021138004,87.61576403684023
update-int,64,2-stackless,2,1,True,241258,0.021215926000000003,87.9387460726691
update-int,64,2-stackless,2,2,False,241258,0.02094693200000001,86.82378200930128
update-int,64,2-stackless,2,3,False,241258,0.020991270000000006,87.00756037105508
update-int,64,2-stackless,2,4,False,241258,0.020910227000000003,86.67164197663914
update-int,64,2-stackful,2,0,True,241258,0.021827458,90.47350968672542
update-int,64,2-stackful,2,1,True,241258,0.021759182000000002,90.19050974475459
update-int,64,2-stackful,2,2,False,241258,0.021779784999999996,90.27590794916644
update-int,64,2-stackful,2,3,False,241258,0.021792259000000008,90.32761193411206
update-int,64,2-stackful,2,4,False,241258,0.021856525999999987,90.59399481053474
get-int,256,2-stackful,0,0,True,156474,0.038445197,245.69702953845368
get-int,256,2-stackful,0,1,True,156474,0.038089731999999994,243.42531027518945
get-int,256,2-stackful,0,2,False,156474,0.037629158999999995,240.48186280148775
get-int,256,2-stackful,0,3,False,156474,0.037076944000000014,236.9527461431293
get-int,256,2-stackful,0,4,False,156474,0.038465164999999996,245.82464179352476
get-int,256,2-stackless,0,0,True,156474,0.03776412,241.34437670156063
get-int,256,2-stackless,0,1,True,156474,0.037286469999999995,238.291792885719
get-int,256,2-stackless,0,2,False,156474,0.036695145,234.51273054948425
get-int,256,2-stackless,0,3,False,156474,0.03662602400000001,234.07098942955383
get-int,256,2-stackless,0,4,False,156474,0.03670773099999999,234.5931656377417
get-int,256,1x,0,0,True,156474,0.0197435,126.17751191891304
get-int,256,1x,0,1,True,156474,0.0194568,124.34525863721768
get-int,256,1x,0,2,False,156474,0.0193542,123.68955864872119
get-int,256,1x,0,3,False,156474,0.0194583,124.35484489435945
get-int,256,1x,0,4,False,156474,0.0194429,124.25642598770403
get-int,256,2-stackful,1,0,True,156474,0.038190088999999997,244.06667561384
get-int,256,2-stackful,1,1,True,156474,0.037454066999999994,239.3628781778442
get-int,256,2-stackful,1,2,False,156474,0.037405605999999994,239.05317177294626
get-int,256,2-stackful,1,3,False,156474,0.037923627000000015,242.36376011350137
get-int,256,2-stackful,1,4,False,156474,0.036827743000000024,235.36014289913993
get-int,256,2-stackless,1,0,True,156474,0.037402454,239.0330278512724
get-int,256,2-stackless,1,1,True,156474,0.036649665,234.22207523294605
get-int,256,2-stackless,1,2,False,156474,0.03712119900000001,237.2355726830017
get-int,256,2-stackless,1,3,False,156474,0.03644170399999999,232.89303015197407
get-int,256,2-stackless,1,4,False,156474,0.03664050999999999,234.16356711019074
get-int,256,1x,1,0,True,156474,0.0193976,123.96692102202283
get-int,256,1x,1,1,True,156474,0.0195068,124.66480054194307
get-int,256,1x,1,2,False,156474,0.0194839,124.51845034957884
get-int,256,1x,1,3,False,156474,0.0195513,124.94919283714866
get-int,256,1x,1,4,False,156474,0.0193592,123.72151283919374
get-int,256,2-stackless,2,0,True,156474,0.037530466,239.85113181742653
get-int,256,2-stackless,2,1,True,156474,0.036765495,234.96232600943287
get-int,256,2-stackless,2,2,False,156474,0.037162004,237.49635083144804
get-int,256,2-stackless,2,3,False,156474,0.03713644099999999,237.3329818372381
get-int,256,2-stackless,2,4,False,156474,0.03738619900000001,238.92914477804624
get-int,256,2-stackful,2,0,True,156474,0.037644364,240.5790354947148
get-int,256,2-stackful,2,1,True,156474,0.03771740899999999,241.04585426332804
get-int,256,2-stackful,2,2,False,156474,0.037214902999999994,237.83441977580935
get-int,256,2-stackful,2,3,False,156474,0.037035515000000005,236.6879801117119
get-int,256,2-stackful,2,4,False,156474,0.03685944099999999,235.56271968505945
get-int,256,1x,2,0,True,156474,0.0194113,124.05447550391759
get-int,256,1x,2,1,True,156474,0.0195358,124.8501348466838
get-int,256,1x,2,2,False,156474,0.0195349,124.84438309239874
get-int,256,1x,2,3,False,156474,0.0194027,123.99951429630482
get-int,256,1x,2,4,False,156474,0.019397,123.96308651916613
assign-seq,8,1x,0,0,True,227214,0.144569,636.2680116542115
assign-seq,8,1x,0,1,True,227214,0.142527,627.2808893818162
assign-seq,8,1x,0,2,False,227214,0.143999,633.7593634195076
assign-seq,8,1x,0,3,False,227214,0.143201,630.2472558909222
assign-seq,8,1x,0,4,False,227214,0.144091,634.1642680468633
assign-seq,8,2-stackless,0,0,True,227214,0.020039636,88.19718855352222
assign-seq,8,2-stackless,0,1,True,227214,0.020065470000000002,88.31088753333863
assign-seq,8,2-stackless,0,2,False,227214,0.019963019000000005,87.85998662054277
assign-seq,8,2-stackless,0,3,False,227214,0.01976093300000001,86.97057839745794
assign-seq,8,2-stackless,0,4,False,227214,0.019708278999999995,86.7388409164928
assign-seq,8,2-stackful,0,0,True,227214,0.020539047999999997,90.39516931175014
assign-seq,8,2-stackful,0,1,True,227214,0.020532883000000002,90.36803630058007
assign-seq,8,2-stackful,0,2,False,227214,0.020597548,90.65263584110134
assign-seq,8,2-stackful,0,3,False,227214,0.020523783999999996,90.32799035270712
assign-seq,8,2-stackful,0,4,False,227214,0.020459321000000003,90.04427984191116
assign-seq,8,2-stackless,1,0,True,227214,0.019764502,86.98628605631696
assign-seq,8,2-stackless,1,1,True,227214,0.019746568,86.90735606080611
assign-seq,8,2-stackless,1,2,False,227214,0.019695322,86.68181538109448
assign-seq,8,2-stackless,1,3,False,227214,0.019731367,86.84045437341008
assign-seq,8,2-stackless,1,4,False,227214,0.019698359,86.69518163493447
assign-seq,8,1x,1,0,True,227214,0.138206,608.2635753078596
assign-seq,8,1x,1,1,True,227214,0.137336,604.4345858969958
assign-seq,8,1x,1,2,False,227214,0.13672,601.7234853486141
assign-seq,8,1x,1,3,False,227214,0.138066,607.6474160923183
assign-seq,8,1x,1,4,False,227214,0.138348,608.8885367979086
assign-seq,8,2-stackful,1,0,True,227214,0.020511147,90.27237318123002
assign-seq,8,2-stackful,1,1,True,227214,0.020461389,90.05338139375215
assign-seq,8,2-stackful,1,2,False,227214,0.020538090000000002,90.39095302226097
assign-seq,8,2-stackful,1,3,False,227214,0.020494572000000003,90.19942433124722
assign-seq,8,2-stackful,1,4,False,227214,0.020448952000000006,89.99864444972584
assign-seq,8,2-stackful,2,0,True,227214,0.020505476999999998,90.24741873300059
assign-seq,8,2-stackful,2,1,True,227214,0.020485616,90.16000774600157
assign-seq,8,2-stackful,2,2,False,227214,0.020510832,90.27098682299506
assign-seq,8,2-stackful,2,3,False,227214,0.020513338,90.28201607295325
assign-seq,8,2-stackful,2,4,False,227214,0.02047881,90.13005360585176
assign-seq,8,2-stackless,2,0,True,227214,0.019746738,86.90810425413927
assign-seq,8,2-stackless,2,1,True,227214,0.019758975999999998,86.96196537185207
assign-seq,8,2-stackless,2,2,False,227214,0.019831112000000005,87.279445808797
assign-seq,8,2-stackless,2,3,False,227214,0.019731422999999998,86.84070083709629
assign-seq,8,2-stackless,2,4,False,227214,0.019715538000000005,86.77078877181866
assign-seq,8,1x,2,0,True,227214,0.138385,609.0513788763017
assign-seq,8,1x,2,1,True,227214,0.138278,608.580457190138
assign-seq,8,1x,2,2,False,227214,0.136836,602.2340172700626
assign-seq,8,1x,2,3,False,227214,0.136708,601.6706717015677
assign-seq,8,1x,2,4,False,227214,0.136884,602.4452718582481
take-table,256,1x,0,0,True,23286,0.0205286,881.5855020183801
take-table,256,1x,0,1,True,23286,0.0202022,867.5684960920725
take-table,256,1x,0,2,False,23286,0.0199151,855.2391995190243
take-table,256,1x,0,3,False,23286,0.0199345,856.0723181310659
take-table,256,1x,0,4,False,23286,0.0201748,866.3918234132096
take-table,256,2-stackless,0,0,True,23286,0.07411303000000001,3182.729107618312
take-table,256,2-stackless,0,1,True,23286,0.074817731,3212.9919694236883
take-table,256,2-stackless,0,2,False,23286,0.074334976,3192.2604139826503
take-table,256,2-stackless,0,3,False,23286,0.07455587500000002,3201.746757708495
take-table,256,2-stackless,0,4,False,23286,0.074425676,3196.1554582152366
take-table,256,2-stackful,0,0,True,23286,0.07755702399999999,3330.6288757193156
take-table,256,2-stackful,0,1,True,23286,0.07747129100000001,3326.9471356179683
take-table,256,2-stackful,0,2,False,23286,0.07687042800000002,3301.143519711415
take-table,256,2-stackful,0,3,False,23286,0.07701977599999998,3307.557158807867
take-table,256,2-stackful,0,4,False,23286,0.07841367900000001,3367.417289358413
take-table,256,2-stackless,1,0,True,23286,0.074186428,3185.88113029288
take-table,256,2-stackless,1,1,True,23286,0.074145016,3184.1027226659794
take-table,256,2-stackless,1,2,False,23286,0.07413317999999999,3183.5944344241175
take-table,256,2-stackless,1,3,False,23286,0.07411337700000001,3182.7440092759603
take-table,256,2-stackless,1,4,False,23286,0.07406749600000001,3180.773683758482
take-table,256,2-stackful,1,0,True,23286,0.07717743199999999,3314.3275788027136
take-table,256,2-stackful,1,1,True,23286,0.077413239,3324.4541355320794
take-table,256,2-stackful,1,2,False,23286,0.07692039,3303.28910074723
take-table,256,2-stackful,1,3,False,23286,0.077004721,3306.9106329983683
take-table,256,2-stackful,1,4,False,23286,0.07745882500000001,3326.4117924933444
take-table,256,1x,1,0,True,23286,0.0202807,870.9396203727562
take-table,256,1x,1,1,True,23286,0.0199898,858.4471356179679
take-table,256,1x,1,2,False,23286,0.0203233,872.7690457785794
take-table,256,1x,1,3,False,23286,0.0199091,854.9815339689084
take-table,256,1x,1,4,False,23286,0.020094,862.9219273383148
take-table,256,2-stackless,2,0,True,23286,0.075023749,3221.839259640986
take-table,256,2-stackless,2,1,True,23286,0.074544902,3201.275530361591
take-table,256,2-stackless,2,2,False,23286,0.07418741300000001,3185.9234303873577
take-table,256,2-stackless,2,3,False,23286,0.07412080099999999,3183.0628274499695
take-table,256,2-stackless,2,4,False,23286,0.07442602300000001,3196.1703598728855
take-table,256,1x,2,0,True,23286,0.0200314,860.2336167654385
take-table,256,1x,2,1,True,23286,0.0198268,851.4472215064845
take-table,256,1x,2,2,False,23286,0.0204449,877.9910675942626
take-table,256,1x,2,3,False,23286,0.0198274,851.4729880614962
take-table,256,1x,2,4,False,23286,0.0197777,849.338658421369
take-table,256,2-stackful,2,0,True,23286,0.077397606,3323.782787941252
take-table,256,2-stackful,2,1,True,23286,0.07743740599999999,3325.4919694236874
take-table,256,2-stackful,2,2,False,23286,0.077156433,3313.4257923215664
take-table,256,2-stackful,2,3,False,23286,0.07720945099999998,3315.7026110109073
take-table,256,2-stackful,2,4,False,23286,0.07711420299999999,3311.6122562913333
assign-string,64,2-stackful,0,0,True,67246,0.046164005,686.4944383309045
assign-string,64,2-stackful,0,1,True,67246,0.045901253999999996,682.587127858906
assign-string,64,2-stackful,0,2,False,67246,0.04644934599999999,690.7376795645836
assign-string,64,2-stackful,0,3,False,67246,0.045907219,682.6758320197484
assign-string,64,2-stackful,0,4,False,67246,0.045971645000000005,683.6338964399371
assign-string,64,2-stackless,0,0,True,67246,0.045801268,681.1002587514499
assign-string,64,2-stackless,0,1,True,67246,0.045810038,681.2306754305089
assign-string,64,2-stackless,0,2,False,67246,0.04580516500000001,681.1582101537639
assign-string,64,2-stackless,0,3,False,67246,0.04588756200000002,682.3835172352262
assign-string,64,2-stackless,0,4,False,67246,0.04597826100000002,683.7322814739914
assign-string,64,1x,0,0,True,67246,0.0199327,296.41465663385185
assign-string,64,1x,0,1,True,67246,0.0197373,293.50890759301666
assign-string,64,1x,0,2,False,67246,0.0199277,296.34030276893793
assign-string,64,1x,0,3,False,67246,0.0200527,298.1991493917854
assign-string,64,1x,0,4,False,67246,0.0196488,292.19284418404067
assign-string,64,2-stackful,1,0,True,67246,0.046055865999999994,684.8863278113196
assign-string,64,2-stackful,1,1,True,67246,0.04594736,683.2727597180501
assign-string,64,2-stackful,1,2,False,67246,0.045934802999999996,683.0860274217054
assign-string,64,2-stackful,1,3,False,67246,0.046349221999999995,689.2487582904558
assign-string,64,2-stackful,1,4,False,67246,0.04587677600000001,682.2231210778338
assign-string,64,1x,1,0,True,67246,0.0199017,295.95366267138564
assign-string,64,1x,1,1,True,67246,0.0196237,291.8195877821729
assign-string,64,1x,1,2,False,67246,0.0197692,293.98328525116733
assign-string,64,1x,1,3,False,67246,0.0196459,292.1497189423906
assign-string,64,1x,1,4,False,67246,0.0197646,293.9148796954466
assign-string,64,2-stackless,1,0,True,67246,0.04597758,683.7221544775897
assign-string,64,2-stackless,1,1,True,67246,0.045798836,681.0640930315558
assign-string,64,2-stackless,1,2,False,67246,0.04593071100000001,683.02517621866
assign-string,64,2-stackless,1,3,False,67246,0.04574889200000001,680.3213871457041
assign-string,64,2-stackless,1,4,False,67246,0.046328386,688.9389108645868
assign-string,64,2-stackless,2,0,True,67246,0.045814975,681.3040924367249
assign-string,64,2-stackless,2,1,True,67246,0.045896967,682.523376855129
assign-string,64,2-stackless,2,2,False,67246,0.045887357000000004,682.3804687267644
assign-string,64,2-stackless,2,3,False,67246,0.045926571,682.9636112185111
assign-string,64,2-stackless,2,4,False,67246,0.045783290000000004,680.8329119947656
assign-string,64,2-stackful,2,0,True,67246,0.045961474999999995,683.482660678702
assign-string,64,2-stackful,2,1,True,67246,0.046217852000000004,687.2951848437082
assign-string,64,2-stackful,2,2,False,67246,0.045862747999999995,682.014513874431
assign-string,64,2-stackful,2,3,False,67246,0.04599331300000001,683.9561163489279
assign-string,64,2-stackful,2,4,False,67246,0.04585456099999999,681.8927668560209
assign-string,64,1x,2,0,True,67246,0.0198916,295.8034678642596
assign-string,64,1x,2,1,True,67246,0.0197814,294.1647086815573
assign-string,64,1x,2,2,False,67246,0.0197238,293.30815215774913
assign-string,64,1x,2,3,False,67246,0.0197689,293.9788240192725
assign-string,64,1x,2,4,False,67246,0.0199066,296.02652945900127
const-int,256,2-stackful,0,0,True,158241,0.027020686,170.75654223620933
const-int,256,2-stackful,0,1,True,158241,0.026934709,170.21321275775557
const-int,256,2-stackful,0,2,False,158241,0.026883274999999998,169.88817689473652
const-int,256,2-stackful,0,3,False,158241,0.02710745199999999,171.30485778022123
const-int,256,2-stackful,0,4,False,158241,0.026943682999999996,170.26992372394005
const-int,256,1x,0,0,True,158241,0.0194877,123.1520276034656
const-int,256,1x,0,1,True,158241,0.0194351,122.81962323291688
const-int,256,1x,0,2,False,158241,0.0196378,124.10058075972725
const-int,256,1x,0,3,False,158241,0.0194479,122.90051250940022
const-int,256,1x,0,4,False,158241,0.0193292,122.15039085951176
const-int,256,2-stackless,0,0,True,158241,0.026907852,170.04349062505923
const-int,256,2-stackless,0,1,True,158241,0.02653217,167.6693777213238
const-int,256,2-stackless,0,2,False,158241,0.026448004000000004,167.13749281159753
const-int,256,2-stackless,0,3,False,158241,0.026624441999999998,168.25248829317306
const-int,256,2-stackless,0,4,False,158241,0.026563337000000006,167.86633679008605
const-int,256,2-stackless,1,0,True,158241,0.027049623000000002,170.9394088763342
const-int,256,2-stackless,1,1,True,158241,0.026472532000000003,167.29249688765873
const-int,256,2-stackless,1,2,False,158241,0.026542723000000004,167.73606713809951
const-int,256,2-stackless,1,3,False,158241,0.026535873,167.69277873623145
const-int,256,2-stackless,1,4,False,158241,0.02650269000000001,167.48307960642316
const-int,256,1x,1,0,True,158241,0.019356,122.31975278214875
const-int,256,1x,1,1,True,158241,0.0193555,122.31659304478612
const-int,256,1x,1,2,False,158241,0.0193216,122.10236285159978
const-int,256,1x,1,3,False,158241,0.0193212,122.09983506170967
const-int,256,1x,1,4,False,158241,0.0193307,122.15987007159966
const-int,256,2-stackful,1,0,True,158241,0.026886194000000002,169.90662344145957
const-int,256,2-stackful,1,1,True,158241,0.026941108,170.25365107652252
const-int,256,2-stackful,1,2,False,158241,0.026895017000000007,169.96238016696057
const-int,256,2-stackful,1,3,False,158241,0.026883403,169.88898578750135
const-int,256,2-stackful,1,4,False,158241,0.026893880999999994,169.9552012436726
const-int,256,1x,2,0,True,158241,0.0193793,122.46699654324732
const-int,256,1x,2,1,True,158241,0.0193745,122.43666306456608
const-int,256,1x,2,2,False,158241,0.0193287,122.14723112214912
const-int,256,1x,2,3,False,158241,0.0193199,122.09161974456683
const-int,256,1x,2,4,False,158241,0.0193601,122.34566262852232
const-int,256,2-stackless,2,0,True,158241,0.026782823,169.2533730196346
const-int,256,2-stackless,2,1,True,158241,0.026505526999999997,167.50100795621864
const-int,256,2-stackless,2,2,False,158241,0.026394748999999995,166.80094918510372
const-int,256,2-stackless,2,3,False,158241,0.026462638999999996,167.22997832420168
const-int,256,2-stackless,2,4,False,158241,0.026596121999999986,168.07352076895359
const-int,256,2-stackful,2,0,True,158241,0.026901194,170.00141556233845
const-int,256,2-stackful,2,1,True,158241,0.026899932,169.99344038523517
const-int,256,2-stackful,2,2,False,158241,0.026903089999999998,170.01339728641753
const-int,256,2-stackful,2,3,False,158241,0.026945721000000006,170.2828028134302
const-int,256,2-stackful,2,4,False,158241,0.02695010299999999,170.31049475167617
update-seq,8,1x,0,0,True,572869,0.0926662,161.75809827377637
update-seq,8,1x,0,1,True,572869,0.0928338,162.05066079679648
update-seq,8,1x,0,2,False,572869,0.0938119,163.75803194098475
update-seq,8,1x,0,3,False,572869,0.0935765,163.3471177529243
update-seq,8,1x,0,4,False,572869,0.0926111,161.66191572593385
update-seq,8,2-stackful,0,0,True,572869,0.021715796,37.90708870614399
update-seq,8,2-stackful,0,1,True,572869,0.021722975000000002,37.91962036695999
update-seq,8,2-stackful,0,2,False,572869,0.021683487999999994,37.85069186847254
update-seq,8,2-stackful,0,3,False,572869,0.021723544999999997,37.92061535883421
update-seq,8,2-stackful,0,4,False,572869,0.021674323999999995,37.83469519209452
update-seq,8,2-stackless,0,0,True,572869,0.019952641,34.82932572717323
update-seq,8,2-stackless,0,1,True,572869,0.019968075,34.85626731416781
update-seq,8,2-stackless,0,2,False,572869,0.019944865,34.81575194328895
update-seq,8,2-stackless,0,3,False,572869,0.019902705000000007,34.74215745659131
update-seq,8,2-stackless,0,4,False,572869,0.019902329999999996,34.74150285667403
update-seq,8,2-stackful,1,0,True,572869,0.021750682,37.967985700046604
update-seq,8,2-stackful,1,1,True,572869,0.021744272999999998,37.95679815106071
update-seq,8,2-stackful,1,2,False,572869,0.021713579000000004,37.90321871143316
update-seq,8,2-stackful,1,3,False,572869,0.021675211,37.83624353909882
update-seq,8,2-stackful,1,4,False,572869,0.021690724999999994,37.863324774075735
update-seq,8,1x,1,0,True,572869,0.0945787,165.0965578517951
update-seq,8,1x,1,1,True,572869,0.0923687,161.23878233941792
update-seq,8,1x,1,2,False,572869,0.0927491,161.902808495485
update-seq,8,1x,1,3,False,572869,0.0931636,162.62635960402815
update-seq,8,1x,1,4,False,572869,0.0942242,164.47774273001332
update-seq,8,2-stackless,1,0,True,572869,0.01988882,34.71791980365494
update-seq,8,2-stackless,1,1,True,572869,0.019898555,34.73491321750697
update-seq,8,2-stackless,1,2,False,572869,0.019855918,34.66048607971456
update-seq,8,2-stackless,1,3,False,572869,0.019832781,34.62009813761959
update-seq,8,2-stackless,1,4,False,572869,0.01979196200000001,34.548844500226075
update-seq,8,2-stackless,2,0,True,572869,0.019884242,34.709928447865046
update-seq,8,2-stackless,2,1,True,572869,0.019919726000000002,34.771869310435726
update-seq,8,2-stackless,2,2,False,572869,0.019951597999999994,34.827505066603344
update-seq,8,2-stackless,2,3,False,572869,0.019849725999999998,34.64967732588078
update-seq,8,2-stackless,2,4,False,572869,0.019773950999999998,34.517404502600066
update-seq,8,1x,2,0,True,572869,0.0924814,161.43551143455136
update-seq,8,1x,2,1,True,572869,0.0924196,161.32763336818715
update-seq,8,1x,2,2,False,572869,0.0920569,160.69450432821466
update-seq,8,1x,2,3,False,572869,0.0926618,161.7504176347472
update-seq,8,1x,2,4,False,572869,0.0924482,161.37755752187672
update-seq,8,2-stackful,2,0,True,572869,0.021707031,37.89178852407793
update-seq,8,2-stackful,2,1,True,572869,0.021741832,37.95253714199931
update-seq,8,2-stackful,2,2,False,572869,0.021686219000000007,37.85545910146998
update-seq,8,2-stackful,2,3,False,572869,0.021807239000000006,38.06671158676767
update-seq,8,2-stackful,2,4,False,572869,0.021670719000000005,37.828402304889956
make-table,8,1x,0,0,True,353110,0.0190256,53.880094021692955
make-table,8,1x,0,1,True,353110,0.0188679,53.43349098014783
make-table,8,1x,0,2,False,353110,0.0184057,52.12455042338082
make-table,8,1x,0,3,False,353110,0.0186501,52.81668601852114
make-table,8,1x,0,4,False,353110,0.0186848,52.91495567953329
make-table,8,2-stackless,0,0,True,353110,0.104469623,295.8557475007788
make-table,8,2-stackless,0,1,True,353110,0.10458464899999999,296.18149868312986
make-table,8,2-stackless,0,2,False,353110,0.104285659,295.3347653705644
make-table,8,2-stackless,0,3,False,353110,0.10415746000000004,294.9717085327519
make-table,8,2-stackless,0,4,False,353110,0.10449312100000002,295.92229333635413
make-table,8,2-stackful,0,0,True,353110,0.10634150799999999,301.1568859562176
make-table,8,2-stackful,0,1,True,353110,0.10635633799999998,301.19888420039075
make-table,8,2-stackful,0,2,False,353110,0.10715069399999996,303.4484834754042
make-table,8,2-stackful,0,3,False,353110,0.10721472199999998,303.6298094078332
make-table,8,2-stackful,0,4,False,353110,0.10630246600000004,301.0463198436749
make-table,8,1x,1,0,True,353110,0.018755,53.113760584520406
make-table,8,1x,1,1,True,353110,0.0189152,53.56744357282433
make-table,8,1x,1,2,False,353110,0.0183798,52.05120217495964
make-table,8,1x,1,3,False,353110,0.0183607,51.99711138172241
make-table,8,1x,1,4,False,353110,0.0184496,52.24887428846535
make-table,8,2-stackless,1,0,True,353110,0.103794252,293.9431112118037
make-table,8,2-stackless,1,1,True,353110,0.103656136,293.5519696411883
make-table,8,2-stackless,1,2,False,353110,0.10373960399999999,293.7883492396137
make-table,8,2-stackless,1,3,False,353110,0.10419973899999996,295.09144176035784
make-table,8,2-stackless,1,4,False,353110,0.10380403999999999,293.9708306193537
make-table,8,2-stackful,1,0,True,353110,0.105466366,298.67850244966155
make-table,8,2-stackful,1,1,True,353110,0.107159217,303.4726204298944
make-table,8,2-stackful,1,2,False,353110,0.106984357,302.97742063379684
make-table,8,2-stackful,1,3,False,353110,0.10642509300000003,301.39359689615145
make-table,8,2-stackful,1,4,False,353110,0.10646609699999998,301.5097193509104
make-table,8,2-stackless,2,0,True,353110,0.103374035,292.75306561694657
make-table,8,2-stackless,2,1,True,353110,0.10477602400000001,296.7234686075161
make-table,8,2-stackless,2,2,False,353110,0.10497332999999998,297.28223499759275
make-table,8,2-stackless,2,3,False,353110,0.10535362300000001,298.35921667469063
make-table,8,2-stackless,2,4,False,353110,0.10524791999999994,298.05986802979226
make-table,8,2-stackful,2,0,True,353110,0.107142365,303.4248959247826
make-table,8,2-stackful,2,1,True,353110,0.107477887,304.37508708334514
make-table,8,2-stackful,2,2,False,353110,0.10828504600000002,306.66094418169985
make-table,8,2-stackful,2,3,False,353110,0.10739864799999999,304.15068392285684
make-table,8,2-stackful,2,4,False,353110,0.10703457800000005,303.11964543626647
make-table,8,1x,2,0,True,353110,0.0185286,52.47260060604344
make-table,8,1x,2,1,True,353110,0.0187119,52.991702302398686
make-table,8,1x,2,2,False,353110,0.0182569,51.703151992297016
make-table,8,1x,2,3,False,353110,0.0180302,51.061142420209
make-table,8,1x,2,4,False,353110,0.0184477,52.24349352892866
add-int,64,1x,0,0,True,312242,0.0200483,64.20756976960179
add-int,64,1x,0,1,True,312242,0.0200171,64.10764727358908
add-int,64,1x,0,2,False,312242,0.0199795,63.98722785531735
add-int,64,1x,0,3,False,312242,0.0199942,64.03430672363103
add-int,64,1x,0,4,False,312242,0.0200312,64.15280455544097
add-int,64,2-stackless,0,0,True,312242,0.02181769,69.87429621895838
add-int,64,2-stackless,0,1,True,312242,0.021367712,68.4331768307915
add-int,64,2-stackless,0,2,False,312242,0.02154396,68.997636448652
add-int,64,2-stackless,0,3,False,312242,0.021446407,68.68520890847483
add-int,64,2-stackless,0,4,False,312242,0.021357886000000006,68.40170764983573
add-int,64,2-stackful,0,0,True,312242,0.021953269,70.30850750379513
add-int,64,2-stackful,0,1,True,312242,0.022189038,71.0635917013086
add-int,64,2-stackful,0,2,False,312242,0.021905649999999992,70.15600079425572
add-int,64,2-stackful,0,3,False,312242,0.021695499999999993,69.48296513601628
add-int,64,2-stackful,0,4,False,312242,0.021755961000000004,69.67660020112606
add-int,64,1x,1,0,True,312242,0.0202747,64.93264839451452
add-int,64,1x,1,1,True,312242,0.0200386,64.17650412180296
add-int,64,1x,1,2,False,312242,0.0200352,64.16561513185286
add-int,64,1x,1,3,False,312242,0.0199539,63.90524016628128
add-int,64,1x,1,4,False,312242,0.0200244,64.13102657554077
add-int,64,2-stackful,1,0,True,312242,0.022302921,71.4283184196873
add-int,64,2-stackful,1,1,True,312242,0.021933544,70.24533534886402
add-int,64,2-stackful,1,2,False,312242,0.021869854999999994,70.04136214858985
add-int,64,2-stackful,1,3,False,312242,0.022246315000000003,71.24702954759451
add-int,64,2-stackful,1,4,False,312242,0.022092424,70.75417144394412
add-int,64,2-stackless,1,0,True,312242,0.021897906,70.13119951832233
add-int,64,2-stackless,1,1,True,312242,0.021641884,69.31125216979137
add-int,64,2-stackless,1,2,False,312242,0.02156927799999999,69.078720992051
add-int,64,2-stackless,1,3,False,312242,0.02137426699999999,68.45417016288644
add-int,64,2-stackless,1,4,False,312242,0.021284902999999994,68.16796907526852
add-int,64,2-stackful,2,0,True,312242,0.021988858,70.42248640477578
add-int,64,2-stackful,2,1,True,312242,0.021912477,70.17786524554673
add-int,64,2-stackful,2,2,False,312242,0.022032387000000007,70.56189429993405
add-int,64,2-stackful,2,3,False,312242,0.02244311900000001,71.87732271763572
add-int,64,2-stackful,2,4,False,312242,0.022135814000000004,70.89313417157206
add-int,64,1x,2,0,True,312242,0.0199877,64.01348953696171
add-int,64,1x,2,1,True,312242,0.0199359,63.84759257242779
add-int,64,1x,2,2,False,312242,0.0200185,64.11213097533323
add-int,64,1x,2,3,False,312242,0.0199456,63.87865822022662
add-int,64,1x,2,4,False,312242,0.0200363,64.16913804036612
add-int,64,2-stackless,2,0,True,312242,0.021309349,68.24626091300978
add-int,64,2-stackless,2,1,True,312242,0.021202487000000002,67.90401995887807
add-int,64,2-stackless,2,2,False,312242,0.021562194,69.05603346122558
add-int,64,2-stackless,2,3,False,312242,0.021708254999999996,69.52381486154968
add-int,64,2-stackless,2,4,False,312242,0.021226409,67.98063361110933
assign-table,256,1x,0,0,True,9466,0.18843,19905.9792943165
assign-table,256,1x,0,1,True,9466,0.188358,19898.373124867947
assign-table,256,1x,0,2,False,9466,0.188311,19893.40798647792
assign-table,256,1x,0,3,False,9466,0.188332,19895.62645256708
assign-table,256,1x,0,4,False,9466,0.188269,19888.9710542996
assign-table,256,2-stackful,0,0,True,9466,0.020004214,2113.2700190154237
assign-table,256,2-stackful,0,1,True,9466,0.019988449999999998,2111.6046904711598
assign-table,256,2-stackful,0,2,False,9466,0.020007505000000002,2113.617684343968
assign-table,256,2-stackful,0,3,False,9466,0.020074907999999995,2120.7382210014785
assign-table,256,2-stackful,0,4,False,9466,0.020032681999999996,2116.2774139023873
assign-table,256,2-stackless,0,0,True,9466,0.020026169,2115.5893724910206
assign-table,256,2-stackless,0,1,True,9466,0.019993294,2112.11641664906
assign-table,256,2-stackless,0,2,False,9466,0.020053625000000005,2118.4898584407356
assign-table,256,2-stackless,0,3,False,9466,0.02029417,2143.9013310796536
assign-table,256,2-stackless,0,4,False,9466,0.020316799999999996,2146.2919923938302
assign-table,256,2-stackful,1,0,True,9466,0.020175492,2131.364039721107
assign-table,256,2-stackful,1,1,True,9466,0.020065906,2119.787238537925
assign-table,256,2-stackful,1,2,False,9466,0.020024844,2115.4493978449186
assign-table,256,2-stackful,1,3,False,9466,0.020017370000000007,2114.6598351996627
assign-table,256,2-stackful,1,4,False,9466,0.020069533,2120.170399323896
assign-table,256,2-stackless,1,0,True,9466,0.019962254,2108.837312486795
assign-table,256,2-stackless,1,1,True,9466,0.019960139000000002,2108.6138812592435
assign-table,256,2-stackless,1,2,False,9466,0.019992370000000002,2112.018804141137
assign-table,256,2-stackless,1,3,False,9466,0.020025715000000006,2115.5414113669985
assign-table,256,2-stackless,1,4,False,9466,0.019963019,2108.918128037186
assign-table,256,1x,1,0,True,9466,0.187814,19840.90428903444
assign-table,256,1x,1,1,True,9466,0.188931,19958.905556729347
assign-table,256,1x,1,2,False,9466,0.188463,19909.465455313755
assign-table,256,1x,1,3,False,9466,0.18802,19862.666384956687
assign-table,256,1x,1,4,False,9466,0.187999,19860.447918867525
assign-table,256,2-stackful,2,0,True,9466,0.020022657000000003,2115.218360447919
assign-table,256,2-stackful,2,1,True,9466,0.019978994999999996,2110.6058525248254
assign-table,256,2-stackful,2,2,False,9466,0.020049723,2118.0776463131206
assign-table,256,2-stackful,2,3,False,9466,0.020008542999999997,2113.7273399535175
assign-table,256,2-stackful,2,4,False,9466,0.019990510000000003,2111.822311430383
assign-table,256,2-stackless,2,0,True,9466,0.01999204,2111.9839425311643
assign-table,256,2-stackless,2,1,True,9466,0.019960742,2108.677582928375
assign-table,256,2-stackless,2,2,False,9466,0.019955300000000002,2108.102683287556
assign-table,256,2-stackless,2,3,False,9466,0.020239545000000005,2138.1306782167762
assign-table,256,2-stackless,2,4,False,9466,0.020283378000000005,2142.7612507923095
assign-table,256,1x,2,0,True,9466,0.18854,19917.599830974013
assign-table,256,1x,2,1,True,9466,0.188261,19888.12592436087
assign-table,256,1x,2,2,False,9466,0.188594,19923.304458060426
assign-table,256,1x,2,3,False,9466,0.188626,19926.684977815337
assign-table,256,1x,2,4,False,9466,0.188333,19895.732093809424
update-table,0,2-stackful,0,0,True,897449,0.022620172,25.204966521774498
update-table,0,2-stackful,0,1,True,897449,0.022713414999999997,25.308864347723375
update-table,0,2-stackful,0,2,False,897449,0.022709005000000004,25.303950419466737
update-table,0,2-stackful,0,3,False,897449,0.02238638100000001,24.94446035373599
update-table,0,2-stackful,0,4,False,897449,0.022380815,24.93825832999981
update-table,0,2-stackless,0,0,True,897449,0.019663877,21.91085733005441
update-table,0,2-stackless,0,1,True,897449,0.019460482000000005,21.684220496095048
update-table,0,2-stackless,0,2,False,897449,0.019437483999999998,21.65859452737704
update-table,0,2-stackless,0,3,False,897449,0.01942989099999999,21.650133879473923
update-table,0,2-stackless,0,4,False,897449,0.019475058000000003,21.70046208753924
update-table,0,1x,0,0,True,897449,0.0666451,74.26059865240254
update-table,0,1x,0,1,True,897449,0.0663656,73.949160342259
update-table,0,1x,0,2,False,897449,0.0665795,74.18750257674809
update-table,0,1x,0,3,False,897449,0.0659558,73.49253272330795
update-table,0,1x,0,4,False,897449,0.0665999,74.21023367344552
update-table,0,2-stackless,1,0,True,897449,0.019469903,21.694718028545356
update-table,0,2-stackless,1,1,True,897449,0.019480110999999998,21.706092491049628
update-table,0,2-stackless,1,2,False,897449,0.019444194000000005,21.666071275359386
update-table,0,2-stackless,1,3,False,897449,0.019498887999999992,21.72701512843626
update-table,0,2-stackless,1,4,False,897449,0.01953592,21.768278754558754
update-table,0,1x,1,0,True,897449,0.0667128,74.33603469389347
update-table,0,1x,1,1,True,897449,0.0666699,74.28823253466214
update-table,0,1x,1,2,False,897449,0.0668391,74.47676692491719
update-table,0,1x,1,3,False,897449,0.0659688,73.50701822610532
update-table,0,1x,1,4,False,897449,0.0666978,74.3193206522042
update-table,0,2-stackful,1,0,True,897449,0.022399944999999997,24.959574304500865
update-table,0,2-stackful,1,1,True,897449,0.02240443,24.964571802965963
update-table,0,2-stackful,1,2,False,897449,0.022401922000000005,24.961777215195518
update-table,0,2-stackful,1,3,False,897449,0.022388198999999998,24.946486095588714
update-table,0,2-stackful,1,4,False,897449,0.022363418999999995,24.91887449871803
update-table,0,2-stackless,2,0,True,897449,0.019517936,21.74823973284276
update-table,0,2-stackless,2,1,True,897449,0.019648425000000004,21.893639638575568
update-table,0,2-stackless,2,2,False,897449,0.019744680999999993,22.000894758365092
update-table,0,2-stackless,2,3,False,897449,0.019662212000000005,21.909002071426904
update-table,0,2-stackless,2,4,False,897449,0.019482036000000008,21.708237459733095
update-table,0,1x,2,0,True,897449,0.0664869,74.08432122605295
update-table,0,1x,2,1,True,897449,0.0670617,74.72480330358606
update-table,0,1x,2,2,False,897449,0.0666163,74.22850769235912
update-table,0,1x,2,3,False,897449,0.0667222,74.34650882668541
update-table,0,1x,2,4,False,897449,0.0668805,74.52289767997958
update-table,0,2-stackful,2,0,True,897449,0.022721693,25.31808827019697
update-table,0,2-stackful,2,1,True,897449,0.022499178,25.070146604431002
update-table,0,2-stackful,2,2,False,897449,0.022469939999999994,25.037567594370255
update-table,0,2-stackful,2,3,False,897449,0.022753827000000004,25.353894204573187
update-table,0,2-stackful,2,4,False,897449,0.022535693999999995,25.110835267519377
const-int,0,1x,0,0,True,3172287,0.0202437,6.381421353112124
const-int,0,1x,0,1,True,3172287,0.0200791,6.329534496721135
const-int,0,1x,0,2,False,3172287,0.0202428,6.381137646120922
const-int,0,1x,0,3,False,3172287,0.0202491,6.383123595059337
const-int,0,1x,0,4,False,3172287,0.0202144,6.3721851143985395
const-int,0,2-stackless,0,0,True,3172287,0.048820065,15.389548612720098
const-int,0,2-stackless,0,1,True,3172287,0.049036332,15.457722457016027
const-int,0,2-stackless,0,2,False,3172287,0.04873129899999999,15.361566907407807
const-int,0,2-stackless,0,3,False,3172287,0.048621212999999996,15.326864498703932
const-int,0,2-stackless,0,4,False,3172287,0.048537263000000025,15.300400941024574
const-int,0,2-stackful,0,0,True,3172287,0.058768942,18.52573301217702
const-int,0,2-stackful,0,1,True,3172287,0.05872294,18.5112318021667
const-int,0,2-stackful,0,2,False,3172287,0.05867632299999999,18.496536725712392
const-int,0,2-stackful,0,3,False,3172287,0.058930974,18.57681035795311
const-int,0,2-stackful,0,4,False,3172287,0.05862728999999997,18.481080053601698
const-int,0,2-stackful,1,0,True,3172287,0.058728005,18.51282844206719
const-int,0,2-stackful,1,1,True,3172287,0.058982265000000006,18.59297881938173
const-int,0,2-stackful,1,2,False,3172287,0.059039129999999995,18.610904372775853
const-int,0,2-stackful,1,3,False,3172287,0.058745852000000015,18.518454351702736
const-int,0,2-stackful,1,4,False,3172287,0.05858751400000001,18.46854146551053
const-int,0,1x,1,0,True,3172287,0.0203128,6.4032037454366515
const-int,0,1x,1,1,True,3172287,0.0199533,6.289878563950865
const-int,0,1x,1,2,False,3172287,0.0200582,6.322946189925439
const-int,0,1x,1,3,False,3172287,0.0200192,6.310652220306674
const-int,0,1x,1,4,False,3172287,0.0199843,6.299650693647832
const-int,0,2-stackless,1,0,True,3172287,0.048541818,15.30183681363004
const-int,0,2-stackless,1,1,True,3172287,0.048814441,15.387775759255074
const-int,0,2-stackless,1,2,False,3172287,0.04931501599999999,15.54557201161181
const-int,0,2-stackless,1,3,False,3172287,0.049195081,15.50776490273421
const-int,0,2-stackless,1,4,False,3172287,0.04877522000000001,15.375412123808472
const-int,0,1x,2,0,True,3172287,0.0204975,6.461426724631157
const-int,0,1x,2,1,True,3172287,0.0202354,6.378804944193258
const-int,0,1x,2,2,False,3172287,0.0201044,6.337509815473821
const-int,0,1x,2,3,False,3172287,0.0199746,6.296592962742652
const-int,0,1x,2,4,False,3172287,0.0201362,6.347534129162967
const-int,0,2-stackful,2,0,True,3172287,0.058841437,18.54858561031836
const-int,0,2-stackful,2,1,True,3172287,0.058710570999999996,18.50733272241761
const-int,0,2-stackful,2,2,False,3172287,0.05904316800000001,18.612177271476384
const-int,0,2-stackful,2,3,False,3172287,0.05866464199999999,18.492854524196577
const-int,0,2-stackful,2,4,False,3172287,0.05866170599999998,18.491929008945274
const-int,0,2-stackless,2,0,True,3172287,0.048715772000000004,15.356672331349593
const-int,0,2-stackless,2,1,True,3172287,0.048550175,15.304471190658349
const-int,0,2-stackless,2,2,False,3172287,0.048584986,15.31544466184806
const-int,0,2-stackless,2,3,False,3172287,0.04848944299999999,15.285326642892018
const-int,0,2-stackless,2,4,False,3172287,0.048555090999999995,15.30602086129029
make-table,64,2-stackful,0,0,True,57074,0.073300559,1284.3073728843256
make-table,64,2-stackful,0,1,True,57074,0.07294117700000001,1278.0106002733296
make-table,64,2-stackful,0,2,False,57074,0.072703354,1273.8436766303396
make-table,64,2-stackful,0,3,False,57074,0.07268366000000001,1273.4986158320778
make-table,64,2-stackful,0,4,False,57074,0.07269099899999998,1273.627203279952
make-table,64,2-stackless,0,0,True,57074,0.072563604,1271.3951010968217
make-table,64,2-stackless,0,1,True,57074,0.07255852299999999,1271.3060763219678
make-table,64,2-stackless,0,2,False,57074,0.07271218200000001,1273.9983530153838
make-table,64,2-stackless,0,3,False,57074,0.07258354300000003,1271.7444545677547
make-table,64,2-stackless,0,4,False,57074,0.07259743699999999,1271.9878929109575
make-table,64,1x,0,0,True,57074,0.0196277,343.89914847391105
make-table,64,1x,0,1,True,57074,0.0196942,345.0643024844938
make-table,64,1x,0,2,False,57074,0.0195531,342.59207344850546
make-table,64,1x,0,3,False,57074,0.0196405,344.1234187195571
make-table,64,1x,0,4,False,57074,0.0196655,344.5614465430844
make-table,64,2-stackless,1,0,True,57074,0.072723855,1274.202876966745
make-table,64,2-stackless,1,1,True,57074,0.07313414400000001,1281.3915968742338
make-table,64,2-stackless,1,2,False,57074,0.07312955100000001,1281.3111224024954
make-table,64,2-stackless,1,3,False,57074,0.07295722299999999,1278.2917440515819
make-table,64,2-stackless,1,4,False,57074,0.07285113799999998,1276.4330167852258
make-table,64,1x,1,0,True,57074,0.0204342,358.0299260609034
make-table,64,1x,1,1,True,57074,0.0201512,353.0714510985738
make-table,64,1x,1,2,False,57074,0.0200726,351.6942916214038
make-table,64,1x,1,3,False,57074,0.020119,352.5072712618705
make-table,64,1x,1,4,False,57074,0.020099,352.15684900304865
make-table,64,2-stackful,1,0,True,57074,0.073343346,1285.0570487437362
make-table,64,2-stackful,1,1,True,57074,0.073743825,1292.0738865332726
make-table,64,2-stackful,1,2,False,57074,0.07326644000000002,1283.7095700318887
make-table,64,2-stackful,1,3,False,57074,0.07280134800000002,1275.5606405718893
make-table,64,2-stackful,1,4,False,57074,0.07326081099999998,1283.6109436871427
make-table,64,2-stackless,2,0,True,57074,0.073042061,1279.7782002312788
make-table,64,2-stackless,2,1,True,57074,0.072909498,1277.4555489364684
make-table,64,2-stackless,2,2,False,57074,0.07272794699999999,1274.2745733608997
make-table,64,2-stackless,2,3,False,57074,0.072943605,1278.0531415355504
make-table,64,2-stackless,2,4,False,57074,0.07284595599999999,1276.3422223779653
make-table,64,1x,2,0,True,57074,0.0199271,349.1449696884746
make-table,64,1x,2,1,True,57074,0.0198746,348.22511125906715
make-table,64,1x,2,2,False,57074,0.0199131,348.8996741072993
make-table,64,1x,2,3,False,57074,0.0202068,354.0456249780986
make-table,64,1x,2,4,False,57074,0.0198991,348.654378526124
make-table,64,2-stackful,2,0,True,57074,0.073281262,1283.9692679679013
make-table,64,2-stackful,2,1,True,57074,0.072930365,1277.8211620002103
make-table,64,2-stackful,2,2,False,57074,0.07311842900000001,1281.1162525843645
make-table,64,2-stackful,2,3,False,57074,0.073006086,1279.1478781932228
make-table,64,2-stackful,2,4,False,57074,0.072907047,1277.41260468865
push-shared-seq,0,1x,0,0,True,653527,0.0891576,136.4252739366545
push-shared-seq,0,1x,0,1,True,653527,0.0886638,135.66968158928398
push-shared-seq,0,1x,0,2,False,653527,0.0888683,135.98259903569402
push-shared-seq,0,1x,0,3,False,653527,0.0885356,135.47351524879616
push-shared-seq,0,1x,0,4,False,653527,0.0891181,136.3648326694995
push-shared-seq,0,2-stackless,0,0,True,653527,0.020070595,30.711194793788167
push-shared-seq,0,2-stackless,0,1,True,653527,0.019979207,30.57135665397145
push-shared-seq,0,2-stackless,0,2,False,653527,0.019905779999999998,30.459001693885632
push-shared-seq,0,2-stackless,0,3,False,653527,0.019748634,30.21854338076315
push-shared-seq,0,2-stackless,0,4,False,653527,0.01977521800000001,30.259221118637807
push-shared-seq,0,2-stackful,0,0,True,653527,0.021821053,33.38967326522087
push-shared-seq,0,2-stackful,0,1,True,653527,0.022111945999999997,33.834785708930156
push-shared-seq,0,2-stackful,0,2,False,653527,0.021992592000000005,33.65215515196771
push-shared-seq,0,2-stackful,0,3,False,653527,0.021794434999999987,33.3489435019517
push-shared-seq,0,2-stackful,0,4,False,653527,0.021834140000000002,33.40969845163246
push-shared-seq,0,1x,1,0,True,653527,0.0889611,136.1245977595417
push-shared-seq,0,1x,1,1,True,653527,0.0884099,135.28117430496368
push-shared-seq,0,1x,1,2,False,653527,0.0883816,135.2378708148248
push-shared-seq,0,1x,1,3,False,653527,0.0890009,136.1854980742953
push-shared-seq,0,1x,1,4,False,653527,0.088991,136.17034950354002
push-shared-seq,0,2-stackful,1,0,True,653527,0.02185437,33.44065356136778
push-shared-seq,0,2-stackful,1,1,True,653527,0.022010004,33.67879827459309
push-shared-seq,0,2-stackful,1,2,False,653527,0.021977168999999998,33.62855551492134
push-shared-seq,0,2-stackful,1,3,False,653527,0.021834113000000002,33.409657137348574
push-shared-seq,0,2-stackful,1,4,False,653527,0.021804572999999994,33.3644562504686
push-shared-seq,0,2-stackless,1,0,True,653527,0.019797929000000002,30.293972552013923
push-shared-seq,0,2-stackless,1,1,True,653527,0.020101547999999997,30.758557794857744
push-shared-seq,0,2-stackless,1,2,False,653527,0.019930484,30.496802733475434
push-shared-seq,0,2-stackless,1,3,False,653527,0.019755904999999997,30.229669164395652
push-shared-seq,0,2-stackless,1,4,False,653527,0.019717814,30.171383890795635
push-shared-seq,0,2-stackless,2,0,True,653527,0.019727565,30.18630446791028
push-shared-seq,0,2-stackless,2,1,True,653527,0.020006487000000003,30.613099382274953
push-shared-seq,0,2-stackless,2,2,False,653527,0.019763122,30.240712319460403
push-shared-seq,0,2-stackless,2,3,False,653527,0.019713967000000006,30.16549737042235
push-shared-seq,0,2-stackless,2,4,False,653527,0.01974786599999999,30.2173682189106
push-shared-seq,0,1x,2,0,True,653527,0.0892423,136.55487837533875
push-shared-seq,0,1x,2,1,True,653527,0.0888717,135.98780157514534
push-shared-seq,0,1x,2,2,False,653527,0.0900901,137.85214688911094
push-shared-seq,0,1x,2,3,False,653527,0.0893877,136.7773634448156
push-shared-seq,0,1x,2,4,False,653527,0.088966,136.13209553698624
push-shared-seq,0,2-stackful,2,0,True,653527,0.021893432,33.50042461902875
push-shared-seq,0,2-stackful,2,1,True,653527,0.021818706000000004,33.38608198284081
push-shared-seq,0,2-stackful,2,2,False,653527,0.021812120000000004,33.37600435789187
push-shared-seq,0,2-stackful,2,3,False,653527,0.022034763,33.7166834729093
push-shared-seq,0,2-stackful,2,4,False,653527,0.022045584000000007,33.73324131979246
get-string,8,2-stackless,0,0,True,1253974,0.035464676,28.28182721491833
get-string,8,2-stackless,0,1,True,1253974,0.035366125,28.203236271246453
get-string,8,2-stackless,0,2,False,1253974,0.034894485,27.827120020032314
get-string,8,2-stackless,0,3,False,1253974,0.03494082899999999,27.864077724099538
get-string,8,2-stackless,0,4,False,1253974,0.034946905,27.86892311961811
get-string,8,1x,0,0,True,1253974,0.0196789,15.693228089258628
get-string,8,1x,0,1,True,1253974,0.0196715,15.687326850476964
get-string,8,1x,0,2,False,1253974,0.0194465,15.507897292926328
get-string,8,1x,0,3,False,1253974,0.0195483,15.589079199409237
get-string,8,1x,0,4,False,1253974,0.0194156,15.483255633689375
get-string,8,2-stackful,0,0,True,1253974,0.040161835,32.027645708762705
get-string,8,2-stackful,0,1,True,1253974,0.040356842000000004,32.18315690755949
get-string,8,2-stackful,0,2,False,1253974,0.040380295999999996,32.20186064463856
get-string,8,2-stackful,0,3,False,1253974,0.040137055000000005,32.00788453349113
get-string,8,2-stackful,0,4,False,1253974,0.040493522999999976,32.29215518025093
get-string,8,1x,1,0,True,1253974,0.0196115,15.639478968463461
get-string,8,1x,1,1,True,1253974,0.0194545,15.51427701052813
get-string,8,1x,1,2,False,1253974,0.0194476,15.508774504096577
get-string,8,1x,1,3,False,1253974,0.0197516,15.75120377296499
get-string,8,1x,1,4,False,1253974,0.0194529,15.51300106700777
get-string,8,2-stackless,1,0,True,1253974,0.035988019999999996,28.6991755809929
get-string,8,2-stackless,1,1,True,1253974,0.036145122,28.82445888032766
get-string,8,2-stackless,1,2,False,1253974,0.036075553999999996,28.7689808560624
get-string,8,2-stackless,1,3,False,1253974,0.03596371199999998,28.67979080905982
get-string,8,2-stackless,1,4,False,1253974,0.03619514900000001,28.864353646885828
get-string,8,2-stackful,1,0,True,1253974,0.040142834,32.012493081993725
get-string,8,2-stackful,1,1,True,1253974,0.040167308000000006,32.03201023306704
get-string,8,2-stackful,1,2,False,1253974,0.040446043,32.25429155628426
get-string,8,2-stackful,1,3,False,1253974,0.04012029399999999,31.99451822765064
get-string,8,2-stackful,1,4,False,1253974,0.040484407,32.28488549204369
get-string,8,2-stackful,2,0,True,1253974,0.040240596,32.09045482601713
get-string,8,2-stackful,2,1,True,1253974,0.04019340999999999,32.052825656672304
get-string,8,2-stackful,2,2,False,1253974,0.040303820000000004,32.14087373422416
get-string,8,2-stackful,2,3,False,1253974,0.04014847099999999,32.016988390508885
get-string,8,2-stackful,2,4,False,1253974,0.040325111999999996,32.157853352621345
get-string,8,2-stackless,2,0,True,1253974,0.036010869,28.71739685192835
get-string,8,2-stackless,2,1,True,1253974,0.035970607,28.68528932816789
get-string,8,2-stackless,2,2,False,1253974,0.036255094,28.91215766834081
get-string,8,2-stackless,2,3,False,1253974,0.03598140399999998,28.693899554536202
get-string,8,2-stackless,2,4,False,1253974,0.03604332299999999,28.74327777130944
get-string,8,1x,2,0,True,1253974,0.0194385,15.50151757532453
get-string,8,1x,2,1,True,1253974,0.0195202,15.566670441332914
get-string,8,1x,2,2,False,1253974,0.0195222,15.568265370733364
get-string,8,1x,2,3,False,1253974,0.0195129,15.560848949021272
get-string,8,1x,2,4,False,1253974,0.0196836,15.696976173349686
assign-seq,256,2-stackful,0,0,True,9429,0.020032423,2124.5543535899883
assign-seq,256,2-stackful,0,1,True,9429,0.019992669,2120.338211899459
assign-seq,256,2-stackful,0,2,False,9429,0.020004084,2121.5488386891507
assign-seq,256,2-stackful,0,3,False,9429,0.01998547099999999,2119.574822356559
assign-seq,256,2-stackful,0,4,False,9429,0.020018603999999995,2123.088768692332
assign-seq,256,2-stackless,0,0,True,9429,0.020017133,2122.9327606320926
assign-seq,256,2-stackless,0,1,True,9429,0.019980092,2119.0043482871993
assign-seq,256,2-stackless,0,2,False,9429,0.020021104999999997,2123.354014211475
assign-seq,256,2-stackless,0,3,False,9429,0.02001977,2123.2124297380424
assign-seq,256,2-stackless,0,4,False,9429,0.020042281999999995,2125.5999575776855
assign-seq,256,1x,0,0,True,9429,0.158973,16860.00636334712
assign-seq,256,1x,0,1,True,9429,0.158279,16786.403648319018
assign-seq,256,1x,0,2,False,9429,0.157651,16719.800615123557
assign-seq,256,1x,0,3,False,9429,0.15708,16659.24276169265
assign-seq,256,1x,0,4,False,9429,0.157595,16713.86149114434
assign-seq,256,2-stackless,1,0,True,9429,0.020060593999999998,2127.542051118888
assign-seq,256,2-stackless,1,1,True,9429,0.020254832999999996,2148.142220808145
assign-seq,256,2-stackless,1,2,False,9429,0.020170974,2139.2484887050587
assign-seq,256,2-stackless,1,3,False,9429,0.020022899999999996,2123.5443843461658
assign-seq,256,2-stackless,1,4,False,9429,0.020014247,2122.626683635592
assign-seq,256,2-stackful,1,0,True,9429,0.020059636000000002,2127.44044967653
assign-seq,256,2-stackful,1,1,True,9429,0.019982041,2119.2110510128327
assign-seq,256,2-stackful,1,2,False,9429,0.019993709999999998,2120.448615972001
assign-seq,256,2-stackful,1,3,False,9429,0.019959257999999994,2116.7947820553604
assign-seq,256,2-stackful,1,4,False,9429,0.020014403,2122.643228338106
assign-seq,256,1x,1,0,True,9429,0.159399,16905.18612790328
assign-seq,256,1x,1,1,True,9429,0.160562,17028.529006257293
assign-seq,256,1x,1,2,False,9429,0.159804,16948.13872096723
assign-seq,256,1x,1,3,False,9429,0.159589,16925.336727118465
assign-seq,256,1x,1,4,False,9429,0.159268,16891.292820023333
assign-seq,256,1x,2,0,True,9429,0.161855,17165.659136705908
assign-seq,256,1x,2,1,True,9429,0.158308,16789.479266093964
assign-seq,256,1x,2,2,False,9429,0.157811,16736.76954077845
assign-seq,256,1x,2,3,False,9429,0.158192,16777.176794994168
assign-seq,256,1x,2,4,False,9429,0.15834,16792.873051224946
assign-seq,256,2-stackful,2,0,True,9429,0.020196579000000003,2141.964047088769
assign-seq,256,2-stackful,2,1,True,9429,0.020100543,2131.7788736875596
assign-seq,256,2-stackful,2,2,False,9429,0.020007993999999994,2121.963516809841
assign-seq,256,2-stackful,2,3,False,9429,0.019981817,2119.1872945169157
assign-seq,256,2-stackful,2,4,False,9429,0.01997951599999999,2118.94326015484
assign-seq,256,2-stackless,2,0,True,9429,0.020264622,2149.1804008908684
assign-seq,256,2-stackless,2,1,True,9429,0.020115606,2133.3763919821827
assign-seq,256,2-stackless,2,2,False,9429,0.019985444999999998,2119.5720649061404
assign-seq,256,2-stackless,2,3,False,9429,0.019988586000000003,2119.9051861279036
assign-seq,256,2-stackless,2,4,False,9429,0.01997516299999999,2118.481599321242
