case,width,engine,round,batch,warmup,iterations,seconds,ns_per_iteration
make-seq,8,2-stackless,0,0,True,624025,0.077391041,124.01913545130404
make-seq,8,2-stackless,0,1,True,624025,0.065286875,104.62221064861183
make-seq,8,2-stackless,0,2,False,624025,0.06649154200000001,106.55268939545694
make-seq,8,2-stackless,0,3,False,624025,0.06690474999999999,107.21485517407153
make-seq,8,2-stackless,0,4,False,624025,0.066685208,106.86303914106004
make-seq,8,1x,0,0,True,624025,0.0217999,34.9343375666039
make-seq,8,1x,0,1,True,624025,0.0216942,34.76495332719042
make-seq,8,1x,0,2,False,624025,0.0214896,34.437081847682386
make-seq,8,1x,0,3,False,624025,0.0224425,35.9641040022435
make-seq,8,1x,0,4,False,624025,0.0224325,35.94807900324506
make-seq,8,2-stackless,1,0,True,624025,0.067493708,108.15866031008373
make-seq,8,2-stackless,1,1,True,624025,0.065254708,104.57066303433355
make-seq,8,2-stackless,1,2,False,624025,0.06607829200000001,105.89045631184649
make-seq,8,2-stackless,1,3,False,624025,0.065762291,105.38406474099595
make-seq,8,2-stackless,1,4,False,624025,0.06481245799999996,103.8619574536276
make-seq,8,1x,1,0,True,624025,0.0203968,32.68586995713313
make-seq,8,1x,1,1,True,624025,0.0199835,32.0235567485277
make-seq,8,1x,1,2,False,624025,0.0202455,32.44341172228677
make-seq,8,1x,1,3,False,624025,0.0202267,32.413284724169706
make-seq,8,1x,1,4,False,624025,0.0202745,32.48988421938223
make-seq,8,1x,2,0,True,624025,0.0199607,31.987019750811264
make-seq,8,1x,2,1,True,624025,0.0199945,32.04118424742598
make-seq,8,1x,2,2,False,624025,0.0198847,31.86522975842314
make-seq,8,1x,2,3,False,624025,0.0199257,31.930932254316733
make-seq,8,1x,2,4,False,624025,0.0198922,31.87724850767197
make-seq,8,2-stackless,2,0,True,624025,0.067126125,107.56960858939946
make-seq,8,2-stackless,2,1,True,624025,0.066010417,105.78168663114458
make-seq,8,2-stackless,2,2,False,624025,0.06534749999999998,104.71936220503983
make-seq,8,2-stackless,2,3,False,624025,0.06597483299999998,105.72466327470852
make-seq,8,2-stackless,2,4,False,624025,0.06694808399999996,107.28429790473132
get-string,64,2-stackless,0,0,True,424291,0.019801167,46.66883577544657
get-string,64,2-stackless,0,1,True,424291,0.019480125,45.912180555326415
get-string,64,2-stackless,0,2,False,424291,0.019654750000000006,46.32374950211059
get-string,64,2-stackless,0,3,False,424291,0.019562125000000007,46.105444140931596
get-string,64,2-stackless,0,4,False,424291,0.019375208000000005,45.66490451129061
get-string,64,1x,0,0,True,424291,0.0266778,62.87618639094395
get-string,64,1x,0,1,True,424291,0.0270497,63.75270745785322
get-string,64,1x,0,2,False,424291,0.0263107,62.010978314411574
get-string,64,1x,0,3,False,424291,0.027014,63.66856709192512
get-string,64,1x,0,4,False,424291,0.026804,63.17362376293629
get-string,64,2-stackless,1,0,True,424291,0.019326209,45.54942009139953
get-string,64,2-stackless,1,1,True,424291,0.019689833,46.40643567740065
get-string,64,2-stackless,1,2,False,424291,0.019644999999999996,46.30076999040752
get-string,64,2-stackless,1,3,False,424291,0.019832333,46.7422900792145
get-string,64,2-stackless,1,4,False,424291,0.019634417,46.27582720349948
get-string,64,1x,1,0,True,424291,0.0269346,63.48143137610744
get-string,64,1x,1,1,True,424291,0.026183,61.71000563292646
get-string,64,1x,1,2,False,424291,0.0269235,63.45527008586088
get-string,64,1x,1,3,False,424291,0.0271419,63.97001114800927
get-string,64,1x,1,4,False,424291,0.0267357,63.012649337365154
get-string,64,1x,2,0,True,424291,0.0269052,63.412139310049
get-string,64,1x,2,1,True,424291,0.0264612,62.3656877001869
get-string,64,1x,2,2,False,424291,0.0264286,62.28885364054387
get-string,64,1x,2,3,False,424291,0.0265105,62.481881538849514
get-string,64,1x,2,4,False,424291,0.0267639,63.07911315582937
get-string,64,2-stackless,2,0,True,424291,0.019425500000000002,45.78343636796444
get-string,64,2-stackless,2,1,True,424291,0.019734375000000002,46.51141551435219
get-string,64,2-stackless,2,2,False,424291,0.019496084000000004,45.94979389145658
get-string,64,2-stackless,2,3,False,424291,0.019946499999999992,47.01136719845576
get-string,64,2-stackless,2,4,False,424291,0.019776042000000008,46.60961934144257
push-shared-seq,8,2-stackless,0,0,True,184943,0.032608708,176.3176113721525
push-shared-seq,8,2-stackless,0,1,True,184943,0.032709875000000006,176.86462856123242
push-shared-seq,8,2-stackless,0,2,False,184943,0.031520833,170.4353936077602
push-shared-seq,8,2-stackless,0,3,False,184943,0.03178516599999999,171.86466100366053
push-shared-seq,8,2-stackless,0,4,False,184943,0.032317999999999986,174.74573246892277
push-shared-seq,8,1x,0,0,True,184943,0.0215569,116.55969677143769
push-shared-seq,8,1x,0,1,True,184943,0.0205324,111.0201521549883
push-shared-seq,8,1x,0,2,False,184943,0.0207182,112.02478601515061
push-shared-seq,8,1x,0,3,False,184943,0.0210235,113.67556490378117
push-shared-seq,8,1x,0,4,False,184943,0.0211609,114.41849650973543
push-shared-seq,8,2-stackless,1,0,True,184943,0.032148625,173.82990975597886
push-shared-seq,8,2-stackless,1,1,True,184943,0.031188625000000005,168.6391212427613
push-shared-seq,8,2-stackless,1,2,False,184943,0.032554708,176.025629518284
push-shared-seq,8,2-stackless,1,3,False,184943,0.03291070900000001,177.9505523323403
push-shared-seq,8,2-stackless,1,4,False,184943,0.03183512500000002,172.13479288213136
push-shared-seq,8,1x,1,0,True,184943,0.0227487,123.0038444277426
push-shared-seq,8,1x,1,1,True,184943,0.0233383,126.19185370627707
push-shared-seq,8,1x,1,2,False,184943,0.022046,119.20429537749469
push-shared-seq,8,1x,1,3,False,184943,0.0223557,120.87886538014415
push-shared-seq,8,1x,1,4,False,184943,0.0221207,119.60820360867943
push-shared-seq,8,1x,2,0,True,184943,0.021454,116.00330912767717
push-shared-seq,8,1x,2,1,True,184943,0.0216029,116.8084220543627
push-shared-seq,8,1x,2,2,False,184943,0.0205762,111.25698188090385
push-shared-seq,8,1x,2,3,False,184943,0.0211315,114.25952861151815
push-shared-seq,8,1x,2,4,False,184943,0.0223554,120.87724325873377
push-shared-seq,8,2-stackless,2,0,True,184943,0.031719041,171.5071184094559
push-shared-seq,8,2-stackless,2,1,True,184943,0.03190475,172.51126022612374
push-shared-seq,8,2-stackless,2,2,False,184943,0.031651917,171.14417415095463
push-shared-seq,8,2-stackless,2,3,False,184943,0.031800333,171.94667005509805
push-shared-seq,8,2-stackless,2,4,False,184943,0.03230191700000001,174.65877054011244
assign-seq,64,2-stackless,0,0,True,85976,0.020060833,233.3306155206104
assign-seq,64,2-stackless,0,1,True,85976,0.02013925,234.24269563599145
assign-seq,64,2-stackless,0,2,False,85976,0.020497959000000003,238.41489485437802
assign-seq,64,2-stackless,0,3,False,85976,0.020131374999999993,234.15110030706234
assign-seq,64,2-stackless,0,4,False,85976,0.020448542,237.84011817251326
assign-seq,64,1x,0,0,True,85976,0.225459,2622.3480971433887
assign-seq,64,1x,0,1,True,85976,0.226087,2629.6524611519494
assign-seq,64,1x,0,2,False,85976,0.225166,2618.940169349586
assign-seq,64,1x,0,3,False,85976,0.226717,2636.9800874662697
assign-seq,64,1x,0,4,False,85976,0.226027,2628.954591979157
assign-seq,64,2-stackless,1,0,True,85976,0.019707208,229.21754908346514
assign-seq,64,2-stackless,1,1,True,85976,0.020191624999999998,234.85187726807476
assign-seq,64,2-stackless,1,2,False,85976,0.020576291999999996,239.32599795291705
assign-seq,64,2-stackless,1,3,False,85976,0.020402584,237.30557364846004
assign-seq,64,2-stackless,1,4,False,85976,0.020146625,234.3284753884805
assign-seq,64,1x,1,0,True,85976,0.225092,2618.079464036475
assign-seq,64,1x,1,1,True,85976,0.224548,2611.752116869824
assign-seq,64,1x,1,2,False,85976,0.225523,2623.092490927701
assign-seq,64,1x,1,3,False,85976,0.224775,2614.3923885735553
assign-seq,64,1x,1,4,False,85976,0.226741,2637.2592351353865
assign-seq,64,1x,2,0,True,85976,0.224801,2614.694798548432
assign-seq,64,1x,2,1,True,85976,0.225339,2620.952358797804
assign-seq,64,1x,2,2,False,85976,0.225542,2623.3134828324182
assign-seq,64,1x,2,3,False,85976,0.225062,2617.7305294500793
assign-seq,64,1x,2,4,False,85976,0.224807,2614.764585465711
assign-seq,64,2-stackless,2,0,True,85976,0.019948833000000003,232.0279263980646
assign-seq,64,2-stackless,2,1,True,85976,0.020092791000000002,233.70232390434543
assign-seq,64,2-stackless,2,2,False,85976,0.020101707999999996,233.80603889457518
assign-seq,64,2-stackless,2,3,False,85976,0.020136750000000002,234.2136177537918
assign-seq,64,2-stackless,2,4,False,85976,0.020206166999999997,235.02101749325388
const-table,0,2-stackless,0,0,True,3569517,0.018539208,5.1937581471106595
const-table,0,2-stackless,0,1,True,3569517,0.018814124999999998,5.2707761302159355
const-table,0,2-stackless,0,2,False,3569517,0.018629334000000004,5.219006941275249
const-table,0,2-stackless,0,3,False,3569517,0.018562125,5.200178343456551
const-table,0,2-stackless,0,4,False,3569517,0.018635417,5.220711093405634
const-table,0,1x,0,0,True,3569517,0.239895,67.2065716454075
const-table,0,1x,0,1,True,3569517,0.238061,66.69277664176974
const-table,0,1x,0,2,False,3569517,0.240109,67.26652373416347
const-table,0,1x,0,3,False,3569517,0.238506,66.8174433683885
const-table,0,1x,0,4,False,3569517,0.231273,64.79111879842567
const-table,0,1x,1,0,True,3569517,0.245623,68.81127054444622
const-table,0,1x,1,1,True,3569517,0.238745,66.88439920583093
const-table,0,1x,1,2,False,3569517,0.245423,68.75524055495464
const-table,0,1x,1,3,False,3569517,0.250586,70.20165473367965
const-table,0,1x,1,4,False,3569517,0.240985,67.51193508813657
const-table,0,2-stackless,1,0,True,3569517,0.018708458,5.2411735257179055
const-table,0,2-stackless,1,1,True,3569517,0.018636208,5.220932692014074
const-table,0,2-stackless,1,2,False,3569517,0.018590791999999995,5.208209402000326
const-table,0,2-stackless,1,3,False,3569517,0.018643082999999998,5.222858722902846
const-table,0,2-stackless,1,4,False,3569517,0.018729999999999997,5.247208515886042
const-table,0,2-stackless,2,0,True,3569517,0.018938333,5.3055729948897845
const-table,0,2-stackless,2,1,True,3569517,0.018742,5.250570315255537
const-table,0,2-stackless,2,2,False,3569517,0.018655791000000005,5.226418868435142
const-table,0,2-stackless,2,3,False,3569517,0.018634500000000005,5.220454195903817
const-table,0,2-stackless,2,4,False,3569517,0.018721708000000004,5.244885512521723
const-table,0,1x,2,0,True,3569517,0.24432,68.4462351629086
const-table,0,1x,2,1,True,3569517,0.241347,67.61334936911632
const-table,0,1x,2,2,False,3569517,0.237803,66.6204979553256
const-table,0,1x,2,3,False,3569517,0.240995,67.51473658761115
const-table,0,1x,2,4,False,3569517,0.243026,68.0837211308981
take-table,64,1x,0,0,True,133772,0.0234039,174.95365248332985
take-table,64,1x,0,1,True,133772,0.0230184,172.07188350327422
take-table,64,1x,0,2,False,133772,0.0231711,173.21337798642466
take-table,64,1x,0,3,False,133772,0.0230087,171.99937206590317
take-table,64,1x,0,4,False,133772,0.0230552,172.34697844092935
take-table,64,2-stackless,0,0,True,133772,0.019895667000000002,148.7281867655414
take-table,64,2-stackless,0,1,True,133772,0.019923834,148.93874652393626
take-table,64,2-stackless,0,2,False,133772,0.019956999999999996,149.1866758364979
take-table,64,2-stackless,0,3,False,133772,0.020015125,149.62118380528062
take-table,64,2-stackless,0,4,False,133772,0.01996495799999999,149.24616511676578
take-table,64,1x,1,0,True,133772,0.0234006,174.92898364381185
take-table,64,1x,1,1,True,133772,0.022933,171.4334838381724
take-table,64,1x,1,2,False,133772,0.0231191,172.82465687886852
take-table,64,1x,1,3,False,133772,0.0231312,172.91510929043446
take-table,64,1x,1,4,False,133772,0.0231945,173.38830248482492
take-table,64,2-stackless,1,0,True,133772,0.019422583,145.19169183386657
take-table,64,2-stackless,1,1,True,133772,0.019895792,148.72912119128068
take-table,64,2-stackless,1,2,False,133772,0.019933,149.00726609454892
take-table,64,2-stackless,1,3,False,133772,0.019963084,149.23215620608198
take-table,64,2-stackless,1,4,False,133772,0.019622832999999992,146.6886418682534
take-table,64,2-stackless,2,0,True,133772,0.019874375,148.56902042280896
take-table,64,2-stackless,2,1,True,133772,0.020024624999999997,149.69220016146875
take-table,64,2-stackless,2,2,False,133772,0.019993125,149.45672487516072
take-table,64,2-stackless,2,3,False,133772,0.019461,145.4788745028855
take-table,64,2-stackless,2,4,False,133772,0.019906999999999994,148.8129055407708
take-table,64,1x,2,0,True,133772,0.0232405,173.73217115689383
take-table,64,1x,2,1,True,133772,0.0231572,173.10946984421255
take-table,64,1x,2,2,False,133772,0.0232596,173.87495140986155
take-table,64,1x,2,3,False,133772,0.0232315,173.66489250366294
take-table,64,1x,2,4,False,133772,0.0233823,174.79218371557576
get-table,256,1x,0,0,True,129482,0.036991,285.6844966867982
get-table,256,1x,0,1,True,129482,0.0365257,282.0909470042168
get-table,256,1x,0,2,False,129482,0.0366344,282.9304459307085
get-table,256,1x,0,3,False,129482,0.0355255,274.36632118750094
get-table,256,1x,0,4,False,129482,0.0364758,281.7055652523131
get-table,256,2-stackless,0,0,True,129482,0.019051416,147.13563275204277
get-table,256,2-stackless,0,1,True,129482,0.018933334000000003,146.2236758777282
get-table,256,2-stackless,0,2,False,129482,0.019735042,152.41533186079917
get-table,256,2-stackless,0,3,False,129482,0.019457583999999993,150.27250119707753
get-table,256,2-stackless,0,4,False,129482,0.0191085,147.5764971192907
get-table,256,1x,1,0,True,129482,0.0375561,290.048809873187
get-table,256,1x,1,1,True,129482,0.0374966,289.5892865417587
get-table,256,1x,1,2,False,129482,0.0372075,287.3565437667012
get-table,256,1x,1,3,False,129482,0.0353657,273.13217281166493
get-table,256,1x,1,4,False,129482,0.0354384,273.69364081493956
get-table,256,2-stackless,1,0,True,129482,0.019518959000000002,150.7465053057568
get-table,256,2-stackless,1,1,True,129482,0.0199355,153.96348527208414
get-table,256,2-stackless,1,2,False,129482,0.019394416999999997,149.7846573268871
get-table,256,2-stackless,1,3,False,129482,0.01889450000000001,145.92375774238897
get-table,256,2-stackless,1,4,False,129482,0.019455292,150.25479989496608
get-table,256,2-stackless,2,0,True,129482,0.019159792,147.97262940022551
get-table,256,2-stackless,2,1,True,129482,0.0197375,152.43431519438997
get-table,256,2-stackless,2,2,False,129482,0.018767166999999994,144.94035464388867
get-table,256,2-stackless,2,3,False,129482,0.018751291000000003,144.81774300675
get-table,256,2-stackless,2,4,False,129482,0.018922625,146.1409694011523
get-table,256,1x,2,0,True,129482,0.0379268,292.91175607420337
get-table,256,1x,2,1,True,129482,0.0363753,280.92939559166524
get-table,256,1x,2,2,False,129482,0.0368627,284.69362536877713
get-table,256,1x,2,3,False,129482,0.0368867,284.8789793175886
get-table,256,1x,2,4,False,129482,0.0367878,284.1151665868615
add-float,64,2-stackless,0,0,True,341127,0.020114,58.9633772759119
add-float,64,2-stackless,0,1,True,341127,0.020575958000000002,60.3175884641204
add-float,64,2-stackless,0,2,False,341127,0.020306958,59.529025846678806
add-float,64,2-stackless,0,3,False,341127,0.020503,60.10371503868061
add-float,64,2-stackless,0,4,False,341127,0.020482417000000003,60.043376806878385
add-float,64,1x,0,0,True,341127,0.021068,61.759989681262404
add-float,64,1x,0,1,True,341127,0.0204965,60.08466055164206
add-float,64,1x,0,2,False,341127,0.0205022,60.101369871045094
add-float,64,1x,0,3,False,341127,0.0205845,60.3426289915486
add-float,64,1x,0,4,False,341127,0.0209052,61.28274806743529
add-float,64,2-stackless,1,0,True,341127,0.019969958000000003,58.54112398021852
add-float,64,2-stackless,1,1,True,341127,0.020498084,60.08930398356038
add-float,64,2-stackless,1,2,False,341127,0.020249667000000006,59.361079597921034
add-float,64,2-stackless,1,3,False,341127,0.020300291999999998,59.50948473735587
add-float,64,2-stackless,1,4,False,341127,0.020551334000000004,60.24540420429929
add-float,64,1x,1,0,True,341127,0.0203727,59.721745860046255
add-float,64,1x,1,1,True,341127,0.0205149,60.13859940725888
add-float,64,1x,1,2,False,341127,0.021198,62.141079422033435
add-float,64,1x,1,3,False,341127,0.0207917,60.95002740914674
add-float,64,1x,1,4,False,341127,0.0208447,61.105394764999545
add-float,64,2-stackless,2,0,True,341127,0.020027208,58.70895003913498
add-float,64,2-stackless,2,1,True,341127,0.020287666,59.47247212914838
add-float,64,2-stackless,2,2,False,341127,0.020392749999999994,59.780521623911305
add-float,64,2-stackless,2,3,False,341127,0.020463292,59.98731264309187
add-float,64,2-stackless,2,4,False,341127,0.020295584000000005,59.49568342582089
add-float,64,1x,2,0,True,341127,0.0212313,62.23869702486171
add-float,64,1x,2,1,True,341127,0.021293,62.41956807875073
add-float,64,1x,2,2,False,341127,0.0210255,61.63540265062572
add-float,64,1x,2,3,False,341127,0.0345378,101.24616345232127
add-float,64,1x,2,4,False,341127,0.0302958,88.81091206500804
add-float4,8,2-stackless,0,0,True,1864072,0.021247292,11.398321524061302
add-float4,8,2-stackless,0,1,True,1864072,0.020985583000000002,11.257925123063918
add-float4,8,2-stackless,0,2,False,1864072,0.020909542000000003,11.217132170860355
add-float4,8,2-stackless,0,3,False,1864072,0.021105290999999998,11.322143672562005
add-float4,8,2-stackless,0,4,False,1864072,0.021087750000000002,11.312733628314788
add-float4,8,1x,0,0,True,1864072,0.0220322,11.819393242321112
add-float4,8,1x,0,1,True,1864072,0.0216083,11.59198786312975
add-float4,8,1x,0,2,False,1864072,0.0218346,11.713388753224125
add-float4,8,1x,0,3,False,1864072,0.0217433,11.664409958413623
add-float4,8,1x,0,4,False,1864072,0.0223102,11.968529112609383
add-float4,8,1x,1,0,True,1864072,0.0222505,11.93650245269496
add-float4,8,1x,1,1,True,1864072,0.0221448,11.879798634387512
add-float4,8,1x,1,2,False,1864072,0.0218466,11.719826272804912
add-float4,8,1x,1,3,False,1864072,0.0217523,11.669238098099216
add-float4,8,1x,1,4,False,1864072,0.021693,11.637426022170818
add-float4,8,2-stackless,1,0,True,1864072,0.021075708000000002,11.306273577415467
add-float4,8,2-stackless,1,1,True,1864072,0.021091916,11.31496852052925
add-float4,8,2-stackless,1,2,False,1864072,0.020986583000000003,11.258461583028984
add-float4,8,2-stackless,1,3,False,1864072,0.020931959,11.229157993897232
add-float4,8,2-stackless,1,4,False,1864072,0.020823707999999996,11.1710856662189
add-float4,8,1x,2,0,True,1864072,0.0217879,11.688336072855554
add-float4,8,1x,2,1,True,1864072,0.0224277,12.031563158504607
add-float4,8,1x,2,2,False,1864072,0.0220055,11.805069761253858
add-float4,8,1x,2,3,False,1864072,0.0222472,11.934732134810243
add-float4,8,1x,2,4,False,1864072,0.0220516,11.829800565643387
add-float4,8,2-stackless,2,0,True,1864072,0.020755708,11.134606388594433
add-float4,8,2-stackless,2,1,True,1864072,0.021341083,11.448636640644782
add-float4,8,2-stackless,2,2,False,1864072,0.021117916999999993,11.32891701608092
add-float4,8,2-stackless,2,3,False,1864072,0.020893374999999992,11.208459222605132
add-float4,8,2-stackless,2,4,False,1864072,0.021045833,11.290246835959126
const-table,64,1x,0,0,True,478851,0.0570876,119.21787779497171
const-table,64,1x,0,1,True,478851,0.0574029,119.87632896245387
const-table,64,1x,0,2,False,478851,0.058033,121.19218713127883
const-table,64,1x,0,3,False,478851,0.0560355,117.02074340452458
const-table,64,1x,0,4,False,478851,0.0578,120.70560571033579
const-table,64,2-stackless,0,0,True,478851,0.020953459,43.75778478065202
const-table,64,2-stackless,0,1,True,478851,0.021160292,44.18972081085766
const-table,64,2-stackless,0,2,False,478851,0.021229874999999995,44.33503323580821
const-table,64,2-stackless,0,3,False,478851,0.02104325,43.945298224291065
const-table,64,2-stackless,0,4,False,478851,0.021200499999999997,44.27368847512064
const-table,64,2-stackless,1,0,True,478851,0.020312916,42.42011815784033
const-table,64,2-stackless,1,1,True,478851,0.020929333999999997,43.70740376442776
const-table,64,2-stackless,1,2,False,478851,0.0210715,44.00429361116506
const-table,64,2-stackless,1,3,False,478851,0.021163166999999997,44.19572476615898
const-table,64,2-stackless,1,4,False,478851,0.021517124999999998,44.93490668287212
const-table,64,1x,1,0,True,478851,0.0607075,126.77743181073026
const-table,64,1x,1,1,True,478851,0.0572647,119.587721441534
const-table,64,1x,1,2,False,478851,0.0581242,121.3826430350986
const-table,64,1x,1,3,False,478851,0.0589715,123.15208697486274
const-table,64,1x,1,4,False,478851,0.0594053,124.05800551737389
const-table,64,2-stackless,2,0,True,478851,0.02054425,42.903220417207024
const-table,64,2-stackless,2,1,True,478851,0.020850667,43.54312092905727
const-table,64,2-stackless,2,2,False,478851,0.02121575,44.30553554237122
const-table,64,2-stackless,2,3,False,478851,0.020654499999999992,43.133459050936494
const-table,64,2-stackless,2,4,False,478851,0.020748333000000008,43.32941353364618
const-table,64,1x,2,0,True,478851,0.0576903,120.47651565935959
const-table,64,1x,2,1,True,478851,0.0562456,117.45950201628482
const-table,64,1x,2,2,False,478851,0.0573162,119.69527055388836
const-table,64,1x,2,3,False,478851,0.0592459,123.72512535214503
const-table,64,1x,2,4,False,478851,0.0582091,121.5599424455624
take-table,0,2-stackless,0,0,True,4838632,0.020409625,4.218056880539789
take-table,0,2-stackless,0,1,True,4838632,0.020879500000000002,4.315165939463882
take-table,0,2-stackless,0,2,False,4838632,0.020768084000000006,4.2921395964809905
take-table,0,2-stackless,0,3,False,4838632,0.020477084,4.2319986310180235
take-table,0,2-stackless,0,4,False,4838632,0.020448541,4.226099649653042
take-table,0,1x,0,0,True,4838632,0.025426,5.254791023578565
take-table,0,1x,0,1,True,4838632,0.0253875,5.246834229178826
take-table,0,1x,0,2,False,4838632,0.025707,5.312865289197442
take-table,0,1x,0,3,False,4838632,0.0253242,5.233752019165748
take-table,0,1x,0,4,False,4838632,0.0253546,5.240034786691775
take-table,0,2-stackless,1,0,True,4838632,0.0204965,4.236011335435305
take-table,0,2-stackless,1,1,True,4838632,0.020436667,4.223645650258172
take-table,0,2-stackless,1,2,False,4838632,0.020467167,4.229949084782641
take-table,0,2-stackless,1,3,False,4838632,0.020472959,4.231146117332337
take-table,0,2-stackless,1,4,False,4838632,0.020628624999999998,4.263317607125319
take-table,0,1x,1,0,True,4838632,0.0246766,5.099912537262599
take-table,0,1x,1,1,True,4838632,0.0249697,5.160487509692822
take-table,0,1x,1,2,False,4838632,0.0249198,5.150174677470822
take-table,0,1x,1,3,False,4838632,0.024851,5.135955782543496
take-table,0,1x,1,4,False,4838632,0.0247611,5.117376150945143
take-table,0,1x,2,0,True,4838632,0.025638,5.298605060273235
take-table,0,1x,2,1,True,4838632,0.0255354,5.277400719872889
take-table,0,1x,2,2,False,4838632,0.0259923,5.371828235749278
take-table,0,1x,2,3,False,4838632,0.0254904,5.268100570574493
take-table,0,1x,2,4,False,4838632,0.0254856,5.26710855464933
take-table,0,2-stackless,2,0,True,4838632,0.020348167,4.205355356637992
take-table,0,2-stackless,2,1,True,4838632,0.020843874999999998,4.307803321269317
take-table,0,2-stackless,2,2,False,4838632,0.020850708000000003,4.309215497272784
take-table,0,2-stackless,2,3,False,4838632,0.0205085,4.238491375248211
take-table,0,2-stackless,2,4,False,4838632,0.020422082999999994,4.2206315752055525
const-seq,8,1x,0,0,True,1920769,0.0959871,49.97326591589098
const-seq,8,1x,0,1,True,1920769,0.0953975,49.666305526588566
const-seq,8,1x,0,2,False,1920769,0.095697,49.82223265785735
const-seq,8,1x,0,3,False,1920769,0.0954884,49.71363032202206
const-seq,8,1x,0,4,False,1920769,0.0957649,49.8575830826091
const-seq,8,2-stackless,0,0,True,1920769,0.017824875,9.280072200248963
const-seq,8,2-stackless,0,1,True,1920769,0.018411833,9.585657098797409
const-seq,8,2-stackless,0,2,False,1920769,0.018147207999999998,9.447886757855835
const-seq,8,2-stackless,0,3,False,1920769,0.018103790999999994,9.42528279038239
const-seq,8,2-stackless,0,4,False,1920769,0.01817191700000001,9.460750876341722
const-seq,8,2-stackless,1,0,True,1920769,0.018377,9.567522174712316
const-seq,8,2-stackless,1,1,True,1920769,0.018179584000000002,9.464742506777235
const-seq,8,2-stackless,1,2,False,1920769,0.018366792,9.562207636628871
const-seq,8,2-stackless,1,3,False,1920769,0.01810724999999999,9.427083631607962
const-seq,8,2-stackless,1,4,False,1920769,0.018103958000000003,9.425369734726042
const-seq,8,1x,1,0,True,1920769,0.0999715,52.04764341781859
const-seq,8,1x,1,1,True,1920769,0.101159,52.66588538236508
const-seq,8,1x,1,2,False,1920769,0.099216,51.65431137216396
const-seq,8,1x,1,3,False,1920769,0.102397,53.310418899930184
const-seq,8,1x,1,4,False,1920769,0.101608,52.89964592306519
const-seq,8,1x,2,0,True,1920769,0.0997782,51.94700664161073
const-seq,8,1x,2,1,True,1920769,0.0995134,51.80914519132701
const-seq,8,1x,2,2,False,1920769,0.0998978,52.00927336915579
const-seq,8,1x,2,3,False,1920769,0.100296,52.216586169393615
const-seq,8,1x,2,4,False,1920769,0.099044,51.56476390445702
const-seq,8,2-stackless,2,0,True,1920769,0.020293709,10.565408437974583
const-seq,8,2-stackless,2,1,True,1920769,0.019131416000000002,9.960289863070468
const-seq,8,2-stackless,2,2,False,1920769,0.018937707999999998,9.859440671939206
const-seq,8,2-stackless,2,3,False,1920769,0.018918374999999994,9.849375432443981
const-seq,8,2-stackless,2,4,False,1920769,0.018910542000000002,9.845297378289635
make-table,256,1x,0,0,True,9518,0.0194715,2045.7554108005884
make-table,256,1x,0,1,True,9518,0.0199106,2091.8890523219166
make-table,256,1x,0,2,False,9518,0.019464,2044.9674301323807
make-table,256,1x,0,3,False,9518,0.0192525,2022.7463752889262
make-table,256,1x,0,4,False,9518,0.0193415,2032.0970792183232
make-table,256,2-stackless,0,0,True,9518,0.020104708,2112.282832527842
make-table,256,2-stackless,0,1,True,9518,0.020255333000000004,2128.1081109476786
make-table,256,2-stackless,0,2,False,9518,0.020049040999999997,2106.4342298802267
make-table,256,2-stackless,0,3,False,9518,0.019971582999999994,2098.296175667156
make-table,256,2-stackless,0,4,False,9518,0.020133749999999992,2115.334103803319
make-table,256,2-stackless,1,0,True,9518,0.020620417000000002,2166.4653288505992
make-table,256,2-stackless,1,1,True,9518,0.020638667,2168.3827484765707
make-table,256,2-stackless,1,2,False,9518,0.020154541000000005,2117.518491279681
make-table,256,2-stackless,1,3,False,9518,0.021090584000000002,2215.862996427821
make-table,256,2-stackless,1,4,False,9518,0.02114108399999999,2221.1687329270844
make-table,256,1x,1,0,True,9518,0.0201159,2113.458709812986
make-table,256,1x,1,1,True,9518,0.019995,2100.756461441479
make-table,256,1x,1,2,False,9518,0.0200547,2107.0287875604117
make-table,256,1x,1,3,False,9518,0.0202953,2132.307207396512
make-table,256,1x,1,4,False,9518,0.0197033,2070.1092666526583
make-table,256,2-stackless,2,0,True,9518,0.020771458,2182.3343139314984
make-table,256,2-stackless,2,1,True,9518,0.020682625000000003,2173.0011557049806
make-table,256,2-stackless,2,2,False,9518,0.020690833999999998,2173.8636268123555
make-table,256,2-stackless,2,3,False,9518,0.020706083,2175.465749106955
make-table,256,2-stackless,2,4,False,9518,0.020296292000000007,2132.4114309728943
make-table,256,1x,2,0,True,9518,0.0186548,1959.9495692372348
make-table,256,1x,2,1,True,9518,0.0185643,1950.4412691741963
make-table,256,1x,2,2,False,9518,0.0183257,1925.372977516285
make-table,256,1x,2,3,False,9518,0.0183817,1931.2565665055683
make-table,256,1x,2,4,False,9518,0.0193537,2033.3788611052742
update-string,256,1x,0,0,True,92883,0.048933,526.8240689900197
update-string,256,1x,0,1,True,92883,0.0493828,531.6667204978306
update-string,256,1x,0,2,False,92883,0.0495592,533.565883961543
update-string,256,1x,0,3,False,92883,0.0488943,526.407415781144
update-string,256,1x,0,4,False,92883,0.049683,534.8987435806337
update-string,256,2-stackless,0,0,True,92883,0.01939975,208.86222451901855
update-string,256,2-stackless,0,1,True,92883,0.019429792,209.18566368442018
update-string,256,2-stackless,0,2,False,92883,0.019389834,208.75546655469785
update-string,256,2-stackless,0,3,False,92883,0.019847915999999993,213.68728400245462
update-string,256,2-stackless,0,4,False,92883,0.019522082999999996,210.17929007460995
update-string,256,2-stackless,1,0,True,92883,0.019255458,207.3087432576467
update-string,256,2-stackless,1,1,True,92883,0.019903917,214.29020380478667
update-string,256,2-stackless,1,2,False,92883,0.019927082999999998,214.53961435354157
update-string,256,2-stackless,1,3,False,92883,0.019925666999999994,214.5243693679144
update-string,256,2-stackless,1,4,False,92883,0.020358417000000004,219.1834566066988
update-string,256,1x,1,0,True,92883,0.0491601,529.2690804560576
update-string,256,1x,1,1,True,92883,0.0490902,528.5165207842124
update-string,256,1x,1,2,False,92883,0.049693,535.0064059085086
update-string,256,1x,1,3,False,92883,0.0491372,529.0225337252242
update-string,256,1x,1,4,False,92883,0.0488352,525.7711314234036
update-string,256,1x,2,0,True,92883,0.0490085,527.6369195654748
update-string,256,1x,2,1,True,92883,0.0487559,524.917369163356
update-string,256,1x,2,2,False,92883,0.0501968,540.4304339868437
update-string,256,1x,2,3,False,92883,0.0508782,547.7665450082362
update-string,256,1x,2,4,False,92883,0.0489704,527.2267260962717
update-string,256,2-stackless,2,0,True,92883,0.019446834,209.3691418235845
update-string,256,2-stackless,2,1,True,92883,0.019432958,209.21974957742538
update-string,256,2-stackless,2,2,False,92883,0.019456749999999995,209.47589978790518
update-string,256,2-stackless,2,3,False,92883,0.019549416000000007,210.47356351539042
update-string,256,2-stackless,2,4,False,92883,0.019535499999999997,210.32374061991965
get-int,64,2-stackless,0,0,True,447053,0.020293916,45.39487711747824
get-int,64,2-stackless,0,1,True,447053,0.020296042,45.39963270574182
get-int,64,2-stackless,0,2,False,447053,0.020250167,45.297016237448354
get-int,64,2-stackless,0,3,False,447053,0.020384833000000005,45.59824674031939
get-int,64,2-stackless,0,4,False,447053,0.020691333000000006,46.28384777643816
get-int,64,1x,0,0,True,447053,0.0259926,58.142099482611684
get-int,64,1x,0,1,True,447053,0.0257564,57.61375049490776
get-int,64,1x,0,2,False,447053,0.0261809,58.56330233775414
get-int,64,1x,0,3,False,447053,0.026255,58.72905449689411
get-int,64,1x,0,4,False,447053,0.0262961,58.820989905000076
get-int,64,1x,1,0,True,447053,0.0268388,60.03493992882276
get-int,64,1x,1,1,True,447053,0.026056,58.283917119446684
get-int,64,1x,1,2,False,447053,0.0263693,58.98472888002094
get-int,64,1x,1,3,False,447053,0.0271554,60.74313336450041
get-int,64,1x,1,4,False,447053,0.0268391,60.03561099019579
get-int,64,2-stackless,1,0,True,447053,0.0202935,45.393946579040964
get-int,64,2-stackless,1,1,True,447053,0.020436083,45.71288639154642
get-int,64,2-stackless,1,2,False,447053,0.020261958999999996,45.32339342315116
get-int,64,2-stackless,1,3,False,447053,0.020449332999999993,45.74252493552217
get-int,64,2-stackless,1,4,False,447053,0.020405124999999996,45.64363733159155
get-int,64,1x,2,0,True,447053,0.0266523,59.61776344191852
get-int,64,1x,2,1,True,447053,0.0260095,58.17990260662606
get-int,64,1x,2,2,False,447053,0.0263092,58.85029291828933
get-int,64,1x,2,3,False,447053,0.0283085,63.322469595327625
get-int,64,1x,2,4,False,447053,0.02595,58.04680876764053
get-int,64,2-stackless,2,0,True,447053,0.020399875,45.63189375756342
get-int,64,2-stackless,2,1,True,447053,0.020781959000000003,46.486566469747444
get-int,64,2-stackless,2,2,False,447053,0.020134209,45.03763312179988
get-int,64,2-stackless,2,3,False,447053,0.020497083,45.84933553739713
get-int,64,2-stackless,2,4,False,447053,0.020178249999999995,45.13614716823284
do-int,256,1x,0,0,True,8098,0.0199245,2460.4223265003707
do-int,256,1x,0,1,True,8098,0.0201615,2489.6888120523586
do-int,256,1x,0,2,False,8098,0.0201083,2483.1192887132624
do-int,256,1x,0,3,False,8098,0.0201382,2486.811558409484
do-int,256,1x,0,4,False,8098,0.0202204,2496.9622128920723
do-int,256,2-stackless,0,0,True,8098,0.08628004199999999,10654.487774759198
do-int,256,2-stackless,0,1,True,8098,0.086341834,10662.118300815016
do-int,256,2-stackless,0,2,False,8098,0.086270084,10653.258088416893
do-int,256,2-stackless,0,3,False,8098,0.08589849999999999,10607.37219066436
do-int,256,2-stackless,0,4,False,8098,0.085121542,10511.427759940727
do-int,256,2-stackless,1,0,True,8098,0.084580958,10444.67251173129
do-int,256,2-stackless,1,1,True,8098,0.084710667,10460.689923437885
do-int,256,2-stackless,1,2,False,8098,0.08422354200000001,10400.53618177328
do-int,256,2-stackless,1,3,False,8098,0.08369662499999997,10335.46863423067
do-int,256,2-stackless,1,4,False,8098,0.083719333,10338.27278340331
do-int,256,1x,1,0,True,8098,0.0198622,2452.7290689059027
do-int,256,1x,1,1,True,8098,0.0196233,2423.227957520375
do-int,256,1x,1,2,False,8098,0.0199904,2468.5601383057547
do-int,256,1x,1,3,False,8098,0.0198762,2454.4578908372437
do-int,256,1x,1,4,False,8098,0.0197065,2433.502099283774
do-int,256,1x,2,0,True,8098,0.0198093,2446.1965917510497
do-int,256,1x,2,1,True,8098,0.0198386,2449.814769078785
do-int,256,1x,2,2,False,8098,0.0198279,2448.493455174117
do-int,256,1x,2,3,False,8098,0.019969,2465.917510496419
do-int,256,1x,2,4,False,8098,0.0200743,2478.92072116572
do-int,256,2-stackless,2,0,True,8098,0.084501292,10434.834774018276
do-int,256,2-stackless,2,1,True,8098,0.084559,10441.960978019264
do-int,256,2-stackless,2,2,False,8098,0.08518620899999998,10519.413311928869
do-int,256,2-stackless,2,3,False,8098,0.08481687500000001,10473.805260558165
do-int,256,2-stackless,2,4,False,8098,0.08547587499999998,10555.183378612
assign-string,8,2-stackless,0,0,True,582950,0.0256875,44.06467106956
assign-string,8,2-stackless,0,1,True,582950,0.023789958,40.80960288189382
assign-string,8,2-stackless,0,2,False,582950,0.023445625000000005,40.218929582296944
assign-string,8,2-stackless,0,3,False,582950,0.025791207999999996,44.24257311947851
assign-string,8,2-stackless,0,4,False,582950,0.025785417000000005,44.23263916287847
assign-string,8,1x,0,0,True,582950,0.0490167,84.08388369499957
assign-string,8,1x,0,1,True,582950,0.0489835,84.02693198387512
assign-string,8,1x,0,2,False,582950,0.0494345,84.80058324041514
assign-string,8,1x,0,3,False,582950,0.0491333,84.28390084912942
assign-string,8,1x,0,4,False,582950,0.0488033,83.71781456385625
assign-string,8,2-stackless,1,0,True,582950,0.023165709,39.73875804099837
assign-string,8,2-stackless,1,1,True,582950,0.021850083000000003,37.48191611630501
assign-string,8,2-stackless,1,2,False,582950,0.022317207999999998,38.28322840723904
assign-string,8,2-stackless,1,3,False,582950,0.0221475,37.992109100265886
assign-string,8,2-stackless,1,4,False,582950,0.022958875000000004,39.383952311519
assign-string,8,1x,1,0,True,582950,0.0489815,84.02350115790377
assign-string,8,1x,1,1,True,582950,0.0490535,84.14701089287246
assign-string,8,1x,1,2,False,582950,0.0486035,83.37507504931813
assign-string,8,1x,1,3,False,582950,0.0497903,85.41092718071876
assign-string,8,1x,1,4,False,582950,0.0495059,84.92306372759242
assign-string,8,2-stackless,2,0,True,582950,0.022812166,39.13228578780341
assign-string,8,2-stackless,2,1,True,582950,0.022997916999999996,39.450925465305765
assign-string,8,2-stackless,2,2,False,582950,0.024497291999999997,42.02297281070417
assign-string,8,2-stackless,2,3,False,582950,0.02173483300000001,37.28421476970582
assign-string,8,2-stackless,2,4,False,582950,0.021713917,37.2483351916974
assign-string,8,1x,2,0,True,582950,0.0445223,76.374131572176
assign-string,8,1x,2,1,True,582950,0.0477684,81.94253366497985
assign-string,8,1x,2,2,False,582950,0.0485785,83.33218972467621
assign-string,8,1x,2,3,False,582950,0.0485783,83.33184664207909
assign-string,8,1x,2,4,False,582950,0.0484547,83.1198215970495
update-seq,256,1x,0,0,True,94905,0.056839,598.90416732522
update-seq,256,1x,0,1,True,94905,0.0574463,605.3031979347769
update-seq,256,1x,0,2,False,94905,0.0571273,601.941941941942
update-seq,256,1x,0,3,False,94905,0.0572472,603.2053105737316
update-seq,256,1x,0,4,False,94905,0.0571355,602.0283441336073
update-seq,256,2-stackless,0,0,True,94905,0.019943625,210.14303777461672
update-seq,256,2-stackless,0,1,True,94905,0.019611375000000004,206.64216848427378
update-seq,256,2-stackless,0,2,False,94905,0.019710832999999997,207.69014277435326
update-seq,256,2-stackless,0,3,False,94905,0.0197195,207.78146567620252
update-seq,256,2-stackless,0,4,False,94905,0.019733750000000008,207.93161582635275
update-seq,256,1x,1,0,True,94905,0.0560168,590.2407670828724
update-seq,256,1x,1,1,True,94905,0.0595117,627.0660133818028
update-seq,256,1x,1,2,False,94905,0.056924,599.7997997997998
update-seq,256,1x,1,3,False,94905,0.0567754,598.2340234971814
update-seq,256,1x,1,4,False,94905,0.0575443,606.3358094937042
update-seq,256,2-stackless,1,0,True,94905,0.019820125,208.84173647331542
update-seq,256,2-stackless,1,1,True,94905,0.019883708,209.51170117485907
update-seq,256,2-stackless,1,2,False,94905,0.019844042,209.0937463779569
update-seq,256,2-stackless,1,3,False,94905,0.019862540999999997,209.28866761498335
update-seq,256,2-stackless,1,4,False,94905,0.019808208000000008,208.7161688003794
update-seq,256,1x,2,0,True,94905,0.0574395,605.2315473368105
update-seq,256,1x,2,1,True,94905,0.0573738,604.5392761182235
update-seq,256,1x,2,2,False,94905,0.0573106,603.8733470312418
update-seq,256,1x,2,3,False,94905,0.0572534,603.2706390601128
update-seq,256,1x,2,4,False,94905,0.0574478,605.3190032137401
update-seq,256,2-stackless,2,0,True,94905,0.019769125000000002,208.30435698856755
update-seq,256,2-stackless,2,1,True,94905,0.02045975,215.58137084452875
update-seq,256,2-stackless,2,2,False,94905,0.020218167000000002,213.03584637268852
update-seq,256,2-stackless,2,3,False,94905,0.020095166999999997,211.73981349770818
update-seq,256,2-stackless,2,4,False,94905,0.020219292,213.04770033191085
get-int,0,2-stackless,0,0,True,3896130,0.016741916,4.2970629830113465
get-int,0,2-stackless,0,1,True,3896130,0.016632708,4.269033117478113
get-int,0,2-stackless,0,2,False,3896130,0.016712500000000005,4.289512926930057
get-int,0,2-stackless,0,3,False,3896130,0.016755584000000004,4.300571079507102
get-int,0,2-stackless,0,4,False,3896130,0.016789457999999993,4.309265347922167
get-int,0,1x,0,0,True,3896130,0.0198674,5.099265168256706
get-int,0,1x,0,1,True,3896130,0.0197616,5.072110016862887
get-int,0,1x,0,2,False,3896130,0.019823,5.0878692446093945
get-int,0,1x,0,3,False,3896130,0.0199525,5.1211073552473865
get-int,0,1x,0,4,False,3896130,0.0198736,5.1008564909281775
get-int,0,2-stackless,1,0,True,3896130,0.016591667,4.258499331387813
get-int,0,2-stackless,1,1,True,3896130,0.016723042,4.2922186888014515
get-int,0,2-stackless,1,2,False,3896130,0.016807625,4.3139281800145275
get-int,0,2-stackless,1,3,False,3896130,0.016858083999999995,4.32687923657578
get-int,0,2-stackless,1,4,False,3896130,0.016802125,4.312516522805963
get-int,0,1x,1,0,True,3896130,0.0199194,5.112611745501305
get-int,0,1x,1,1,True,3896130,0.0200623,5.149289166429251
get-int,0,1x,1,2,False,3896130,0.0201899,5.182039613667921
get-int,0,1x,1,3,False,3896130,0.0201889,5.18178294872091
get-int,0,1x,1,4,False,3896130,0.0201453,5.170592357031208
get-int,0,2-stackless,2,0,True,3896130,0.016585083,4.256809449376689
get-int,0,2-stackless,2,1,True,3896130,0.016620792000000002,4.265974697969524
get-int,0,2-stackless,2,2,False,3896130,0.016618791,4.265461111410554
get-int,0,2-stackless,2,3,False,3896130,0.016595125000000002,4.259386878774579
get-int,0,2-stackless,2,4,False,3896130,0.016550083999999993,4.247826432896231
get-int,0,1x,2,0,True,3896130,0.0203998,5.2359135860456405
get-int,0,1x,2,1,True,3896130,0.0204093,5.23835190304225
get-int,0,1x,2,2,False,3896130,0.0202904,5.207834440842579
get-int,0,1x,2,3,False,3896130,0.0204143,5.239635227777307
get-int,0,1x,2,4,False,3896130,0.0201026,5.159632763793816
get-seq,64,2-stackless,0,0,True,432667,0.019880000000000002,45.94757631157449
get-seq,64,2-stackless,0,1,True,432667,0.020095167000000004,46.44488024277332
get-seq,64,2-stackless,0,2,False,432667,0.019737208,45.617548830856066
get-seq,64,2-stackless,0,3,False,432667,0.01987875,45.94468725370782
get-seq,64,2-stackless,0,4,False,432667,0.019487624999999995,45.04070104722569
get-seq,64,1x,0,0,True,432667,0.0425824,98.41841416146829
get-seq,64,1x,0,1,True,432667,0.0426999,98.68998560093559
get-seq,64,1x,0,2,False,432667,0.0422909,97.74468586696004
get-seq,64,1x,0,3,False,432667,0.0429604,99.29206526035034
get-seq,64,1x,0,4,False,432667,0.041815,96.64476375596013
get-seq,64,1x,1,0,True,432667,0.0424771,98.17503992677972
get-seq,64,1x,1,1,True,432667,0.04189,96.81810722796054
get-seq,64,1x,1,2,False,432667,0.0421428,97.40239029091657
get-seq,64,1x,1,3,False,432667,0.0424109,98.0220354221607
get-seq,64,1x,1,4,False,432667,0.0424525,98.11818326796359
get-seq,64,2-stackless,1,0,True,432667,0.019995958,46.21558380925747
get-seq,64,2-stackless,1,1,True,432667,0.019875541999999996,45.93727277559878
get-seq,64,2-stackless,1,2,False,432667,0.019638584,45.38960447642182
get-seq,64,2-stackless,1,3,False,432667,0.019629958000000003,45.36966766589549
get-seq,64,2-stackless,1,4,False,432667,0.019790375,45.740430862534005
get-seq,64,1x,2,0,True,432667,0.0426432,98.55893793610329
get-seq,64,1x,2,1,True,432667,0.0423984,97.99314484349395
get-seq,64,1x,2,2,False,432667,0.0423742,97.93721268319516
get-seq,64,1x,2,3,False,432667,0.0428351,99.00246609979499
get-seq,64,1x,2,4,False,432667,0.0425807,98.41448504276961
get-seq,64,2-stackless,2,0,True,432667,0.01987675,45.94006476112114
get-seq,64,2-stackless,2,1,True,432667,0.019743209,45.63141861986239
get-seq,64,2-stackless,2,2,False,432667,0.019583457999999998,45.26219471325522
get-seq,64,2-stackless,2,3,False,432667,0.01966099999999999,45.44141337333328
get-seq,64,2-stackless,2,4,False,432667,0.019595625000000005,45.290315646906286
update-string,64,2-stackless,0,0,True,316832,0.019845125,62.636113145136854
update-string,64,2-stackless,0,1,True,316832,0.020202333000000003,63.76354976770024
update-string,64,2-stackless,0,2,False,316832,0.020224708,63.83417079082921
update-string,64,2-stackless,0,3,False,316832,0.020148749999999993,63.594428593071385
update-string,64,2-stackless,0,4,False,316832,0.020219749999999995,63.81852211897787
update-string,64,1x,0,0,True,316832,0.0422486,133.3470104029896
update-string,64,1x,0,1,True,316832,0.042475,134.0615846884153
update-string,64,1x,0,2,False,316832,0.0425061,134.15974396525604
update-string,64,1x,0,3,False,316832,0.0445956,140.75472174527826
update-string,64,1x,0,4,False,316832,0.0430385,135.84012978487021
update-string,64,2-stackless,1,0,True,316832,0.020009042,63.15347565902434
update-string,64,2-stackless,1,1,True,316832,0.020302667000000003,64.08022863852138
update-string,64,2-stackless,1,2,False,316832,0.020068416999999998,63.340877815372174
update-string,64,2-stackless,1,3,False,316832,0.020073541,63.35705042419958
update-string,64,2-stackless,1,4,False,316832,0.020030958,63.22264796485204
update-string,64,1x,1,0,True,316832,0.0428078,135.11198363801637
update-string,64,1x,1,1,True,316832,0.0429211,135.4695864054136
update-string,64,1x,1,2,False,316832,0.0426572,134.63665286334714
update-string,64,1x,1,3,False,316832,0.0424895,134.10735026764974
update-string,64,1x,1,4,False,316832,0.0426388,134.57857792142207
update-string,64,1x,2,0,True,316832,0.0430773,135.96259216240784
update-string,64,1x,2,1,True,316832,0.0431986,136.3454449045551
update-string,64,1x,2,2,False,316832,0.0424184,133.8829411170589
update-string,64,1x,2,3,False,316832,0.0427462,134.91755883244116
update-string,64,1x,2,4,False,316832,0.0430735,135.95059842440156
update-string,64,2-stackless,2,0,True,316832,0.020188792,63.72081102918897
update-string,64,2-stackless,2,1,True,316832,0.020429625,64.48093942531058
update-string,64,2-stackless,2,2,False,316832,0.020586833,64.97712667912332
update-string,64,2-stackless,2,3,False,316832,0.019679541999999994,62.11349232400765
update-string,64,2-stackless,2,4,False,316832,0.019690542000000005,62.148211039288974
const-table,8,2-stackless,0,0,True,1801802,0.018342916,10.1803172601651
const-table,8,2-stackless,0,1,True,1801802,0.018482375,10.25771699665113
const-table,8,2-stackless,0,2,False,1801802,0.017998457999999995,9.989143091194258
const-table,8,2-stackless,0,3,False,1801802,0.017955583000000004,9.96534746881178
const-table,8,2-stackless,0,4,False,1801802,0.017920540999999998,9.945899160951093
const-table,8,1x,0,0,True,1801802,0.130178,72.24878205263397
const-table,8,1x,0,1,True,1801802,0.132379,73.47033691826294
const-table,8,1x,0,2,False,1801802,0.13349,74.0869418504364
const-table,8,1x,0,3,False,1801802,0.133448,74.0636318530005
const-table,8,1x,0,4,False,1801802,0.135466,75.18362172980162
const-table,8,1x,1,0,True,1801802,0.134225,74.49486680556466
const-table,8,1x,1,1,True,1801802,0.137466,76.29362160770162
const-table,8,1x,1,2,False,1801802,0.13274,73.67069189622389
const-table,8,1x,1,3,False,1801802,0.139538,77.44358148120604
const-table,8,1x,1,4,False,1801802,0.146735,81.43791604182924
const-table,8,2-stackless,1,0,True,1801802,0.018778458,10.422043043575265
const-table,8,2-stackless,1,1,True,1801802,0.019093625000000003,10.596960709334324
const-table,8,2-stackless,1,2,False,1801802,0.018618542000000002,10.333289673338136
const-table,8,2-stackless,1,3,False,1801802,0.018621083000000004,10.33469992818301
const-table,8,2-stackless,1,4,False,1801802,0.018814250000000005,10.441907601390167
const-table,8,1x,2,0,True,1801802,0.144047,79.94607620593162
const-table,8,1x,2,1,True,1801802,0.132677,73.63572690007003
const-table,8,1x,2,2,False,1801802,0.138825,77.04786652473469
const-table,8,1x,2,3,False,1801802,0.137176,76.13267162540612
const-table,8,1x,2,4,False,1801802,0.135364,75.1270117360287
const-table,8,2-stackless,2,0,True,1801802,0.017902542,9.935909717049931
const-table,8,2-stackless,2,1,True,1801802,0.017778750000000003,9.867205164607434
const-table,8,2-stackless,2,2,False,1801802,0.017869042,9.917317219095105
const-table,8,2-stackless,2,3,False,1801802,0.017873791999999993,9.919953468805113
const-table,8,2-stackless,2,4,False,1801802,0.017890583,9.929272472780028
add-float4,64,2-stackless,0,0,True,332756,0.02296975,69.02880789527461
add-float4,64,2-stackless,0,1,True,332756,0.022948875,68.96607424058469
add-float4,64,2-stackless,0,2,False,332756,0.022921749999999998,68.88455805455047
add-float4,64,2-stackless,0,3,False,332756,0.02289075,68.79139669908281
add-float4,64,2-stackless,0,4,False,332756,0.022925499999999988,68.89582757335702
add-float4,64,1x,0,0,True,332756,0.0202042,60.71776316580317
add-float4,64,1x,0,1,True,332756,0.0201978,60.69852985370662
add-float4,64,1x,0,2,False,332756,0.0202153,60.751120941470624
add-float4,64,1x,0,3,False,332756,0.0201896,60.673887172582916
add-float4,64,1x,0,4,False,332756,0.0206595,62.086033009171885
add-float4,64,1x,1,0,True,332756,0.0199485,59.949332243445646
add-float4,64,1x,1,1,True,332756,0.0203437,61.136989265407685
add-float4,64,1x,1,2,False,332756,0.0206008,61.90962747478633
add-float4,64,1x,1,3,False,332756,0.0202849,60.96028321052062
add-float4,64,1x,1,4,False,332756,0.0201175,60.457211890995204
add-float4,64,2-stackless,1,0,True,332756,0.0230115,69.15427520465447
add-float4,64,2-stackless,1,1,True,332756,0.023139625,69.53931709721238
add-float4,64,2-stackless,1,2,False,332756,0.023143499999999997,69.55096226664583
add-float4,64,2-stackless,1,3,False,332756,0.022971875000000003,69.03519395593169
add-float4,64,2-stackless,1,4,False,332756,0.02299520799999999,69.10531440454865
add-float4,64,1x,2,0,True,332756,0.020122,60.47073531356309
add-float4,64,1x,2,1,True,332756,0.0198418,59.62867686833596
add-float4,64,1x,2,2,False,332756,0.0198682,59.70801428073423
add-float4,64,1x,2,3,False,332756,0.0198952,59.789154816141554
add-float4,64,1x,2,4,False,332756,0.020078,60.338506292899304
add-float4,64,2-stackless,2,0,True,332756,0.023147875000000002,69.56411003858683
add-float4,64,2-stackless,2,1,True,332756,0.023291417,69.99548317686232
add-float4,64,2-stackless,2,2,False,332756,0.023426082999999993,70.40018211542389
add-float4,64,2-stackless,2,3,False,332756,0.024319707999999995,73.08570844703024
add-float4,64,2-stackless,2,4,False,332756,0.023772249999999995,71.44048491988123
assign-string,256,1x,0,0,True,20656,0.0418322,2025.1839659178931
assign-string,256,1x,0,1,True,20656,0.0421171,2038.9765685515104
assign-string,256,1x,0,2,False,20656,0.0414191,2005.1849341595662
assign-string,256,1x,0,3,False,20656,0.0421039,2038.3375290472502
assign-string,256,1x,0,4,False,20656,0.0413896,2003.756777691712
assign-string,256,2-stackless,0,0,True,20656,0.019437875,941.0280305964369
assign-string,256,2-stackless,0,1,True,20656,0.019970916,966.8336560805577
assign-string,256,2-stackless,0,2,False,20656,0.020101249999999994,973.1433965917889
assign-string,256,2-stackless,0,3,False,20656,0.019816124999999997,959.3399012393492
assign-string,256,2-stackless,0,4,False,20656,0.019770917,957.1512877614252
assign-string,256,1x,1,0,True,20656,0.0404586,1958.685127807901
assign-string,256,1x,1,1,True,20656,0.0410349,1986.5850116189001
assign-string,256,1x,1,2,False,20656,0.0406545,1968.169054996127
assign-string,256,1x,1,3,False,20656,0.0400826,1940.4821843532145
assign-string,256,1x,1,4,False,20656,0.0405141,1961.3719984508134
assign-string,256,2-stackless,1,0,True,20656,0.019724625000000003,954.9101955848181
assign-string,256,2-stackless,1,1,True,20656,0.019374165999999998,937.9437451587917
assign-string,256,2-stackless,1,2,False,20656,0.019343083000000004,936.4389523625099
assign-string,256,2-stackless,1,3,False,20656,0.01931154100000001,934.91193841983
assign-string,256,2-stackless,1,4,False,20656,0.01948975,943.5394074360961
assign-string,256,1x,2,0,True,20656,0.0407738,1973.9446165762974
assign-string,256,1x,2,1,True,20656,0.0405312,1962.1998450813323
assign-string,256,1x,2,2,False,20656,0.0410497,1987.3015104570102
assign-string,256,1x,2,3,False,20656,0.0406719,1969.0114252517428
assign-string,256,1x,2,4,False,20656,0.0408608,1978.1564678543764
assign-string,256,2-stackless,2,0,True,20656,0.019869625,961.9299477149497
assign-string,256,2-stackless,2,1,True,20656,0.019366207999999996,937.5584817970564
assign-string,256,2-stackless,2,2,False,20656,0.019555667,946.730586754454
assign-string,256,2-stackless,2,3,False,20656,0.019794708,958.3030596436871
assign-string,256,2-stackless,2,4,False,20656,0.019416209000000004,939.9791343919444
push-shared-seq,64,2-stackless,0,0,True,81417,0.031271333,384.08849503175014
push-shared-seq,64,2-stackless,0,1,True,81417,0.030520041999999997,374.86080302639493
push-shared-seq,64,2-stackless,0,2,False,81417,0.030958208000000008,380.2425537664125
push-shared-seq,64,2-stackless,0,3,False,81417,0.03143199999999999,386.0618789687656
push-shared-seq,64,2-stackless,0,4,False,81417,0.030696334000000006,377.026100200204
push-shared-seq,64,1x,0,0,True,81417,0.0206606,253.76272768586412
push-shared-seq,64,1x,0,1,True,81417,0.0197734,242.8657405701512
push-shared-seq,64,1x,0,2,False,81417,0.0201517,247.5121903288011
push-shared-seq,64,1x,0,3,False,81417,0.0202462,248.67288158492698
push-shared-seq,64,1x,0,4,False,81417,0.0206301,253.3881130476436
push-shared-seq,64,1x,1,0,True,81417,0.0202436,248.64094722232457
push-shared-seq,64,1x,1,1,True,81417,0.0202645,248.89765036785928
push-shared-seq,64,1x,1,2,False,81417,0.0195788,240.47557635383274
push-shared-seq,64,1x,1,3,False,81417,0.0200426,246.1721753442156
push-shared-seq,64,1x,1,4,False,81417,0.0202403,248.60041514671383
push-shared-seq,64,2-stackless,1,0,True,81417,0.030946333,380.0966997064495
push-shared-seq,64,2-stackless,1,1,True,81417,0.031033709,381.1698908090448
push-shared-seq,64,2-stackless,1,2,False,81417,0.030578542,375.5793261849491
push-shared-seq,64,2-stackless,1,3,False,81417,0.030637917,376.3085964847636
push-shared-seq,64,2-stackless,1,4,False,81417,0.03140812500000001,385.7686355429457
push-shared-seq,64,1x,2,0,True,81417,0.0205615,252.5455371728263
push-shared-seq,64,1x,2,1,True,81417,0.0203441,249.87533316137907
push-shared-seq,64,1x,2,2,False,81417,0.0203538,249.99447289878034
push-shared-seq,64,1x,2,3,False,81417,0.0202776,249.0585504255868
push-shared-seq,64,1x,2,4,False,81417,0.020325,249.64073842072295
push-shared-seq,64,2-stackless,2,0,True,81417,0.031904292,391.8627805003869
push-shared-seq,64,2-stackless,2,1,True,81417,0.031683499999999996,389.1509144281906
push-shared-seq,64,2-stackless,2,2,False,81417,0.03176158300000001,390.1099647493768
push-shared-seq,64,2-stackless,2,3,False,81417,0.03181854199999999,390.8095606568652
push-shared-seq,64,2-stackless,2,4,False,81417,0.030803000000000025,378.336219708415
assign-int,64,2-stackless,0,0,True,163834,0.022815167,139.25782804546066
assign-int,64,2-stackless,0,1,True,163834,0.022858500000000004,139.52232137407378
assign-int,64,2-stackless,0,2,False,163834,0.022999042000000004,140.38015308177793
assign-int,64,2-stackless,0,3,False,163834,0.023016333,140.485692835431
assign-int,64,2-stackless,0,4,False,163834,0.022879250000000004,139.6489739614488
assign-int,64,1x,0,0,True,163834,0.0203764,124.37223042836041
assign-int,64,1x,0,1,True,163834,0.0203225,124.04323888814288
assign-int,64,1x,0,2,False,163834,0.0203241,124.05300487078384
assign-int,64,1x,0,3,False,163834,0.02064,125.98117606845953
assign-int,64,1x,0,4,False,163834,0.0201886,123.22594821587704
assign-int,64,1x,1,0,True,163834,0.0211151,128.88106253891135
assign-int,64,1x,1,1,True,163834,0.020531,125.31586850104374
assign-int,64,1x,1,2,False,163834,0.0210643,128.57099259006068
assign-int,64,1x,1,3,False,163834,0.020534,125.33417971849555
assign-int,64,1x,1,4,False,163834,0.0201728,123.1295091372975
assign-int,64,2-stackless,1,0,True,163834,0.023046292,140.6685547566439
assign-int,64,2-stackless,1,1,True,163834,0.0232615,141.98212825176702
assign-int,64,2-stackless,1,2,False,163834,0.023249583000000004,141.90938999230931
assign-int,64,2-stackless,1,3,False,163834,0.023529124999999998,143.6156414419473
assign-int,64,2-stackless,1,4,False,163834,0.023508249999999994,143.48822588717846
assign-int,64,2-stackless,2,0,True,163834,0.023446708,143.11258957237203
assign-int,64,2-stackless,2,1,True,163834,0.023512042,143.51137126603757
assign-int,64,2-stackless,2,2,False,163834,0.023227249999999998,141.77307518585883
assign-int,64,2-stackless,2,3,False,163834,0.023154291999999993,141.32775858490908
assign-int,64,2-stackless,2,4,False,163834,0.023585791999999994,143.96152202839454
assign-int,64,1x,2,0,True,163834,0.0208084,127.00904574142119
assign-int,64,1x,2,1,True,163834,0.0204678,124.9301121867256
assign-int,64,1x,2,2,False,163834,0.0207566,126.69287205341992
assign-int,64,1x,2,3,False,163834,0.0211125,128.86519281711978
assign-int,64,1x,2,4,False,163834,0.0230876,140.92068801347705
get-string,256,1x,0,0,True,139649,0.0306059,219.16304449011452
get-string,256,1x,0,1,True,139649,0.0305492,218.75702654512384
get-string,256,1x,0,2,False,139649,0.0304537,218.07316915982213
get-string,256,1x,0,3,False,139649,0.030737,220.10182672271193
get-string,256,1x,0,4,False,139649,0.030673,219.64353486240503
get-string,256,2-stackless,0,0,True,139649,0.021023416,150.5446941975954
get-string,256,2-stackless,0,1,True,139649,0.020997708,150.36060408595836
get-string,256,2-stackless,0,2,False,139649,0.020748333,148.5748770130828
get-string,256,2-stackless,0,3,False,139649,0.020902415999999993,149.6782361492026
get-string,256,2-stackless,0,4,False,139649,0.02087504100000001,149.48220896676676
get-string,256,2-stackless,1,0,True,139649,0.020381708,145.94954493050435
get-string,256,2-stackless,1,1,True,139649,0.020385333,145.97550286790454
get-string,256,2-stackless,1,2,False,139649,0.020334374999999995,145.61060229575577
get-string,256,2-stackless,1,3,False,139649,0.020555083000000002,147.19105041926545
get-string,256,2-stackless,1,4,False,139649,0.020584583000000004,147.40229432362568
get-string,256,1x,1,0,True,139649,0.0311533,223.08287205780206
get-string,256,1x,1,1,True,139649,0.0304048,217.72300553530638
get-string,256,1x,1,2,False,139649,0.0304039,217.71656080602082
get-string,256,1x,1,3,False,139649,0.0309171,221.39148866085685
get-string,256,1x,1,4,False,139649,0.03182,227.85698429634297
get-string,256,1x,2,0,True,139649,0.0313238,224.30379021690095
get-string,256,1x,2,1,True,139649,0.0303658,217.44373393293185
get-string,256,1x,2,2,False,139649,0.029953,214.48775143395227
get-string,256,1x,2,3,False,139649,0.0303376,217.2417990819841
get-string,256,1x,2,4,False,139649,0.0304378,217.95931227577714
get-string,256,2-stackless,2,0,True,139649,0.020432542,146.31355756217374
get-string,256,2-stackless,2,1,True,139649,0.020874958,149.48161461951034
get-string,256,2-stackless,2,2,False,139649,0.020807917000000002,149.00154673502857
get-string,256,2-stackless,2,3,False,139649,0.020780667000000003,148.80641465388226
get-string,256,2-stackless,2,4,False,139649,0.020298083999999994,145.35072932853078
update-int,0,1x,0,0,True,4814405,0.0249468,5.181699503884696
update-int,0,1x,0,1,True,4814405,0.0250375,5.200538799706298
update-int,0,1x,0,2,False,4814405,0.0249956,5.191835751250673
update-int,0,1x,0,3,False,4814405,0.0249146,5.1750112423030465
update-int,0,1x,0,4,False,4814405,0.0249312,5.178459228087375
update-int,0,2-stackless,0,0,True,4814405,0.020526416000000002,4.263541600675474
update-int,0,2-stackless,0,1,True,4814405,0.020807625,4.321951518411932
update-int,0,2-stackless,0,2,False,4814405,0.020615708000000003,4.282088440835369
update-int,0,2-stackless,0,3,False,4814405,0.020695291000000005,4.2986186247314055
update-int,0,2-stackless,0,4,False,4814405,0.020531500000000008,4.264597598249422
update-int,0,1x,1,0,True,4814405,0.0243343,5.054477136842455
update-int,0,1x,1,1,True,4814405,0.0240633,4.998187730363357
update-int,0,1x,1,2,False,4814405,0.0242475,5.0364479099701835
update-int,0,1x,1,3,False,4814405,0.0250001,5.192770446192209
update-int,0,1x,1,4,False,4814405,0.0254751,5.291432690020885
update-int,0,2-stackless,1,0,True,4814405,0.020933625,4.348122976774908
update-int,0,2-stackless,1,1,True,4814405,0.020774667000000004,4.315105812660132
update-int,0,2-stackless,1,2,False,4814405,0.021090541999999997,4.380716204806201
update-int,0,2-stackless,1,3,False,4814405,0.021185458000000004,4.400431205933029
update-int,0,2-stackless,1,4,False,4814405,0.021075459000000005,4.377583315072164
update-int,0,2-stackless,2,0,True,4814405,0.020726292,4.305057842038632
update-int,0,2-stackless,2,1,True,4814405,0.020863124999999996,4.3334794226908615
update-int,0,2-stackless,2,2,False,4814405,0.020788374999999998,4.317953101162033
update-int,0,2-stackless,2,3,False,4814405,0.020867249999999997,4.3343362263872685
update-int,0,2-stackless,2,4,False,4814405,0.020771874999999995,4.314525886376405
update-int,0,1x,2,0,True,4814405,0.0247702,5.1450179201791295
update-int,0,1x,2,1,True,4814405,0.024651,5.120258889727807
update-int,0,1x,2,2,False,4814405,0.0249186,5.175842082251077
update-int,0,1x,2,3,False,4814405,0.0249378,5.179830114001627
update-int,0,1x,2,4,False,4814405,0.0249754,5.187640009513117
get-seq,256,1x,0,0,True,142181,0.037122,261.0897377286698
get-seq,256,1x,0,1,True,142181,0.0355487,250.0242648455138
get-seq,256,1x,0,2,False,142181,0.0355147,249.785133034653
get-seq,256,1x,0,3,False,142181,0.0363367,255.56649622664068
get-seq,256,1x,0,4,False,142181,0.0363691,255.79437477581394
get-seq,256,2-stackless,0,0,True,142181,0.020643042,145.1884710334011
get-seq,256,2-stackless,0,1,True,142181,0.020733709,145.82615820679274
get-seq,256,2-stackless,0,2,False,142181,0.020860042000000002,146.7146946497774
get-seq,256,2-stackless,0,3,False,142181,0.021232917000000004,149.3372321196222
get-seq,256,2-stackless,0,4,False,142181,0.021156667000000004,148.80094386732407
get-seq,256,2-stackless,1,0,True,142181,0.021463625,150.95986805550672
get-seq,256,2-stackless,1,1,True,142181,0.021619500000000003,152.05618190897522
get-seq,256,2-stackless,1,2,False,142181,0.021518334,151.3446522390474
get-seq,256,2-stackless,1,3,False,142181,0.021261291,149.53679464907407
get-seq,256,2-stackless,1,4,False,142181,0.02077975,146.14997784514105
get-seq,256,1x,1,0,True,142181,0.0364098,256.08062961999144
get-seq,256,1x,1,1,True,142181,0.036117,254.02128273116662
get-seq,256,1x,1,2,False,142181,0.0371867,261.5447914981608
get-seq,256,1x,1,3,False,142181,0.0369555,259.91869518430735
get-seq,256,1x,1,4,False,142181,0.0361893,254.52978949367355
get-seq,256,1x,2,0,True,142181,0.0383365,269.6316666783888
get-seq,256,1x,2,1,True,142181,0.0355664,250.14875405293253
get-seq,256,1x,2,2,False,142181,0.0362036,254.6303655200062
get-seq,256,1x,2,3,False,142181,0.0358413,252.08220507662767
get-seq,256,1x,2,4,False,142181,0.0361613,254.33285741414113
get-seq,256,2-stackless,2,0,True,142181,0.020986083000000003,147.60117737250408
get-seq,256,2-stackless,2,1,True,142181,0.021188458999999996,149.02454617705598
get-seq,256,2-stackless,2,2,False,142181,0.021235499999999997,149.355399103959
get-seq,256,2-stackless,2,3,False,142181,0.021701458000000007,152.63261617234375
get-seq,256,2-stackless,2,4,False,142181,0.021159250000000004,148.81911085166092
update-string,8,2-stackless,0,0,True,1540441,0.021875250000000002,14.200641244942197
update-string,8,2-stackless,0,1,True,1540441,0.021811875,14.159500428773319
update-string,8,2-stackless,0,2,False,1540441,0.021811709,14.159392667424457
update-string,8,2-stackless,0,3,False,1540441,0.022150832999999995,14.379540014839904
update-string,8,2-stackless,0,4,False,1540441,0.02193724999999999,14.240889459576831
update-string,8,1x,0,0,True,1540441,0.0450891,29.270254427141317
update-string,8,1x,0,1,True,1540441,0.0445195,28.900490184304363
update-string,8,1x,0,2,False,1540441,0.0448976,29.145939377100454
update-string,8,1x,0,3,False,1540441,0.0443055,28.76156892733964
update-string,8,1x,0,4,False,1540441,0.0449218,29.161649164103007
update-string,8,1x,1,0,True,1540441,0.0443489,28.789742677583888
update-string,8,1x,1,1,True,1540441,0.0440617,28.6033025607602
update-string,8,1x,1,2,False,1540441,0.0441919,28.687823811492944
update-string,8,1x,1,3,False,1540441,0.0439764,28.54792880739996
update-string,8,1x,1,4,False,1540441,0.0440729,28.61057320598452
update-string,8,2-stackless,1,0,True,1540441,0.021531416,13.97743633154402
update-string,8,2-stackless,1,1,True,1540441,0.021526583,13.974298918296773
update-string,8,2-stackless,1,2,False,1540441,0.021306417000000008,13.831374911470162
update-string,8,2-stackless,1,3,False,1540441,0.021484708000000005,13.94711514429959
update-string,8,2-stackless,1,4,False,1540441,0.02147275,13.939352432193118
update-string,8,1x,2,0,True,1540441,0.0455454,29.56646830355723
update-string,8,1x,2,1,True,1540441,0.04585,29.764203887068703
update-string,8,1x,2,2,False,1540441,0.0450452,29.241756094520984
update-string,8,1x,2,3,False,1540441,0.0455414,29.56387164454854
update-string,8,1x,2,4,False,1540441,0.0452843,29.39697138676522
update-string,8,2-stackless,2,0,True,1540441,0.022387125,14.532932452460042
update-string,8,2-stackless,2,1,True,1540441,0.021801624999999998,14.152846490063558
update-string,8,2-stackless,2,2,False,1540441,0.022420125,14.554354889281706
update-string,8,2-stackless,2,3,False,1540441,0.021906583000000007,14.220981524121994
update-string,8,2-stackless,2,4,False,1540441,0.021764084000000003,14.128476196102287
assign-int,0,2-stackless,0,0,True,4838632,0.020595708,4.256514651248534
assign-int,0,2-stackless,0,1,True,4838632,0.020668541000000002,4.271567046222983
assign-int,0,2-stackless,0,2,False,4838632,0.020693959000000005,4.276820183886686
assign-int,0,2-stackless,0,3,False,4838632,0.020583208000000006,4.253931276443426
assign-int,0,2-stackless,0,4,False,4838632,0.02063779099999999,4.265211944202409
assign-int,0,1x,0,0,True,4838632,0.0256825,5.307801874579426
assign-int,0,1x,0,1,True,4838632,0.0250192,5.170717673921058
assign-int,0,1x,0,2,False,4838632,0.025593,5.289304910974837
assign-int,0,1x,0,3,False,4838632,0.0250802,5.183324542969997
assign-int,0,1x,0,4,False,4838632,0.0248865,5.1432925669900085
assign-int,0,1x,1,0,True,4838632,0.0246431,5.092989092784903
assign-int,0,1x,1,1,True,4838632,0.0245585,5.075504812103917
assign-int,0,1x,1,2,False,4838632,0.0247248,5.1098740305111034
assign-int,0,1x,1,3,False,4838632,0.0250795,5.183179873980911
assign-int,0,1x,1,4,False,4838632,0.0253513,5.239352775743226
assign-int,0,2-stackless,1,0,True,4838632,0.021282416,4.398436582901944
assign-int,0,2-stackless,1,1,True,4838632,0.021336667000000004,4.409648636226108
assign-int,0,2-stackless,1,2,False,4838632,0.020879166999999997,4.3150971183590725
assign-int,0,2-stackless,1,3,False,4838632,0.021068749999999997,4.3542782340132495
assign-int,0,2-stackless,1,4,False,4838632,0.020646542000000004,4.267020513235973
assign-int,0,2-stackless,2,0,True,4838632,0.020644875,4.266675994371963
assign-int,0,2-stackless,2,1,True,4838632,0.02077475,4.293517258597058
assign-int,0,2-stackless,2,2,False,4838632,0.020805167000000006,4.299803539512823
assign-int,0,2-stackless,2,3,False,4838632,0.020597583999999995,4.256902364139285
assign-int,0,2-stackless,2,4,False,4838632,0.020624125000000007,4.2623875921954815
assign-int,0,1x,2,0,True,4838632,0.024557,5.075194807127303
assign-int,0,1x,2,1,True,4838632,0.0243524,5.03291012831726
assign-int,0,1x,2,2,False,4838632,0.024804,5.126242293276281
assign-int,0,1x,2,3,False,4838632,0.0245211,5.0677753546870274
assign-int,0,1x,2,4,False,4838632,0.024476,5.0584545383901895
get-string,0,2-stackless,0,0,True,4003363,0.020846459,5.207236765689247
get-string,0,2-stackless,0,1,True,4003363,0.020875958,5.214605320576725
get-string,0,2-stackless,0,2,False,4003363,0.020851457999999996,5.20848546584459
get-string,0,2-stackless,0,3,False,4003363,0.021025791999999988,5.252032353798541
get-string,0,2-stackless,0,4,False,4003363,0.020856625000000004,5.2097761307181
get-string,0,1x,0,0,True,4003363,0.0419718,10.484135463109391
get-string,0,1x,0,1,True,4003363,0.0416066,10.392912159102234
get-string,0,1x,0,2,False,4003363,0.0415375,10.375651670857726
get-string,0,1x,0,3,False,4003363,0.0414525,10.354419521787058
get-string,0,1x,0,4,False,4003363,0.0414948,10.364985638324578
get-string,0,2-stackless,1,0,True,4003363,0.021169417,5.2879084409782475
get-string,0,2-stackless,1,1,True,4003363,0.021207417000000003,5.297400460562783
get-string,0,2-stackless,1,2,False,4003363,0.021157000000000002,5.2848067986840075
get-string,0,2-stackless,1,3,False,4003363,0.021136208000000004,5.279613165231333
get-string,0,2-stackless,1,4,False,4003363,0.021239542,5.305424963961549
get-string,0,1x,1,0,True,4003363,0.040166,10.033064700852758
get-string,0,1x,1,1,True,4003363,0.040236,10.050550000087426
get-string,0,1x,1,2,False,4003363,0.0405838,10.137426958284822
get-string,0,1x,1,3,False,4003363,0.040517,10.120740987015166
get-string,0,1x,1,4,False,4003363,0.0405764,10.13557851236573
get-string,0,1x,2,0,True,4003363,0.040295,10.065287609442361
get-string,0,1x,2,1,True,4003363,0.0405217,10.12191499996378
get-string,0,1x,2,2,False,4003363,0.0401399,10.026545182138117
get-string,0,1x,2,3,False,4003363,0.0402058,10.043006342417613
get-string,0,1x,2,4,False,4003363,0.0403179,10.071007800191989
get-string,0,2-stackless,2,0,True,4003363,0.020829542,5.203011068444206
get-string,0,2-stackless,2,1,True,4003363,0.020846792000000003,5.207319945755607
get-string,0,2-stackless,2,2,False,4003363,0.020906665999999997,5.222275871560984
get-string,0,2-stackless,2,3,False,4003363,0.021105042000000004,5.27182821043208
get-string,0,2-stackless,2,4,False,4003363,0.020977125,5.239875824400635
add-float,256,2-stackless,0,0,True,94697,0.019588958,206.8593302850143
add-float,256,2-stackless,0,1,True,94697,0.019677832999999995,207.79784998468796
add-float,256,2-stackless,0,2,False,94697,0.019442,205.30745430161463
add-float,256,2-stackless,0,3,False,94697,0.019838667000000004,209.49625648119797
add-float,256,2-stackless,0,4,False,94697,0.019320375,204.0230947126097
add-float,256,1x,0,0,True,94697,0.0460215,485.986884484197
add-float,256,1x,0,1,True,94697,0.0685063,723.4262965035851
add-float,256,1x,0,2,False,94697,0.0565332,596.9904009630717
add-float,256,1x,0,3,False,94697,0.063059,665.9028269110954
add-float,256,1x,0,4,False,94697,0.0491035,518.5327940695059
add-float,256,1x,1,0,True,94697,0.0700827,740.0730751766159
add-float,256,1x,1,1,True,94697,0.0710464,750.249743920082
add-float,256,1x,1,2,False,94697,0.0690419,729.0822306936861
add-float,256,1x,1,3,False,94697,0.0632558,667.981034246069
add-float,256,1x,1,4,False,94697,0.0595223,628.5552868623082
add-float,256,2-stackless,1,0,True,94697,0.019367834,204.5242615922363
add-float,256,2-stackless,1,1,True,94697,0.019429000000000002,205.1701743455442
add-float,256,2-stackless,1,2,False,94697,0.019514417,206.0721775769032
add-float,256,2-stackless,1,3,False,94697,0.019628749999999993,207.27953367054914
add-float,256,2-stackless,1,4,False,94697,0.019445541999999996,205.34485780964548
add-float,256,2-stackless,2,0,True,94697,0.01926425,203.43041490226724
add-float,256,2-stackless,2,1,True,94697,0.019320625,204.0257347117649
add-float,256,2-stackless,2,2,False,94697,0.019656209,207.56950061775981
add-float,256,2-stackless,2,3,False,94697,0.019533207999999996,206.27061047340462
add-float,256,2-stackless,2,4,False,94697,0.019449999999999995,205.391934274581
add-float,256,1x,2,0,True,94697,0.0197219,208.26319735577684
add-float,256,1x,2,1,True,94697,0.0194524,205.41727826647096
add-float,256,1x,2,2,False,94697,0.0197205,208.24841336050773
add-float,256,1x,2,3,False,94697,0.019885,209.9855328046295
add-float,256,1x,2,4,False,94697,0.0200374,211.5948762896396
const-string,64,1x,0,0,True,464487,0.0295847,63.69327882158166
const-string,64,1x,0,1,True,464487,0.029296,63.07173290102845
const-string,64,1x,0,2,False,464487,0.0293477,63.183038491927654
const-string,64,1x,0,3,False,464487,0.029304,63.08895620329525
const-string,64,1x,0,4,False,464487,0.0292694,63.01446542099133
const-string,64,2-stackless,0,0,True,464487,0.020200292,43.48946687420746
const-string,64,2-stackless,0,1,True,464487,0.0204495,44.0259899631206
const-string,64,2-stackless,0,2,False,464487,0.020448708000000003,44.024284856196196
const-string,64,2-stackless,0,3,False,464487,0.020358290999999994,43.829624941064
const-string,64,2-stackless,0,4,False,464487,0.02046474999999999,44.05882188306667
const-string,64,1x,1,0,True,464487,0.0298227,64.20567206401901
const-string,64,1x,1,1,True,464487,0.0294177,63.33374238676217
const-string,64,1x,1,2,False,464487,0.0290181,62.47343843853542
const-string,64,1x,1,3,False,464487,0.02927,63.01575716866134
const-string,64,1x,1,4,False,464487,0.0298119,64.18242060595882
const-string,64,2-stackless,1,0,True,464487,0.02052575,44.19014956285106
const-string,64,2-stackless,1,1,True,464487,0.020435667,43.99620872058852
const-string,64,2-stackless,1,2,False,464487,0.020422667,43.96822085440497
const-string,64,2-stackless,1,3,False,464487,0.020808667000000003,44.799245188778166
const-string,64,2-stackless,1,4,False,464487,0.019952582999999996,42.95617100155655
const-string,64,2-stackless,2,0,True,464487,0.019939458,42.927914021275086
const-string,64,2-stackless,2,1,True,464487,0.020481874999999997,44.09569051448156
const-string,64,2-stackless,2,2,False,464487,0.020567499999999996,44.28003367155593
const-string,64,2-stackless,2,3,False,464487,0.020647417,44.45208800246293
const-string,64,2-stackless,2,4,False,464487,0.021078249999999993,45.37963387565205
const-string,64,1x,2,0,True,464487,0.0295203,63.554631238333904
const-string,64,1x,2,1,True,464487,0.0292566,62.986908137364445
const-string,64,1x,2,2,False,464487,0.0290962,62.64158092691507
const-string,64,1x,2,3,False,464487,0.0298098,64.1778994891138
const-string,64,1x,2,4,False,464487,0.0294985,63.50769773965687
const-seq,0,1x,0,0,True,3644647,0.160108,43.92963159395135
const-seq,0,1x,0,1,True,3644647,0.158104,43.379784105291954
const-seq,0,1x,0,2,False,3644647,0.158195,43.40475222977699
const-seq,0,1x,0,3,False,3644647,0.157081,43.0990984860811
const-seq,0,1x,0,4,False,3644647,0.157694,43.26729035761213
const-seq,0,2-stackless,0,0,True,3644647,0.017485208,4.797503846051483
const-seq,0,2-stackless,0,1,True,3644647,0.017483083,4.796920799188508
const-seq,0,2-stackless,0,2,False,3644647,0.017548833000000007,4.814960955066432
const-seq,0,2-stackless,0,3,False,3644647,0.017591208000000004,4.826587595451632
const-seq,0,2-stackless,0,4,False,3644647,0.017554541999999992,4.816527361909121
const-seq,0,1x,1,0,True,3644647,0.157708,43.27113160753291
const-seq,0,1x,1,1,True,3644647,0.157226,43.138882860260544
const-seq,0,1x,1,2,False,3644647,0.158276,43.42697660431861
const-seq,0,1x,1,3,False,3644647,0.158344,43.4456341039338
const-seq,0,1x,1,4,False,3644647,0.162259,44.51981220677887
const-seq,0,2-stackless,1,0,True,3644647,0.017820584,4.889522634153596
const-seq,0,2-stackless,1,1,True,3644647,0.017772792,4.8764097044240495
const-seq,0,2-stackless,1,2,False,3644647,0.017370708,4.766087909199437
const-seq,0,2-stackless,1,3,False,3644647,0.017383042,4.769472050379639
const-seq,0,2-stackless,1,4,False,3644647,0.017625375,4.835962165883281
const-seq,0,1x,2,0,True,3644647,0.160581,44.05941096627465
const-seq,0,1x,2,1,True,3644647,0.158104,43.379784105291954
const-seq,0,1x,2,2,False,3644647,0.157792,43.29417910705756
const-seq,0,1x,2,3,False,3644647,0.157301,43.159460984836116
const-seq,0,1x,2,4,False,3644647,0.158827,43.57815722620051
const-seq,0,2-stackless,2,0,True,3644647,0.018095084,4.964838570100205
const-seq,0,2-stackless,2,1,True,3644647,0.018264582999999997,5.011344857266011
const-seq,0,2-stackless,2,2,False,3644647,0.017685583999999997,4.852482009917558
const-seq,0,2-stackless,2,3,False,3644647,0.017583249999999995,4.8244041192466645
const-seq,0,2-stackless,2,4,False,3644647,0.01773649999999999,4.866452087129423
take-seq,64,2-stackless,0,0,True,114984,0.019938083,173.39875982745426
take-seq,64,2-stackless,0,1,True,114984,0.019990083000000002,173.85099666040495
take-seq,64,2-stackless,0,2,False,114984,0.019939500000000006,173.41108328115223
take-seq,64,2-stackless,0,3,False,114984,0.020250541999999996,176.11617268489525
take-seq,64,2-stackless,0,4,False,114984,0.020073624999999998,174.57754991998883
take-seq,64,1x,0,0,True,114984,0.020285,176.41584916162248
take-seq,64,1x,0,1,True,114984,0.020482,178.12913100953176
take-seq,64,1x,0,2,False,114984,0.0202751,176.32975022611842
take-seq,64,1x,0,3,False,114984,0.0202281,175.9209977040284
take-seq,64,1x,0,4,False,114984,0.0204603,177.94040910039658
take-seq,64,1x,1,0,True,114984,0.0209055,181.8122521394281
take-seq,64,1x,1,1,True,114984,0.0204376,177.74299032908925
take-seq,64,1x,1,2,False,114984,0.0205622,178.82661935573645
take-seq,64,1x,1,3,False,114984,0.0207489,180.4503235232728
take-seq,64,1x,1,4,False,114984,0.020712,180.12940930912126
take-seq,64,2-stackless,1,0,True,114984,0.020490959,178.20704619773187
take-seq,64,2-stackless,1,1,True,114984,0.020577792,178.96222083072428
take-seq,64,2-stackless,1,2,False,114984,0.020636,179.4684477840395
take-seq,64,2-stackless,1,3,False,114984,0.020628208999999995,179.40069053085642
take-seq,64,2-stackless,1,4,False,114984,0.020655500000000007,179.6380365963961
take-seq,64,2-stackless,2,0,True,114984,0.020587959,179.0506418284283
take-seq,64,2-stackless,2,1,True,114984,0.020484916000000002,178.1544910596257
take-seq,64,2-stackless,2,2,False,114984,0.020891082999999998,181.68686947749248
take-seq,64,2-stackless,2,3,False,114984,0.020748541999999995,180.44721004661514
take-seq,64,2-stackless,2,4,False,114984,0.020429332999999994,177.67109336951222
take-seq,64,1x,2,0,True,114984,0.0238683,207.5793153830098
take-seq,64,1x,2,1,True,114984,0.0231466,201.30278995338483
take-seq,64,1x,2,2,False,114984,0.023278,202.44555764280247
take-seq,64,1x,2,3,False,114984,0.023354,203.10651916788422
take-seq,64,1x,2,4,False,114984,0.0230158,200.16524038127045
update-table,8,1x,0,0,True,1544402,0.242301,156.88985121749388
update-table,8,1x,0,1,True,1544402,0.247239,160.08720527427445
update-table,8,1x,0,2,False,1544402,0.239817,155.28146169196881
update-table,8,1x,0,3,False,1544402,0.242136,156.78301374901093
update-table,8,1x,0,4,False,1544402,0.24466,158.41730326689554
update-table,8,2-stackless,0,0,True,1544402,0.021859125,14.153779262135117
update-table,8,2-stackless,0,1,True,1544402,0.021852542000000003,14.149516770892555
update-table,8,2-stackless,0,2,False,1544402,0.022273917000000004,14.422357002904686
update-table,8,2-stackless,0,3,False,1544402,0.022240042,14.400422946875231
update-table,8,2-stackless,0,4,False,1544402,0.021878499999999995,14.166324570934249
update-table,8,1x,1,0,True,1544402,0.243373,157.58397101272854
update-table,8,1x,1,1,True,1544402,0.237143,153.55004720273607
update-table,8,1x,1,2,False,1544402,0.252781,163.67564921568345
update-table,8,1x,1,3,False,1544402,0.2443,158.18420333566002
update-table,8,1x,1,4,False,1544402,0.241333,156.26307140239393
update-table,8,2-stackless,1,0,True,1544402,0.022217209,14.385638583736618
update-table,8,2-stackless,1,1,True,1544402,0.021901125,14.180974254112595
update-table,8,2-stackless,1,2,False,1544402,0.022417208,14.51513789803432
update-table,8,2-stackless,1,3,False,1544402,0.022328333000000006,14.457591352510557
update-table,8,2-stackless,1,4,False,1544402,0.022332124999999994,14.460046671786227
update-table,8,1x,2,0,True,1544402,0.236004,152.81254492029925
update-table,8,1x,2,1,True,1544402,0.250862,162.43309708223634
update-table,8,1x,2,2,False,1544402,0.2525,163.49370176935798
update-table,8,1x,2,3,False,1544402,0.249906,161.81408726484426
update-table,8,1x,2,4,False,1544402,0.247065,159.9745403075106
update-table,8,2-stackless,2,0,True,1544402,0.022389334,14.4970894883586
update-table,8,2-stackless,2,1,True,1544402,0.022611708,14.6410766108824
update-table,8,2-stackless,2,2,False,1544402,0.022691124999999993,14.692499103212759
update-table,8,2-stackless,2,3,False,1544402,0.022734916999999993,14.720854414847944
update-table,8,2-stackless,2,4,False,1544402,0.022800917000000004,14.763589402241129
update-int,256,1x,0,0,True,92984,0.0351593,378.1220425019358
update-int,256,1x,0,1,True,92984,0.0358218,385.24692420201325
update-int,256,1x,0,2,False,92984,0.0376631,405.0492557859417
update-int,256,1x,0,3,False,92984,0.0359595,386.72782414178783
update-int,256,1x,0,4,False,92984,0.0345363,371.4219650692592
update-int,256,2-stackless,0,0,True,92984,0.020049875,215.62715090768305
update-int,256,2-stackless,0,1,True,92984,0.020046374999999998,215.5895100232298
update-int,256,2-stackless,0,2,False,92984,0.019593707999999994,210.72128538243132
update-int,256,2-stackless,0,3,False,92984,0.019795165999999996,212.88787318248296
update-int,256,2-stackless,0,4,False,92984,0.019747292,212.3730104103932
update-int,256,2-stackless,1,0,True,92984,0.020081375,215.96591886776218
update-int,256,2-stackless,1,1,True,92984,0.020080458,215.95605695603544
update-int,256,2-stackless,1,2,False,92984,0.020115624999999998,216.33426180848315
update-int,256,2-stackless,1,3,False,92984,0.02007925,215.94306547362987
update-int,256,2-stackless,1,4,False,92984,0.020030666000000003,215.4205669792653
update-int,256,1x,1,0,True,92984,0.03586,385.65774756947434
update-int,256,1x,1,1,True,92984,0.0354018,380.73001806762454
update-int,256,1x,1,2,False,92984,0.0353726,380.41598554590036
update-int,256,1x,1,3,False,92984,0.0354338,381.0741632969113
update-int,256,1x,1,4,False,92984,0.0358263,385.2953196248817
update-int,256,1x,2,0,True,92984,0.0352261,378.84044566807194
update-int,256,1x,2,1,True,92984,0.0349501,375.87219306547365
update-int,256,1x,2,2,False,92984,0.0344572,370.571281080616
update-int,256,1x,2,3,False,92984,0.0344765,370.7788436720296
update-int,256,1x,2,4,False,92984,0.0342455,368.2945452981158
update-int,256,2-stackless,2,0,True,92984,0.019261083000000002,207.14405704207175
update-int,256,2-stackless,2,1,True,92984,0.019295084,207.50972210272735
update-int,256,2-stackless,2,2,False,92984,0.019423292,208.88853996386476
update-int,256,2-stackless,2,3,False,92984,0.019279499999999998,207.34212337606465
update-int,256,2-stackless,2,4,False,92984,0.019303374999999998,207.59888798072782
update-seq,64,1x,0,0,True,320513,0.0674963,210.58833807053068
update-seq,64,1x,0,1,True,320513,0.0674683,210.50097811945224
update-seq,64,1x,0,2,False,320513,0.0671059,209.37029075263715
update-seq,64,1x,0,3,False,320513,0.0673285,210.06480236371067
update-seq,64,1x,0,4,False,320513,0.0674921,210.5752340778689
update-seq,64,2-stackless,0,0,True,320513,0.020132083,62.81206378524428
update-seq,64,2-stackless,0,1,True,320513,0.020230916,63.120422572563356
update-seq,64,2-stackless,0,2,False,320513,0.020216417,63.075185717896
update-seq,64,2-stackless,0,3,False,320513,0.020227125,63.10859465918699
update-seq,64,2-stackless,0,4,False,320513,0.020086167000000002,62.668805945468684
update-seq,64,1x,1,0,True,320513,0.0676742,211.14338575970396
update-seq,64,1x,1,1,True,320513,0.068137,212.58732095110028
update-seq,64,1x,1,2,False,320513,0.0688285,214.74479974291214
update-seq,64,1x,1,3,False,320513,0.0678242,211.61138549762413
update-seq,64,1x,1,4,False,320513,0.0680825,212.4172810463226
update-seq,64,2-stackless,1,0,True,320513,0.019843208,61.9107742899664
update-seq,64,2-stackless,1,1,True,320513,0.020278208,63.26797352993482
update-seq,64,2-stackless,1,2,False,320513,0.019785083000000002,61.72942439152235
update-seq,64,2-stackless,1,3,False,320513,0.019671791000000008,61.37595354946603
update-seq,64,2-stackless,1,4,False,320513,0.019821624999999995,61.843435367676186
update-seq,64,1x,2,0,True,320513,0.06761,210.94308187187414
update-seq,64,1x,2,1,True,320513,0.0670781,209.2835548012093
update-seq,64,1x,2,2,False,320513,0.0678681,211.7483534209221
update-seq,64,1x,2,3,False,320513,0.0680121,212.19763316932543
update-seq,64,1x,2,4,False,320513,0.0685598,213.9064562123845
update-seq,64,2-stackless,2,0,True,320513,0.02071525,64.63154380633547
update-seq,64,2-stackless,2,1,True,320513,0.020535666999999997,64.0712451601027
update-seq,64,2-stackless,2,2,False,320513,0.020825749999999997,64.97630361326996
update-seq,64,2-stackless,2,3,False,320513,0.02124120799999999,66.27253184738213
update-seq,64,2-stackless,2,4,False,320513,0.021422582999999995,66.83842153048393
assign-table,8,2-stackless,0,0,True,398380,0.017161542000000002,43.07832220492997
assign-table,8,2-stackless,0,1,True,398380,0.018117625,45.47824941011095
assign-table,8,2-stackless,0,2,False,398380,0.018516458,46.47938651538732
assign-table,8,2-stackless,0,3,False,398380,0.016212166999999993,40.695233194437456
assign-table,8,2-stackless,0,4,False,398380,0.015833249999999993,39.74408855866257
assign-table,8,1x,0,0,True,398380,0.257045,645.2256639389528
assign-table,8,1x,0,1,True,398380,0.252599,634.0654651337919
assign-table,8,1x,0,2,False,398380,0.244617,614.0293187409006
assign-table,8,1x,0,3,False,398380,0.252805,634.58255936543
assign-table,8,1x,0,4,False,398380,0.249078,625.2271700386566
assign-table,8,1x,1,0,True,398380,0.252845,634.68296601235
assign-table,8,1x,1,1,True,398380,0.248049,622.6442090466389
assign-table,8,1x,1,2,False,398380,0.251085,630.2650735478688
assign-table,8,1x,1,3,False,398380,0.248302,623.2792810884081
assign-table,8,1x,1,4,False,398380,0.258407,648.6445102665797
assign-table,8,2-stackless,1,0,True,398380,0.017614833,44.2161579396556
assign-table,8,2-stackless,1,1,True,398380,0.016956541999999998,42.563738139464824
assign-table,8,2-stackless,1,2,False,398380,0.015458040999999999,38.802251619057174
assign-table,8,2-stackless,1,3,False,398380,0.014747791000000003,37.019406094683475
assign-table,8,2-stackless,1,4,False,398380,0.01484479100000001,37.26289221346455
assign-table,8,2-stackless,2,0,True,398380,0.014708042,36.91962949947286
assign-table,8,2-stackless,2,1,True,398380,0.015723834,39.469436216677536
assign-table,8,2-stackless,2,2,False,398380,0.015277292000000001,38.34854159345349
assign-table,8,2-stackless,2,3,False,398380,0.015881417000000002,39.86499573271751
assign-table,8,2-stackless,2,4,False,398380,0.016756707999999995,42.06212159244941
assign-table,8,1x,2,0,True,398380,0.252306,633.3299864451026
assign-table,8,1x,2,1,True,398380,0.248878,624.7251368040564
assign-table,8,1x,2,2,False,398380,0.250568,628.9673176364275
assign-table,8,1x,2,3,False,398380,0.245901,617.2523721070335
assign-table,8,1x,2,4,False,398380,0.246225,618.0656659470857
make-seq,64,1x,0,0,True,98331,0.0208997,212.54436545951938
make-seq,64,1x,0,1,True,98331,0.0209255,212.80674456682024
make-seq,64,1x,0,2,False,98331,0.0208337,211.87316309200557
make-seq,64,1x,0,3,False,98331,0.0209851,213.41286064415087
make-seq,64,1x,0,4,False,98331,0.0209597,213.15454942998647
make-seq,64,2-stackless,0,0,True,98331,0.054566042,554.9220693372386
make-seq,64,2-stackless,0,1,True,98331,0.053991832999999996,549.0825172122727
make-seq,64,2-stackless,0,2,False,98331,0.05178650000000001,526.6548697765711
make-seq,64,2-stackless,0,3,False,98331,0.05408179200000002,549.9973762089271
make-seq,64,2-stackless,0,4,False,98331,0.05452945800000003,554.5500198309793
make-seq,64,1x,1,0,True,98331,0.0201018,204.42993562559113
make-seq,64,1x,1,1,True,98331,0.0201375,204.79299508801904
make-seq,64,1x,1,2,False,98331,0.0205639,209.12936917147186
make-seq,64,1x,1,3,False,98331,0.0201207,204.62214357628824
make-seq,64,1x,1,4,False,98331,0.0206203,209.70294210371094
make-seq,64,2-stackless,1,0,True,98331,0.055054417,559.8887126135196
make-seq,64,2-stackless,1,1,True,98331,0.05473729200000001,556.6636360862801
make-seq,64,2-stackless,1,2,False,98331,0.05395183299999999,548.675727898628
make-seq,64,2-stackless,1,3,False,98331,0.054978792,559.11962656741
make-seq,64,2-stackless,1,4,False,98331,0.05439237499999999,553.15592234392
make-seq,64,1x,2,0,True,98331,0.0207175,210.69144013586762
make-seq,64,1x,2,1,True,98331,0.0203367,206.8188058699698
make-seq,64,1x,2,2,False,98331,0.0201717,205.14079995118527
make-seq,64,1x,2,3,False,98331,0.0200106,203.50245599048114
make-seq,64,1x,2,4,False,98331,0.0200378,203.77907272375955
make-seq,64,2-stackless,2,0,True,98331,0.05426775,551.8885193885957
make-seq,64,2-stackless,2,1,True,98331,0.054480375,554.0508588339384
make-seq,64,2-stackless,2,2,False,98331,0.052096583,529.8083310451434
make-seq,64,2-stackless,2,3,False,98331,0.051356457999999994,522.2814575261107
make-seq,64,2-stackless,2,4,False,98331,0.054267958000000005,551.8906346930266
add-float,0,2-stackless,0,0,True,4351800,0.018930791000000002,4.350105933177077
add-float,0,2-stackless,0,1,True,4351800,0.018942999999999998,4.352911438944804
add-float,0,2-stackless,0,2,False,4351800,0.018681709000000005,4.292869387379936
add-float,0,2-stackless,0,3,False,4351800,0.018639124999999993,4.283084011213749
add-float,0,2-stackless,0,4,False,4351800,0.018601915999999996,4.274533756146881
add-float,0,1x,0,0,True,4351800,0.022327,5.130520704076474
add-float,0,1x,0,1,True,4351800,0.02258,5.1886575669837764
add-float,0,1x,0,2,False,4351800,0.022759,5.229789971965624
add-float,0,1x,0,3,False,4351800,0.0226273,5.199526632657751
add-float,0,1x,0,4,False,4351800,0.0226059,5.194609127257687
add-float,0,2-stackless,1,0,True,4351800,0.018779541,4.315350199917275
add-float,0,2-stackless,1,1,True,4351800,0.018834417,4.327960154418861
add-float,0,2-stackless,1,2,False,4351800,0.018707417000000004,4.2987768279792276
add-float,0,2-stackless,1,3,False,4351800,0.018807917,4.3218707201617725
add-float,0,2-stackless,1,4,False,4351800,0.018882416,4.3389898432832394
add-float,0,1x,1,0,True,4351800,0.0223036,5.125143618732478
add-float,0,1x,1,1,True,4351800,0.022104,5.07927754032814
add-float,0,1x,1,2,False,4351800,0.022325,5.130061124132543
add-float,0,1x,1,3,False,4351800,0.0225152,5.173767176800404
add-float,0,1x,1,4,False,4351800,0.0221163,5.0821039569833175
add-float,0,1x,2,0,True,4351800,0.0227809,5.234822372351671
add-float,0,1x,2,1,True,4351800,0.0226426,5.203042419228825
add-float,0,1x,2,2,False,4351800,0.0226917,5.214325106852337
add-float,0,1x,2,3,False,4351800,0.0228696,5.255204742865021
add-float,0,1x,2,4,False,4351800,0.0227757,5.23362746449745
add-float,0,2-stackless,2,0,True,4351800,0.018725458,4.302922468863459
add-float,0,2-stackless,2,1,True,4351800,0.018621207999999997,4.2789668642860414
add-float,0,2-stackless,2,2,False,4351800,0.018679165999999997,4.292285031481225
add-float,0,2-stackless,2,3,False,4351800,0.018712707999999995,4.299992646720896
add-float,0,2-stackless,2,4,False,4351800,0.018830125000000003,4.326973895859186
assign-string,0,1x,0,0,True,3448276,0.035326,10.244539590218416
assign-string,0,1x,0,1,True,3448276,0.0345692,10.025067598997296
assign-string,0,1x,0,2,False,3448276,0.034808,10.094319596227216
assign-string,0,1x,0,3,False,3448276,0.0353173,10.242016590319336
assign-string,0,1x,0,4,False,3448276,0.034782,10.086779596528816
assign-string,0,2-stackless,0,0,True,3448276,0.018077625,5.242511040299559
assign-string,0,2-stackless,0,1,True,3448276,0.018083334000000003,5.2441666502333355
assign-string,0,2-stackless,0,2,False,3448276,0.018097875,5.248383540064658
assign-string,0,2-stackless,0,3,False,3448276,0.018350084000000003,5.321524147139035
assign-string,0,2-stackless,0,4,False,3448276,0.018277625000000006,5.300511037979561
assign-string,0,1x,1,0,True,3448276,0.0349343,10.130946594762136
assign-string,0,1x,1,1,True,3448276,0.0348247,10.099162596033496
assign-string,0,1x,1,2,False,3448276,0.0348807,10.115402595383896
assign-string,0,1x,1,3,False,3448276,0.0347678,10.082661596693535
assign-string,0,1x,1,4,False,3448276,0.0351484,10.193035592278576
assign-string,0,2-stackless,1,0,True,3448276,0.018026542,5.227696970892121
assign-string,0,2-stackless,1,1,True,3448276,0.018257709,5.294735398210584
assign-string,0,2-stackless,1,2,False,3448276,0.018073415999999995,5.241290430348382
assign-string,0,2-stackless,1,3,False,3448276,0.018016291000000004,5.224724181011034
assign-string,0,2-stackless,1,4,False,3448276,0.017995625,5.218731041250758
assign-string,0,1x,2,0,True,3448276,0.0345007,10.005202599791897
assign-string,0,1x,2,1,True,3448276,0.0345105,10.008044599678216
assign-string,0,1x,2,2,False,3448276,0.0348537,10.107572595697096
assign-string,0,1x,2,3,False,3448276,0.0345002,10.005057599797697
assign-string,0,1x,2,4,False,3448276,0.0356473,10.337716586491336
assign-string,0,2-stackless,2,0,True,3448276,0.018250458,5.292632608294696
assign-string,0,2-stackless,2,1,True,3448276,0.017963249999999997,5.2093422916263075
assign-string,0,2-stackless,2,2,False,3448276,0.01795575,5.207167291713309
assign-string,0,2-stackless,2,3,False,3448276,0.017960374999999994,5.208508541659656
assign-string,0,2-stackless,2,4,False,3448276,0.018187334,5.274326649026934
push-shared-seq,256,2-stackless,0,0,True,26089,0.034573625000000004,1325.2184828855072
push-shared-seq,256,2-stackless,0,1,True,26089,0.033686457999999996,1291.2130783088655
push-shared-seq,256,2-stackless,0,2,False,26089,0.033585083,1287.327341024953
push-shared-seq,256,2-stackless,0,3,False,26089,0.033490541999999984,1283.7035532216637
push-shared-seq,256,2-stackless,0,4,False,26089,0.03354275000000001,1285.7047031315885
push-shared-seq,256,1x,0,0,True,26089,0.0219608,841.7647284296063
push-shared-seq,256,1x,0,1,True,26089,0.0215126,824.5850741691901
push-shared-seq,256,1x,0,2,False,26089,0.0216528,829.9589865460539
push-shared-seq,256,1x,0,3,False,26089,0.0213032,816.558702901606
push-shared-seq,256,1x,0,4,False,26089,0.021379,819.4641419755452
push-shared-seq,256,1x,1,0,True,26089,0.0213322,817.6702824945379
push-shared-seq,256,1x,1,1,True,26089,0.0209565,803.2695772164514
push-shared-seq,256,1x,1,2,False,26089,0.0210575,807.1409406263176
push-shared-seq,256,1x,1,3,False,26089,0.0215372,825.5280003066426
push-shared-seq,256,1x,1,4,False,26089,0.0209213,801.9203495726168
push-shared-seq,256,2-stackless,1,0,True,26089,0.033440542000000004,1281.7870366821267
push-shared-seq,256,2-stackless,1,1,True,26089,0.033107958,1269.0389819464142
push-shared-seq,256,2-stackless,1,2,False,26089,0.032887292,1260.5807811721415
push-shared-seq,256,2-stackless,1,3,False,26089,0.032978916999999996,1264.0927977308443
push-shared-seq,256,2-stackless,1,4,False,26089,0.032993667000000004,1264.658170110008
push-shared-seq,256,2-stackless,2,0,True,26089,0.033382959000000004,1279.5798612442027
push-shared-seq,256,2-stackless,2,1,True,26089,0.033049208,1266.7870750124573
push-shared-seq,256,2-stackless,2,2,False,26089,0.03299066699999999,1264.5431791176354
push-shared-seq,256,2-stackless,2,3,False,26089,0.03290929099999999,1261.424010119207
push-shared-seq,256,2-stackless,2,4,False,26089,0.03321337499999999,1273.0796504273828
push-shared-seq,256,1x,2,0,True,26089,0.0201208,771.2369197746176
push-shared-seq,256,1x,2,1,True,26089,0.0194731,746.4103645214458
push-shared-seq,256,1x,2,2,False,26089,0.0197517,757.0891946797501
push-shared-seq,256,1x,2,3,False,26089,0.0197164,755.7361340028365
push-shared-seq,256,1x,2,4,False,26089,0.02021,774.655985281153
update-table,256,1x,0,0,True,95565,0.062021,648.9928321038037
update-table,256,1x,0,1,True,95565,0.0630498,659.7582797049129
update-table,256,1x,0,2,False,95565,0.0615672,644.2442316747763
update-table,256,1x,0,3,False,95565,0.0614536,643.0555119552138
update-table,256,1x,0,4,False,95565,0.0613698,642.1786218803956
update-table,256,2-stackless,0,0,True,95565,0.020161625000000002,210.97289802752059
update-table,256,2-stackless,0,1,True,95565,0.020105916,210.38995448124314
update-table,256,2-stackless,0,2,False,95565,0.020042250000000005,209.7237482341862
update-table,256,2-stackless,0,3,False,95565,0.020096041999999995,210.2866321351959
update-table,256,2-stackless,0,4,False,95565,0.020409916,213.5710354209177
update-table,256,1x,1,0,True,95565,0.0638988,668.6422853555173
update-table,256,1x,1,1,True,95565,0.0642735,672.5631768953068
update-table,256,1x,1,2,False,95565,0.0644787,674.7104065295872
update-table,256,1x,1,3,False,95565,0.0631128,660.4175168733323
update-table,256,1x,1,4,False,95565,0.0635312,664.7956887982001
update-table,256,2-stackless,1,0,True,95565,0.020623708,215.80817244807199
update-table,256,2-stackless,1,1,True,95565,0.020137708,210.72262857740805
update-table,256,2-stackless,1,2,False,95565,0.020012125,209.40851776277927
update-table,256,2-stackless,1,3,False,95565,0.019988624999999996,209.16261183487674
update-table,256,2-stackless,1,4,False,95565,0.019956833999999993,208.82994820279384
update-table,256,1x,2,0,True,95565,0.0620816,649.6269554753309
update-table,256,1x,2,1,True,95565,0.0617232,645.8766284727673
update-table,256,1x,2,2,False,95565,0.0615907,644.4901376026788
update-table,256,1x,2,3,False,95565,0.0622655,651.5513001621932
update-table,256,1x,2,4,False,95565,0.0628682,657.8580024067388
update-table,256,2-stackless,2,0,True,95565,0.02005125,209.81792497253178
update-table,256,2-stackless,2,1,True,95565,0.019997708999999995,209.2576675561136
update-table,256,2-stackless,2,2,False,95565,0.020110333999999994,210.43618479568872
update-table,256,2-stackless,2,3,False,95565,0.02013375,210.68121174070004
update-table,256,2-stackless,2,4,False,95565,0.020312291999999996,212.5494898760006
const-string,8,1x,0,0,True,2170964,0.0345843,15.930388527861355
const-string,8,1x,0,1,True,2170964,0.0352193,16.222885317306044
const-string,8,1x,0,2,False,2170964,0.034638,15.955124083126206
const-string,8,1x,0,3,False,2170964,0.0352662,16.24448862348708
const-string,8,1x,0,4,False,2170964,0.0356501,16.421322509263167
const-string,8,2-stackless,0,0,True,2170964,0.021761292,10.023792195540782
const-string,8,2-stackless,0,1,True,2170964,0.023007875000000004,10.5979993219602
const-string,8,2-stackless,0,2,False,2170964,0.022562708,10.392944332563783
const-string,8,2-stackless,0,3,False,2170964,0.02271904100000001,10.464955199625608
const-string,8,2-stackless,0,4,False,2170964,0.022671042000000002,10.442845666717645
const-string,8,2-stackless,1,0,True,2170964,0.02231125,10.277116525193417
const-string,8,2-stackless,1,1,True,2170964,0.023254665999999997,10.711677393084361
const-string,8,2-stackless,1,2,False,2170964,0.022050167000000002,10.156855203494855
const-string,8,2-stackless,1,3,False,2170964,0.022393041000000002,10.31479149354849
const-string,8,2-stackless,1,4,False,2170964,0.022416375000000002,10.325539714154635
const-string,8,1x,1,0,True,2170964,0.0359563,16.562365843007992
const-string,8,1x,1,1,True,2170964,0.0349548,16.101050040442864
const-string,8,1x,1,2,False,2170964,0.0349842,16.11459241148172
const-string,8,1x,1,3,False,2170964,0.0344305,15.859544423583255
const-string,8,1x,1,4,False,2170964,0.0356631,16.42731063251164
const-string,8,1x,2,0,True,2170964,0.0353763,16.295203421152998
const-string,8,1x,2,1,True,2170964,0.0349031,16.077235734908548
const-string,8,1x,2,2,False,2170964,0.0347325,15.998653132893958
const-string,8,1x,2,3,False,2170964,0.035072,16.15503527465218
const-string,8,1x,2,4,False,2170964,0.0345221,15.901737661241734
const-string,8,2-stackless,2,0,True,2170964,0.021676292,9.984639081993068
const-string,8,2-stackless,2,1,True,2170964,0.021577084000000003,9.93894141035964
const-string,8,2-stackless,2,2,False,2170964,0.021762832999999995,10.024502018458158
const-string,8,2-stackless,2,3,False,2170964,0.02181383399999999,10.047994347211649
const-string,8,2-stackless,2,4,False,2170964,0.021652416999999993,9.97364166333481
add-float,8,2-stackless,0,0,True,1829274,0.020037584,10.953845077336693
add-float,8,2-stackless,0,1,True,1829274,0.020532291,11.224284060233732
add-float,8,2-stackless,0,2,False,1829274,0.020164291,11.02311135455924
add-float,8,2-stackless,0,3,False,1829274,0.020288749999999994,11.091148728949294
add-float,8,2-stackless,0,4,False,1829274,0.02016074999999999,11.02117561393208
add-float,8,1x,0,0,True,1829274,0.0213587,11.676052904048273
add-float,8,1x,0,1,True,1829274,0.02126,11.622097072390467
add-float,8,1x,0,2,False,1829274,0.0213308,11.660800951634364
add-float,8,1x,0,3,False,1829274,0.0212868,11.636747693347196
add-float,8,1x,0,4,False,1829274,0.0213365,11.663916941912474
add-float,8,1x,1,0,True,1829274,0.0219323,11.989619925719165
add-float,8,1x,1,1,True,1829274,0.02119,11.583830525115427
add-float,8,1x,1,2,False,1829274,0.0213609,11.67725556696263
add-float,8,1x,1,3,False,1829274,0.0213608,11.677200900466524
add-float,8,1x,1,4,False,1829274,0.0213516,11.672171582824662
add-float,8,2-stackless,1,0,True,1829274,0.020151833,11.016301002474206
add-float,8,2-stackless,1,1,True,1829274,0.019988666999999998,10.927103867435934
add-float,8,2-stackless,1,2,False,1829274,0.019983666999999997,10.924370542630571
add-float,8,2-stackless,1,3,False,1829274,0.020159625,11.02056061585088
add-float,8,2-stackless,1,4,False,1829274,0.019924208,10.891866390710195
add-float,8,1x,2,0,True,1829274,0.0213584,11.675888904559951
add-float,8,1x,2,1,True,1829274,0.0219974,12.025207814684952
add-float,8,1x,2,2,False,1829274,0.0219038,11.974039974328614
add-float,8,1x,2,3,False,1829274,0.0213638,11.67884089534974
add-float,8,1x,2,4,False,1829274,0.0213541,11.673538245227341
add-float,8,2-stackless,2,0,True,1829274,0.020044834,10.957808398304463
add-float,8,2-stackless,2,1,True,1829274,0.019985957999999998,10.925622952056388
add-float,8,2-stackless,2,2,False,1829274,0.020032499999999995,10.9510658326746
add-float,8,2-stackless,2,3,False,1829274,0.020059208000000002,10.965666160454914
add-float,8,2-stackless,2,4,False,1829274,0.020388625000000007,11.145746891936367
add-int,256,1x,0,0,True,96761,0.0661463,683.6049648102025
add-int,256,1x,0,1,True,96761,0.0624527,645.4325606391004
add-int,256,1x,0,2,False,96761,0.036312,375.2751625138227
add-int,256,1x,0,3,False,96761,0.0331941,343.0524694866733
add-int,256,1x,0,4,False,96761,0.0461818,477.2770020979527
add-int,256,2-stackless,0,0,True,96761,0.01960775,202.64104339558293
add-int,256,2-stackless,0,1,True,96761,0.019739208,203.99962794927708
add-int,256,2-stackless,0,2,False,96761,0.020095834,207.68526575789832
add-int,256,2-stackless,0,3,False,96761,0.019814417,204.7768935831585
add-int,256,2-stackless,0,4,False,96761,0.019666958,203.25294281787083
add-int,256,1x,1,0,True,96761,0.0566027,584.9743181653765
add-int,256,1x,1,1,True,96761,0.0605396,625.6611651388473
add-int,256,1x,1,2,False,96761,0.0270637,279.696365271132
add-int,256,1x,1,3,False,96761,0.0336155,347.4075298932421
add-int,256,1x,1,4,False,96761,0.0421085,435.1804962743254
add-int,256,2-stackless,1,0,True,96761,0.019786667,204.49010448424468
add-int,256,2-stackless,1,1,True,96761,0.019932417000000004,205.99639317493623
add-int,256,2-stackless,1,2,False,96761,0.019777166,204.39191409762196
add-int,256,2-stackless,1,3,False,96761,0.019727124999999998,203.87475325802748
add-int,256,2-stackless,1,4,False,96761,0.01977495800000001,204.36909498661657
add-int,256,2-stackless,2,0,True,96761,0.019766625,204.28297557900393
add-int,256,2-stackless,2,1,True,96761,0.019771833,204.336798916919
add-int,256,2-stackless,2,2,False,96761,0.01995475,206.22719897479357
add-int,256,2-stackless,2,3,False,96761,0.019690374999999996,203.49495147838485
add-int,256,2-stackless,2,4,False,96761,0.019871708000000002,205.36898130445118
add-int,256,1x,2,0,True,96761,0.0413176,427.006748586724
add-int,256,1x,2,1,True,96761,0.040551,419.08413513709036
add-int,256,1x,2,2,False,96761,0.034982,361.5299552505658
add-int,256,1x,2,3,False,96761,0.0430043,444.43835842953257
add-int,256,1x,2,4,False,96761,0.0420652,434.73300193259684
do-int,64,1x,0,0,True,34142,0.0200468,587.1595102805928
do-int,64,1x,0,1,True,34142,0.0204177,598.0229629195712
do-int,64,1x,0,2,False,34142,0.0199655,584.7782789526096
do-int,64,1x,0,3,False,34142,0.020334,595.5714369398395
do-int,64,1x,0,4,False,34142,0.0214345,627.804463710386
do-int,64,2-stackless,0,0,True,34142,0.08802425,2578.1808329916234
do-int,64,2-stackless,0,1,True,34142,0.08796279200000001,2576.380762696972
do-int,64,2-stackless,0,2,False,34142,0.088267291,2585.299367348134
do-int,64,2-stackless,0,3,False,34142,0.089202375,2612.687452404663
do-int,64,2-stackless,0,4,False,34142,0.09028804100000004,2644.485999648528
do-int,64,1x,1,0,True,34142,0.0206437,604.6423759592291
do-int,64,1x,1,1,True,34142,0.0205918,603.122254115166
do-int,64,1x,1,2,False,34142,0.0206964,606.1859293538749
do-int,64,1x,1,3,False,34142,0.0204795,599.8330502020971
do-int,64,1x,1,4,False,34142,0.0201326,589.6725440806046
do-int,64,2-stackless,1,0,True,34142,0.089041208,2607.966961513678
do-int,64,2-stackless,1,1,True,34142,0.089166292,2611.630601605061
do-int,64,2-stackless,1,2,False,34142,0.09096691600000001,2664.369867025951
do-int,64,2-stackless,1,3,False,34142,0.08889508399999996,2603.6870716419644
do-int,64,2-stackless,1,4,False,34142,0.08908337500000002,2609.202009255463
do-int,64,1x,2,0,True,34142,0.020188,591.2951789584675
do-int,64,1x,2,1,True,34142,0.0198952,582.7192314451408
do-int,64,1x,2,2,False,34142,0.0198543,581.5212934215922
do-int,64,1x,2,3,False,34142,0.0196687,576.0851736863686
do-int,64,1x,2,4,False,34142,0.0198851,582.4234081190323
do-int,64,2-stackless,2,0,True,34142,0.089718083,2627.7922500146447
do-int,64,2-stackless,2,1,True,34142,0.08925183399999999,2614.1360787300096
do-int,64,2-stackless,2,2,False,34142,0.08912124999999999,2610.3113467283692
do-int,64,2-stackless,2,3,False,34142,0.08928120900000003,2614.996455977975
do-int,64,2-stackless,2,4,False,34142,0.08846558300000001,2591.107228633355
take-seq,0,2-stackless,0,0,True,4814521,0.020631833,4.285334511989874
take-seq,0,2-stackless,0,1,True,4814521,0.020441625,4.245827362680524
take-seq,0,2-stackless,0,2,False,4814521,0.020370332999999997,4.231019659068886
take-seq,0,2-stackless,0,3,False,4814521,0.020430500000000004,4.24351664475033
take-seq,0,2-stackless,0,4,False,4814521,0.020346167,4.226000260462048
take-seq,0,1x,0,0,True,4814521,0.0252424,5.242972249991224
take-seq,0,1x,0,1,True,4814521,0.0258557,5.370357715751993
take-seq,0,1x,0,2,False,4814521,0.0252404,5.2425568400262454
take-seq,0,1x,0,3,False,4814521,0.0253495,5.2652174536158425
take-seq,0,1x,0,4,False,4814521,0.0253257,5.260274075032594
take-seq,0,2-stackless,1,0,True,4814521,0.020638792000000003,4.286779930963019
take-seq,0,2-stackless,1,1,True,4814521,0.020372208,4.231409105911055
take-seq,0,2-stackless,1,2,False,4814521,0.020418959,4.241119521547419
take-seq,0,2-stackless,1,3,False,4814521,0.020416875000000008,4.2406866643639125
take-seq,0,2-stackless,1,4,False,4814521,0.020659332999999988,4.291046399008331
take-seq,0,1x,1,0,True,4814521,0.0254744,5.291159805928773
take-seq,0,1x,1,1,True,4814521,0.02563,5.323478701204128
take-seq,0,1x,1,2,False,4814521,0.0258084,5.360533270080243
take-seq,0,1x,1,3,False,4814521,0.0261082,5.422803223830575
take-seq,0,1x,1,4,False,4814521,0.0257896,5.356628416409442
take-seq,0,2-stackless,2,0,True,4814521,0.020718375,4.303309716584474
take-seq,0,2-stackless,2,1,True,4814521,0.020775000000000002,4.315071011217938
take-seq,0,2-stackless,2,2,False,4814521,0.020849124999999996,4.330467143044967
take-seq,0,2-stackless,2,3,False,4814521,0.020675666000000002,4.294438844487334
take-seq,0,2-stackless,2,4,False,4814521,0.020749416999999992,4.309757294650909
take-seq,0,1x,2,0,True,4814521,0.0248683,5.165269816041929
take-seq,0,1x,2,1,True,4814521,0.0250067,5.194016185618466
take-seq,0,1x,2,2,False,4814521,0.0244895,5.086591168674931
take-seq,0,1x,2,3,False,4814521,0.024942,5.180577673251399
take-seq,0,1x,2,4,False,4814521,0.0250666,5.2064577140695825
get-table,64,2-stackless,0,0,True,437837,0.020320583,46.41129689816073
get-table,64,2-stackless,0,1,True,437837,0.020419582999999998,46.63740844195442
get-table,64,2-stackless,0,2,False,437837,0.0206125,47.07802218633875
get-table,64,2-stackless,0,3,False,437837,0.020073874999999998,45.84782693102684
get-table,64,2-stackless,0,4,False,437837,0.020371,46.52644705678141
get-table,64,1x,0,0,True,437837,0.0541585,123.6955762075841
get-table,64,1x,0,1,True,437837,0.0571479,130.52323124815857
get-table,64,1x,0,2,False,437837,0.0556259,127.04705175670398
get-table,64,1x,0,3,False,437837,0.0554876,126.73118078188915
get-table,64,1x,0,4,False,437837,0.0520556,118.89264726370773
get-table,64,1x,1,0,True,437837,0.0538705,123.03779717109335
get-table,64,1x,1,1,True,437837,0.0547942,125.14748639333816
get-table,64,1x,1,2,False,437837,0.0555323,126.83327356984448
get-table,64,1x,1,3,False,437837,0.0534382,122.05044342986089
get-table,64,1x,1,4,False,437837,0.0549028,125.39552390501488
get-table,64,2-stackless,1,0,True,437837,0.021000167,47.96343616460007
get-table,64,2-stackless,1,1,True,437837,0.021097125,48.184883872308646
get-table,64,2-stackless,1,2,False,437837,0.020871208000000002,47.66889961332643
get-table,64,2-stackless,1,3,False,437837,0.020814750000000007,47.539952082624374
get-table,64,2-stackless,1,4,False,437837,0.021239042,48.5090159123144
get-table,64,2-stackless,2,0,True,437837,0.020259083,46.270833666410105
get-table,64,2-stackless,2,1,True,437837,0.020050500000000002,45.79443948318667
get-table,64,2-stackless,2,2,False,437837,0.020115291,45.94241921080219
get-table,64,2-stackless,2,3,False,437837,0.020016792000000005,45.7174519284574
get-table,64,2-stackless,2,4,False,437837,0.02042220800000001,46.64340382379746
get-table,64,1x,2,0,True,437837,0.05408,123.51628574104062
get-table,64,1x,2,1,True,437837,0.0521616,119.13474649241613
get-table,64,1x,2,2,False,437837,0.0526879,120.33679200250322
get-table,64,1x,2,3,False,437837,0.0524451,119.78224773146171
get-table,64,1x,2,4,False,437837,0.0527933,120.57752085821893
const-string,0,1x,0,0,True,2916133,0.0298519,10.236810186641007
const-string,0,1x,0,1,True,2916133,0.0294651,10.104168774195141
const-string,0,1x,0,2,False,2916133,0.0293517,10.065281658964114
const-string,0,1x,0,3,False,2916133,0.0299498,10.270382043617353
const-string,0,1x,0,4,False,2916133,0.0293444,10.062778343786103
const-string,0,2-stackless,0,0,True,2916133,0.015295709,5.245202807965206
const-string,0,2-stackless,0,1,True,2916133,0.015408708000000002,5.283952412321386
const-string,0,2-stackless,0,2,False,2916133,0.015227749999999998,5.2218983153374685
const-string,0,2-stackless,0,3,False,2916133,0.015240291999999996,5.226199216565224
const-string,0,2-stackless,0,4,False,2916133,0.015844667,5.43345142351189
const-string,0,1x,1,0,True,2916133,0.0292483,10.029823742607077
const-string,0,1x,1,1,True,2916133,0.0290741,9.9700870982222
const-string,0,1x,1,2,False,2916133,0.029554,10.134654352184898
const-string,0,1x,1,3,False,2916133,0.0294335,10.093332505753338
const-string,0,1x,1,4,False,2916133,0.0294714,10.106329169485754
const-string,0,2-stackless,1,0,True,2916133,0.015228625,5.222198370238943
const-string,0,2-stackless,1,1,True,2916133,0.015276417,5.238587197497508
const-string,0,2-stackless,1,2,False,2916133,0.015232375,5.223484319816689
const-string,0,2-stackless,1,3,False,2916133,0.015262749999999999,5.233900511396428
const-string,0,2-stackless,1,4,False,2916133,0.015372791000000004,5.271635758725684
const-string,0,1x,2,0,True,2916133,0.0295875,10.146142168412757
const-string,0,1x,2,1,True,2916133,0.0293024,10.048375708515353
const-string,0,1x,2,2,False,2916133,0.0297495,10.201695190171367
const-string,0,1x,2,3,False,2916133,0.0297112,10.188561358483993
const-string,0,1x,2,4,False,2916133,0.02964,10.164145462501196
const-string,0,2-stackless,2,0,True,2916133,0.015463084,5.302599024118584
const-string,0,2-stackless,2,1,True,2916133,0.015456333000000001,5.300283971958755
const-string,0,2-stackless,2,2,False,2916133,0.015528874999999998,5.32516006643044
const-string,0,2-stackless,2,3,False,2916133,0.015462292000000002,5.3023274315677655
const-string,0,2-stackless,2,4,False,2916133,0.015819791,5.424920948392957
take-seq,256,2-stackless,0,0,True,29922,0.020615666,688.9802152262549
take-seq,256,2-stackless,0,1,True,29922,0.019864625,663.880255330526
take-seq,256,2-stackless,0,2,False,29922,0.019952541999999997,666.8184613327985
take-seq,256,2-stackless,0,3,False,29922,0.020400958999999996,681.8046587794933
take-seq,256,2-stackless,0,4,False,29922,0.020325958000000005,679.298108415213
take-seq,256,1x,0,0,True,29922,0.0317134,1059.868992714391
take-seq,256,1x,0,1,True,29922,0.0319404,1067.4553839983957
take-seq,256,1x,0,2,False,29922,0.0318762,1065.3098054942852
take-seq,256,1x,0,3,False,29922,0.0325744,1088.643807232137
take-seq,256,1x,0,4,False,29922,0.0325281,1087.096450772007
take-seq,256,1x,1,0,True,29922,0.0324242,1083.6240892988437
take-seq,256,1x,1,1,True,29922,0.0321485,1074.4101330124993
take-seq,256,1x,1,2,False,29922,0.0323569,1081.3749080943787
take-seq,256,1x,1,3,False,29922,0.03204,1070.7840385001002
take-seq,256,1x,1,4,False,29922,0.0320555,1071.3020520018715
take-seq,256,2-stackless,1,0,True,29922,0.020086209,671.2856426709444
take-seq,256,2-stackless,1,1,True,29922,0.019767875,660.6468484726956
take-seq,256,2-stackless,1,2,False,29922,0.020257249999999997,677.0018715326514
take-seq,256,2-stackless,1,3,False,29922,0.019748665999999998,660.0048793529843
take-seq,256,2-stackless,1,4,False,29922,0.019602541,655.1213488403182
take-seq,256,1x,2,0,True,29922,0.0314634,1051.513936234209
take-seq,256,1x,2,1,True,29922,0.0316262,1056.9547490141033
take-seq,256,1x,2,2,False,29922,0.0318857,1065.627297640532
take-seq,256,1x,2,3,False,29922,0.0316977,1059.3442951674353
take-seq,256,1x,2,4,False,29922,0.0318775,1065.3532517879821
take-seq,256,2-stackless,2,0,True,29922,0.019672916000000002,657.4732972394895
take-seq,256,2-stackless,2,1,True,29922,0.019767792000000003,660.6440745939444
take-seq,256,2-stackless,2,2,False,29922,0.019663667000000003,657.1641935699487
take-seq,256,2-stackless,2,3,False,29922,0.019637292,656.2827351112893
take-seq,256,2-stackless,2,4,False,29922,0.019901708000000004,665.1195775683445
update-seq,0,2-stackless,0,0,True,4217897,0.020782083,4.927119604864699
update-seq,0,2-stackless,0,1,True,4217897,0.021334957999999998,5.0581979597889655
update-seq,0,2-stackless,0,2,False,4217897,0.021077416999999994,4.997138858535425
update-seq,0,2-stackless,0,3,False,4217897,0.02034516700000001,4.823533386424565
update-seq,0,2-stackless,0,4,False,4217897,0.02032225,4.818100110078554
update-seq,0,1x,0,0,True,4217897,0.182152,43.18550215901431
update-seq,0,1x,0,1,True,4217897,0.181558,43.04467368453995
update-seq,0,1x,0,2,False,4217897,0.182309,43.22272449991074
update-seq,0,1x,0,3,False,4217897,0.183531,43.512442337970796
update-seq,0,1x,0,4,False,4217897,0.188508,44.69241425288479
update-seq,0,2-stackless,1,0,True,4217897,0.021028625000000002,4.985571008490725
update-seq,0,2-stackless,1,1,True,4217897,0.021071208000000004,4.9956667979327145
update-seq,0,2-stackless,1,2,False,4217897,0.021041333000000002,4.988583884338571
update-seq,0,2-stackless,1,3,False,4217897,0.02092229100000001,4.9603608148800244
update-seq,0,2-stackless,1,4,False,4217897,0.021035708,4.987250281360593
update-seq,0,1x,1,0,True,4217897,0.188152,44.60801200218972
update-seq,0,1x,1,1,True,4217897,0.188306,44.644523088164554
update-seq,0,1x,1,2,False,4217897,0.187957,44.56178043228652
update-seq,0,1x,1,3,False,4217897,0.188518,44.69478510262341
update-seq,0,1x,1,4,False,4217897,0.188634,44.72228695959147
update-seq,0,2-stackless,2,0,True,4217897,0.021237709,5.035141683165805
update-seq,0,2-stackless,2,1,True,4217897,0.021301375,5.050235935111739
update-seq,0,2-stackless,2,2,False,4217897,0.022320541000000006,5.2918648795833585
update-seq,0,2-stackless,2,3,False,4217897,0.021617625,5.125214058095776
update-seq,0,2-stackless,2,4,False,4217897,0.021597291000000005,5.1203931722372555
update-seq,0,1x,2,0,True,4217897,0.190895,45.25833608549474
update-seq,0,1x,2,1,True,4217897,0.187245,44.39297593089637
update-seq,0,1x,2,2,False,4217897,0.188838,44.770652294259435
update-seq,0,1x,2,3,False,4217897,0.189981,45.04164041938435
update-seq,0,1x,2,4,False,4217897,0.190161,45.08431571467961
const-int,64,2-stackless,0,0,True,440772,0.020224916000000003,45.88521049431453
const-int,64,2-stackless,0,1,True,440772,0.020283249999999996,46.01755556160554
const-int,64,2-stackless,0,2,False,440772,0.020271125,45.990047008430665
const-int,64,2-stackless,0,3,False,440772,0.020143999999999995,45.70163259009192
const-int,64,2-stackless,0,4,False,440772,0.020165166999999998,45.749655150508644
const-int,64,1x,0,0,True,440772,0.0271448,61.58467416260561
const-int,64,1x,0,1,True,440772,0.0269656,61.17811476228073
const-int,64,1x,0,2,False,440772,0.026941,61.1223035946022
const-int,64,1x,0,3,False,440772,0.0271417,61.577641047979455
const-int,64,1x,0,4,False,440772,0.027152,61.60100913851152
const-int,64,1x,1,0,True,440772,0.0275266,62.45088163494959
const-int,64,1x,1,1,True,440772,0.0272263,61.7695770148739
const-int,64,1x,1,2,False,440772,0.0273789,62.11578775421306
const-int,64,1x,1,3,False,440772,0.0271288,61.548374216148034
const-int,64,1x,1,4,False,440772,0.0274548,62.287985625221204
const-int,64,2-stackless,1,0,True,440772,0.020041542,45.469181345457514
const-int,64,2-stackless,1,1,True,440772,0.020337,46.139500694236474
const-int,64,2-stackless,1,2,False,440772,0.020297250000000003,46.04931801475594
const-int,64,2-stackless,1,3,False,440772,0.020051000000000006,45.49063915130727
const-int,64,2-stackless,1,4,False,440772,0.020125500000000004,45.65966077700036
const-int,64,2-stackless,2,0,True,440772,0.020097084,45.59519207209169
const-int,64,2-stackless,2,1,True,440772,0.020155124999999996,45.72687239661321
const-int,64,2-stackless,2,2,False,440772,0.019899459,45.146831014674255
const-int,64,2-stackless,2,3,False,440772,0.020460249999999992,46.4191237192925
const-int,64,2-stackless,2,4,False,440772,0.02104700000000001,47.75031081829157
const-int,64,1x,2,0,True,440772,0.0271594,61.61779786374815
const-int,64,1x,2,1,True,440772,0.0275052,62.402330456562574
const-int,64,1x,2,2,False,440772,0.0273207,61.98374669897362
const-int,64,1x,2,3,False,440772,0.0271448,61.58467416260561
const-int,64,1x,2,4,False,440772,0.027711,62.869238517873185
update-int,8,2-stackless,0,0,True,1586786,0.019942542,12.567883760002925
update-int,8,2-stackless,0,1,True,1586786,0.0198985,12.540128284469361
update-int,8,2-stackless,0,2,False,1586786,0.020152084,12.699938113898156
update-int,8,2-stackless,0,3,False,1586786,0.020180624999999994,12.71792478632909
update-int,8,2-stackless,0,4,False,1586786,0.020237791000000005,12.753951068386035
update-int,8,1x,0,0,True,1586786,0.0224458,14.145448724654742
update-int,8,1x,0,1,True,1586786,0.0224777,14.165552254683366
update-int,8,1x,0,2,False,1586786,0.022649,14.273506320322968
update-int,8,1x,0,3,False,1586786,0.0225392,14.204309843923504
update-int,8,1x,0,4,False,1586786,0.0225035,14.181811536023131
update-int,8,1x,1,0,True,1586786,0.0226059,14.246344497619717
update-int,8,1x,1,1,True,1586786,0.0228084,14.373960949995778
update-int,8,1x,1,2,False,1586786,0.0226364,14.265565741064012
update-int,8,1x,1,3,False,1586786,0.0223795,14.103666152839766
update-int,8,1x,1,4,False,1586786,0.0226568,14.278421917007082
update-int,8,2-stackless,1,0,True,1586786,0.019976958,12.589572885064527
update-int,8,2-stackless,1,1,True,1586786,0.019863917000000002,12.518333915222343
update-int,8,2-stackless,1,2,False,1586786,0.019841875000000002,12.504442943156798
update-int,8,2-stackless,1,3,False,1586786,0.019863500000000006,12.518071119861158
update-int,8,2-stackless,1,4,False,1586786,0.019829374999999996,12.496565384368148
update-int,8,1x,2,0,True,1586786,0.0227273,14.322851348575044
update-int,8,1x,2,1,True,1586786,0.0226754,14.290143724484587
update-int,8,1x,2,2,False,1586786,0.0226195,14.254915281581763
update-int,8,1x,2,3,False,1586786,0.0225938,14.238719020712308
update-int,8,1x,2,4,False,1586786,0.0225698,14.223594107838109
update-int,8,2-stackless,2,0,True,1586786,0.019652792,12.385281947282117
update-int,8,2-stackless,2,1,True,1586786,0.020805708,13.111855032751738
update-int,8,2-stackless,2,2,False,1586786,0.019678916999999997,12.401746045150384
update-int,8,2-stackless,2,3,False,1586786,0.019678582999999993,12.401535556779548
update-int,8,2-stackless,2,4,False,1586786,0.01968391700000001,12.404897068665848
get-table,8,1x,0,0,True,1970444,0.157,79.67747370643367
get-table,8,1x,0,1,True,1970444,0.151609,76.9415421092911
get-table,8,1x,0,2,False,1970444,0.153327,77.81342682156915
get-table,8,1x,0,3,False,1970444,0.157986,80.17786854130338
get-table,8,1x,0,4,False,1970444,0.15832,80.34737348536675
get-table,8,2-stackless,0,0,True,1970444,0.020481958,10.394590254785216
get-table,8,2-stackless,0,1,True,1970444,0.020510584000000002,10.409117944991078
get-table,8,2-stackless,0,2,False,1970444,0.02039775,10.351854708887947
get-table,8,2-stackless,0,3,False,1970444,0.02041775,10.362004705538448
get-table,8,2-stackless,0,4,False,1970444,0.0204815,10.39435781986192
get-table,8,2-stackless,1,0,True,1970444,0.020222375,10.262851925758865
get-table,8,2-stackless,1,1,True,1970444,0.020238167,10.2708663631141
get-table,8,2-stackless,1,2,False,1970444,0.020206415999999998,10.254752735931595
get-table,8,2-stackless,1,3,False,1970444,0.020201999999999998,10.252511616671164
get-table,8,2-stackless,1,4,False,1970444,0.020176249999999993,10.239443495983643
get-table,8,1x,1,0,True,1970444,0.152395,77.3404369776558
get-table,8,1x,1,1,True,1970444,0.153371,77.83575681420025
get-table,8,1x,1,2,False,1970444,0.144919,73.54636822969849
get-table,8,1x,1,3,False,1970444,0.149842,76.04478990521933
get-table,8,1x,1,4,False,1970444,0.153114,77.70532935724131
get-table,8,1x,2,0,True,1970444,0.158147,80.25957601433991
get-table,8,1x,2,1,True,1970444,0.148673,75.45152260099754
get-table,8,1x,2,2,False,1970444,0.14382,72.98862591375345
get-table,8,1x,2,3,False,1970444,0.144868,73.5204857382397
get-table,8,1x,2,4,False,1970444,0.141188,71.6528863545475
get-table,8,2-stackless,2,0,True,1970444,0.019788375,10.04259699844299
get-table,8,2-stackless,2,1,True,1970444,0.019750791,10.023523124737368
get-table,8,2-stackless,2,2,False,1970444,0.019751791999999997,10.024031132069725
get-table,8,2-stackless,2,3,False,1970444,0.019635374999999997,9.964949524066656
get-table,8,2-stackless,2,4,False,1970444,0.01946933299999999,9.880683236874528
const-seq,256,1x,0,0,True,146190,0.0359022,245.5858813872358
const-seq,256,1x,0,1,True,146190,0.0353907,242.08701005540735
const-seq,256,1x,0,2,False,146190,0.0358629,245.31705315001025
const-seq,256,1x,0,3,False,146190,0.035703,244.22327108557357
const-seq,256,1x,0,4,False,146190,0.0358135,244.9791367398591
const-seq,256,2-stackless,0,0,True,146190,0.020188541,138.09796155687803
const-seq,256,2-stackless,0,1,True,146190,0.02039475,139.5085163143854
const-seq,256,2-stackless,0,2,False,146190,0.020659582999999995,141.32008345304052
const-seq,256,2-stackless,0,3,False,146190,0.020407666999999997,139.59687393118543
const-seq,256,2-stackless,0,4,False,146190,0.020419790999999993,139.6798071003488
const-seq,256,1x,1,0,True,146190,0.0365509,250.02325740474726
const-seq,256,1x,1,1,True,146190,0.0364831,249.5594773924345
const-seq,256,1x,1,2,False,146190,0.0368005,251.73062452972158
const-seq,256,1x,1,3,False,146190,0.0371906,254.3990697038101
const-seq,256,1x,1,4,False,146190,0.0371169,253.89493125384774
const-seq,256,2-stackless,1,0,True,146190,0.020388125,139.46319857719405
const-seq,256,2-stackless,1,1,True,146190,0.020896166999999997,142.9384157603119
const-seq,256,2-stackless,1,2,False,146190,0.020748875,141.93087762500855
const-seq,256,2-stackless,1,3,False,146190,0.020660666999999994,141.32749846090698
const-seq,256,2-stackless,1,4,False,146190,0.02078604199999999,142.1851152609617
const-seq,256,1x,2,0,True,146190,0.0365383,249.9370681989192
const-seq,256,1x,2,1,True,146190,0.0367232,251.20186059237977
const-seq,256,1x,2,2,False,146190,0.0367027,251.0616321225802
const-seq,256,1x,2,3,False,146190,0.0366036,250.38374717832957
const-seq,256,1x,2,4,False,146190,0.0366798,250.90498666119433
const-seq,256,2-stackless,2,0,True,146190,0.020358458,139.26026403994803
const-seq,256,2-stackless,2,1,True,146190,0.020552832999999996,140.5898693481086
const-seq,256,2-stackless,2,2,False,146190,0.020469915999999998,140.02268281004172
const-seq,256,2-stackless,2,3,False,146190,0.020529499999999992,140.43026198782403
const-seq,256,2-stackless,2,4,False,146190,0.020445249999999998,139.8539571790136
get-seq,0,2-stackless,0,0,True,4259035,0.021432708,5.032292056768728
get-seq,0,2-stackless,0,1,True,4259035,0.020479250000000004,4.808424913155211
get-seq,0,2-stackless,0,2,False,4259035,0.020392916000000004,4.78815412411497
get-seq,0,2-stackless,0,3,False,4259035,0.020412,4.7926349513446125
get-seq,0,2-stackless,0,4,False,4259035,0.020457292000000002,4.803269285178451
get-seq,0,1x,0,0,True,4259035,0.186411,43.76836536915052
get-seq,0,1x,0,1,True,4259035,0.184016,43.20603141321919
get-seq,0,1x,0,2,False,4259035,0.18357,43.10131285608125
get-seq,0,1x,0,3,False,4259035,0.182701,42.89727602614207
get-seq,0,1x,0,4,False,4259035,0.182367,42.8188545057742
get-seq,0,2-stackless,1,0,True,4259035,0.020378375,4.784739970439313
get-seq,0,2-stackless,1,1,True,4259035,0.020492416999999995,4.81151645854049
get-seq,0,2-stackless,1,2,False,4259035,0.020582375,4.83263814455622
get-seq,0,2-stackless,1,3,False,4259035,0.022458959,5.273250630717992
get-seq,0,2-stackless,1,4,False,4259035,0.020422666000000006,4.7951392745070205
get-seq,0,1x,1,0,True,4259035,0.183644,43.118687683947186
get-seq,0,1x,1,1,True,4259035,0.185622,43.583112136904255
get-seq,0,1x,1,2,False,4259035,0.182925,42.94987009968221
get-seq,0,1x,1,3,False,4259035,0.182524,42.85571731624652
get-seq,0,1x,1,4,False,4259035,0.182404,42.827541919707166
get-seq,0,2-stackless,2,0,True,4259035,0.020328333,4.772990360492459
get-seq,0,2-stackless,2,1,True,4259035,0.021420540999999998,5.029435306354608
get-seq,0,2-stackless,2,2,False,4259035,0.021817832999999995,5.122717470037226
get-seq,0,2-stackless,2,3,False,4259035,0.020280791999999992,4.761827972768478
get-seq,0,2-stackless,2,4,False,4259035,0.02025125,4.754891659730432
get-seq,0,1x,2,0,True,4259035,0.182938,42.952922434307304
get-seq,0,1x,2,1,True,4259035,0.183968,43.19476125460345
get-seq,0,1x,2,2,False,4259035,0.182685,42.893519306603494
get-seq,0,1x,2,3,False,4259035,0.183194,43.0130299469246
get-seq,0,1x,2,4,False,4259035,0.183173,43.00809925253021
const-seq,64,1x,0,0,True,451129,0.0438256,97.14649246667804
const-seq,64,1x,0,1,True,451129,0.0440953,97.74432590234723
const-seq,64,1x,0,2,False,451129,0.0438871,97.2828171099619
const-seq,64,1x,0,3,False,451129,0.0440125,97.56078638260897
const-seq,64,1x,0,4,False,451129,0.0434312,96.27224142096829
const-seq,64,2-stackless,0,0,True,451129,0.01973225,43.739706381101634
const-seq,64,2-stackless,0,1,True,451129,0.019434749999999997,43.08024977334642
const-seq,64,2-stackless,0,2,False,451129,0.019724165999999994,43.72178689465761
const-seq,64,2-stackless,0,3,False,451129,0.020097208999999998,44.54869671424359
const-seq,64,2-stackless,0,4,False,451129,0.02055729199999999,45.568544695641364
const-seq,64,1x,1,0,True,451129,0.0449819,99.70961742650107
const-seq,64,1x,1,1,True,451129,0.0440392,97.61997122774196
const-seq,64,1x,1,2,False,451129,0.0464452,102.95325727231014
const-seq,64,1x,1,3,False,451129,0.0445811,98.82117975124632
const-seq,64,1x,1,4,False,451129,0.0443175,98.2368679468622
const-seq,64,2-stackless,1,0,True,451129,0.019485375,43.19246822970813
const-seq,64,2-stackless,1,1,True,451129,0.019895417000000002,44.1013922846902
const-seq,64,2-stackless,1,2,False,451129,0.020331292,45.06757933983406
const-seq,64,2-stackless,1,3,False,451129,0.020326375,45.05668001835395
const-seq,64,2-stackless,1,4,False,451129,0.020647291999999998,45.76804417361774
const-seq,64,2-stackless,2,0,True,451129,0.020060791,44.467970358810895
const-seq,64,2-stackless,2,1,True,451129,0.020572084,45.601333543177226
const-seq,64,2-stackless,2,2,False,451129,0.019931083000000002,44.18045171115136
const-seq,64,2-stackless,2,3,False,451129,0.01996633400000001,44.25859122335298
const-seq,64,2-stackless,2,4,False,451129,0.019876458,44.05936661132403
const-seq,64,1x,2,0,True,451129,0.0436781,96.81953498888345
const-seq,64,1x,2,1,True,451129,0.0439066,97.32604199685677
const-seq,64,1x,2,2,False,451129,0.044866,99.45270643208484
const-seq,64,1x,2,3,False,451129,0.0439513,97.42512673758503
const-seq,64,1x,2,4,False,451129,0.0441642,97.89705383604246
assign-int,256,2-stackless,0,0,True,38339,0.019949167,520.3361329194814
assign-int,256,2-stackless,0,1,True,38339,0.019990042,521.4022796630063
assign-int,256,2-stackless,0,2,False,38339,0.020027625,522.3825608388325
assign-int,256,2-stackless,0,3,False,38339,0.020863917000000003,544.1956493387935
assign-int,256,2-stackless,0,4,False,38339,0.020808583000000005,542.752367041394
assign-int,256,1x,0,0,True,38339,0.0245347,639.9410521922846
assign-int,256,1x,0,1,True,38339,0.0243283,634.5575001956232
assign-int,256,1x,0,2,False,38339,0.024416,636.8449881321892
assign-int,256,1x,0,3,False,38339,0.0242536,632.6090925689246
assign-int,256,1x,0,4,False,38339,0.0243844,636.0207621482042
assign-int,256,2-stackless,1,0,True,38339,0.020746292000000003,541.127624612014
assign-int,256,2-stackless,1,1,True,38339,0.020667374999999998,539.0692245494145
assign-int,256,2-stackless,1,2,False,38339,0.020500332999999996,534.7122512324264
assign-int,256,2-stackless,1,3,False,38339,0.020562750000000005,536.3402801325022
assign-int,256,2-stackless,1,4,False,38339,0.020731958999999994,540.7537755288347
assign-int,256,1x,1,0,True,38339,0.0247523,645.6167349174469
assign-int,256,1x,1,1,True,38339,0.0240819,628.1306241686011
assign-int,256,1x,1,2,False,38339,0.0246011,641.6729700826834
assign-int,256,1x,1,3,False,38339,0.0238513,622.1158611335716
assign-int,256,1x,1,4,False,38339,0.0244492,637.7109470773886
assign-int,256,2-stackless,2,0,True,38339,0.020394292,531.9463731448394
assign-int,256,2-stackless,2,1,True,38339,0.020616917000000002,537.753123451316
assign-int,256,2-stackless,2,2,False,38339,0.020303625,529.5814966483216
assign-int,256,2-stackless,2,3,False,38339,0.019946207999999993,520.2589530243354
assign-int,256,2-stackless,2,4,False,38339,0.020019750000000003,522.1771564203553
assign-int,256,1x,2,0,True,38339,0.0238008,620.7986645452412
assign-int,256,1x,2,1,True,38339,0.0235024,613.0154672787501
assign-int,256,1x,2,2,False,38339,0.0234957,612.8407105036647
assign-int,256,1x,2,3,False,38339,0.0235293,613.7171026891676
assign-int,256,1x,2,4,False,38339,0.0233369,608.6987141031326
get-int,8,1x,0,0,True,2263084,0.0269734,11.918868234674454
get-int,8,1x,0,1,True,2263084,0.0268785,11.876934307343431
get-int,8,1x,0,2,False,2263084,0.0271807,12.010468899961293
get-int,8,1x,0,3,False,2263084,0.0266914,11.794259514892067
get-int,8,1x,0,4,False,2263084,0.0268584,11.86805262199724
get-int,8,2-stackless,0,0,True,2263084,0.020558292,9.08419307458318
get-int,8,2-stackless,0,1,True,2263084,0.020261209,8.952919555792008
get-int,8,2-stackless,0,2,False,2263084,0.020220292,8.934839360801455
get-int,8,2-stackless,0,3,False,2263084,0.020301125000000003,8.970557434014824
get-int,8,2-stackless,0,4,False,2263084,0.020290709000000004,8.965954865130946
get-int,8,2-stackless,1,0,True,2263084,0.020230708,8.939441929685332
get-int,8,2-stackless,1,1,True,2263084,0.020203541000000002,8.927437514471404
get-int,8,2-stackless,1,2,False,2263084,0.020194541000000003,8.923460640435795
get-int,8,2-stackless,1,3,False,2263084,0.020250624999999994,8.948242751926129
get-int,8,2-stackless,1,4,False,2263084,0.020203958999999994,8.927622218176609
get-int,8,1x,1,0,True,2263084,0.0274288,12.12009806087622
get-int,8,1x,1,1,True,2263084,0.0266595,11.7801637058103
get-int,8,1x,1,2,False,2263084,0.026375,11.654450298795803
get-int,8,1x,1,3,False,2263084,0.0264136,11.671506669659633
get-int,8,1x,1,4,False,2263084,0.0264405,11.683393104277172
get-int,8,1x,2,0,True,2263084,0.0264708,11.696781913530385
get-int,8,1x,2,1,True,2263084,0.0264335,11.680299980027256
get-int,8,1x,2,2,False,2263084,0.0263833,11.658117860406419
get-int,8,1x,2,3,False,2263084,0.0262492,11.598862437275859
get-int,8,1x,2,4,False,2263084,0.0264498,11.687502540780633
get-int,8,2-stackless,2,0,True,2263084,0.020080958,8.873271164481743
get-int,8,2-stackless,2,1,True,2263084,0.020479542,9.049395426771609
get-int,8,2-stackless,2,2,False,2263084,0.020209082999999996,8.92988638512755
get-int,8,2-stackless,2,3,False,2263084,0.020200084,8.925909952966837
get-int,8,2-stackless,2,4,False,2263084,0.020225624999999997,8.937195879604998
make-seq,0,2-stackless,0,0,True,3934453,0.018950500000000002,4.816552644039719
make-seq,0,2-stackless,0,1,True,3934453,0.018933333000000004,4.8121893945613285
make-seq,0,2-stackless,0,2,False,3934453,0.018818124999999998,4.782907560466473
make-seq,0,2-stackless,0,3,False,3934453,0.018639290999999995,4.737454228071855
make-seq,0,2-stackless,0,4,False,3934453,0.018647917,4.739646654820886
make-seq,0,1x,0,0,True,3934453,0.0361266,9.182115023359028
make-seq,0,1x,0,1,True,3934453,0.0353659,8.988771755565514
make-seq,0,1x,0,2,False,3934453,0.0351452,8.932677553906476
make-seq,0,1x,0,3,False,3934453,0.0358506,9.111965500668072
make-seq,0,1x,0,4,False,3934453,0.035884,9.120454609573427
make-seq,0,2-stackless,1,0,True,3934453,0.019070458,4.847041761586681
make-seq,0,2-stackless,1,1,True,3934453,0.018836708000000004,4.787630707496062
make-seq,0,2-stackless,1,2,False,3934453,0.018713875000000005,4.756410865754402
make-seq,0,2-stackless,1,3,False,3934453,0.018762542,4.768780310757302
make-seq,0,2-stackless,1,4,False,3934453,0.020344458999999995,5.170848145854073
make-seq,0,1x,1,0,True,3934453,0.0352933,8.970319381118545
make-seq,0,1x,1,1,True,3934453,0.0347632,8.835586547863198
make-seq,0,1x,1,2,False,3934453,0.0348178,8.849463953439017
make-seq,0,1x,1,3,False,3934453,0.0350274,8.902736924294178
make-seq,0,1x,1,4,False,3934453,0.034978,8.890181176392245
make-seq,0,2-stackless,2,0,True,3934453,0.018609167000000003,4.729797763501052
make-seq,0,2-stackless,2,1,True,3934453,0.018599333000000003,4.72729830550778
make-seq,0,2-stackless,2,2,False,3934453,0.018597707999999998,4.726885287484689
make-seq,0,2-stackless,2,3,False,3934453,0.018637416999999996,4.736977922979381
make-seq,0,2-stackless,2,4,False,3934453,0.018570292000000002,4.7199171015640555
make-seq,0,1x,2,0,True,3934453,0.0370759,9.423393798324698
make-seq,0,1x,2,1,True,3934453,0.0349755,8.88954576404903
make-seq,0,1x,2,2,False,3934453,0.0353254,8.978478075605427
make-seq,0,1x,2,3,False,3934453,0.0351702,8.93903167733863
make-seq,0,1x,2,4,False,3934453,0.0355472,9.034851858695479
add-int,8,1x,0,0,True,1767956,0.0209669,11.859401478317334
add-int,8,1x,0,1,True,1767956,0.0218997,12.387016418960654
add-int,8,1x,0,2,False,1767956,0.0221344,12.519768591526033
add-int,8,1x,0,3,False,1767956,0.0219997,12.443578912597372
add-int,8,1x,0,4,False,1767956,0.022314,12.621354830097582
add-int,8,2-stackless,0,0,True,1767956,0.019465917,11.010408064454094
add-int,8,2-stackless,0,1,True,1767956,0.019396541000000003,10.971167268868685
add-int,8,2-stackless,0,2,False,1767956,0.019410000000000004,10.978780014887251
add-int,8,2-stackless,0,3,False,1767956,0.019352291,10.946138365434434
add-int,8,2-stackless,0,4,False,1767956,0.019214207999999997,10.86803517734604
add-int,8,1x,1,0,True,1767956,0.0211645,11.971168965743491
add-int,8,1x,1,1,True,1767956,0.0213423,12.071737079429578
add-int,8,1x,1,2,False,1767956,0.0212988,12.047132394697606
add-int,8,1x,1,3,False,1767956,0.0214281,12.120267698969883
add-int,8,1x,1,4,False,1767956,0.0211344,11.95414365515884
add-int,8,2-stackless,1,0,True,1767956,0.019520417,11.041234623486105
add-int,8,2-stackless,1,1,True,1767956,0.01935825,10.949508924430246
add-int,8,2-stackless,1,2,False,1767956,0.019285375,10.908289007192487
add-int,8,2-stackless,1,3,False,1767956,0.019313208,10.924032046046396
add-int,8,2-stackless,1,4,False,1767956,0.019340874999999993,10.939681191160862
add-int,8,2-stackless,2,0,True,1767956,0.019267459,10.898155270832532
add-int,8,2-stackless,2,1,True,1767956,0.019378707999999998,10.961080479378444
add-int,8,2-stackless,2,2,False,1767956,0.019315167,10.925140105296737
add-int,8,2-stackless,2,3,False,1767956,0.020097666000000007,11.367741052379136
add-int,8,2-stackless,2,4,False,1767956,0.02046037499999999,11.572898307423934
add-int,8,1x,2,0,True,1767956,0.0206084,11.656624938629694
add-int,8,1x,2,1,True,1767956,0.0205736,11.636941190844116
add-int,8,1x,2,2,False,1767956,0.0206261,11.666636500003394
add-int,8,1x,2,3,False,1767956,0.0207382,11.730043055370157
add-int,8,1x,2,4,False,1767956,0.0206796,11.69689743409904
get-table,0,2-stackless,0,0,True,3571429,0.018650208,5.222057613353086
get-table,0,2-stackless,0,1,True,3571429,0.018664583999999998,5.226082892870052
get-table,0,2-stackless,0,2,False,3571429,0.018593042000000004,5.2060511352738645
get-table,0,2-stackless,0,3,False,3571429,0.018606791999999997,5.2099011348118625
get-table,0,2-stackless,0,4,False,3571429,0.018599332999999996,5.207812615062485
get-table,0,1x,0,0,True,3571429,0.238726,66.84327197880737
get-table,0,1x,0,1,True,3571429,0.245697,68.79515174458179
get-table,0,1x,0,2,False,3571429,0.252134,70.59751152829863
get-table,0,1x,0,3,False,3571429,0.242605,67.92939184847297
get-table,0,1x,0,4,False,3571429,0.24256,67.91679184998497
get-table,0,2-stackless,1,0,True,3571429,0.018726584,5.243442890786853
get-table,0,2-stackless,1,1,True,3571429,0.018717208000000003,5.240817611101888
get-table,0,2-stackless,1,2,False,3571429,0.018725042000000004,5.243011130838665
get-table,0,2-stackless,1,3,False,3571429,0.018790207999999996,5.261257608649086
get-table,0,2-stackless,1,4,False,3571429,0.018724291000000004,5.242800850863899
get-table,0,1x,1,0,True,3571429,0.24157,67.63959188324897
get-table,0,1x,1,1,True,3571429,0.244315,68.40819179101699
get-table,0,1x,1,2,False,3571429,0.241662,67.66535188015777
get-table,0,1x,1,3,False,3571429,0.237333,66.45323202561215
get-table,0,1x,1,4,False,3571429,0.243835,68.27379180714499
get-table,0,1x,2,0,True,3571429,0.244002,68.32055180153378
get-table,0,1x,2,1,True,3571429,0.243086,68.06407183231138
get-table,0,1x,2,2,False,3571429,0.239629,67.09611194846657
get-table,0,1x,2,3,False,3571429,0.238011,66.64307200283136
get-table,0,1x,2,4,False,3571429,0.242713,67.95963184484418
get-table,0,2-stackless,2,0,True,3571429,0.018998292,5.319521121657465
get-table,0,2-stackless,2,1,True,3571429,0.019224083000000003,5.38274259407089
get-table,0,2-stackless,2,2,False,3571429,0.019280416,5.3985158321781
get-table,0,2-stackless,2,3,False,3571429,0.018760959000000008,5.253067889631855
get-table,0,2-stackless,2,4,False,3571429,0.018727791000000008,5.2437808507463
update-table,64,2-stackless,0,0,True,305519,0.019441084,63.63297863635322
update-table,64,2-stackless,0,1,True,305519,0.019526957999999997,63.91405444505905
update-table,64,2-stackless,0,2,False,305519,0.019668083000000003,64.37597334372005
update-table,64,2-stackless,0,3,False,305519,0.019399375000000003,63.49646012195642
update-table,64,2-stackless,0,4,False,305519,0.019536917,63.94665143575359
update-table,64,1x,0,0,True,305519,0.0809717,265.0299981343222
update-table,64,1x,0,1,True,305519,0.0822156,269.1014306802523
update-table,64,1x,0,2,False,305519,0.0799985,261.84459886291853
update-table,64,1x,0,3,False,305519,0.0791681,259.12660096426083
update-table,64,1x,0,4,False,305519,0.0797305,260.9674030093055
update-table,64,2-stackless,1,0,True,305519,0.019317917,63.22983840612204
update-table,64,2-stackless,1,1,True,305519,0.019409874999999997,63.53082786995243
update-table,64,2-stackless,1,2,False,305519,0.019591625,64.12571722216948
update-table,64,2-stackless,1,3,False,305519,0.019291333999999993,63.142829087552634
update-table,64,2-stackless,1,4,False,305519,0.019594749999999994,64.13594571859686
update-table,64,1x,1,0,True,305519,0.0789894,258.5416946245569
update-table,64,1x,1,1,True,305519,0.077961,255.17561919225972
update-table,64,1x,1,2,False,305519,0.0773404,253.14432162975135
update-table,64,1x,1,3,False,305519,0.0785505,257.10512275832275
update-table,64,1x,1,4,False,305519,0.0820069,268.4183307748454
update-table,64,2-stackless,2,0,True,305519,0.019502209,63.83304802647299
update-table,64,2-stackless,2,1,True,305519,0.019335665999999998,63.28793299271075
update-table,64,2-stackless,2,2,False,305519,0.019581125000000005,64.09134947417347
update-table,64,2-stackless,2,3,False,305519,0.019344042000000006,63.31534863625505
update-table,64,2-stackless,2,4,False,305519,0.019462833,63.704165698369
update-table,64,1x,2,0,True,305519,0.0828664,271.231576432235
update-table,64,1x,2,1,True,305519,0.0816059,267.10581011328264
update-table,64,1x,2,2,False,305519,0.0814445,266.57752872980075
update-table,64,1x,2,3,False,305519,0.0772208,252.75285661448225
update-table,64,1x,2,4,False,305519,0.0766887,251.01123007079755
do-int,8,2-stackless,0,0,True,290206,0.096750708,333.38631179231305
do-int,8,2-stackless,0,1,True,290206,0.096322833,331.91192807867515
do-int,8,2-stackless,0,2,False,290206,0.09633733399999997,331.96189603247336
do-int,8,2-stackless,0,3,False,290206,0.09708675,334.54425477074903
do-int,8,2-stackless,0,4,False,290206,0.09716962500000004,334.8298277775099
do-int,8,1x,0,0,True,290206,0.0210247,72.44750280834992
do-int,8,1x,0,1,True,290206,0.0216765,74.69349358731384
do-int,8,1x,0,2,False,290206,0.0217778,75.04255597747807
do-int,8,1x,0,3,False,290206,0.0215442,74.23761052493745
do-int,8,1x,0,4,False,290206,0.0208132,71.71871015761218
do-int,8,1x,1,0,True,290206,0.0209379,72.1484049261559
do-int,8,1x,1,1,True,290206,0.0207831,71.61499073072231
do-int,8,1x,1,2,False,290206,0.020897,72.00747055539858
do-int,8,1x,1,3,False,290206,0.0209283,72.1153249760515
do-int,8,1x,1,4,False,290206,0.0208956,72.00264639600836
do-int,8,2-stackless,1,0,True,290206,0.096413875,332.2256431638216
do-int,8,2-stackless,1,1,True,290206,0.09613479200000001,331.26397111017695
do-int,8,2-stackless,1,2,False,290206,0.09617641699999999,331.4074037063327
do-int,8,2-stackless,1,3,False,290206,0.09777941600000001,336.93106276231373
do-int,8,2-stackless,1,4,False,290206,0.09722304199999998,335.0138935790438
do-int,8,1x,2,0,True,290206,0.0207908,71.64152360736855
do-int,8,1x,2,1,True,290206,0.0205865,70.93754091920911
do-int,8,1x,2,2,False,290206,0.0208305,71.77832298436283
do-int,8,1x,2,3,False,290206,0.0207668,71.55882373210754
do-int,8,1x,2,4,False,290206,0.0206982,71.32243992198646
do-int,8,2-stackless,2,0,True,290206,0.097359792,335.4851105766249
do-int,8,2-stackless,2,1,True,290206,0.09656554099999999,332.74825813387724
do-int,8,2-stackless,2,2,False,290206,0.09601095800000001,330.83726042879886
do-int,8,2-stackless,2,3,False,290206,0.09578274999999997,330.05089488156676
do-int,8,2-stackless,2,4,False,290206,0.09619312499999999,331.4649766028269
assign-table,0,2-stackless,0,0,True,3880229,0.020213250000000002,5.2092930597652884
assign-table,0,2-stackless,0,1,True,3880229,0.02023175,5.214060819606265
assign-table,0,2-stackless,0,2,False,3880229,0.020210291999999998,5.208530733624226
assign-table,0,2-stackless,0,3,False,3880229,0.020266417000000002,5.2229950861147625
assign-table,0,2-stackless,0,4,False,3880229,0.020201582999999995,5.206286278464492
assign-table,0,1x,0,0,True,3880229,0.269598,69.47991987070866
assign-table,0,1x,0,1,True,3880229,0.257686,66.40999796661487
assign-table,0,1x,0,2,False,3880229,0.242895,62.59810954456554
assign-table,0,1x,0,3,False,3880229,0.268015,69.0719542583698
assign-table,0,1x,0,4,False,3880229,0.271809,70.04973160089263
assign-table,0,2-stackless,1,0,True,3880229,0.020593334,5.307247072273312
assign-table,0,2-stackless,1,1,True,3880229,0.020632667000000004,5.317383845128729
assign-table,0,2-stackless,1,2,False,3880229,0.020585625000000003,5.30526033386174
assign-table,0,2-stackless,1,3,False,3880229,0.020735166,5.343799554098482
assign-table,0,2-stackless,1,4,False,3880229,0.020687041000000003,5.331396935593236
assign-table,0,1x,1,0,True,3880229,0.252461,65.06342795747365
assign-table,0,1x,1,1,True,3880229,0.256397,66.07780107823532
assign-table,0,1x,1,2,False,3880229,0.255589,65.86956594572125
assign-table,0,1x,1,3,False,3880229,0.268711,69.25132511508986
assign-table,0,1x,1,4,False,3880229,0.258344,66.5795755869048
assign-table,0,1x,2,0,True,3880229,0.255164,65.76003632775281
assign-table,0,1x,2,1,True,3880229,0.259061,66.76435849533623
assign-table,0,1x,2,2,False,3880229,0.254008,65.46211576687871
assign-table,0,1x,2,3,False,3880229,0.264665,68.20860315203045
assign-table,0,1x,2,4,False,3880229,0.254315,65.54123480856413
assign-table,0,2-stackless,2,0,True,3880229,0.020218375,5.210613858099612
assign-table,0,2-stackless,2,1,True,3880229,0.020158625,5.195215282396992
assign-table,0,2-stackless,2,2,False,3880229,0.020281792,5.226957481117738
assign-table,0,2-stackless,2,3,False,3880229,0.020421042,5.262844538299157
assign-table,0,2-stackless,2,4,False,3880229,0.020263458999999998,5.222232759973702
update-string,0,2-stackless,0,0,True,3980100,0.020739334,5.210757016155373
update-string,0,2-stackless,0,1,True,3980100,0.020760125,5.2159807542524055
update-string,0,2-stackless,0,2,False,3980100,0.024140417000000004,6.065279013090124
update-string,0,2-stackless,0,3,False,3980100,0.02097541600000001,5.270072611240926
update-string,0,2-stackless,0,4,False,3980100,0.020718583,5.205543328057084
update-string,0,1x,0,0,True,3980100,0.0407888,10.24818471897691
update-string,0,1x,0,1,True,3980100,0.0398337,10.008215873973016
update-string,0,1x,0,2,False,3980100,0.0398137,10.00319087460114
update-string,0,1x,0,3,False,3980100,0.0400282,10.0570839928645
update-string,0,1x,0,4,False,3980100,0.0410057,10.302680837164896
update-string,0,2-stackless,1,0,True,3980100,0.020920584,5.256296072962991
update-string,0,2-stackless,1,1,True,3980100,0.021091457999999997,5.2992281600964795
update-string,0,2-stackless,1,2,False,3980100,0.021267291,5.343406195824225
update-string,0,2-stackless,1,3,False,3980100,0.021252583000000005,5.3397108112861495
update-string,0,2-stackless,1,4,False,3980100,0.020985458,5.272595663425542
update-string,0,1x,1,0,True,3980100,0.0407323,10.233989095751364
update-string,0,1x,1,1,True,3980100,0.0398702,10.017386497826688
update-string,0,1x,1,2,False,3980100,0.0401842,10.096278987965126
update-string,0,1x,1,3,False,3980100,0.0401164,10.07924424009447
update-string,0,1x,1,4,False,3980100,0.040045,10.061304992336876
update-string,0,1x,2,0,True,3980100,0.0397708,9.992412250948469
update-string,0,1x,2,1,True,3980100,0.0397539,9.988166126479234
update-string,0,1x,2,2,False,3980100,0.039865,10.01607999799
update-string,0,1x,2,3,False,3980100,0.0399319,10.032888620888922
update-string,0,1x,2,4,False,3980100,0.0397474,9.986533001683375
update-string,0,2-stackless,2,0,True,3980100,0.020752208,5.213991608251049
update-string,0,2-stackless,2,1,True,3980100,0.020752082999999998,5.213960202004974
update-string,0,2-stackless,2,2,False,3980100,0.020803542,5.22688927413884
update-string,0,2-stackless,2,3,False,3980100,0.02078429100000001,5.222052460993445
update-string,0,2-stackless,2,4,False,3980100,0.020718374999999997,5.2054910680636155
make-table,0,1x,0,0,True,4010026,0.0823902,20.546051322360505
make-table,0,1x,0,1,True,4010026,0.0827479,20.635252739009672
make-table,0,1x,0,2,False,4010026,0.0827353,20.632110614744143
make-table,0,1x,0,3,False,4010026,0.0827589,20.637995863368467
make-table,0,1x,0,4,False,4010026,0.0828001,20.648270110966862
make-table,0,2-stackless,0,0,True,4010026,0.0208805,5.207073470346576
make-table,0,2-stackless,0,1,True,4010026,0.020881667,5.20736449090355
make-table,0,2-stackless,0,2,False,4010026,0.020873625000000007,5.205359017622332
make-table,0,2-stackless,0,3,False,4010026,0.020858500000000002,5.201587221628988
make-table,0,2-stackless,0,4,False,4010026,0.020940374999999997,5.222004794981379
make-table,0,2-stackless,1,0,True,4010026,0.020858875000000002,5.201680737232128
make-table,0,2-stackless,1,1,True,4010026,0.020895584,5.210835041967309
make-table,0,2-stackless,1,2,False,4010026,0.020960999999999994,5.2271481531541175
make-table,0,2-stackless,1,3,False,4010026,0.020881542000000003,5.207333319035838
make-table,0,2-stackless,1,4,False,4010026,0.020928000000000002,5.218918780077736
make-table,0,1x,1,0,True,4010026,0.0825883,20.59545249831298
make-table,0,1x,1,1,True,4010026,0.082277,20.51782207895909
make-table,0,1x,1,2,False,4010026,0.0823547,20.537198511929848
make-table,0,1x,1,3,False,4010026,0.0787034,19.62665578726921
make-table,0,1x,1,4,False,4010026,0.0802734,20.018174445751722
make-table,0,1x,2,0,True,4010026,0.082287,20.520315828376177
make-table,0,1x,2,1,True,4010026,0.0786129,19.60408735504458
make-table,0,1x,2,2,False,4010026,0.0814596,20.313983001606474
make-table,0,1x,2,3,False,4010026,0.0822105,20.501238645335466
make-table,0,1x,2,4,False,4010026,0.0828476,20.66011542069802
make-table,0,2-stackless,2,0,True,4010026,0.02088175,5.207385189023712
make-table,0,2-stackless,2,1,True,4010026,0.020897791,5.21138541246366
make-table,0,2-stackless,2,2,False,4010026,0.020854041000000004,5.200475258763909
make-table,0,2-stackless,2,3,False,4010026,0.020886792,5.208642537479807
make-table,0,2-stackless,2,4,False,4010026,0.020936791999999996,5.221111284565236
const-int,8,1x,0,0,True,2135224,0.0252704,11.835011221305118
const-int,8,1x,0,1,True,2135224,0.0251175,11.763402809260294
const-int,8,1x,0,2,False,2135224,0.024944,11.68214669748935
const-int,8,1x,0,3,False,2135224,0.024977,11.697601750448666
const-int,8,1x,0,4,False,2135224,0.0250189,11.717224984357614
const-int,8,2-stackless,0,0,True,2135224,0.018946,8.873073738399343
const-int,8,2-stackless,0,1,True,2135224,0.019082458,8.936981787390925
const-int,8,2-stackless,0,2,False,2135224,0.019329125000000003,9.0525045615823
const-int,8,2-stackless,0,3,False,2135224,0.019292458,9.035332124404746
const-int,8,2-stackless,0,4,False,2135224,0.019169500000000006,8.977746597078342
const-int,8,1x,1,0,True,2135224,0.0249426,11.681491028575925
const-int,8,1x,1,1,True,2135224,0.0246704,11.554010258408486
const-int,8,1x,1,2,False,2135224,0.0249935,11.705329276928323
const-int,8,1x,1,3,False,2135224,0.0244866,11.467930296774483
const-int,8,1x,1,4,False,2135224,0.0251907,11.797684926733682
const-int,8,2-stackless,1,0,True,2135224,0.019056833000000002,8.92498070460055
const-int,8,2-stackless,1,1,True,2135224,0.019178917,8.982156907191001
const-int,8,2-stackless,1,2,False,2135224,0.019091540999999997,8.94123567363424
const-int,8,2-stackless,1,3,False,2135224,0.018868166,8.836621356822516
const-int,8,2-stackless,1,4,False,2135224,0.019104125,8.947129200496061
const-int,8,1x,2,0,True,2135224,0.0249684,11.69357406998048
const-int,8,1x,2,1,True,2135224,0.0267342,12.520559903785271
const-int,8,1x,2,2,False,2135224,0.0261783,12.26021251166154
const-int,8,1x,2,3,False,2135224,0.0272455,12.760019557667018
const-int,8,1x,2,4,False,2135224,0.0256215,11.999443618093464
const-int,8,2-stackless,2,0,True,2135224,0.019120584,8.954837525243253
const-int,8,2-stackless,2,1,True,2135224,0.019227499999999998,9.004910023491679
const-int,8,2-stackless,2,2,False,2135224,0.019103625,8.94689503302698
const-int,8,2-stackless,2,3,False,2135224,0.019048625,8.921136611428121
const-int,8,2-stackless,2,4,False,2135224,0.019074000000000008,8.933020610483963
do-int,0,1x,0,0,True,4214253,0.0215537,5.114476990346806
do-int,0,1x,0,1,True,4214253,0.0215672,5.1176804050445
do-int,0,1x,0,2,False,4214253,0.0214222,5.0832733582914935
do-int,0,1x,0,3,False,4214253,0.0216095,5.127717771097274
do-int,0,1x,0,4,False,4214253,0.0215228,5.107144730038752
do-int,0,2-stackless,0,0,True,4214253,0.017942083,4.257476473291945
do-int,0,2-stackless,0,1,True,4214253,0.017885124999999998,4.2439609107474086
do-int,0,2-stackless,0,2,False,4214253,0.017894874999999998,4.2462744880290755
do-int,0,2-stackless,0,3,False,4214253,0.017995000000000004,4.270033147036973
do-int,0,2-stackless,0,4,False,4214253,0.017991542,4.269212598294407
do-int,0,1x,1,0,True,4214253,0.0217578,5.1629078747763835
do-int,0,1x,1,1,True,4214253,0.0216606,5.139843288952989
do-int,0,1x,1,2,False,4214253,0.0216442,5.135951733320235
do-int,0,1x,1,3,False,4214253,0.0217979,5.172423202878423
do-int,0,1x,1,4,False,4214253,0.021698,5.1487179341154885
do-int,0,2-stackless,1,0,True,4214253,0.017957458,4.261124806697652
do-int,0,2-stackless,1,1,True,4214253,0.017893125,4.245859230568264
do-int,0,2-stackless,1,2,False,4214253,0.017918084,4.251781751119356
do-int,0,2-stackless,1,3,False,4214253,0.0179,4.247490599164312
do-int,0,2-stackless,1,4,False,4214253,0.017932125000000007,4.255113539694937
do-int,0,2-stackless,2,0,True,4214253,0.017930333,4.254688316055064
do-int,0,2-stackless,2,1,True,4214253,0.017947417000000004,4.258742178032501
do-int,0,2-stackless,2,2,False,4214253,0.017965166000000005,4.262953837845047
do-int,0,2-stackless,2,3,False,4214253,0.018004208,4.272218113150776
do-int,0,2-stackless,2,4,False,4214253,0.01796708300000001,4.2634087227321205
do-int,0,1x,2,0,True,4214253,0.0220793,5.2391966025770165
do-int,0,1x,2,1,True,4214253,0.0225325,5.346736420428484
do-int,0,1x,2,2,False,4214253,0.0228184,5.414577625026309
do-int,0,1x,2,3,False,4214253,0.0224979,5.338526187203284
do-int,0,1x,2,4,False,4214253,0.0225333,5.34692625241057
const-string,256,2-stackless,0,0,True,143722,0.020052125,139.52021959059851
const-string,256,2-stackless,0,1,True,143722,0.020236291,140.80162396849474
const-string,256,2-stackless,0,2,False,143722,0.020275833,141.0767523413256
const-string,256,2-stackless,0,3,False,143722,0.020095333999999992,139.82086249843442
const-string,256,2-stackless,0,4,False,143722,0.020059500000000008,139.57153393356623
const-string,256,1x,0,0,True,143722,0.0301815,209.9991650547585
const-string,256,1x,0,1,True,143722,0.0306126,212.99870583487566
const-string,256,1x,0,2,False,143722,0.0306522,213.2742377645733
const-string,256,1x,0,3,False,143722,0.0310225,215.85073962232644
const-string,256,1x,0,4,False,143722,0.0309546,215.3782997731732
const-string,256,2-stackless,1,0,True,143722,0.019896,138.43392104201166
const-string,256,2-stackless,1,1,True,143722,0.020380416999999998,141.80443495080777
const-string,256,2-stackless,1,2,False,143722,0.020141,140.1386009100903
const-string,256,2-stackless,1,3,False,143722,0.020115499999999994,139.96117504626986
const-string,256,2-stackless,1,4,False,143722,0.020371209,141.7403668192761
const-string,256,1x,1,0,True,143722,0.030969,215.47849320215417
const-string,256,1x,1,1,True,143722,0.0295104,205.3297337916255
const-string,256,1x,1,2,False,143722,0.0299891,208.6604695175408
const-string,256,1x,1,3,False,143722,0.0300227,208.89425418516302
const-string,256,1x,1,4,False,143722,0.030028,208.93113093332963
const-string,256,1x,2,0,True,143722,0.0302935,210.77844728016586
const-string,256,1x,2,1,True,143722,0.0309208,215.14312353014847
const-string,256,1x,2,2,False,143722,0.0311671,216.85684863834348
const-string,256,1x,2,3,False,143722,0.0309103,215.07006582151655
const-string,256,1x,2,4,False,143722,0.0306739,213.42522369574596
const-string,256,2-stackless,2,0,True,143722,0.02010825,139.91073043792878
const-string,256,2-stackless,2,1,True,143722,0.020336708,141.50031310446556
const-string,256,2-stackless,2,2,False,143722,0.020160041000000004,140.2710858462866
const-string,256,2-stackless,2,3,False,143722,0.020139875,140.13077329845117
const-string,256,2-stackless,2,4,False,143722,0.020179249999999996,140.40473970582093
make-seq,256,1x,0,0,True,16229,0.0210316,1295.9270441801714
make-seq,256,1x,0,1,True,16229,0.0212227,1307.7022613839424
make-seq,256,1x,0,2,False,16229,0.0208765,1286.3700782549756
make-seq,256,1x,0,3,False,16229,0.020842,1284.2442541130076
make-seq,256,1x,0,4,False,16229,0.0208643,1285.618337543903
make-seq,256,2-stackless,0,0,True,16229,0.033959208000000005,2092.5015712613226
make-seq,256,2-stackless,0,1,True,16229,0.033853749999999995,2086.0034506130996
make-seq,256,2-stackless,0,2,False,16229,0.033986040999999995,2094.1549694990445
make-seq,256,2-stackless,0,3,False,16229,0.033460667,2061.7824265204263
make-seq,256,2-stackless,0,4,False,16229,0.032253665999999986,1987.4093289789873
make-seq,256,1x,1,0,True,16229,0.0206241,1270.8176720685194
make-seq,256,1x,1,1,True,16229,0.0205442,1265.8943865919034
make-seq,256,1x,1,2,False,16229,0.0205238,1264.637377534044
make-seq,256,1x,1,3,False,16229,0.0204529,1260.2686548770719
make-seq,256,1x,1,4,False,16229,0.0204326,1259.0178076283196
make-seq,256,2-stackless,1,0,True,16229,0.033924667,2090.37322077762
make-seq,256,2-stackless,1,1,True,16229,0.036311625,2237.453016205558
make-seq,256,2-stackless,1,2,False,16229,0.037352458000000005,2301.587158789821
make-seq,256,2-stackless,1,3,False,16229,0.037760292,2326.717111343891
make-seq,256,2-stackless,1,4,False,16229,0.03504712500000001,2159.5369400455984
make-seq,256,2-stackless,2,0,True,16229,0.03275625,2018.3775956620864
make-seq,256,2-stackless,2,1,True,16229,0.032313207999999996,1991.0781933575695
make-seq,256,2-stackless,2,2,False,16229,0.032054958999999994,1975.1653829564355
make-seq,256,2-stackless,2,3,False,16229,0.03181854199999999,1960.5978187195756
make-seq,256,2-stackless,2,4,False,16229,0.031639,1949.53478341241
make-seq,256,1x,2,0,True,16229,0.0202353,1246.860558259905
make-seq,256,1x,2,1,True,16229,0.0203314,1252.78205681188
make-seq,256,1x,2,2,False,16229,0.0206197,1270.5465524678045
make-seq,256,1x,2,3,False,16229,0.0205715,1267.5765604781564
make-seq,256,1x,2,4,False,16229,0.0205211,1264.4710086881507
add-float4,256,2-stackless,0,0,True,84245,0.019897958,236.1915603299899
add-float4,256,2-stackless,0,1,True,84245,0.019956582999999996,236.88744732625076
add-float4,256,2-stackless,0,2,False,84245,0.020074209000000003,238.28368449166126
add-float4,256,2-stackless,0,3,False,84245,0.019920333,236.45715472728352
add-float4,256,2-stackless,0,4,False,84245,0.020154332999999997,239.2347676419965
add-float4,256,1x,0,0,True,84245,0.0178105,211.4131402457119
add-float4,256,1x,0,1,True,84245,0.0176832,209.9020713395454
add-float4,256,1x,0,2,False,84245,0.0177382,210.55492907590954
add-float4,256,1x,0,3,False,84245,0.0177957,211.23746216392664
add-float4,256,1x,0,4,False,84245,0.0177536,210.73772924209152
add-float4,256,2-stackless,1,0,True,84245,0.020546209,243.88639088373196
add-float4,256,2-stackless,1,1,True,84245,0.019905332999999997,236.27910261736596
add-float4,256,2-stackless,1,2,False,84245,0.020000875,237.4131995964152
add-float4,256,2-stackless,1,3,False,84245,0.019985124999999992,237.22624488100175
add-float4,256,2-stackless,1,4,False,84245,0.019983083,237.20200605377173
add-float4,256,1x,1,0,True,84245,0.033975,403.28802896314323
add-float4,256,1x,1,1,True,84245,0.0600305,712.5704789601757
add-float4,256,1x,1,2,False,84245,0.0608338,722.105762953291
add-float4,256,1x,1,3,False,84245,0.059903,711.0570360258769
add-float4,256,1x,1,4,False,84245,0.0487236,578.3559855184284
add-float4,256,1x,2,0,True,84245,0.031981,379.6189684847766
add-float4,256,1x,2,1,True,84245,0.0505696,600.2682651789423
add-float4,256,1x,2,2,False,84245,0.0178843,212.289156626506
add-float4,256,1x,2,3,False,84245,0.0332082,394.1860051041605
add-float4,256,1x,2,4,False,84245,0.0345632,410.2700457000415
add-float4,256,2-stackless,2,0,True,84245,0.0199325,236.60157872870795
add-float4,256,2-stackless,2,1,True,84245,0.019908165999999998,236.31273072585907
add-float4,256,2-stackless,2,2,False,84245,0.019940167,236.6925870971571
add-float4,256,2-stackless,2,3,False,84245,0.019893207999999996,236.13517716184933
add-float4,256,2-stackless,2,4,False,84245,0.019900709000000003,236.22421508694882
add-int,0,1x,0,0,True,4804805,0.02509,5.221856037862098
add-int,0,1x,0,1,True,4804805,0.0250818,5.2201494129314305
add-int,0,1x,0,2,False,4804805,0.025455,5.2978216597759955
add-int,0,1x,0,3,False,4804805,0.0257027,5.349374220181672
add-int,0,1x,0,4,False,4804805,0.0253101,5.267664348501135
add-int,0,2-stackless,0,0,True,4804805,0.020576833,4.282553194146277
add-int,0,2-stackless,0,1,True,4804805,0.020587374999999998,4.284747247807142
add-int,0,2-stackless,0,2,False,4804805,0.020625417,4.292664738735495
add-int,0,2-stackless,0,3,False,4804805,0.020713624999999992,4.3110230279896875
add-int,0,2-stackless,0,4,False,4804805,0.020582083,4.2836458503518875
add-int,0,2-stackless,1,0,True,4804805,0.020402,4.246166077499503
add-int,0,2-stackless,1,1,True,4804805,0.020419625,4.249834280475483
add-int,0,2-stackless,1,2,False,4804805,0.020515416,4.269770781540562
add-int,0,2-stackless,1,3,False,4804805,0.020551749999999994,4.277332794983353
add-int,0,2-stackless,1,4,False,4804805,0.02041008300000001,4.247848351806163
add-int,0,1x,1,0,True,4804805,0.0246393,5.128054104172802
add-int,0,1x,1,1,True,4804805,0.0247167,5.144162978518379
add-int,0,1x,1,2,False,4804805,0.0246593,5.1322166040037
add-int,0,1x,1,3,False,4804805,0.0246316,5.126451541737906
add-int,0,1x,1,4,False,4804805,0.0245003,5.099124730348058
add-int,0,2-stackless,2,0,True,4804805,0.020395875,4.24489131192629
add-int,0,2-stackless,2,1,True,4804805,0.02042575,4.251109046048695
add-int,0,2-stackless,2,2,False,4804805,0.020436334,4.253311840959206
add-int,0,2-stackless,2,3,False,4804805,0.020614833,4.290461943824983
add-int,0,2-stackless,2,4,False,4804805,0.02040145800000001,4.246053273754088
add-int,0,1x,2,0,True,4804805,0.0244719,5.093213980588182
add-int,0,1x,2,1,True,4804805,0.0247962,5.1607089153462
add-int,0,1x,2,2,False,4804805,0.0251492,5.234177037361558
add-int,0,1x,2,3,False,4804805,0.0251826,5.241128412079158
add-int,0,1x,2,4,False,4804805,0.0252073,5.246269099370318
assign-seq,0,2-stackless,0,0,True,4203182,0.020312917,4.83274742802001
assign-seq,0,2-stackless,0,1,True,4203182,0.020249917000000003,4.817758783702444
assign-seq,0,2-stackless,0,2,False,4203182,0.020160959,4.79659434209606
assign-seq,0,2-stackless,0,3,False,4203182,0.020216415999999994,4.809788393650333
assign-seq,0,2-stackless,0,4,False,4203182,0.020716582999999997,4.92878562003739
assign-seq,0,1x,0,0,True,4203182,0.181119,43.09092492307019
assign-seq,0,1x,0,1,True,4203182,0.180531,42.95103090943956
assign-seq,0,1x,0,2,False,4203182,0.180045,42.83540422470404
assign-seq,0,1x,0,3,False,4203182,0.181221,43.1151922519653
assign-seq,0,1x,0,4,False,4203182,0.181692,43.2272502118633
assign-seq,0,1x,1,0,True,4203182,0.180944,43.049289799965834
assign-seq,0,1x,1,1,True,4203182,0.181024,43.06832299909925
assign-seq,0,1x,1,2,False,4203182,0.180756,43.004561782002305
assign-seq,0,1x,1,3,False,4203182,0.180586,42.96411623384379
assign-seq,0,1x,1,4,False,4203182,0.180416,42.92367068568527
assign-seq,0,2-stackless,1,0,True,4203182,0.020286,4.826343470256582
assign-seq,0,2-stackless,1,1,True,4203182,0.020317750000000002,4.833897271162658
assign-seq,0,2-stackless,1,2,False,4203182,0.020299583000000003,4.829575069554448
assign-seq,0,2-stackless,1,3,False,4203182,0.02033112499999999,4.837079384142774
assign-seq,0,2-stackless,1,4,False,4203182,0.020214083999999993,4.809233575895593
assign-seq,0,1x,2,0,True,4203182,0.181969,43.293152663862756
assign-seq,0,1x,2,1,True,4203182,0.181126,43.092590327994365
assign-seq,0,1x,2,2,False,4203182,0.181694,43.227726041841635
assign-seq,0,1x,2,3,False,4203182,0.181563,43.196559178260664
assign-seq,0,1x,2,4,False,4203182,0.180987,43.05952014450005
assign-seq,0,2-stackless,2,0,True,4203182,0.020244291,4.816420273973385
assign-seq,0,2-stackless,2,1,True,4203182,0.020572084,4.894407142017643
assign-seq,0,2-stackless,2,2,False,4203182,0.020478000000000003,4.872023148176787
assign-seq,0,2-stackless,2,3,False,4203182,0.020832125,4.956274793715808
assign-seq,0,2-stackless,2,4,False,4203182,0.02072341600000001,4.930411293158375
take-seq,8,1x,0,0,True,862534,0.0226913,26.307716565375973
take-seq,8,1x,0,1,True,862534,0.0226742,26.28789125993874
take-seq,8,1x,0,2,False,862534,0.0226456,26.254733146751317
take-seq,8,1x,0,3,False,862534,0.0225998,26.201633790667962
take-seq,8,1x,0,4,False,862534,0.022476,26.058103216800728
take-seq,8,2-stackless,0,0,True,862534,0.021567709,25.005053713824616
take-seq,8,2-stackless,0,1,True,862534,0.021490792,24.915878098718427
take-seq,8,2-stackless,0,2,False,862534,0.021391875000000005,24.801196242698843
take-seq,8,2-stackless,0,3,False,862534,0.021394125,24.80380483551953
take-seq,8,2-stackless,0,4,False,862534,0.021324582999999994,24.723179607992257
take-seq,8,1x,1,0,True,862534,0.0225291,26.119666007368984
take-seq,8,1x,1,1,True,862534,0.0234439,27.180261879531706
take-seq,8,1x,1,2,False,862534,0.0232141,26.913837599445355
take-seq,8,1x,1,3,False,862534,0.023128,26.814015447506996
take-seq,8,1x,1,4,False,862534,0.0231147,26.79859576550026
take-seq,8,2-stackless,1,0,True,862534,0.021317541000000002,24.715015292150806
take-seq,8,2-stackless,1,1,True,862534,0.021442417000000002,24.859793353073616
take-seq,8,2-stackless,1,2,False,862534,0.021389000000000005,24.797863040761296
take-seq,8,2-stackless,1,3,False,862534,0.021508374999999996,24.936263382081165
take-seq,8,2-stackless,1,4,False,862534,0.021381458000000006,24.789119037626353
take-seq,8,2-stackless,2,0,True,862534,0.021307167,24.702987940185547
take-seq,8,2-stackless,2,1,True,862534,0.021393166,24.80269299529062
take-seq,8,2-stackless,2,2,False,862534,0.021450000000000004,24.868584890566638
take-seq,8,2-stackless,2,3,False,862534,0.021512332999999995,24.940852186696404
take-seq,8,2-stackless,2,4,False,862534,0.021376000000000006,24.782791171130654
take-seq,8,1x,2,0,True,862534,0.0229754,26.637094885534946
take-seq,8,1x,2,1,True,862534,0.0228553,26.497853997639513
take-seq,8,1x,2,2,False,862534,0.0232497,26.955111334741588
take-seq,8,1x,2,3,False,862534,0.0228454,26.486376189228483
take-seq,8,1x,2,4,False,862534,0.0229625,26.622138953363
take-table,8,2-stackless,0,0,True,888558,0.019099750000000002,21.495220345773717
take-table,8,2-stackless,0,1,True,888558,0.018971500000000002,21.3508853670779
take-table,8,2-stackless,0,2,False,888558,0.018735042,21.084771056025605
take-table,8,2-stackless,0,3,False,888558,0.018793708,21.150794883395346
take-table,8,2-stackless,0,4,False,888558,0.018733,21.082472950555843
take-table,8,1x,0,0,True,888558,0.0240306,27.04449231226324
take-table,8,1x,0,1,True,888558,0.0243775,27.434900141577703
take-table,8,1x,0,2,False,888558,0.023779,26.76133690766388
take-table,8,1x,0,3,False,888558,0.0236354,26.59972674828205
take-table,8,1x,0,4,False,888558,0.0245158,27.590545580592376
take-table,8,2-stackless,1,0,True,888558,0.018600167,20.93298017687084
take-table,8,2-stackless,1,1,True,888558,0.018566375,20.894950020145
take-table,8,2-stackless,1,2,False,888558,0.018693958999999996,21.038535469828638
take-table,8,2-stackless,1,3,False,888558,0.01874866699999999,21.100104889044935
take-table,8,2-stackless,1,4,False,888558,0.018690582999999997,21.034736055496655
take-table,8,1x,1,0,True,888558,0.0236689,26.637428282678226
take-table,8,1x,1,1,True,888558,0.0233215,26.246457743895164
take-table,8,1x,1,2,False,888558,0.0237991,26.783957828301585
take-table,8,1x,1,3,False,888558,0.0235755,26.532314153943805
take-table,8,1x,1,4,False,888558,0.0235591,26.513857283373735
take-table,8,2-stackless,2,0,True,888558,0.01922725,21.638711260266636
take-table,8,2-stackless,2,1,True,888558,0.018640458,20.97832443126954
take-table,8,2-stackless,2,2,False,888558,0.018777125,21.132132061159766
take-table,8,2-stackless,2,3,False,888558,0.018817334000000005,21.17738403120562
take-table,8,2-stackless,2,4,False,888558,0.018721500000000002,21.069530632778054
take-table,8,1x,2,0,True,888558,0.0240881,27.109203901152203
take-table,8,1x,2,1,True,888558,0.0243066,27.355107938930267
take-table,8,1x,2,2,False,888558,0.0240586,27.076004042504824
take-table,8,1x,2,3,False,888558,0.0244388,27.503888322428026
take-table,8,1x,2,4,False,888558,0.0243655,27.42139511433131
const-table,256,2-stackless,0,0,True,145879,0.02016025,138.19843843185106
const-table,256,2-stackless,0,1,True,145879,0.020444208,140.14496946099163
const-table,256,2-stackless,0,2,False,145879,0.020490042,140.45916135975705
const-table,256,2-stackless,0,3,False,145879,0.020444457999999992,140.1466832100576
const-table,256,2-stackless,0,4,False,145879,0.020155416999999995,138.16530823490697
const-table,256,1x,0,0,True,145879,0.0394544,270.4597645994283
const-table,256,1x,0,1,True,145879,0.0394032,270.1087887907101
const-table,256,1x,0,2,False,145879,0.0398927,273.46430946195136
const-table,256,1x,0,3,False,145879,0.0403388,276.5223232953338
const-table,256,1x,0,4,False,145879,0.0386769,265.1300050041473
const-table,256,2-stackless,1,0,True,145879,0.020356083,139.54087291522427
const-table,256,2-stackless,1,1,True,145879,0.020587374999999998,141.12637871112358
const-table,256,2-stackless,1,2,False,145879,0.020640917,141.49340892109214
const-table,256,2-stackless,1,3,False,145879,0.020637917,141.47284393230007
const-table,256,2-stackless,1,4,False,145879,0.02063899999999999,141.4802678932539
const-table,256,1x,1,0,True,145879,0.0403095,276.3214719047978
const-table,256,1x,1,1,True,145879,0.0385649,264.3622454225762
const-table,256,1x,1,2,False,145879,0.0387232,265.44739133117173
const-table,256,1x,1,3,False,145879,0.0394393,270.3562541558415
const-table,256,1x,1,4,False,145879,0.0392723,269.211469779749
const-table,256,2-stackless,2,0,True,145879,0.020103708,137.81084323309045
const-table,256,2-stackless,2,1,True,145879,0.020359666999999998,139.5654412218345
const-table,256,2-stackless,2,2,False,145879,0.020388584,139.7636671488014
const-table,256,2-stackless,2,3,False,145879,0.020505707999999997,140.56655173122928
const-table,256,2-stackless,2,4,False,145879,0.019654040999999997,134.72837762803417
const-table,256,1x,2,0,True,145879,0.0393271,269.58712357501764
const-table,256,1x,2,1,True,145879,0.0391032,268.052289911502
const-table,256,1x,2,2,False,145879,0.0402808,276.1247335120202
const-table,256,1x,2,3,False,145879,0.0391866,268.62399659992184
const-table,256,1x,2,4,False,145879,0.0396997,272.1412951829941
assign-table,64,2-stackless,0,0,True,57070,0.014508624999999999,254.22507446994916
assign-table,64,2-stackless,0,1,True,57070,0.014650999999999999,256.71981776765375
assign-table,64,2-stackless,0,2,False,57070,0.014679417,257.2177501314176
assign-table,64,2-stackless,0,3,False,57070,0.014547375000000001,254.9040651831085
assign-table,64,2-stackless,0,4,False,57070,0.014530292,254.60473103206587
assign-table,64,1x,0,0,True,57070,0.248723,4358.209216751358
assign-table,64,1x,0,1,True,57070,0.249001,4363.08042754512
assign-table,64,1x,0,2,False,57070,0.246186,4313.755037673033
assign-table,64,1x,0,3,False,57070,0.242499,4249.150166462239
assign-table,64,1x,0,4,False,57070,0.243189,4261.240581741721
assign-table,64,1x,1,0,True,57070,0.245968,4309.935167338356
assign-table,64,1x,1,1,True,57070,0.252467,4423.812861398283
assign-table,64,1x,1,2,False,57070,0.24235,4246.539337655511
assign-table,64,1x,1,3,False,57070,0.24298,4257.578412475907
assign-table,64,1x,1,4,False,57070,0.247929,4344.296478009462
assign-table,64,2-stackless,1,0,True,57070,0.014715416,257.8485368845278
assign-table,64,2-stackless,1,1,True,57070,0.014665,256.9651305414403
assign-table,64,2-stackless,1,2,False,57070,0.014644333000000002,256.6029963203084
assign-table,64,2-stackless,1,3,False,57070,0.014621333,256.19998247765903
assign-table,64,2-stackless,1,4,False,57070,0.014783540999999997,259.0422463641142
assign-table,64,1x,2,0,True,57070,0.245022,4293.359032766778
assign-table,64,1x,2,1,True,57070,0.237314,4158.296828456282
assign-table,64,1x,2,2,False,57070,0.242306,4245.768354652181
assign-table,64,1x,2,3,False,57070,0.245201,4296.495531803049
assign-table,64,1x,2,4,False,57070,0.245131,4295.268967934116
assign-table,64,2-stackless,2,0,True,57070,0.014638333,256.49786227439984
assign-table,64,2-stackless,2,1,True,57070,0.015021625,263.2140353951288
assign-table,64,2-stackless,2,2,False,57070,0.015118624999999997,264.91370247065004
assign-table,64,2-stackless,2,3,False,57070,0.015156457999999998,265.5766251971263
assign-table,64,2-stackless,2,4,False,57070,0.015019667000000007,263.1797266514808
add-float4,0,1x,0,0,True,4824160,0.0260053,5.390637955623363
add-float4,0,1x,0,1,True,4824160,0.0260393,5.397685814732513
add-float4,0,1x,0,2,False,4824160,0.0259909,5.387652980000663
add-float4,0,1x,0,3,False,4824160,0.0261987,5.430727836556001
add-float4,0,1x,0,4,False,4824160,0.0260795,5.406018871679215
add-float4,0,2-stackless,0,0,True,4824160,0.020541042000000002,4.257952057974861
add-float4,0,2-stackless,0,1,True,4824160,0.020512750000000003,4.252087410036152
add-float4,0,2-stackless,0,2,False,4824160,0.020445541999999997,4.238155865477098
add-float4,0,2-stackless,0,3,False,4824160,0.02033299999999999,4.21482703724586
add-float4,0,2-stackless,0,4,False,4824160,0.02076924999999999,4.3052572883154765
add-float4,0,2-stackless,1,0,True,4824160,0.020479916,4.24528125103645
add-float4,0,2-stackless,1,1,True,4824160,0.020539207999999996,4.2575718881629125
add-float4,0,2-stackless,1,2,False,4824160,0.020843458999999995,4.320640069981095
add-float4,0,2-stackless,1,3,False,4824160,0.020828874999999997,4.317616953003216
add-float4,0,2-stackless,1,4,False,4824160,0.020863458,4.324785662167092
add-float4,0,1x,1,0,True,4824160,0.0258818,5.3650376438592415
add-float4,0,1x,1,1,True,4824160,0.0258927,5.367297104573646
add-float4,0,1x,1,2,False,4824160,0.0261061,5.411532784982256
add-float4,0,1x,1,3,False,4824160,0.0260922,5.408651454346456
add-float4,0,1x,1,4,False,4824160,0.0259566,5.380542933899373
add-float4,0,1x,2,0,True,4824160,0.0248152,5.143942157805712
add-float4,0,1x,2,1,True,4824160,0.0247914,5.139008656429306
add-float4,0,1x,2,2,False,4824160,0.0249783,5.177751152532254
add-float4,0,1x,2,3,False,4824160,0.0248343,5.147901396305263
add-float4,0,1x,2,4,False,4824160,0.0248627,5.153788431561142
add-float4,0,2-stackless,2,0,True,4824160,0.020367208,4.221918012669563
add-float4,0,2-stackless,2,1,True,4824160,0.020344875000000002,4.21728860568472
add-float4,0,2-stackless,2,2,False,4824160,0.020789125,4.309377176544725
add-float4,0,2-stackless,2,3,False,4824160,0.020363708999999994,4.221192705051241
add-float4,0,2-stackless,2,4,False,4824160,0.020441957999999996,4.237412938211004
assign-int,8,1x,0,0,True,1064306,0.0207262,19.473910698614873
assign-int,8,1x,0,1,True,1064306,0.0206933,19.442998536135285
assign-int,8,1x,0,2,False,1064306,0.0208716,19.61052554434533
assign-int,8,1x,0,3,False,1064306,0.0208459,19.586378353593798
assign-int,8,1x,0,4,False,1064306,0.0208387,19.57961338186574
assign-int,8,2-stackless,0,0,True,1064306,0.022146708,20.808590762431106
assign-int,8,2-stackless,0,1,True,1064306,0.022302583,20.95504770244648
assign-int,8,2-stackless,0,2,False,1064306,0.022591958000000002,21.226938493252884
assign-int,8,2-stackless,0,3,False,1064306,0.022679332999999996,21.309034243911054
assign-int,8,2-stackless,0,4,False,1064306,0.02251541600000001,21.155021206307218
assign-int,8,1x,1,0,True,1064306,0.0210833,19.8094345047383
assign-int,8,1x,1,1,True,1064306,0.0210254,19.75503285709185
assign-int,8,1x,1,2,False,1064306,0.0212889,20.002612030750555
assign-int,8,1x,1,3,False,1064306,0.0215443,20.242580611215196
assign-int,8,1x,1,4,False,1064306,0.0212248,19.942384990782728
assign-int,8,2-stackless,1,0,True,1064306,0.023397,21.98333937796085
assign-int,8,2-stackless,1,1,True,1064306,0.022885,21.502274721743557
assign-int,8,2-stackless,1,2,False,1064306,0.022668917000000004,21.299247584811138
assign-int,8,2-stackless,1,3,False,1064306,0.02301470800000001,21.624145687424488
assign-int,8,2-stackless,1,4,False,1064306,0.022426749999999995,21.071712458635012
assign-int,8,2-stackless,2,0,True,1064306,0.022492709,21.133686176719852
assign-int,8,2-stackless,2,1,True,1064306,0.022378874999999996,21.026730094540476
assign-int,8,2-stackless,2,2,False,1064306,0.022590417,21.225490601387197
assign-int,8,2-stackless,2,3,False,1064306,0.022560666000000007,21.19753717445923
assign-int,8,2-stackless,2,4,False,1064306,0.022318958,20.97043331523077
assign-int,8,1x,2,0,True,1064306,0.0206866,19.436703354110566
assign-int,8,1x,2,1,True,1064306,0.020581,19.33748376876575
assign-int,8,1x,2,2,False,1064306,0.0208341,19.575291316595038
assign-int,8,1x,2,3,False,1064306,0.0208915,19.62922317453815
assign-int,8,1x,2,4,False,1064306,0.0208633,19.602727035269933
get-seq,8,1x,0,0,True,2224274,0.111192,49.99024400770768
get-seq,8,1x,0,1,True,2224274,0.11387,51.19423236525716
get-seq,8,1x,0,2,False,2224274,0.111255,50.01856785629828
get-seq,8,1x,0,3,False,2224274,0.111693,50.21548604173766
get-seq,8,1x,0,4,False,2224274,0.111354,50.06307676122636
get-seq,8,2-stackless,0,0,True,2224274,0.021496584,9.66453953065135
get-seq,8,2-stackless,0,1,True,2224274,0.022054792,9.915501417541185
get-seq,8,2-stackless,0,2,False,2224274,0.021422874999999994,9.631401077385247
get-seq,8,2-stackless,0,3,False,2224274,0.02151575,9.673156274811467
get-seq,8,2-stackless,0,4,False,2224274,0.021550874999999997,9.688947944362967
get-seq,8,2-stackless,1,0,True,2224274,0.021763708,9.78463444701507
get-seq,8,2-stackless,1,1,True,2224274,0.02106,9.468257957427907
get-seq,8,2-stackless,1,2,False,2224274,0.020969499999999995,9.427570524135064
get-seq,8,2-stackless,1,3,False,2224274,0.021286833000000005,9.570238648655698
get-seq,8,2-stackless,1,4,False,2224274,0.021313458000000007,9.582208846571964
get-seq,8,1x,1,0,True,2224274,0.113224,50.90380052097898
get-seq,8,1x,1,1,True,2224274,0.112806,50.71587403350487
get-seq,8,1x,1,2,False,2224274,0.112111,50.40341252921178
get-seq,8,1x,1,3,False,2224274,0.111887,50.30270551200077
get-seq,8,1x,1,4,False,2224274,0.110954,49.883242801920986
get-seq,8,1x,2,0,True,2224274,0.111901,50.30899970057646
get-seq,8,1x,2,1,True,2224274,0.112743,50.687550184914265
get-seq,8,1x,2,2,False,2224274,0.111172,49.981252309742416
get-seq,8,1x,2,3,False,2224274,0.111383,50.076114723276
get-seq,8,1x,2,4,False,2224274,0.110598,49.7231905781392
get-seq,8,2-stackless,2,0,True,2224274,0.020902667,9.397523416629426
get-seq,8,2-stackless,2,1,True,2224274,0.020974999999999997,9.430043241075513
get-seq,8,2-stackless,2,2,False,2224274,0.021228500000000004,9.544013012785298
get-seq,8,2-stackless,2,3,False,2224274,0.02112137500000001,9.49585123055883
get-seq,8,2-stackless,2,4,False,2224274,0.020999125000000007,9.440889476746124
update-int,64,2-stackless,0,0,True,317692,0.019599625,61.693794618687285
update-int,64,2-stackless,0,1,True,317692,0.019217040999999997,60.4895338881684
update-int,64,2-stackless,0,2,False,317692,0.019029500000000005,59.89921055613615
update-int,64,2-stackless,0,3,False,317692,0.019551292000000005,61.541656698941125
update-int,64,2-stackless,0,4,False,317692,0.019315166999999994,60.79840537375821
update-int,64,1x,0,0,True,317692,0.0245646,77.32206036034901
update-int,64,1x,0,1,True,317692,0.0243149,76.53607896956801
update-int,64,1x,0,2,False,317692,0.0245206,77.18356143686337
update-int,64,1x,0,3,False,317692,0.0248421,78.1955478891505
update-int,64,1x,0,4,False,317692,0.0246218,77.50210896088035
update-int,64,1x,1,0,True,317692,0.0249217,78.44610503254725
update-int,64,1x,1,1,True,317692,0.0245716,77.34409427999447
update-int,64,1x,1,2,False,317692,0.0250421,78.82508845044886
update-int,64,1x,1,3,False,317692,0.0254201,80.01492011130277
update-int,64,1x,1,4,False,317692,0.0253196,79.69857597925035
update-int,64,2-stackless,1,0,True,317692,0.019508041,61.40551540485753
update-int,64,2-stackless,1,1,True,317692,0.019607832999999998,61.719630963322956
update-int,64,2-stackless,1,2,False,317692,0.019884792000000005,62.591415584906144
update-int,64,2-stackless,1,3,False,317692,0.019913499999999994,62.68177983707488
update-int,64,2-stackless,1,4,False,317692,0.020126124999999995,63.351060146305215
update-int,64,2-stackless,2,0,True,317692,0.019531,61.47778351359178
update-int,64,2-stackless,2,1,True,317692,0.019756291000000002,62.18693262656914
update-int,64,2-stackless,2,2,False,317692,0.01976025,62.19939438198003
update-int,64,2-stackless,2,3,False,317692,0.019651165999999998,61.85603036903667
update-int,64,2-stackless,2,4,False,317692,0.019763624999999993,62.210017878951916
update-int,64,1x,2,0,True,317692,0.0251895,79.28905984412576
update-int,64,1x,2,1,True,317692,0.0247728,77.97741208466061
update-int,64,1x,2,2,False,317692,0.0252301,79.41685657806933
update-int,64,1x,2,3,False,317692,0.0269662,84.88158342041977
update-int,64,1x,2,4,False,317692,0.0254761,80.19119146846631
get-int,256,2-stackless,0,0,True,134206,0.019651417,146.42726107625592
get-int,256,2-stackless,0,1,True,134206,0.019483166999999996,145.17359134464925
get-int,256,2-stackless,0,2,False,134206,0.019561125,145.754474464629
get-int,256,2-stackless,0,3,False,134206,0.019422125,144.71875325991385
get-int,256,2-stackless,0,4,False,134206,0.019423333,144.72775434779368
get-int,256,1x,0,0,True,134206,0.0292444,217.906799994039
get-int,256,1x,0,1,True,134206,0.0288794,215.1871004277007
get-int,256,1x,0,2,False,134206,0.0290565,216.50671355975143
get-int,256,1x,0,3,False,134206,0.0299906,223.46690908007093
get-int,256,1x,0,4,False,134206,0.029814,222.1510215638645
get-int,256,1x,1,0,True,134206,0.0293164,218.44328867561808
get-int,256,1x,1,1,True,134206,0.028478,212.19617602789742
get-int,256,1x,1,2,False,134206,0.0285812,212.96514313816073
get-int,256,1x,1,3,False,134206,0.0289723,215.87931985157147
get-int,256,1x,1,4,False,134206,0.0292229,217.74659851273415
get-int,256,2-stackless,1,0,True,134206,0.019480042,145.1503062456224
get-int,256,2-stackless,1,1,True,134206,0.019296417,143.78207382680358
get-int,256,2-stackless,1,2,False,134206,0.019361792000000003,144.2691980984457
get-int,256,2-stackless,1,3,False,134206,0.019307042000000003,143.86124316349495
get-int,256,2-stackless,1,4,False,134206,0.019520750000000003,145.45363098520187
get-int,256,1x,2,0,True,134206,0.0288808,215.19753215206472
get-int,256,1x,2,1,True,134206,0.029393,219.0140530229647
get-int,256,1x,2,2,False,134206,0.0286865,213.74975783497013
get-int,256,1x,2,3,False,134206,0.0286856,213.74305172645037
get-int,256,1x,2,4,False,134206,0.0288607,215.04776239512393
get-int,256,2-stackless,2,0,True,134206,0.019483667,145.17731696049356
get-int,256,2-stackless,2,1,True,134206,0.019678833000000003,146.63154404423054
get-int,256,2-stackless,2,2,False,134206,0.020146499999999998,150.1162392143421
get-int,256,2-stackless,2,3,False,134206,0.019951374999999993,148.66231763110437
get-int,256,2-stackless,2,4,False,134206,0.019852375000000005,147.92464569393323
assign-seq,8,1x,0,0,True,628437,0.245557,390.742429233161
assign-seq,8,1x,0,1,True,628437,0.243906,388.1152764716272
assign-seq,8,1x,0,2,False,628437,0.246731,392.6105560302783
assign-seq,8,1x,0,3,False,628437,0.243417,387.33715551439525
assign-seq,8,1x,0,4,False,628437,0.244245,388.65471001866536
assign-seq,8,2-stackless,0,0,True,628437,0.020796,33.09162254927701
assign-seq,8,2-stackless,0,1,True,628437,0.020893708,33.24710034577849
assign-seq,8,2-stackless,0,2,False,628437,0.020978042000000002,33.381296772787096
assign-seq,8,2-stackless,0,3,False,628437,0.02090012499999999,33.257311393186576
assign-seq,8,2-stackless,0,4,False,628437,0.021573250000000002,34.32842114643155
assign-seq,8,2-stackless,1,0,True,628437,0.020868917,33.207651681871056
assign-seq,8,2-stackless,1,1,True,628437,0.020866749999999996,33.20420344441845
assign-seq,8,2-stackless,1,2,False,628437,0.020776208000000004,33.060128541126645
assign-seq,8,2-stackless,1,3,False,628437,0.020796375000000006,33.09221926780251
assign-seq,8,2-stackless,1,4,False,628437,0.020853125,33.18252267132584
assign-seq,8,1x,1,0,True,628437,0.247891,394.4564053357775
assign-seq,8,1x,1,1,True,628437,0.24504,389.9197532926928
assign-seq,8,1x,1,2,False,628437,0.242879,386.4810633364999
assign-seq,8,1x,1,3,False,628437,0.243401,387.31169552397455
assign-seq,8,1x,1,4,False,628437,0.24758,393.96152677197557
assign-seq,8,2-stackless,2,0,True,628437,0.020741625,33.00509836308174
assign-seq,8,2-stackless,2,1,True,628437,0.021323457999999997,33.9309397759839
assign-seq,8,2-stackless,2,2,False,628437,0.020957000000000003,33.3478137028851
assign-seq,8,2-stackless,2,3,False,628437,0.020826958999999992,33.14088603949162
assign-seq,8,2-stackless,2,4,False,628437,0.020830041999999993,33.1457918613958
assign-seq,8,1x,2,0,True,628437,0.243603,387.63312790303564
assign-seq,8,1x,2,1,True,628437,0.243636,387.6856391332783
assign-seq,8,1x,2,2,False,628437,0.245311,390.35098188044304
assign-seq,8,1x,2,3,False,628437,0.243672,387.7429241117248
assign-seq,8,1x,2,4,False,628437,0.243904,388.11209397282465
take-table,256,1x,0,0,True,35058,0.0283153,807.6701466141822
take-table,256,1x,0,1,True,35058,0.0277446,791.391408523019
take-table,256,1x,0,2,False,35058,0.0280668,800.5818928632551
take-table,256,1x,0,3,False,35058,0.0279193,796.3745792686406
take-table,256,1x,0,4,False,35058,0.028014,799.0758172171829
take-table,256,2-stackless,0,0,True,35058,0.019657042,560.7006104170232
take-table,256,2-stackless,0,1,True,35058,0.019429167,554.2006674653431
take-table,256,2-stackless,0,2,False,35058,0.019402917,553.4519082663015
take-table,256,2-stackless,0,3,False,35058,0.019309708000000002,550.7931998402647
take-table,256,2-stackless,0,4,False,35058,0.01935608300000001,552.1160077585719
take-table,256,1x,1,0,True,35058,0.0273059,778.8778595470363
take-table,256,1x,1,1,True,35058,0.0271116,773.3356152661304
take-table,256,1x,1,2,False,35058,0.0276517,788.7415140624108
take-table,256,1x,1,3,False,35058,0.0269498,768.7204061840379
take-table,256,1x,1,4,False,35058,0.026941,768.4693935763592
take-table,256,2-stackless,1,0,True,35058,0.019203959,547.7767984482857
take-table,256,2-stackless,1,1,True,35058,0.01934875,551.9068400935593
take-table,256,2-stackless,1,2,False,35058,0.019198292,547.6151520337726
take-table,256,2-stackless,1,3,False,35058,0.019149875000000004,546.2340977808204
take-table,256,2-stackless,1,4,False,35058,0.020916540999999997,596.6267613668776
take-table,256,2-stackless,2,0,True,35058,0.019461417,555.1205716241657
take-table,256,2-stackless,2,1,True,35058,0.019398541999999998,553.3271150664611
take-table,256,2-stackless,2,2,False,35058,0.0193285,551.3292258542986
take-table,256,2-stackless,2,3,False,35058,0.019212542,548.0216213132524
take-table,256,2-stackless,2,4,False,35058,0.019343458999999993,551.7559187631922
take-table,256,1x,2,0,True,35058,0.0282947,807.0825489189343
take-table,256,1x,2,1,True,35058,0.0281584,803.1947059159107
take-table,256,1x,2,2,False,35058,0.0286925,818.4294597524103
take-table,256,1x,2,3,False,35058,0.0280623,800.4535341434195
take-table,256,1x,2,4,False,35058,0.0279783,798.0575047064864
assign-string,64,1x,0,0,True,83594,0.0440615,527.0892647797689
assign-string,64,1x,0,1,True,83594,0.04509,539.3927793860803
assign-string,64,1x,0,2,False,83594,0.0442941,529.8717611311816
assign-string,64,1x,0,3,False,83594,0.0442048,528.8035026437304
assign-string,64,1x,0,4,False,83594,0.0441617,528.2879154006268
assign-string,64,2-stackless,0,0,True,83594,0.01999075,239.1409670550518
assign-string,64,2-stackless,0,1,True,83594,0.019973333,238.93261478096514
assign-string,64,2-stackless,0,2,False,83594,0.020175791999999998,241.35454697705572
assign-string,64,2-stackless,0,3,False,83594,0.019940832999999998,238.5438308969543
assign-string,64,2-stackless,0,4,False,83594,0.020395375000000007,243.98132641098653
assign-string,64,1x,1,0,True,83594,0.0451478,540.0842165705673
assign-string,64,1x,1,1,True,83594,0.0450814,539.2899011890805
assign-string,64,1x,1,2,False,83594,0.0442463,529.2999497571597
assign-string,64,1x,1,3,False,83594,0.0446642,534.2991123764864
assign-string,64,1x,1,4,False,83594,0.044052,526.9756202598272
assign-string,64,2-stackless,1,0,True,83594,0.019793584,236.78235280044024
assign-string,64,2-stackless,1,1,True,83594,0.019867959,237.67206976577268
assign-string,64,2-stackless,1,2,False,83594,0.020052915999999997,239.88463286838763
assign-string,64,2-stackless,1,3,False,83594,0.019998249999999995,239.2306864129004
assign-string,64,2-stackless,1,4,False,83594,0.019857165999999996,237.5429576285379
assign-string,64,1x,2,0,True,83594,0.0444417,531.6374380936431
assign-string,64,1x,2,1,True,83594,0.0434613,519.9093236356676
assign-string,64,1x,2,2,False,83594,0.0436485,522.1487188075699
assign-string,64,1x,2,3,False,83594,0.0436734,522.4465870756275
assign-string,64,1x,2,4,False,83594,0.0436407,522.0554106754073
assign-string,64,2-stackless,2,0,True,83594,0.019834834,237.2758092686078
assign-string,64,2-stackless,2,1,True,83594,0.020051417000000002,239.86670095939905
assign-string,64,2-stackless,2,2,False,83594,0.019866125,237.6501303921334
assign-string,64,2-stackless,2,3,False,83594,0.020003999999999994,239.29947125391766
assign-string,64,2-stackless,2,4,False,83594,0.019988000000000006,239.10806995717405
const-int,256,2-stackless,0,0,True,146521,0.020159792,137.58977893953767
const-int,256,2-stackless,0,1,True,146521,0.019972666000000004,136.31265142880545
const-int,256,2-stackless,0,2,False,146521,0.020328833000000004,138.74347704424625
const-int,256,2-stackless,0,3,False,146521,0.020360792000000003,138.96159594870363
const-int,256,2-stackless,0,4,False,146521,0.020660374999999995,141.00623801366353
const-int,256,1x,0,0,True,146521,0.0302917,206.739648241549
const-int,256,1x,0,1,True,146521,0.0303055,206.83383269292457
const-int,256,1x,0,2,False,146521,0.0302268,206.29670832167403
const-int,256,1x,0,3,False,146521,0.0303956,207.44876161096363
const-int,256,1x,0,4,False,146521,0.0297971,203.36402290456658
const-int,256,2-stackless,1,0,True,146521,0.020001416,136.50886903583788
const-int,256,2-stackless,1,1,True,146521,0.020340540999999997,138.82338367879004
const-int,256,2-stackless,1,2,False,146521,0.020430709,139.43877669412575
const-int,256,2-stackless,1,3,False,146521,0.020880749999999997,142.5102886275687
const-int,256,2-stackless,1,4,False,146521,0.020413874999999998,139.32388531336804
const-int,256,1x,1,0,True,146521,0.0301956,206.0837695620423
const-int,256,1x,1,1,True,146521,0.029537,201.5888507449444
const-int,256,1x,1,2,False,146521,0.0301992,206.1083394189229
const-int,256,1x,1,3,False,146521,0.0296305,202.22698452781512
const-int,256,1x,1,4,False,146521,0.0302546,206.4864422164741
const-int,256,1x,2,0,True,146521,0.0309851,211.4720756751592
const-int,256,1x,2,1,True,146521,0.0312445,213.24247036261013
const-int,256,1x,2,2,False,146521,0.0309553,211.2686918598699
const-int,256,1x,2,3,False,146521,0.0311096,212.3217832256127
const-int,256,1x,2,4,False,146521,0.0302799,206.65911371066264
const-int,256,2-stackless,2,0,True,146521,0.020562625,140.33909814975328
const-int,256,2-stackless,2,1,True,146521,0.020370292,139.02643307102736
const-int,256,2-stackless,2,2,False,146521,0.020935917,142.88680120938295
const-int,256,2-stackless,2,3,False,146521,0.02096420799999999,143.07988615966306
const-int,256,2-stackless,2,4,False,146521,0.020523582999999998,140.07263805188333
update-seq,8,1x,0,0,True,1608041,0.17594,109.41263313559791
update-seq,8,1x,0,1,True,1608041,0.177843,110.59606067258235
update-seq,8,1x,0,2,False,1608041,0.173189,107.70185586064036
update-seq,8,1x,0,3,False,1608041,0.171764,106.8156844259568
update-seq,8,1x,0,4,False,1608041,0.171029,106.35860652806738
update-seq,8,2-stackless,0,0,True,1608041,0.021546667000000002,13.399326882834458
update-seq,8,2-stackless,0,1,True,1608041,0.021598959,13.431845954176541
update-seq,8,2-stackless,0,2,False,1608041,0.021347792000000004,13.275651553660637
update-seq,8,2-stackless,0,3,False,1608041,0.021212083000000007,13.191257561218904
update-seq,8,2-stackless,0,4,False,1608041,0.024645792,15.326594284598464
update-seq,8,1x,1,0,True,1608041,0.167092,103.91028586957671
update-seq,8,1x,1,1,True,1608041,0.168107,104.54148868094781
update-seq,8,1x,1,2,False,1608041,0.169449,105.37604451627789
update-seq,8,1x,1,3,False,1608041,0.16858,104.83563540979365
update-seq,8,1x,1,4,False,1608041,0.168212,104.60678552350345
update-seq,8,2-stackless,1,0,True,1608041,0.021591417,13.427155775256974
update-seq,8,2-stackless,1,1,True,1608041,0.021193209,13.179520298300853
update-seq,8,2-stackless,1,2,False,1608041,0.020890291999999998,12.991143882525382
update-seq,8,2-stackless,1,3,False,1608041,0.02100054100000001,13.059704945334111
update-seq,8,2-stackless,1,4,False,1608041,0.021081040999999995,13.109765857960086
update-seq,8,1x,2,0,True,1608041,0.175162,108.92881462599523
update-seq,8,1x,2,1,True,1608041,0.173047,107.61354965451751
update-seq,8,1x,2,2,False,1608041,0.171274,106.51096582736386
update-seq,8,1x,2,3,False,1608041,0.172562,107.3119404293796
update-seq,8,1x,2,4,False,1608041,0.171153,106.43571898975213
update-seq,8,2-stackless,2,0,True,1608041,0.020796666000000002,12.932920242705254
update-seq,8,2-stackless,2,1,True,1608041,0.021174625,13.167963379043195
update-seq,8,2-stackless,2,2,False,1608041,0.021376332999999997,13.293400479216634
update-seq,8,2-stackless,2,3,False,1608041,0.02143724999999999,13.331283219768645
update-seq,8,2-stackless,2,4,False,1608041,0.021646833000000004,13.461617583133766
make-table,8,2-stackless,0,0,True,477091,0.051791500000000004,108.5568581255987
make-table,8,2-stackless,0,1,True,477091,0.0517765,108.52541758280915
make-table,8,2-stackless,0,2,False,477091,0.05244241599999999,109.92120161562468
make-table,8,2-stackless,0,3,False,477091,0.05267433400000002,110.40731013580222
make-table,8,2-stackless,0,4,False,477091,0.05431391699999999,113.84393543370132
make-table,8,1x,0,0,True,477091,0.0205094,42.988444552506756
make-table,8,1x,0,1,True,477091,0.0194091,40.682175937085375
make-table,8,1x,0,2,False,477091,0.0201625,42.261329599594205
make-table,8,1x,0,3,False,477091,0.020308,42.566302864652656
make-table,8,1x,0,4,False,477091,0.0199529,41.82200041501517
make-table,8,1x,1,0,True,477091,0.0203561,42.66712220519775
make-table,8,1x,1,1,True,477091,0.0202061,42.35271677730244
make-table,8,1x,1,2,False,477091,0.0203571,42.66921824138372
make-table,8,1x,1,3,False,477091,0.0202994,42.548276953453325
make-table,8,1x,1,4,False,477091,0.020697,43.381660940994486
make-table,8,2-stackless,1,0,True,477091,0.054000375,113.18674005588032
make-table,8,2-stackless,1,1,True,477091,0.053641375000000005,112.43426306511758
make-table,8,2-stackless,1,2,False,477091,0.05365883299999999,112.47085566485218
make-table,8,2-stackless,1,3,False,477091,0.053935959000000006,113.05172178892498
make-table,8,2-stackless,1,4,False,477091,0.05324441599999999,111.60222263677159
make-table,8,2-stackless,2,0,True,477091,0.052013500000000004,109.02217815888375
make-table,8,2-stackless,2,1,True,477091,0.052318541,109.66155513308782
make-table,8,2-stackless,2,2,False,477091,0.05335320900000001,111.83025670155173
make-table,8,2-stackless,2,3,False,477091,0.053490333,112.11767356751648
make-table,8,2-stackless,2,4,False,477091,0.05290699999999998,110.89498649104675
make-table,8,1x,2,0,True,477091,0.0197424,41.38078479786875
make-table,8,1x,2,1,True,477091,0.0203182,42.587682433749535
make-table,8,1x,2,2,False,477091,0.020184,42.30639437759253
make-table,8,1x,2,3,False,477091,0.0201856,42.30974803549009
make-table,8,1x,2,4,False,477091,0.0200277,41.97878392172562
add-int,64,2-stackless,0,0,True,342710,0.025532584,74.50201044614981
add-int,64,2-stackless,0,1,True,342710,0.025750834000000004,75.13884625485105
add-int,64,2-stackless,0,2,False,342710,0.025685500000000007,74.94820693881127
add-int,64,2-stackless,0,3,False,342710,0.025857166,75.44911441160164
add-int,64,2-stackless,0,4,False,342710,0.025650542000000012,74.84620232849934
add-int,64,1x,0,0,True,342710,0.0210712,61.48405357299174
add-int,64,1x,0,1,True,342710,0.0211119,61.60281287385836
add-int,64,1x,0,2,False,342710,0.0213068,62.17151527530565
add-int,64,1x,0,3,False,342710,0.0398078,116.15593358816493
add-int,64,1x,0,4,False,342710,0.0211939,61.84208222695573
add-int,64,1x,1,0,True,342710,0.0210251,61.34953750984798
add-int,64,1x,1,1,True,342710,0.0682592,199.17481252370808
add-int,64,1x,1,2,False,342710,0.0223462,65.20440022176184
add-int,64,1x,1,3,False,342710,0.0208538,60.84969799538969
add-int,64,1x,1,4,False,342710,0.0208829,60.934609436549856
add-int,64,2-stackless,1,0,True,342710,0.020681041,60.34560123719763
add-int,64,2-stackless,1,1,True,342710,0.020314124999999995,59.27497009133085
add-int,64,2-stackless,1,2,False,342710,0.020386166999999997,59.48518280762159
add-int,64,2-stackless,1,3,False,342710,0.020291583000000002,59.20919436258062
add-int,64,2-stackless,1,4,False,342710,0.020373041999999994,59.4468851215313
add-int,64,2-stackless,2,0,True,342710,0.02037075,59.440197251320356
add-int,64,2-stackless,2,1,True,342710,0.020273541000000003,59.156549269061315
add-int,64,2-stackless,2,2,False,342710,0.020291249999999997,59.208222695573504
add-int,64,2-stackless,2,3,False,342710,0.020275874999999992,59.16335969186774
add-int,64,2-stackless,2,4,False,342710,0.02045495800000001,59.68590936943774
add-int,64,1x,2,0,True,342710,0.0212353,61.9628840710805
add-int,64,1x,2,1,True,342710,0.0209472,61.12223162440547
add-int,64,1x,2,2,False,342710,0.0214517,62.59432172974235
add-int,64,1x,2,3,False,342710,0.0206527,60.26290449651309
add-int,64,1x,2,4,False,342710,0.0205781,60.045227743573285
assign-table,256,2-stackless,0,0,True,14709,0.0150135,1020.7016112584132
assign-table,256,2-stackless,0,1,True,14709,0.015008165999999998,1020.3389761370588
assign-table,256,2-stackless,0,2,False,14709,0.014786457999999999,1005.2660276021483
assign-table,256,2-stackless,0,3,False,14709,0.014893457999999998,1012.5404854170914
assign-table,256,2-stackless,0,4,False,14709,0.014770540999999998,1004.1839010129851
assign-table,256,1x,0,0,True,14709,0.253165,17211.571146916853
assign-table,256,1x,0,1,True,14709,0.244311,16609.626759127066
assign-table,256,1x,0,2,False,14709,0.253008,17200.897409749134
assign-table,256,1x,0,3,False,14709,0.255497,17370.11353593038
assign-table,256,1x,0,4,False,14709,0.248098,16867.08817730641
assign-table,256,2-stackless,1,0,True,14709,0.014273125,970.3667822421646
assign-table,256,2-stackless,1,1,True,14709,0.015210874999999999,1034.1202665035012
assign-table,256,2-stackless,1,2,False,14709,0.015057666000000004,1023.7042626963087
assign-table,256,2-stackless,1,3,False,14709,0.015092583,1026.0781154395268
assign-table,256,2-stackless,1,4,False,14709,0.014756333000000003,1003.2179617921004
assign-table,256,1x,1,0,True,14709,0.248872,16919.709021687402
assign-table,256,1x,1,1,True,14709,0.252127,17141.0021075532
assign-table,256,1x,1,2,False,14709,0.252068,17136.99095791692
assign-table,256,1x,1,3,False,14709,0.244069,16593.174247059622
assign-table,256,1x,1,4,False,14709,0.250565,17034.808620572436
assign-table,256,2-stackless,2,0,True,14709,0.015220208,1034.7547759874906
assign-table,256,2-stackless,2,1,True,14709,0.015252749999999999,1036.967162961452
assign-table,256,2-stackless,2,2,False,14709,0.014911792000000004,1013.7869331701681
assign-table,256,2-stackless,2,3,False,14709,0.014789625,1005.4813379563533
assign-table,256,2-stackless,2,4,False,14709,0.015238958000000004,1036.0295057447825
assign-table,256,1x,2,0,True,14709,0.234663,15953.701815215174
assign-table,256,1x,2,1,True,14709,0.247941,16856.41444013869
assign-table,256,1x,2,2,False,14709,0.252273,17150.92800326331
assign-table,256,1x,2,3,False,14709,0.246935,16788.020939560814
assign-table,256,1x,2,4,False,14709,0.247814,16847.780270582636
update-table,0,2-stackless,0,0,True,3576730,0.01878125,5.25095548168299
update-table,0,2-stackless,0,1,True,3576730,0.018889125,5.281115711837349
update-table,0,2-stackless,0,2,False,3576730,0.018729291000000002,5.236428525496754
update-table,0,2-stackless,0,3,False,3576730,0.018710083000000002,5.231058257123127
update-table,0,2-stackless,0,4,False,3576730,0.01892175,5.290237171941969
update-table,0,1x,0,0,True,3576730,0.234888,65.67115773346045
update-table,0,1x,0,1,True,3576730,0.236165,66.02818775809189
update-table,0,1x,0,2,False,3576730,0.237904,66.51438604535427
update-table,0,1x,0,3,False,3576730,0.234606,65.59231476795844
update-table,0,1x,0,4,False,3576730,0.231149,64.62578947809871
update-table,0,2-stackless,1,0,True,3576730,0.018754541,5.243488046344007
update-table,0,2-stackless,1,1,True,3576730,0.018819291000000002,5.261591174061224
update-table,0,2-stackless,1,2,False,3576730,0.018667750000000004,5.219222585993353
update-table,0,2-stackless,1,3,False,3576730,0.018645875,5.213106664467265
update-table,0,2-stackless,1,4,False,3576730,0.018886625000000004,5.280416749377226
update-table,0,1x,1,0,True,3576730,0.245259,68.57073360303964
update-table,0,1x,1,1,True,3576730,0.233596,65.30993393406827
update-table,0,1x,1,2,False,3576730,0.233833,65.37619557528804
update-table,0,1x,1,3,False,3576730,0.232078,64.88552392828086
update-table,0,1x,1,4,False,3576730,0.235315,65.79054052164966
update-table,0,2-stackless,2,0,True,3576730,0.018898958,5.283864870985509
update-table,0,2-stackless,2,1,True,3576730,0.018700916,5.228495301574343
update-table,0,2-stackless,2,2,False,3576730,0.018718792000000005,5.233493162749216
update-table,0,2-stackless,2,3,False,3576730,0.018747250000000007,5.241449592225303
update-table,0,2-stackless,2,4,False,3576730,0.018842165999999994,5.267986680571358
update-table,0,1x,2,0,True,3576730,0.246203,68.83466182798254
update-table,0,1x,2,1,True,3576730,0.245577,68.65964162796745
update-table,0,1x,2,2,False,3576730,0.23834,66.63628509839994
update-table,0,1x,2,3,False,3576730,0.239402,66.93320435146069
update-table,0,1x,2,4,False,3576730,0.231725,64.78683042891133
const-int,0,1x,0,0,True,4673771,0.0240997,5.156371589451002
const-int,0,1x,0,1,True,4673771,0.0240692,5.149845809732655
const-int,0,1x,0,2,False,4673771,0.0241075,5.158040477378973
const-int,0,1x,0,3,False,4673771,0.0240383,5.143234446018002
const-int,0,1x,0,4,False,4673771,0.0240377,5.143106070023542
const-int,0,2-stackless,0,0,True,4673771,0.020198625,4.321697618475531
const-int,0,2-stackless,0,1,True,4673771,0.019986708,4.276355859112481
const-int,0,2-stackless,0,2,False,4673771,0.019912082999999997,4.260389094801606
const-int,0,2-stackless,0,3,False,4673771,0.020169458999999994,4.315457261384863
const-int,0,2-stackless,0,4,False,4673771,0.020244750000000006,4.331566523049591
const-int,0,2-stackless,1,0,True,4673771,0.020155334,4.312435076515302
const-int,0,2-stackless,1,1,True,4673771,0.020949207999999997,4.482292350224261
const-int,0,2-stackless,1,2,False,4673771,0.020308958000000002,4.34530446613666
const-int,0,2-stackless,1,3,False,4673771,0.020669665999999996,4.422481546485695
const-int,0,2-stackless,1,4,False,4673771,0.02023449999999999,4.32937343314424
const-int,0,1x,1,0,True,4673771,0.0239828,5.131359666530517
const-int,0,1x,1,1,True,4673771,0.0240865,5.153547317572897
const-int,0,1x,1,2,False,4673771,0.0244467,5.230615706246626
const-int,0,1x,1,3,False,4673771,0.0240532,5.146422449880407
const-int,0,1x,1,4,False,4673771,0.024443,5.229824054280794
const-int,0,1x,2,0,True,4673771,0.0239359,5.121324942963615
const-int,0,1x,2,1,True,4673771,0.0239143,5.116703407163081
const-int,0,1x,2,2,False,4673771,0.0244202,5.224945766491341
const-int,0,1x,2,3,False,4673771,0.0243408,5.207957343224561
const-int,0,1x,2,4,False,4673771,0.0244833,5.238446641908643
const-int,0,2-stackless,2,0,True,4673771,0.019907125,4.259328281167392
const-int,0,2-stackless,2,1,True,4673771,0.019899125000000004,4.257616601241268
const-int,0,2-stackless,2,2,False,4673771,0.019934166999999996,4.265114187237671
const-int,0,2-stackless,2,3,False,4673771,0.020070332999999996,4.294248263340244
const-int,0,2-stackless,2,4,False,4673771,0.01999091700000001,4.277256416713615
make-table,64,1x,0,0,True,95086,0.0224742,236.35656142860148
make-table,64,1x,0,1,True,95086,0.0219069,230.39038344235743
make-table,64,1x,0,2,False,95086,0.0220384,231.77334202721747
make-table,64,1x,0,3,False,95086,0.022504,236.66996192920092
make-table,64,1x,0,4,False,95086,0.0217572,228.81601918263468
make-table,64,2-stackless,0,0,True,95086,0.0532095,559.5934206928465
make-table,64,2-stackless,0,1,True,95086,0.053324541,560.8032833434995
make-table,64,2-stackless,0,2,False,95086,0.05297491700000001,557.1263592957955
make-table,64,2-stackless,0,3,False,95086,0.05358950000000001,563.5898029152559
make-table,64,2-stackless,0,4,False,95086,0.05169737500000002,543.6907115663716
make-table,64,2-stackless,1,0,True,95086,0.052006083,546.9373304166754
make-table,64,2-stackless,1,1,True,95086,0.051918834,546.0197505416149
make-table,64,2-stackless,1,2,False,95086,0.052394582999999995,551.0231053993226
make-table,64,2-stackless,1,3,False,95086,0.05347633299999999,562.3996487390361
make-table,64,2-stackless,1,4,False,95086,0.053349499999999966,561.0657720379442
make-table,64,1x,1,0,True,95086,0.0210611,221.49527795890037
make-table,64,1x,1,1,True,95086,0.0207875,218.61788275876575
make-table,64,1x,1,2,False,95086,0.02061,216.75115158908778
make-table,64,1x,1,3,False,95086,0.0205449,216.06650821361714
make-table,64,1x,1,4,False,95086,0.0208437,219.20892665586942
make-table,64,2-stackless,2,0,True,95086,0.05180875,544.8620196453736
make-table,64,2-stackless,2,1,True,95086,0.051752333000000005,544.2686936036852
make-table,64,2-stackless,2,2,False,95086,0.051863334,545.4360684012368
make-table,64,2-stackless,2,3,False,95086,0.051722708000000006,543.9571335422671
make-table,64,2-stackless,2,4,False,95086,0.052274792000000014,549.7632879708897
make-table,64,1x,2,0,True,95086,0.0212948,223.953053025682
make-table,64,1x,2,1,True,95086,0.0213325,224.3495362093263
make-table,64,1x,2,2,False,95086,0.0213987,225.04574805965126
make-table,64,1x,2,3,False,95086,0.0213518,224.5525103590434
make-table,64,1x,2,4,False,95086,0.0217355,228.58780472414446
push-shared-seq,0,2-stackless,0,0,True,2327856,0.019464333,8.361484988762191
push-shared-seq,0,2-stackless,0,1,True,2327856,0.019393334,8.330985249946732
push-shared-seq,0,2-stackless,0,2,False,2327856,0.019220792,8.256864685788125
push-shared-seq,0,2-stackless,0,3,False,2327856,0.019376375,8.323700005498623
push-shared-seq,0,2-stackless,0,4,False,2327856,0.019353291999999994,8.313784014131455
push-shared-seq,0,1x,0,0,True,2327856,0.220695,94.8061220281667
push-shared-seq,0,1x,0,1,True,2327856,0.219162,94.14757613873023
push-shared-seq,0,1x,0,2,False,2327856,0.222093,95.40667463966844
push-shared-seq,0,1x,0,3,False,2327856,0.221932,95.33751228598332
push-shared-seq,0,1x,0,4,False,2327856,0.218047,93.66859462097312
push-shared-seq,0,1x,1,0,True,2327856,0.222909,95.75721178629605
push-shared-seq,0,1x,1,1,True,2327856,0.2266,97.34279096301489
push-shared-seq,0,1x,1,2,False,2327856,0.222753,95.69019733179373
push-shared-seq,0,1x,1,3,False,2327856,0.219656,94.35978857798764
push-shared-seq,0,1x,1,4,False,2327856,0.219592,94.33229546844822
push-shared-seq,0,2-stackless,1,0,True,2327856,0.019214166,8.254018289791121
push-shared-seq,0,2-stackless,1,1,True,2327856,0.019645041,8.439113501866094
push-shared-seq,0,2-stackless,1,2,False,2327856,0.019481583000000004,8.36889524094274
push-shared-seq,0,2-stackless,1,3,False,2327856,0.019576707999999998,8.409759022894887
push-shared-seq,0,2-stackless,1,4,False,2327856,0.019406124999999996,8.336480005636085
push-shared-seq,0,1x,2,0,True,2327856,0.222893,95.7503385089112
push-shared-seq,0,1x,2,1,True,2327856,0.226904,97.47338323332714
push-shared-seq,0,1x,2,2,False,2327856,0.224066,96.25423565718842
push-shared-seq,0,1x,2,3,False,2327856,0.220662,94.79194589356042
push-shared-seq,0,1x,2,4,False,2327856,0.219703,94.37997883030566
push-shared-seq,0,2-stackless,2,0,True,2327856,0.019297084,8.289638190678462
push-shared-seq,0,2-stackless,2,1,True,2327856,0.019590499999999997,8.415683788000631
push-shared-seq,0,2-stackless,2,2,False,2327856,0.019436583,8.349564148297834
push-shared-seq,0,2-stackless,2,3,False,2327856,0.019342500000000006,8.309147988535376
push-shared-seq,0,2-stackless,2,4,False,2327856,0.019483417000000003,8.36968309036298
get-string,8,1x,0,0,True,2003346,0.0329719,16.45841507158524
get-string,8,1x,0,1,True,2003346,0.0341438,17.043386414528495
get-string,8,1x,0,2,False,2003346,0.0338291,16.886299221402595
get-string,8,1x,0,3,False,2003346,0.0326663,16.305870279023196
get-string,8,1x,0,4,False,2003346,0.0325114,16.228549636458208
get-string,8,2-stackless,0,0,True,2003346,0.020042083,10.004304298907927
get-string,8,2-stackless,0,1,True,2003346,0.019984541999999998,9.975581851562334
get-string,8,2-stackless,0,2,False,2003346,0.020128167000000002,10.04727440991222
get-string,8,2-stackless,0,3,False,2003346,0.020837040999999994,10.401119427198294
get-string,8,2-stackless,0,4,False,2003346,0.02040737499999999,10.186645242509279
get-string,8,1x,1,0,True,2003346,0.0320174,15.981962177277415
get-string,8,1x,1,1,True,2003346,0.03167,15.808552292015456
get-string,8,1x,1,2,False,2003346,0.0320007,15.973626123495393
get-string,8,1x,1,3,False,2003346,0.0322848,16.115438870769204
get-string,8,1x,1,4,False,2003346,0.0320467,15.996587708763236
get-string,8,2-stackless,1,0,True,2003346,0.019986416,9.976517286579552
get-string,8,2-stackless,1,1,True,2003346,0.020142625000000004,10.054491335994882
get-string,8,2-stackless,1,2,False,2003346,0.020000458999999998,9.983527059229909
get-string,8,2-stackless,1,3,False,2003346,0.019913416000000003,9.940078249089275
get-string,8,2-stackless,1,4,False,2003346,0.020076291999999996,10.021380230873746
get-string,8,1x,2,0,True,2003346,0.0334074,16.675801384284092
get-string,8,1x,2,1,True,2003346,0.0335605,16.752223530034254
get-string,8,1x,2,2,False,2003346,0.0336583,16.801041856973285
get-string,8,1x,2,3,False,2003346,0.0318234,15.885124187234757
get-string,8,1x,2,4,False,2003346,0.0348294,17.38561386799884
get-string,8,2-stackless,2,0,True,2003346,0.020336584,10.151308860276757
get-string,8,2-stackless,2,1,True,2003346,0.020211375,10.088808922672369
get-string,8,2-stackless,2,2,False,2003346,0.019900708000000003,9.933734861576584
get-string,8,2-stackless,2,3,False,2003346,0.019968082999999998,9.96736609652052
get-string,8,2-stackless,2,4,False,2003346,0.02002045899999999,9.993510357172445
assign-seq,256,1x,0,0,True,21736,0.230235,10592.335296282665
assign-seq,256,1x,0,1,True,21736,0.229362,10552.171512697829
assign-seq,256,1x,0,2,False,21736,0.230358,10597.994111152006
assign-seq,256,1x,0,3,False,21736,0.230033,10583.041958041958
assign-seq,256,1x,0,4,False,21736,0.232035,10675.147221199853
assign-seq,256,2-stackless,0,0,True,21736,0.020487084,942.5415899889584
assign-seq,256,2-stackless,0,1,True,21736,0.020234917,930.9402373941848
assign-seq,256,2-stackless,0,2,False,21736,0.019982166999999995,919.3120629370628
assign-seq,256,2-stackless,0,3,False,21736,0.019845375,913.0187246963562
assign-seq,256,2-stackless,0,4,False,21736,0.019939708,917.3586676481414
assign-seq,256,2-stackless,1,0,True,21736,0.019973416,918.9094589620905
assign-seq,256,2-stackless,1,1,True,21736,0.019958833000000002,918.2385443503866
assign-seq,256,2-stackless,1,2,False,21736,0.020076625,923.6577567169672
assign-seq,256,2-stackless,1,3,False,21736,0.020016083000000004,920.8724236290027
assign-seq,256,2-stackless,1,4,False,21736,0.019929417000000005,916.8852134707399
assign-seq,256,1x,1,0,True,21736,0.229572,10561.832903938168
assign-seq,256,1x,1,1,True,21736,0.229757,10570.344129554656
assign-seq,256,1x,1,2,False,21736,0.229858,10574.99079867501
assign-seq,256,1x,1,3,False,21736,0.229762,10570.574162679426
assign-seq,256,1x,1,4,False,21736,0.22886,10529.076186970924
assign-seq,256,1x,2,0,True,21736,0.230381,10599.052263525948
assign-seq,256,1x,2,1,True,21736,0.231124,10633.235185866764
assign-seq,256,1x,2,2,False,21736,0.23045,10602.226720647774
assign-seq,256,1x,2,3,False,21736,0.234596,10792.97018770703
assign-seq,256,1x,2,4,False,21736,0.233258,10731.413323518587
assign-seq,256,2-stackless,2,0,True,21736,0.019967834,918.6526499815974
assign-seq,256,2-stackless,2,1,True,21736,0.020248583999999997,931.5690099374308
assign-seq,256,2-stackless,2,2,False,21736,0.020069666,923.3375966139124
assign-seq,256,2-stackless,2,3,False,21736,0.02012587500000001,925.9235829959517
assign-seq,256,2-stackless,2,4,False,21736,0.020514208000000006,943.7894736842109
