case,width,engine,round,batch,warmup,iterations,seconds,ns_per_iteration
make-seq,8,2-stackless,0,0,True,575707,0.23657256999999998,410.9252970695162
make-seq,8,2-stackless,0,1,True,575707,0.23635727900000003,410.5513377464579
make-seq,8,2-stackless,0,2,False,575707,0.23628476400000004,410.42537957676393
make-seq,8,2-stackless,0,3,False,575707,0.23641641000000002,410.65404797926726
make-seq,8,2-stackless,0,4,False,575707,0.23619339800000005,410.2666773202342
make-seq,8,2-stackful,0,0,True,575707,0.222729542,386.8800309879852
make-seq,8,2-stackful,0,1,True,575707,0.22280976000000002,387.01936922774956
make-seq,8,2-stackful,0,2,False,575707,0.22250371100000005,386.4877637409308
make-seq,8,2-stackful,0,3,False,575707,0.222416481,386.3362456944244
make-seq,8,2-stackful,0,4,False,575707,0.22216483900000006,385.89914487751594
make-seq,8,1x,0,0,True,575707,0.0196815,34.18666092300424
make-seq,8,1x,0,1,True,575707,0.0198049,34.40100606732244
make-seq,8,1x,0,2,False,575707,0.0194254,33.74181658378307
make-seq,8,1x,0,3,False,575707,0.0194315,33.75241225137092
make-seq,8,1x,0,4,False,575707,0.0194635,33.80799608133999
make-seq,8,1x,1,0,True,575707,0.019758,34.31954101652403
make-seq,8,1x,1,1,True,575707,0.0198473,34.47465464203145
make-seq,8,1x,1,2,False,575707,0.0196444,34.122218420133855
make-seq,8,1x,1,3,False,575707,0.0194841,33.84377817188257
make-seq,8,1x,1,4,False,575707,0.0196447,34.12273951853981
make-seq,8,2-stackless,1,0,True,575707,0.23156177200000003,402.2215675682249
make-seq,8,2-stackless,1,1,True,575707,0.23147847800000002,402.07688633280475
make-seq,8,2-stackless,1,2,False,575707,0.23167047899999998,402.41039104961374
make-seq,8,2-stackless,1,3,False,575707,0.23167397499999998,402.41646358303785
make-seq,8,2-stackless,1,4,False,575707,0.23148328699999998,402.0852395402522
make-seq,8,2-stackful,1,0,True,575707,0.22277419399999998,386.95759127472826
make-seq,8,2-stackful,1,1,True,575707,0.22261906199999998,386.68812781501697
make-seq,8,2-stackful,1,2,False,575707,0.22230444099999996,386.1416328097452
make-seq,8,2-stackful,1,3,False,575707,0.22238864199999997,386.28788949934597
make-seq,8,2-stackful,1,4,False,575707,0.22232627399999993,386.1795566147362
make-seq,8,2-stackless,2,0,True,575707,0.233323027,405.28085814485496
make-seq,8,2-stackless,2,1,True,575707,0.233230896,405.12082708738996
make-seq,8,2-stackless,2,2,False,575707,0.23333466000000003,405.3010646040434
make-seq,8,2-stackless,2,3,False,575707,0.23331884000000003,405.2735853481025
make-seq,8,2-stackless,2,4,False,575707,0.2332100669999999,405.084647225064
make-seq,8,1x,2,0,True,575707,0.0196415,34.11718113554291
make-seq,8,1x,2,1,True,575707,0.0194252,33.74146918484576
make-seq,8,1x,2,2,False,575707,0.01945,33.784546653071786
make-seq,8,1x,2,3,False,575707,0.0197338,34.27750574510993
make-seq,8,1x,2,4,False,575707,0.0194875,33.849683953816786
make-seq,8,2-stackful,2,0,True,575707,0.222732976,386.8859958277388
make-seq,8,2-stackful,2,1,True,575707,0.22254393800000002,386.55763782618595
make-seq,8,2-stackful,2,2,False,575707,0.22243320700000008,386.36529866755154
make-seq,8,2-stackful,2,3,False,575707,0.22213981800000004,385.8556835334641
make-seq,8,2-stackful,2,4,False,575707,0.2223228209999999,386.1735587720835
get-string,64,2-stackful,0,0,True,418869,0.030975364,73.95000346170282
get-string,64,2-stackful,0,1,True,418869,0.031200249000000003,74.48688969582376
get-string,64,2-stackful,0,2,False,418869,0.030525571,72.87617608369204
get-string,64,2-stackful,0,3,False,418869,0.030651046,73.1757327469925
get-string,64,2-stackful,0,4,False,418869,0.030707974,73.31164158722656
get-string,64,2-stackless,0,0,True,418869,0.029354370999999997,70.08007515476199
get-string,64,2-stackless,0,1,True,418869,0.029162768,69.62264574365733
get-string,64,2-stackless,0,2,False,418869,0.029119619999999992,69.51963501715332
get-string,64,2-stackless,0,3,False,418869,0.029055850999999994,69.36739410173584
get-string,64,2-stackless,0,4,False,418869,0.029048537999999985,69.34993518259881
get-string,64,1x,0,0,True,418869,0.020074,47.924291365558204
get-string,64,1x,0,1,True,418869,0.0202281,48.29218681735817
get-string,64,1x,0,2,False,418869,0.0200757,47.92834991369617
get-string,64,1x,0,3,False,418869,0.0202405,48.32179034495272
get-string,64,1x,0,4,False,418869,0.0201726,48.15968715756
get-string,64,2-stackless,1,0,True,418869,0.029145144999999997,69.58057292375419
get-string,64,2-stackless,1,1,True,418869,0.029059505,69.37611759285123
get-string,64,2-stackless,1,2,False,418869,0.02915533299999999,69.60489556400687
get-string,64,2-stackless,1,3,False,418869,0.029087014000000008,69.44179206386724
get-string,64,2-stackless,1,4,False,418869,0.02913027700000001,69.54507733921587
get-string,64,2-stackful,1,0,True,418869,0.030818197,73.57478591158572
get-string,64,2-stackful,1,1,True,418869,0.030749958,73.41187340194666
get-string,64,2-stackful,1,2,False,418869,0.030541517000000004,72.91424526522613
get-string,64,2-stackful,1,3,False,418869,0.030487261,72.78471550771243
get-string,64,2-stackful,1,4,False,418869,0.030568076,72.97765172404738
get-string,64,1x,1,0,True,418869,0.0201365,48.07350269415975
get-string,64,1x,1,1,True,418869,0.0200562,47.88179597917249
get-string,64,1x,1,2,False,418869,0.0200559,47.881079764795196
get-string,64,1x,1,3,False,418869,0.0200804,47.939570605607
get-string,64,1x,1,4,False,418869,0.020141,48.08424590981906
get-string,64,1x,2,0,True,418869,0.020122,48.03888566592419
get-string,64,1x,2,1,True,418869,0.020056,47.88131850292096
get-string,64,1x,2,2,False,418869,0.0199847,47.71109821925232
get-string,64,1x,2,3,False,418869,0.0202233,48.280727387321576
get-string,64,1x,2,4,False,418869,0.0201673,48.14703403689459
get-string,64,2-stackless,2,0,True,418869,0.029313619,69.98278459375126
get-string,64,2-stackless,2,1,True,418869,0.029089634,69.4480470027622
get-string,64,2-stackless,2,2,False,418869,0.029099945999999995,69.47266567829082
get-string,64,2-stackless,2,3,False,418869,0.029034239000000003,69.31579801799609
get-string,64,2-stackless,2,4,False,418869,0.029199111000000014,69.70941034070322
get-string,64,2-stackful,2,0,True,418869,0.030748806,73.40912313873788
get-string,64,2-stackful,2,1,True,418869,0.030923459000000004,73.82608643752582
get-string,64,2-stackful,2,2,False,418869,0.030688778,73.2658134166052
get-string,64,2-stackful,2,3,False,418869,0.030643679000000007,73.15814490926759
get-string,64,2-stackful,2,4,False,418869,0.030684520999999992,73.25565033459146
push-shared-seq,8,2-stackless,0,0,True,115512,0.02044362,176.98265115312694
push-shared-seq,8,2-stackless,0,1,True,115512,0.020349359,176.1666233811206
push-shared-seq,8,2-stackless,0,2,False,115512,0.020392308000000005,176.53843756492836
push-shared-seq,8,2-stackless,0,3,False,115512,0.020498743,177.45985698455573
push-shared-seq,8,2-stackless,0,4,False,115512,0.020421291999999994,176.78935521850536
push-shared-seq,8,1x,0,0,True,115512,0.0193185,167.24236442966964
push-shared-seq,8,1x,0,1,True,115512,0.0187926,162.68959069187616
push-shared-seq,8,1x,0,2,False,115512,0.0187888,162.65669367684742
push-shared-seq,8,1x,0,3,False,115512,0.018791,162.67573931712724
push-shared-seq,8,1x,0,4,False,115512,0.0188313,163.02462081861626
push-shared-seq,8,2-stackful,0,0,True,115512,0.020672326,178.96258397395943
push-shared-seq,8,2-stackful,0,1,True,115512,0.020613008999999998,178.44907022646996
push-shared-seq,8,2-stackful,0,2,False,115512,0.020668594,178.93027564235751
push-shared-seq,8,2-stackful,0,3,False,115512,0.020579101999999995,178.15553362421218
push-shared-seq,8,2-stackful,0,4,False,115512,0.02072352799999999,179.40584528014398
push-shared-seq,8,2-stackful,1,0,True,115512,0.020841745999999998,180.42927141768817
push-shared-seq,8,2-stackful,1,1,True,115512,0.020802736,180.0915575870905
push-shared-seq,8,2-stackful,1,2,False,115512,0.02152007899999999,186.30167428492268
push-shared-seq,8,2-stackful,1,3,False,115512,0.021823731,188.93042281321422
push-shared-seq,8,2-stackful,1,4,False,115512,0.021641168000000002,187.3499549830321
push-shared-seq,8,2-stackless,1,0,True,115512,0.020507358,177.53443798046956
push-shared-seq,8,2-stackless,1,1,True,115512,0.020453119,177.06488503358958
push-shared-seq,8,2-stackless,1,2,False,115512,0.020452802,177.06214072996744
push-shared-seq,8,2-stackless,1,3,False,115512,0.020511177000000005,177.56749948057347
push-shared-seq,8,2-stackless,1,4,False,115512,0.020370716999999997,176.35152191980052
push-shared-seq,8,1x,1,0,True,115512,0.0190415,164.84434517625874
push-shared-seq,8,1x,1,1,True,115512,0.0190655,165.0521157974929
push-shared-seq,8,1x,1,2,False,115512,0.0189754,164.272110256943
push-shared-seq,8,1x,1,3,False,115512,0.0188317,163.0280836623035
push-shared-seq,8,1x,1,4,False,115512,0.0188392,163.09301198143916
push-shared-seq,8,2-stackless,2,0,True,115512,0.020452925,177.06320555440126
push-shared-seq,8,2-stackless,2,1,True,115512,0.020428696000000003,176.8534524551562
push-shared-seq,8,2-stackless,2,2,False,115512,0.020488423,177.37051561742504
push-shared-seq,8,2-stackless,2,3,False,115512,0.020399046999999997,176.596777823949
push-shared-seq,8,2-stackless,2,4,False,115512,0.02043559099999999,176.9131432232148
push-shared-seq,8,1x,2,0,True,115512,0.0192433,166.5913498164693
push-shared-seq,8,1x,2,1,True,115512,0.0191226,165.54643673384584
push-shared-seq,8,1x,2,2,False,115512,0.0190127,164.59502043077777
push-shared-seq,8,1x,2,3,False,115512,0.0189303,163.88167463120715
push-shared-seq,8,1x,2,4,False,115512,0.0188304,163.01682942031997
push-shared-seq,8,2-stackful,2,0,True,115512,0.020685505,179.07667601634463
push-shared-seq,8,2-stackful,2,1,True,115512,0.020845756999999996,180.46399508276193
push-shared-seq,8,2-stackful,2,2,False,115512,0.020774241,179.84487325992106
push-shared-seq,8,2-stackful,2,3,False,115512,0.020794694000000002,180.02193711475869
push-shared-seq,8,2-stackful,2,4,False,115512,0.020744237999999998,179.5851340120507
assign-seq,64,2-stackful,0,0,True,37535,0.020096004,535.3937391767683
assign-seq,64,2-stackful,0,1,True,37535,0.020113291999999998,535.8543226322098
assign-seq,64,2-stackful,0,2,False,37535,0.02008397,535.0731317437059
assign-seq,64,2-stackful,0,3,False,37535,0.02010416100000001,535.6110563474093
assign-seq,64,2-stackful,0,4,False,37535,0.020099207999999993,535.4790995071265
assign-seq,64,1x,0,0,True,37535,0.165604,4411.988810443586
assign-seq,64,1x,0,1,True,37535,0.165352,4405.275076595178
assign-seq,64,1x,0,2,False,37535,0.165493,4409.031570534168
assign-seq,64,1x,0,3,False,37535,0.165223,4401.838284268017
assign-seq,64,1x,0,4,False,37535,0.163786,4363.554016251499
assign-seq,64,2-stackless,0,0,True,37535,0.019977177000000002,532.2279738910352
assign-seq,64,2-stackless,0,1,True,37535,0.019960528999999998,531.7844411882243
assign-seq,64,2-stackless,0,2,False,37535,0.019960381,531.7804982016785
assign-seq,64,2-stackless,0,3,False,37535,0.019945980000000002,531.3968296256828
assign-seq,64,2-stackless,0,4,False,37535,0.019987222,532.4955907819368
assign-seq,64,1x,1,0,True,37535,0.166891,4446.276808312242
assign-seq,64,1x,1,1,True,37535,0.163552,4357.319834820834
assign-seq,64,1x,1,2,False,37535,0.163434,4354.176102304516
assign-seq,64,1x,1,3,False,37535,0.162957,4341.467963234315
assign-seq,64,1x,1,4,False,37535,0.164016,4369.6816304782205
assign-seq,64,2-stackful,1,0,True,37535,0.02010607,535.6619155454908
assign-seq,64,2-stackful,1,1,True,37535,0.020126801,536.2142267217264
assign-seq,64,2-stackful,1,2,False,37535,0.02018011,537.6344744904756
assign-seq,64,2-stackful,1,3,False,37535,0.020086988999999993,535.1535633408816
assign-seq,64,2-stackful,1,4,False,37535,0.020085252999999997,535.1073131743705
assign-seq,64,2-stackless,1,0,True,37535,0.020198165,538.1154922072732
assign-seq,64,2-stackless,1,1,True,37535,0.01998208,532.3585986412681
assign-seq,64,2-stackless,1,2,False,37535,0.020084012999999998,535.0742773411482
assign-seq,64,2-stackless,1,3,False,37535,0.019962937000000007,531.8485946449982
assign-seq,64,2-stackless,1,4,False,37535,0.02002933600000001,533.6175835886507
assign-seq,64,2-stackless,2,0,True,37535,0.019973014,532.1170640735314
assign-seq,64,2-stackless,2,1,True,37535,0.019943593,531.3332356467297
assign-seq,64,2-stackless,2,2,False,37535,0.019966769999999995,531.9507126681763
assign-seq,64,2-stackless,2,3,False,37535,0.019937411999999995,531.1685626748367
assign-seq,64,2-stackless,2,4,False,37535,0.019979711999999997,532.2955108565338
assign-seq,64,1x,2,0,True,37535,0.165093,4398.3748501398695
assign-seq,64,1x,2,1,True,37535,0.16558,4411.349407219928
assign-seq,64,1x,2,2,False,37535,0.163524,4356.573864393233
assign-seq,64,1x,2,3,False,37535,0.162748,4335.899826828294
assign-seq,64,1x,2,4,False,37535,0.166622,4439.110163847076
assign-seq,64,2-stackful,2,0,True,37535,0.020115235000000002,535.9060876515254
assign-seq,64,2-stackful,2,1,True,37535,0.020101538,535.5411749034234
assign-seq,64,2-stackful,2,2,False,37535,0.020091929,535.2851738377515
assign-seq,64,2-stackful,2,3,False,37535,0.02011035,535.7759424537098
assign-seq,64,2-stackful,2,4,False,37535,0.020096085,535.3958971626482
const-table,0,1x,0,0,True,899678,0.0638442,70.96338912366424
const-table,0,1x,0,1,True,899678,0.0636597,70.7583157529694
const-table,0,1x,0,2,False,899678,0.0645672,71.76700997467984
const-table,0,1x,0,3,False,899678,0.0641004,71.2481576741901
const-table,0,1x,0,4,False,899678,0.064459,71.64674472422355
const-table,0,2-stackless,0,0,True,899678,0.019507519,21.682778727500285
const-table,0,2-stackless,0,1,True,899678,0.019540720999999997,21.71968304215508
const-table,0,2-stackless,0,2,False,899678,0.019527904999999998,21.705437945576083
const-table,0,2-stackless,0,3,False,899678,0.019535568000000003,21.713955437389824
const-table,0,2-stackless,0,4,False,899678,0.019526345,21.703703991872647
const-table,0,2-stackful,0,0,True,899678,0.022387121000000003,24.88348164565545
const-table,0,2-stackful,0,1,True,899678,0.022353133,24.845703685096222
const-table,0,2-stackful,0,2,False,899678,0.022375586000000003,24.87066039182908
const-table,0,2-stackful,0,3,False,899678,0.022348315000000007,24.840348435773695
const-table,0,2-stackful,0,4,False,899678,0.022372255999999993,24.866959067577504
const-table,0,1x,1,0,True,899678,0.0634747,70.55268662788241
const-table,0,1x,1,1,True,899678,0.0638517,70.97172543954615
const-table,0,1x,1,2,False,899678,0.063379,70.44631523722933
const-table,0,1x,1,3,False,899678,0.0644221,71.60573005008457
const-table,0,1x,1,4,False,899678,0.0642461,71.4101045040559
const-table,0,2-stackless,1,0,True,899678,0.019436020999999998,21.603308072443692
const-table,0,2-stackless,1,1,True,899678,0.019355773,21.514111715524887
const-table,0,2-stackless,1,2,False,899678,0.019512156000000003,21.687932793732873
const-table,0,2-stackless,1,3,False,899678,0.01938327,21.54467487256552
const-table,0,2-stackless,1,4,False,899678,0.019338057000000006,21.494420225903053
const-table,0,2-stackful,1,0,True,899678,0.022378803,24.874236115588022
const-table,0,2-stackful,1,1,True,899678,0.022371198000000002,24.86578309128377
const-table,0,2-stackful,1,2,False,899678,0.022404893000000002,24.90323537976921
const-table,0,2-stackful,1,3,False,899678,0.02238005,24.875622167041985
const-table,0,2-stackful,1,4,False,899678,0.022351987000000004,24.84442989602947
const-table,0,2-stackless,2,0,True,899678,0.019878233999999998,22.094831706454972
const-table,0,2-stackless,2,1,True,899678,0.019855541,22.069608237613902
const-table,0,2-stackless,2,2,False,899678,0.019852214,22.065910247888688
const-table,0,2-stackless,2,3,False,899678,0.019824608,22.035225936390574
const-table,0,2-stackless,2,4,False,899678,0.019807148999999996,22.01582010452628
const-table,0,1x,2,0,True,899678,0.0643221,71.49457917165918
const-table,0,1x,2,1,True,899678,0.0639252,71.05342133518882
const-table,0,1x,2,2,False,899678,0.0645243,71.71932624783534
const-table,0,1x,2,3,False,899678,0.0645031,71.69576226160915
const-table,0,1x,2,4,False,899678,0.0638392,70.95783157974297
const-table,0,2-stackful,2,0,True,899678,0.022415641,24.915181876182366
const-table,0,2-stackful,2,1,True,899678,0.022353129000000003,24.84569923906109
const-table,0,2-stackful,2,2,False,899678,0.022343253,24.834721978307794
const-table,0,2-stackful,2,3,False,899678,0.022375887999999997,24.87099606748192
const-table,0,2-stackful,2,4,False,899678,0.022388195,24.884675406089734
take-table,64,2-stackless,0,0,True,104919,0.08543290399999999,814.2748596536375
take-table,64,2-stackless,0,1,True,104919,0.084793377,808.1794241271838
take-table,64,2-stackless,0,2,False,104919,0.084865034,808.8623986122628
take-table,64,2-stackless,0,3,False,104919,0.08513339400000003,811.4201812827041
take-table,64,2-stackless,0,4,False,104919,0.08532733999999997,813.2687120540604
take-table,64,2-stackful,0,0,True,104919,0.081848764,780.1138402005356
take-table,64,2-stackful,0,1,True,104919,0.081734538,779.0251336745489
take-table,64,2-stackful,0,2,False,104919,0.081579983,777.552044910836
take-table,64,2-stackful,0,3,False,104919,0.081503574,776.8237783432934
take-table,64,2-stackful,0,4,False,104919,0.08170084899999996,778.7040383533962
take-table,64,1x,0,0,True,104919,0.0200388,190.9930517828039
take-table,64,1x,0,1,True,104919,0.0201158,191.726951267168
take-table,64,1x,0,2,False,104919,0.0200844,191.4276727761416
take-table,64,1x,0,3,False,104919,0.020112,191.69073285105654
take-table,64,1x,0,4,False,104919,0.0200777,191.36381398983977
take-table,64,2-stackless,1,0,True,104919,0.084912482,809.3146331932253
take-table,64,2-stackless,1,1,True,104919,0.085033369,810.4668267901906
take-table,64,2-stackless,1,2,False,104919,0.08505859099999999,810.7072217615492
take-table,64,2-stackless,1,3,False,104919,0.08508433999999998,810.952639655353
take-table,64,2-stackless,1,4,False,104919,0.08498423399999999,809.9985131387068
take-table,64,2-stackful,1,0,True,104919,0.08158473399999999,777.5973274621373
take-table,64,2-stackful,1,1,True,104919,0.08148568299999999,776.6532563215432
take-table,64,2-stackful,1,2,False,104919,0.08158969999999999,777.6446592132977
take-table,64,2-stackful,1,3,False,104919,0.08181413599999998,779.7837951181386
take-table,64,2-stackful,1,4,False,104919,0.08187964199999997,780.4081434249275
take-table,64,1x,1,0,True,104919,0.0201892,192.4265385678476
take-table,64,1x,1,1,True,104919,0.0199743,190.37829182512223
take-table,64,1x,1,2,False,104919,0.0201874,192.4093824760053
take-table,64,1x,1,3,False,104919,0.0203677,194.1278510088735
take-table,64,1x,1,4,False,104919,0.0200469,191.07025419609414
take-table,64,1x,2,0,True,104919,0.0201638,192.18444704962877
take-table,64,1x,2,1,True,104919,0.0203248,193.71896415329923
take-table,64,1x,2,2,False,104919,0.020375,194.19742849245608
take-table,64,1x,2,3,False,104919,0.0199917,190.54413404626425
take-table,64,1x,2,4,False,104919,0.0202472,192.9793459716543
take-table,64,2-stackful,2,0,True,104919,0.081529784,777.0735901028412
take-table,64,2-stackful,2,1,True,104919,0.081263122,774.5319913457048
take-table,64,2-stackful,2,2,False,104919,0.081690811,778.6083645478893
take-table,64,2-stackful,2,3,False,104919,0.08176543299999997,779.3195989286971
take-table,64,2-stackful,2,4,False,104919,0.081569944,777.4563615741667
take-table,64,2-stackless,2,0,True,104919,0.08471257,807.4092395085733
take-table,64,2-stackless,2,1,True,104919,0.085073543,810.849731697786
take-table,64,2-stackless,2,2,False,104919,0.08474873799999999,807.7539625806573
take-table,64,2-stackless,2,3,False,104919,0.08509934499999999,811.0956547431829
take-table,64,2-stackless,2,4,False,104919,0.085262738,812.6529799178414
get-table,256,1x,0,0,True,100346,0.0203419,202.71759711398562
get-table,256,1x,0,1,True,100346,0.0203152,202.45151774858988
get-table,256,1x,0,2,False,100346,0.0203642,202.93982819444722
get-table,256,1x,0,3,False,100346,0.020219,201.492834791621
get-table,256,1x,0,4,False,100346,0.0203046,202.34588324397583
get-table,256,2-stackless,0,0,True,100346,0.019835536,197.67141689753453
get-table,256,2-stackless,0,1,True,100346,0.019869310999999997,198.00800231200043
get-table,256,2-stackless,0,2,False,100346,0.019975402000000003,199.06525422039746
get-table,256,2-stackless,0,3,False,100346,0.019883573,198.15013054830288
get-table,256,2-stackless,0,4,False,100346,0.01990322,198.34592310605305
get-table,256,2-stackful,0,0,True,100346,0.02026976,201.998684551452
get-table,256,2-stackful,0,1,True,100346,0.020658361,205.87129531819903
get-table,256,2-stackful,0,2,False,100346,0.020426012,203.5558168736173
get-table,256,2-stackful,0,3,False,100346,0.020222691000000008,201.5296175233692
get-table,256,2-stackful,0,4,False,100346,0.02024414699999999,201.74343770553872
get-table,256,2-stackless,1,0,True,100346,0.019858723000000002,197.9024873936181
get-table,256,2-stackless,1,1,True,100346,0.019830427,197.62050305941443
get-table,256,2-stackless,1,2,False,100346,0.020082804000000003,200.13557092460093
get-table,256,2-stackless,1,3,False,100346,0.01985896699999999,197.90491898032798
get-table,256,2-stackless,1,4,False,100346,0.019833503000000002,197.65115699679114
get-table,256,2-stackful,1,0,True,100346,0.02035182,202.81645506547346
get-table,256,2-stackful,1,1,True,100346,0.020650234000000003,205.79030554282187
get-table,256,2-stackful,1,2,False,100346,0.020281883,202.1194965419648
get-table,256,2-stackful,1,3,False,100346,0.020740222999999995,206.68709265939844
get-table,256,2-stackful,1,4,False,100346,0.020430743,203.60296374544077
get-table,256,1x,1,0,True,100346,0.020091,200.21724832081
get-table,256,1x,1,1,True,100346,0.0204297,203.59256970880753
get-table,256,1x,1,2,False,100346,0.0203771,203.06838339345865
get-table,256,1x,1,3,False,100346,0.0203898,203.19494548860942
get-table,256,1x,1,4,False,100346,0.0203013,202.31299703027526
get-table,256,2-stackless,2,0,True,100346,0.019931079999999997,198.62356247384048
get-table,256,2-stackless,2,1,True,100346,0.019907753000000004,198.39109680505456
get-table,256,2-stackless,2,2,False,100346,0.019910478000000002,198.4182528451558
get-table,256,2-stackless,2,3,False,100346,0.019893219999999996,198.24626791302092
get-table,256,2-stackless,2,4,False,100346,0.019945223999999998,198.76451477886508
get-table,256,2-stackful,2,0,True,100346,0.020617863,205.4677117174576
get-table,256,2-stackful,2,1,True,100346,0.020239069999999998,201.69284276403639
get-table,256,2-stackful,2,2,False,100346,0.020391191000000003,203.20880752596022
get-table,256,2-stackful,2,3,False,100346,0.020640058999999995,205.68890638391161
get-table,256,2-stackful,2,4,False,100346,0.020665976000000003,205.947182747693
get-table,256,1x,2,0,True,100346,0.0201585,200.88992087377673
get-table,256,1x,2,1,True,100346,0.0202958,202.25818667410758
get-table,256,1x,2,2,False,100346,0.0203323,202.6219281286748
get-table,256,1x,2,3,False,100346,0.0203494,202.79233850875968
get-table,256,1x,2,4,False,100346,0.0202948,202.24822115480438
add-float,64,1x,0,0,True,260470,0.0195643,75.11152915882828
add-float,64,1x,0,1,True,260470,0.0193851,74.4235420585864
add-float,64,1x,0,2,False,260470,0.0193398,74.24962567666142
add-float,64,1x,0,3,False,260470,0.0193559,74.31143701769878
add-float,64,1x,0,4,False,260470,0.0193581,74.31988328790264
add-float,64,2-stackful,0,0,True,260470,0.022594273,86.74424309901332
add-float,64,2-stackful,0,1,True,260470,0.02254575,86.55795293123968
add-float,64,2-stackful,0,2,False,260470,0.022574080999999996,86.66672169539677
add-float,64,2-stackful,0,3,False,260470,0.02255734100000001,86.60245325757288
add-float,64,2-stackful,0,4,False,260470,0.022547793999999996,86.5658002841018
add-float,64,2-stackless,0,0,True,260470,0.02272574,87.24897301032749
add-float,64,2-stackless,0,1,True,260470,0.022714513000000002,87.2058701577917
add-float,64,2-stackless,0,2,False,260470,0.022686784,87.09941260029946
add-float,64,2-stackless,0,3,False,260470,0.022751944999999996,87.34957960609665
add-float,64,2-stackless,0,4,False,260470,0.022660566000000007,86.99875609475183
add-float,64,2-stackful,1,0,True,260470,0.022618061,86.83557031519945
add-float,64,2-stackful,1,1,True,260470,0.022574415999999996,86.668007831996
add-float,64,2-stackful,1,2,False,260470,0.022589965000000004,86.72770376626869
add-float,64,2-stackful,1,3,False,260470,0.022556034000000003,86.59743540522902
add-float,64,2-stackful,1,4,False,260470,0.022568563,86.64553691404001
add-float,64,2-stackless,1,0,True,260470,0.022716365999999998,87.21298422083157
add-float,64,2-stackless,1,1,True,260470,0.022674924,87.05387952547318
add-float,64,2-stackless,1,2,False,260470,0.022713776999999997,87.20304449648711
add-float,64,2-stackless,1,3,False,260470,0.02274893,87.33800437670365
add-float,64,2-stackless,1,4,False,260470,0.022789803999999997,87.49492839866394
add-float,64,1x,1,0,True,260470,0.0194068,74.50685299650631
add-float,64,1x,1,1,True,260470,0.0193716,74.37171267324452
add-float,64,1x,1,2,False,260470,0.0193192,74.17053787384344
add-float,64,1x,1,3,False,260470,0.0193339,74.22697431566016
add-float,64,1x,1,4,False,260470,0.0193806,74.40626559680578
add-float,64,2-stackful,2,0,True,260470,0.022597945999999997,86.75834453104002
add-float,64,2-stackful,2,1,True,260470,0.022538976,86.53194609743925
add-float,64,2-stackful,2,2,False,260470,0.022544544,86.55332283948248
add-float,64,2-stackful,2,3,False,260470,0.022564016999999992,86.6280838484278
add-float,64,2-stackful,2,4,False,260470,0.022539273,86.53308634391676
add-float,64,1x,2,0,True,260470,0.0194438,74.64890390448036
add-float,64,1x,2,1,True,260470,0.0194018,74.48765692786118
add-float,64,1x,2,2,False,260470,0.0193465,74.27534840864591
add-float,64,1x,2,3,False,260470,0.0193324,74.22121549506662
add-float,64,1x,2,4,False,260470,0.0193386,74.24501862018658
add-float,64,2-stackless,2,0,True,260470,0.02269266,87.12197182017123
add-float,64,2-stackless,2,1,True,260470,0.022753080000000002,87.35393711367914
add-float,64,2-stackless,2,2,False,260470,0.022726247999999998,87.25092333090181
add-float,64,2-stackless,2,3,False,260470,0.022665188000000003,87.01650094060737
add-float,64,2-stackless,2,4,False,260470,0.022734283999999993,87.28177525242828
add-float4,8,2-stackful,0,0,True,1329257,0.035410574,26.63937372532174
add-float4,8,2-stackful,0,1,True,1329257,0.035376519999999995,26.61375490217467
add-float4,8,2-stackful,0,2,False,1329257,0.035477588000000004,26.689788355449704
add-float4,8,2-stackful,0,3,False,1329257,0.03532948999999999,26.578374234628814
add-float4,8,2-stackful,0,4,False,1329257,0.0353851,26.620209635909383
add-float4,8,2-stackless,0,0,True,1329257,0.030779953999999998,23.15575844249833
add-float4,8,2-stackless,0,1,True,1329257,0.030835245999999997,23.19735461238872
add-float4,8,2-stackless,0,2,False,1329257,0.030771084000000004,23.149085541772585
add-float4,8,2-stackless,0,3,False,1329257,0.03085687899999999,23.213629117619835
add-float4,8,2-stackless,0,4,False,1329257,0.030868648,23.222482935955952
add-float4,8,1x,0,0,True,1329257,0.020034,15.071577580558161
add-float4,8,1x,0,1,True,1329257,0.0199486,15.007331163198689
add-float4,8,1x,0,2,False,1329257,0.0199281,14.99190901383254
add-float4,8,1x,0,3,False,1329257,0.0199352,14.997250343613011
add-float4,8,1x,0,4,False,1329257,0.0200413,15.077069370332449
add-float4,8,2-stackful,1,0,True,1329257,0.035376123,26.613456239086947
add-float4,8,2-stackful,1,1,True,1329257,0.035477644999999995,26.68983123654793
add-float4,8,2-stackful,1,2,False,1329257,0.03551355399999999,26.71684557613764
add-float4,8,2-stackful,1,3,False,1329257,0.035685865,26.846475136109873
add-float4,8,2-stackful,1,4,False,1329257,0.035686785,26.847167252081427
add-float4,8,2-stackless,1,0,True,1329257,0.030777985,23.15427716385921
add-float4,8,2-stackless,1,1,True,1329257,0.030750687999999998,23.13374163160322
add-float4,8,2-stackless,1,2,False,1329257,0.030815591000000003,23.18256815649645
add-float4,8,2-stackless,1,3,False,1329257,0.030765765,23.145084058237046
add-float4,8,2-stackless,1,4,False,1329257,0.030771582000000006,23.149460187157192
add-float4,8,1x,1,0,True,1329257,0.0200164,15.058337101102346
add-float4,8,1x,1,1,True,1329257,0.0199873,15.036445172002104
add-float4,8,1x,1,2,False,1329257,0.019954,15.011393583031724
add-float4,8,1x,1,3,False,1329257,0.0200875,15.111825628903967
add-float4,8,1x,1,4,False,1329257,0.0199848,15.034564422079402
add-float4,8,2-stackful,2,0,True,1329257,0.035395366000000004,26.62793274739197
add-float4,8,2-stackful,2,1,True,1329257,0.03534588,26.59070443112205
add-float4,8,2-stackful,2,2,False,1329257,0.035285306,26.545134612794968
add-float4,8,2-stackful,2,3,False,1329257,0.03537267800000002,26.61086456569348
add-float4,8,2-stackful,2,4,False,1329257,0.03535517000000002,26.597693297834823
add-float4,8,2-stackless,2,0,True,1329257,0.030843512,23.203573123933143
add-float4,8,2-stackless,2,1,True,1329257,0.030998015999999996,23.31980647835595
add-float4,8,2-stackless,2,2,False,1329257,0.030766841999999996,23.145894285303743
add-float4,8,2-stackless,2,3,False,1329257,0.030841402000000004,23.201985770998387
add-float4,8,2-stackless,2,4,False,1329257,0.03073620099999999,23.122843061951144
add-float4,8,1x,2,0,True,1329257,0.0200318,15.069922520626184
add-float4,8,1x,2,1,True,1329257,0.0200667,15.096177789547093
add-float4,8,1x,2,2,False,1329257,0.0199213,14.986793374042792
add-float4,8,1x,2,3,False,1329257,0.0199769,15.028621252323667
add-float4,8,1x,2,4,False,1329257,0.0199594,15.015456002864758
const-table,64,1x,0,0,True,407353,0.0503765,123.66792438008312
const-table,64,1x,0,1,True,407353,0.0502528,123.36425655389797
const-table,64,1x,0,2,False,407353,0.0503457,123.5923142826983
const-table,64,1x,0,3,False,407353,0.0506661,124.3788556853638
const-table,64,1x,0,4,False,407353,0.0503982,123.72119513051334
const-table,64,2-stackful,0,0,True,407353,0.020611868999999998,50.59952670042935
const-table,64,2-stackful,0,1,True,407353,0.020679380999999997,50.76526010609962
const-table,64,2-stackful,0,2,False,407353,0.020578622999999997,50.51791198297299
const-table,64,2-stackful,0,3,False,407353,0.020549426000000003,50.4462370474748
const-table,64,2-stackful,0,4,False,407353,0.020512257000000006,50.354991862095055
const-table,64,2-stackless,0,0,True,407353,0.020180413,49.54035688947915
const-table,64,2-stackless,0,1,True,407353,0.020070199000000004,49.269795484506076
const-table,64,2-stackless,0,2,False,407353,0.020102907999999996,49.35009193500476
const-table,64,2-stackless,0,3,False,407353,0.020100440999999997,49.3440357625941
const-table,64,2-stackless,0,4,False,407353,0.020061069,49.24738249135271
const-table,64,2-stackful,1,0,True,407353,0.020610208,50.59544915589182
const-table,64,2-stackful,1,1,True,407353,0.020582077999999997,50.526393570195864
const-table,64,2-stackful,1,2,False,407353,0.020563498,50.48078202443581
const-table,64,2-stackful,1,3,False,407353,0.020648403999999995,50.689215496142154
const-table,64,2-stackful,1,4,False,407353,0.020520380000000005,50.37493279784365
const-table,64,2-stackless,1,0,True,407353,0.020182073999999998,49.54443443401668
const-table,64,2-stackless,1,1,True,407353,0.020094817999999997,49.33023201007479
const-table,64,2-stackless,1,2,False,407353,0.020100142,49.34330175547989
const-table,64,2-stackless,1,3,False,407353,0.020043176000000003,49.20345744354406
const-table,64,2-stackless,1,4,False,407353,0.020061241999999993,49.247807184432155
const-table,64,1x,1,0,True,407353,0.0499741,122.68008336749699
const-table,64,1x,1,1,True,407353,0.0500421,122.8470147513336
const-table,64,1x,1,2,False,407353,0.0499527,122.62754907905429
const-table,64,1x,1,3,False,407353,0.0495321,121.59502937255894
const-table,64,1x,1,4,False,407353,0.0500745,122.92655264598518
const-table,64,2-stackless,2,0,True,407353,0.020040779,49.19757311226381
const-table,64,2-stackless,2,1,True,407353,0.020129980000000002,49.416550264758094
const-table,64,2-stackless,2,2,False,407353,0.020091407000000006,49.32185843727677
const-table,64,2-stackless,2,3,False,407353,0.020183969000000003,49.549086418904494
const-table,64,2-stackless,2,4,False,407353,0.020054404999999997,49.23102321573671
const-table,64,2-stackful,2,0,True,407353,0.020600254999999998,50.57101580201937
const-table,64,2-stackful,2,1,True,407353,0.020607505,50.58881363338431
const-table,64,2-stackful,2,2,False,407353,0.020644406999999997,50.67940336759517
const-table,64,2-stackful,2,3,False,407353,0.020557696,50.46653884959728
const-table,64,2-stackful,2,4,False,407353,0.020522575,50.38032124471896
const-table,64,1x,2,0,True,407353,0.0504383,123.8196355495111
const-table,64,1x,2,1,True,407353,0.0501424,123.09323854249263
const-table,64,1x,2,2,False,407353,0.0499921,122.72427108674786
const-table,64,1x,2,3,False,407353,0.0501211,123.0409497413791
const-table,64,1x,2,4,False,407353,0.0506577,124.35823474971339
take-table,0,2-stackless,0,0,True,2970400,0.044129589,14.856446606517641
take-table,0,2-stackless,0,1,True,2970400,0.044173593,14.871260772959872
take-table,0,2-stackless,0,2,False,2970400,0.043982538000000015,14.806941152706711
take-table,0,2-stackless,0,3,False,2970400,0.04416972999999999,14.869960274710474
take-table,0,2-stackless,0,4,False,2970400,0.044165695000000005,14.86860187180178
take-table,0,1x,0,0,True,2970400,0.0202153,6.805581739833019
take-table,0,1x,0,1,True,2970400,0.0201443,6.781679235119849
take-table,0,1x,0,2,False,2970400,0.0200092,6.736197145165634
take-table,0,1x,0,3,False,2970400,0.0201505,6.783766496094802
take-table,0,1x,0,4,False,2970400,0.0200054,6.734917856180986
take-table,0,2-stackful,0,0,True,2970400,0.053914666,18.1506416644223
take-table,0,2-stackful,0,1,True,2970400,0.05391263200000001,18.14995690816052
take-table,0,2-stackful,0,2,False,2970400,0.053898481,18.145192903312687
take-table,0,2-stackful,0,3,False,2970400,0.053740998999999984,18.092175801238884
take-table,0,2-stackful,0,4,False,2970400,0.05388984400000002,18.142285214112587
take-table,0,1x,1,0,True,2970400,0.0198651,6.687685160247778
take-table,0,1x,1,1,True,2970400,0.0199567,6.718522757877727
take-table,0,1x,1,2,False,2970400,0.0199909,6.7300363587395635
take-table,0,1x,1,3,False,2970400,0.0197985,6.6652639375168325
take-table,0,1x,1,4,False,2970400,0.0198562,6.684688930783733
take-table,0,2-stackful,1,0,True,2970400,0.053905034,18.147399003501214
take-table,0,2-stackful,1,1,True,2970400,0.053896883,18.14465492862914
take-table,0,2-stackful,1,2,False,2970400,0.053900461999999996,18.14585981685968
take-table,0,2-stackful,1,3,False,2970400,0.053832713000000004,18.123051777538382
take-table,0,2-stackful,1,4,False,2970400,0.05388620399999999,18.14105978992728
take-table,0,2-stackless,1,0,True,2970400,0.044253515,14.898166913546998
take-table,0,2-stackless,1,1,True,2970400,0.04414487,14.861591031510908
take-table,0,2-stackless,1,2,False,2970400,0.044110671000000004,14.85007776730407
take-table,0,2-stackless,1,3,False,2970400,0.044178195,14.872810059251279
take-table,0,2-stackless,1,4,False,2970400,0.04413223200000002,14.857336385671971
take-table,0,2-stackful,2,0,True,2970400,0.053903179,18.146774508483706
take-table,0,2-stackful,2,1,True,2970400,0.053977859999999996,18.171916240237003
take-table,0,2-stackful,2,2,False,2970400,0.053872349,18.136395434958256
take-table,0,2-stackful,2,3,False,2970400,0.05391172899999999,18.149652908699164
take-table,0,2-stackful,2,4,False,2970400,0.053655448999999994,18.063374966334496
take-table,0,1x,2,0,True,2970400,0.0200215,6.740338001615944
take-table,0,1x,2,1,True,2970400,0.0200105,6.736634796660383
take-table,0,1x,2,2,False,2970400,0.0200866,6.762254241852949
take-table,0,1x,2,3,False,2970400,0.0198638,6.68724750875303
take-table,0,1x,2,4,False,2970400,0.0200745,6.7581807164018315
take-table,0,2-stackless,2,0,True,2970400,0.044182929999999995,14.874404120657148
take-table,0,2-stackless,2,1,True,2970400,0.043940142999999994,14.792668664152973
take-table,0,2-stackless,2,2,False,2970400,0.04393664600000001,14.791491381632106
take-table,0,2-stackless,2,3,False,2970400,0.043882597999999995,14.773295852410447
take-table,0,2-stackless,2,4,False,2970400,0.04406517500000001,14.834761311607869
const-seq,8,2-stackless,0,0,True,831342,0.019770015999999998,23.78084590938506
const-seq,8,2-stackless,0,1,True,831342,0.01973016,23.732904147751466
const-seq,8,2-stackless,0,2,False,831342,0.019705066,23.702719217842958
const-seq,8,2-stackless,0,3,False,831342,0.019736962000000004,23.741086099342994
const-seq,8,2-stackless,0,4,False,831342,0.01969331099999999,23.688579429404495
const-seq,8,2-stackful,0,0,True,831342,0.022548381000000003,27.12287001017632
const-seq,8,2-stackful,0,1,True,831342,0.022551422999999998,27.126529154066553
const-seq,8,2-stackful,0,2,False,831342,0.022533029000000003,27.104403482561935
const-seq,8,2-stackful,0,3,False,831342,0.022486167999999987,27.048035585835894
const-seq,8,2-stackful,0,4,False,831342,0.022508068000000006,27.07437853494712
const-seq,8,1x,0,0,True,831342,0.0686432,82.56914723423091
const-seq,8,1x,0,1,True,831342,0.068106,81.922963112654
const-seq,8,1x,0,2,False,831342,0.0686686,82.59970024370236
const-seq,8,1x,0,3,False,831342,0.0687805,82.73430188779106
const-seq,8,1x,0,4,False,831342,0.0683043,82.16149310392113
const-seq,8,2-stackful,1,0,True,831342,0.022574831,27.15468603775582
const-seq,8,2-stackful,1,1,True,831342,0.022493493000000003,27.0568466407327
const-seq,8,2-stackful,1,2,False,831342,0.022468923999999994,27.027293219878214
const-seq,8,2-stackful,1,3,False,831342,0.022549639999999996,27.12438442903161
const-seq,8,2-stackful,1,4,False,831342,0.022437986000000007,26.990078692042513
const-seq,8,2-stackless,1,0,True,831342,0.01957098,23.541430602567896
const-seq,8,2-stackless,1,1,True,831342,0.019740725000000004,23.745612515667442
const-seq,8,2-stackless,1,2,False,831342,0.019710272,23.708981381910213
const-seq,8,2-stackless,1,3,False,831342,0.019710912999999997,23.709752424393326
const-seq,8,2-stackless,1,4,False,831342,0.01971590000000001,23.715751158969482
const-seq,8,1x,1,0,True,831342,0.0682531,82.09990593522281
const-seq,8,1x,1,1,True,831342,0.068117,81.93619473092903
const-seq,8,1x,1,2,False,831342,0.0680703,81.88002049697958
const-seq,8,1x,1,3,False,831342,0.0678387,81.60143478857077
const-seq,8,1x,1,4,False,831342,0.0674277,81.1070534148401
const-seq,8,1x,2,0,True,831342,0.0676031,81.3180375826074
const-seq,8,1x,2,1,True,831342,0.0682514,82.09786104876213
const-seq,8,1x,2,2,False,831342,0.0678896,81.6626610949525
const-seq,8,1x,2,3,False,831342,0.0677228,81.4620216469275
const-seq,8,1x,2,4,False,831342,0.0681697,81.99958621121031
const-seq,8,2-stackless,2,0,True,831342,0.019745064,23.750831787639743
const-seq,8,2-stackless,2,1,True,831342,0.019726705,23.72874821673872
const-seq,8,2-stackless,2,2,False,831342,0.019750375,23.757220253517808
const-seq,8,2-stackless,2,3,False,831342,0.019722078999999997,23.72318371981687
const-seq,8,2-stackless,2,4,False,831342,0.019756010000000004,23.76399845069779
const-seq,8,2-stackful,2,0,True,831342,0.022520624000000003,27.089481825770868
const-seq,8,2-stackful,2,1,True,831342,0.022630901999999998,27.2221324076012
const-seq,8,2-stackful,2,2,False,831342,0.022494346000000005,27.05787269258621
const-seq,8,2-stackful,2,3,False,831342,0.022555583000000004,27.1315331115233
const-seq,8,2-stackful,2,4,False,831342,0.02249652499999999,27.060493755879037
make-table,256,2-stackless,0,0,True,9959,0.114760593,11523.304849884527
make-table,256,2-stackless,0,1,True,9959,0.11485300799999999,11532.584396023698
make-table,256,2-stackless,0,2,False,9959,0.11480544199999998,11527.80821367607
make-table,256,2-stackless,0,3,False,9959,0.11483226800000002,11530.501857616227
make-table,256,2-stackless,0,4,False,9959,0.11480344900000006,11527.608093182052
make-table,256,2-stackful,0,0,True,9959,0.10939481599999999,10984.518124309669
make-table,256,2-stackful,0,1,True,9959,0.10932082700000001,10977.088763932123
make-table,256,2-stackful,0,2,False,9959,0.10930735299999997,10975.73581684908
make-table,256,2-stackful,0,3,False,9959,0.10933018,10978.027914449242
make-table,256,2-stackful,0,4,False,9959,0.10928612700000007,10973.604478361287
make-table,256,1x,0,0,True,9959,0.020048,2013.0535194296617
make-table,256,1x,0,1,True,9959,0.0200876,2017.0298222713125
make-table,256,1x,0,2,False,9959,0.02001,2009.2378752886837
make-table,256,1x,0,3,False,9959,0.0201364,2021.9299126418316
make-table,256,1x,0,4,False,9959,0.0200371,2011.9590320313284
make-table,256,1x,1,0,True,9959,0.0203949,2047.8863339692741
make-table,256,1x,1,1,True,9959,0.0203078,2039.1404759514007
make-table,256,1x,1,2,False,9959,0.0203669,2045.0748067075008
make-table,256,1x,1,3,False,9959,0.020347,2043.0766141178833
make-table,256,1x,1,4,False,9959,0.0204688,2055.306757706597
make-table,256,2-stackless,1,0,True,9959,0.112818502,11328.296214479366
make-table,256,2-stackless,1,1,True,9959,0.11278045800000001,11324.47615222412
make-table,256,2-stackless,1,2,False,9959,0.11273663400000003,11320.075710412695
make-table,256,2-stackless,1,3,False,9959,0.112832355,11329.687217592127
make-table,256,2-stackless,1,4,False,9959,0.11293718999999997,11340.213876895268
make-table,256,2-stackful,1,0,True,9959,0.109244872,10969.461994176123
make-table,256,2-stackful,1,1,True,9959,0.109351608,10980.179536098001
make-table,256,2-stackful,1,2,False,9959,0.10930866599999997,10975.867657395318
make-table,256,2-stackful,1,3,False,9959,0.10933712000000001,10978.724771563411
make-table,256,2-stackful,1,4,False,9959,0.10929120999999997,10974.114870970978
make-table,256,2-stackless,2,0,True,9959,0.113516359,11398.369213776483
make-table,256,2-stackless,2,1,True,9959,0.11352721800000001,11399.459584295613
make-table,256,2-stackless,2,2,False,9959,0.113516335,11398.366803895973
make-table,256,2-stackless,2,3,False,9959,0.113482527,11394.972085550758
make-table,256,2-stackless,2,4,False,9959,0.11357453899999997,11404.211165779694
make-table,256,1x,2,0,True,9959,0.0199877,2006.998694648057
make-table,256,1x,2,1,True,9959,0.019871,1995.2806506677377
make-table,256,1x,2,2,False,9959,0.0198544,1993.6138166482579
make-table,256,1x,2,3,False,9959,0.0198746,1995.6421327442515
make-table,256,1x,2,4,False,9959,0.0199216,2000.3614820765138
make-table,256,2-stackful,2,0,True,9959,0.109316976,10976.70207852194
make-table,256,2-stackful,2,1,True,9959,0.109294873,10974.482678983833
make-table,256,2-stackful,2,2,False,9959,0.10936407600000003,10981.431469022997
make-table,256,2-stackful,2,3,False,9959,0.10922568799999999,10967.535696355055
make-table,256,2-stackful,2,4,False,9959,0.10921366299999996,10966.328245807808
update-string,256,1x,0,0,True,76935,0.0364403,473.6504841749529
update-string,256,1x,0,1,True,76935,0.0363539,472.5274582439722
update-string,256,1x,0,2,False,76935,0.0364415,473.6660817573276
update-string,256,1x,0,3,False,76935,0.0363853,472.9355949827777
update-string,256,1x,0,4,False,76935,0.0362755,471.5084161954897
update-string,256,2-stackful,0,0,True,76935,0.020218491,262.7996490543966
update-string,256,2-stackful,0,1,True,76935,0.020192289,262.4590758432443
update-string,256,2-stackful,0,2,False,76935,0.020151684999999996,261.9313056476246
update-string,256,2-stackful,0,3,False,76935,0.02034543600000001,264.4496782998636
update-string,256,2-stackful,0,4,False,76935,0.020159800000000005,262.0367842984338
update-string,256,2-stackless,0,0,True,76935,0.019967165,259.5329173978033
update-string,256,2-stackless,0,1,True,76935,0.019961035000000002,259.4532397478391
update-string,256,2-stackless,0,2,False,76935,0.019953218999999994,259.35164749463826
update-string,256,2-stackless,0,3,False,76935,0.019995918,259.9066484694872
update-string,256,2-stackless,0,4,False,76935,0.019960978000000004,259.45249886267635
update-string,256,2-stackful,1,0,True,76935,0.020195938,262.5065054916488
update-string,256,2-stackful,1,1,True,76935,0.020170911000000003,262.1812049132385
update-string,256,2-stackful,1,2,False,76935,0.020164946999999996,262.103684928836
update-string,256,2-stackful,1,3,False,76935,0.020236737000000005,263.0368102944044
update-string,256,2-stackful,1,4,False,76935,0.020210594999999998,262.6970169623708
update-string,256,2-stackless,1,0,True,76935,0.019944373,259.23666731656596
update-string,256,2-stackless,1,1,True,76935,0.020020422,260.22515110157923
update-string,256,2-stackless,1,2,False,76935,0.019934835999999997,259.1127055306427
update-string,256,2-stackless,1,3,False,76935,0.019938236000000005,259.15689868070456
update-string,256,2-stackless,1,4,False,76935,0.019943865000000005,259.23006434002735
update-string,256,1x,1,0,True,76935,0.0363872,472.960291154871
update-string,256,1x,1,1,True,76935,0.0363244,472.14401767726
update-string,256,1x,1,2,False,76935,0.0364246,473.44641580555015
update-string,256,1x,1,3,False,76935,0.0363106,471.9646454799506
update-string,256,1x,1,4,False,76935,0.0365167,474.6435302528108
update-string,256,1x,2,0,True,76935,0.0363743,472.7926171443426
update-string,256,1x,2,1,True,76935,0.0364334,473.56079807629817
update-string,256,1x,2,2,False,76935,0.0365788,475.4507051407032
update-string,256,1x,2,3,False,76935,0.0363175,472.05433157860534
update-string,256,1x,2,4,False,76935,0.0366847,476.82719178527327
update-string,256,2-stackful,2,0,True,76935,0.020218251,262.79652953792163
update-string,256,2-stackful,2,1,True,76935,0.020200922,262.5712874504452
update-string,256,2-stackful,2,2,False,76935,0.020155197,261.97695457204134
update-string,256,2-stackful,2,3,False,76935,0.020247354000000002,263.17480990446484
update-string,256,2-stackful,2,4,False,76935,0.020164270999999998,262.0948982907649
update-string,256,2-stackless,2,0,True,76935,0.019924901,258.98357054656526
update-string,256,2-stackless,2,1,True,76935,0.019919535000000002,258.91382335737967
update-string,256,2-stackless,2,2,False,76935,0.019923544999999994,258.96594527848174
update-string,256,2-stackless,2,3,False,76935,0.019974153,259.62374731916555
update-string,256,2-stackless,2,4,False,76935,0.019917454,258.88677454994473
get-int,64,1x,0,0,True,448026,0.0197678,44.12199292005375
get-int,64,1x,0,1,True,448026,0.0197358,44.050568493792774
get-int,64,1x,0,2,False,448026,0.0199095,44.43826920759063
get-int,64,1x,0,3,False,448026,0.0197171,44.008829844696514
get-int,64,1x,0,4,False,448026,0.019783,44.15591952252771
get-int,64,2-stackful,0,0,True,448026,0.030429393,67.91881051546116
get-int,64,2-stackful,0,1,True,448026,0.030219685,67.45073946601313
get-int,64,2-stackful,0,2,False,448026,0.030507921,68.09408605750559
get-int,64,2-stackful,0,3,False,448026,0.029975540999999994,66.90580680585501
get-int,64,2-stackful,0,4,False,448026,0.030171864999999992,67.34400458901938
get-int,64,2-stackless,0,0,True,448026,0.028637696999999997,63.919721176895976
get-int,64,2-stackless,0,1,True,448026,0.02863726,63.918745787074855
get-int,64,2-stackless,0,2,False,448026,0.028473879000000007,63.55407721873286
get-int,64,2-stackless,0,3,False,448026,0.028844502999999994,64.38131492368744
get-int,64,2-stackless,0,4,False,448026,0.028580625,63.792335712659536
get-int,64,2-stackless,1,0,True,448026,0.028500465,63.613417524875786
get-int,64,2-stackless,1,1,True,448026,0.028495050999999997,63.60133340475775
get-int,64,2-stackless,1,2,False,448026,0.028672990000000002,63.99849562302189
get-int,64,2-stackless,1,3,False,448026,0.028699648000000008,64.05799663412392
get-int,64,2-stackless,1,4,False,448026,0.028803917000000012,64.29072643105536
get-int,64,1x,1,0,True,448026,0.0196707,43.905264426618096
get-int,64,1x,1,1,True,448026,0.0198166,44.23091517010174
get-int,64,1x,1,2,False,448026,0.0199328,44.49027511796191
get-int,64,1x,1,3,False,448026,0.0196673,43.89767558132787
get-int,64,1x,1,4,False,448026,0.0199571,44.54451304165383
get-int,64,2-stackful,1,0,True,448026,0.030001338000000002,66.96338605348798
get-int,64,2-stackful,1,1,True,448026,0.030174768,67.35048412368926
get-int,64,2-stackful,1,2,False,448026,0.030046640999999992,67.0645029529536
get-int,64,2-stackful,1,3,False,448026,0.030375779000000006,67.79914335328755
get-int,64,2-stackful,1,4,False,448026,0.030198308999999993,67.40302794927078
get-int,64,1x,2,0,True,448026,0.0196832,43.93316459312629
get-int,64,1x,2,1,True,448026,0.0198124,44.22154071415498
get-int,64,1x,2,2,False,448026,0.0198159,44.229352760777275
get-int,64,1x,2,3,False,448026,0.0196635,43.889193930709375
get-int,64,1x,2,4,False,448026,0.0197698,44.12645694669506
get-int,64,2-stackful,2,0,True,448026,0.030112093,67.21059268881717
get-int,64,2-stackful,2,1,True,448026,0.030407981999999997,67.8710208782526
get-int,64,2-stackful,2,2,False,448026,0.029981724999999994,66.91960957622993
get-int,64,2-stackful,2,3,False,448026,0.029942212999999995,66.8314182659042
get-int,64,2-stackful,2,4,False,448026,0.030220247000000006,67.45199385749936
get-int,64,2-stackless,2,0,True,448026,0.028557881,63.74157080169454
get-int,64,2-stackless,2,1,True,448026,0.028593395,63.820838522764305
get-int,64,2-stackless,2,2,False,448026,0.028599638000000004,63.83477298192516
get-int,64,2-stackless,2,3,False,448026,0.02869645300000001,64.05086535156444
get-int,64,2-stackless,2,4,False,448026,0.028766656,64.2075593827144
do-int,256,2-stackful,0,0,True,4099,0.028414323,6932.013417906806
do-int,256,2-stackful,0,1,True,4099,0.028422212000000002,6933.938033666749
do-int,256,2-stackful,0,2,False,4099,0.028405329999999993,6929.819468162965
do-int,256,2-stackful,0,3,False,4099,0.02841049200000001,6931.078799707248
do-int,256,2-stackful,0,4,False,4099,0.028457330000000003,6942.505489143695
do-int,256,2-stackless,0,0,True,4099,0.026278578,6410.972920224445
do-int,256,2-stackless,0,1,True,4099,0.026281258,6411.626738228836
do-int,256,2-stackless,0,2,False,4099,0.026269482000000004,6408.753842400586
do-int,256,2-stackless,0,3,False,4099,0.02626597700000001,6407.898755794099
do-int,256,2-stackless,0,4,False,4099,0.026303480000000004,6417.048060502562
do-int,256,1x,0,0,True,4099,0.0199744,4872.993413027568
do-int,256,1x,0,1,True,4099,0.0200004,4879.3364235179315
do-int,256,1x,0,2,False,4099,0.0199214,4860.063430104904
do-int,256,1x,0,3,False,4099,0.0199952,4878.067821419859
do-int,256,1x,0,4,False,4099,0.0199435,4865.454989021712
do-int,256,2-stackful,1,0,True,4099,0.028422473,6934.001707733593
do-int,256,2-stackful,1,1,True,4099,0.028450947,6940.948280068309
do-int,256,2-stackful,1,2,False,4099,0.028374329999999996,6922.256647962917
do-int,256,2-stackful,1,3,False,4099,0.028429459000000004,6935.706025859967
do-int,256,2-stackful,1,4,False,4099,0.028386460999999988,6925.216150280554
do-int,256,2-stackless,1,0,True,4099,0.02593029,6326.003903391071
do-int,256,2-stackless,1,1,True,4099,0.025977673,6337.563552085875
do-int,256,2-stackless,1,2,False,4099,0.025931102999999997,6326.202244449865
do-int,256,2-stackless,1,3,False,4099,0.02592478000000001,6324.659673091
do-int,256,2-stackless,1,4,False,4099,0.025989997,6340.570139058307
do-int,256,1x,1,0,True,4099,0.0198974,4854.208343498414
do-int,256,1x,1,1,True,4099,0.0199116,4857.67260307392
do-int,256,1x,1,2,False,4099,0.0198929,4853.110514759697
do-int,256,1x,1,3,False,4099,0.0200128,4882.361551597951
do-int,256,1x,1,4,False,4099,0.0198653,4846.377165162235
do-int,256,2-stackless,2,0,True,4099,0.026144424000000003,6378.2444498658215
do-int,256,2-stackless,2,1,True,4099,0.026158334,6381.637960478165
do-int,256,2-stackless,2,2,False,4099,0.026147315999999997,6378.949987801902
do-int,256,2-stackless,2,3,False,4099,0.026138502999999993,6376.799951207609
do-int,256,2-stackless,2,4,False,4099,0.026163218000000002,6382.829470602587
do-int,256,1x,2,0,True,4099,0.0199181,4859.258355696511
do-int,256,1x,2,1,True,4099,0.0199953,4878.092217614052
do-int,256,1x,2,2,False,4099,0.0198767,4849.1583313003175
do-int,256,1x,2,3,False,4099,0.0198771,4849.255916077092
do-int,256,1x,2,4,False,4099,0.0199604,4869.577945840449
do-int,256,2-stackful,2,0,True,4099,0.028414855,6932.143205659917
do-int,256,2-stackful,2,1,True,4099,0.028386026999999998,6925.110270797754
do-int,256,2-stackful,2,2,False,4099,0.028412033999999996,6931.454989021711
do-int,256,2-stackful,2,3,False,4099,0.028437417000000006,6937.6474749939025
do-int,256,2-stackful,2,4,False,4099,0.02840936000000001,6930.8026347889745
assign-string,8,1x,0,0,True,308739,0.0185085,59.94869452838805
assign-string,8,1x,0,1,True,308739,0.0185269,60.00829179339183
assign-string,8,1x,0,2,False,308739,0.018415,59.64584973067866
assign-string,8,1x,0,3,False,308739,0.0184772,59.847314398245764
assign-string,8,1x,0,4,False,308739,0.018475,59.840188638299665
assign-string,8,2-stackful,0,0,True,308739,0.03317593,107.45623325851285
assign-string,8,2-stackful,0,1,True,308739,0.03315913699999999,107.4018410372515
assign-string,8,2-stackful,0,2,False,308739,0.03316561500000001,107.42282316131104
assign-string,8,2-stackful,0,3,False,308739,0.033178779000000005,107.46546111764307
assign-string,8,2-stackful,0,4,False,308739,0.03315579099999999,107.39100340416982
assign-string,8,2-stackless,0,0,True,308739,0.032082004,103.913026860876
assign-string,8,2-stackless,0,1,True,308739,0.032107962999999996,103.99710758925823
assign-string,8,2-stackless,0,2,False,308739,0.032108082999999996,103.99749626707347
assign-string,8,2-stackless,0,3,False,308739,0.032097175000000006,103.96216545366799
assign-string,8,2-stackless,0,4,False,308739,0.03209630899999999,103.95936049543462
assign-string,8,2-stackful,1,0,True,308739,0.033175011,107.45325663424445
assign-string,8,2-stackful,1,1,True,308739,0.033221855999999994,107.60498673636953
assign-string,8,2-stackful,1,2,False,308739,0.033144934,107.35583777883585
assign-string,8,2-stackful,1,3,False,308739,0.033167895,107.43020803980062
assign-string,8,2-stackful,1,4,False,308739,0.033190628,107.50383981291641
assign-string,8,1x,1,0,True,308739,0.0184829,59.865776594469764
assign-string,8,1x,1,1,True,308739,0.0184399,59.72650037734138
assign-string,8,1x,1,2,False,308739,0.0184171,59.6526515924454
assign-string,8,1x,1,3,False,308739,0.0183992,59.594673818338464
assign-string,8,1x,1,4,False,308739,0.018433,59.70415140296496
assign-string,8,2-stackless,1,0,True,308739,0.032627233,105.6790136652642
assign-string,8,2-stackless,1,1,True,308739,0.032241059,104.42820311007033
assign-string,8,2-stackless,1,2,False,308739,0.03216131700000001,104.16992022387845
assign-string,8,2-stackless,1,3,False,308739,0.032157810999999994,104.15856435370975
assign-string,8,2-stackless,1,4,False,308739,0.03223569199999998,104.41081949478355
assign-string,8,2-stackful,2,0,True,308739,0.033227497,107.62325783266772
assign-string,8,2-stackful,2,1,True,308739,0.033163655,107.41647475699538
assign-string,8,2-stackful,2,2,False,308739,0.033164758,107.42004735391383
assign-string,8,2-stackful,2,3,False,308739,0.033180713999999986,107.47172854741379
assign-string,8,2-stackful,2,4,False,308739,0.033169746,107.43620339510072
assign-string,8,1x,2,0,True,308739,0.0185636,60.12716242522001
assign-string,8,1x,2,1,True,308739,0.0185722,60.155017668645684
assign-string,8,1x,2,2,False,308739,0.0185964,60.233401028052825
assign-string,8,1x,2,3,False,308739,0.0183946,59.579774502087524
assign-string,8,1x,2,4,False,308739,0.0184839,59.86901557626344
assign-string,8,2-stackless,2,0,True,308739,0.032157534,104.15766715575292
assign-string,8,2-stackless,2,1,True,308739,0.03208926100000001,103.9365321517528
assign-string,8,2-stackless,2,2,False,308739,0.03208772900000001,103.93157003164488
assign-string,8,2-stackless,2,3,False,308739,0.032285281999999985,104.57144060193232
assign-string,8,2-stackless,2,4,False,308739,0.032221850999999996,104.36598874777724
update-seq,256,2-stackful,0,0,True,77978,0.020188361000000002,258.8981635846008
update-seq,256,2-stackful,0,1,True,77978,0.020168178999999998,258.6393469953063
update-seq,256,2-stackful,0,2,False,77978,0.020185421000000002,258.86046064274547
update-seq,256,2-stackful,0,3,False,77978,0.020232940000000005,259.4698504706456
update-seq,256,2-stackful,0,4,False,77978,0.020162272999999994,258.5636076842186
update-seq,256,1x,0,0,True,77978,0.0443562,568.8296699068968
update-seq,256,1x,0,1,True,77978,0.044369,568.9938187693965
update-seq,256,1x,0,2,False,77978,0.0455209,583.7659339813794
update-seq,256,1x,0,3,False,77978,0.044568,571.5458206160712
update-seq,256,1x,0,4,False,77978,0.0448752,575.4853933160636
update-seq,256,2-stackless,0,0,True,77978,0.020004158,256.5359203878017
update-seq,256,2-stackless,0,1,True,77978,0.020012669000000004,256.64506655723414
update-seq,256,2-stackless,0,2,False,77978,0.01996588,256.04503834414834
update-seq,256,2-stackless,0,3,False,77978,0.019963354000000003,256.0126445920645
update-seq,256,2-stackless,0,4,False,77978,0.01997881,256.2108543435328
update-seq,256,1x,1,0,True,77978,0.0447152,573.4335325348175
update-seq,256,1x,1,1,True,77978,0.0442996,568.103824155531
update-seq,256,1x,1,2,False,77978,0.0443472,568.7142527379517
update-seq,256,1x,1,3,False,77978,0.044301,568.1217779373669
update-seq,256,1x,1,4,False,77978,0.0443789,569.1207776552361
update-seq,256,2-stackful,1,0,True,77978,0.020204248999999997,259.10191336017846
update-seq,256,2-stackful,1,1,True,77978,0.020231466000000004,259.4509477031984
update-seq,256,2-stackful,1,2,False,77978,0.020166029000000002,258.6117751160584
update-seq,256,2-stackful,1,3,False,77978,0.020234052000000002,259.48411090307525
update-seq,256,2-stackful,1,4,False,77978,0.020367046,261.18964323270666
update-seq,256,2-stackless,1,0,True,77978,0.019979477,256.2194080381646
update-seq,256,2-stackless,1,1,True,77978,0.019965293999999998,256.03752340403696
update-seq,256,2-stackless,1,2,False,77978,0.019974575999999994,256.156556977609
update-seq,256,2-stackless,1,3,False,77978,0.019972491999999994,256.12983149093327
update-seq,256,2-stackless,1,4,False,77978,0.020031676999999998,256.8888276180461
update-seq,256,2-stackful,2,0,True,77978,0.020179972,258.7905819590141
update-seq,256,2-stackful,2,1,True,77978,0.020191639,258.94020108235657
update-seq,256,2-stackful,2,2,False,77978,0.020220958999999997,259.31620457051986
update-seq,256,2-stackful,2,3,False,77978,0.020203805000000005,259.0962194465106
update-seq,256,2-stackful,2,4,False,77978,0.02022437399999999,259.35999897406947
update-seq,256,2-stackless,2,0,True,77978,0.019934843,255.64701582497628
update-seq,256,2-stackless,2,1,True,77978,0.020049677999999998,257.11967478006613
update-seq,256,2-stackless,2,2,False,77978,0.019900413,255.2054810331119
update-seq,256,2-stackless,2,3,False,77978,0.019921123,255.47106876298443
update-seq,256,2-stackless,2,4,False,77978,0.019916359999999994,255.4099874323526
update-seq,256,1x,2,0,True,77978,0.04439,569.263125496935
update-seq,256,1x,2,1,True,77978,0.0443012,568.1243427633435
update-seq,256,1x,2,2,False,77978,0.0442414,567.3574597963528
update-seq,256,1x,2,3,False,77978,0.0444473,569.9979481392188
update-seq,256,1x,2,4,False,77978,0.0445287,571.0418323116777
get-int,0,2-stackless,0,0,True,2474360,0.037866201999999995,15.303432806867228
get-int,0,2-stackless,0,1,True,2474360,0.037347012000000006,15.093604810941015
get-int,0,2-stackless,0,2,False,2474360,0.037386819,15.109692607381303
get-int,0,2-stackless,0,3,False,2474360,0.03736743000000001,15.101856641717458
get-int,0,2-stackless,0,4,False,2474360,0.037208506,15.037628316008988
get-int,0,2-stackful,0,0,True,2474360,0.045330064999999996,18.319915048739873
get-int,0,2-stackful,0,1,True,2474360,0.045398799999999996,18.3476939491424
get-int,0,2-stackful,0,2,False,2474360,0.045331676000000015,18.32056612619021
get-int,0,2-stackful,0,3,False,2474360,0.045357098999999984,18.330840702242188
get-int,0,2-stackful,0,4,False,2474360,0.045466720000000016,18.375143471443128
get-int,0,1x,0,0,True,2474360,0.0159251,6.436048109410111
get-int,0,1x,0,1,True,2474360,0.0158699,6.413739310367125
get-int,0,1x,0,2,False,2474360,0.0158949,6.4238429331221
get-int,0,1x,0,3,False,2474360,0.0158133,6.390864708449861
get-int,0,1x,0,4,False,2474360,0.0157698,6.373284404856205
get-int,0,2-stackful,1,0,True,2474360,0.045341667,18.324603937988005
get-int,0,2-stackful,1,1,True,2474360,0.045352923,18.329152993097203
get-int,0,2-stackful,1,2,False,2474360,0.045416393,18.354804070547537
get-int,0,2-stackful,1,3,False,2474360,0.045317949999999996,18.315018833152813
get-int,0,2-stackful,1,4,False,2474360,0.045310269000000014,18.311914596097584
get-int,0,2-stackless,1,0,True,2474360,0.037303429000000006,15.07599096331981
get-int,0,2-stackless,1,1,True,2474360,0.037231615,15.046967700738778
get-int,0,2-stackless,1,2,False,2474360,0.037304273,15.076332061624015
get-int,0,2-stackless,1,3,False,2474360,0.037210853000000016,15.038576844113232
get-int,0,2-stackless,1,4,False,2474360,0.037341295999999996,15.09129471863431
get-int,0,1x,1,0,True,2474360,0.0159611,6.450597326177274
get-int,0,1x,1,1,True,2474360,0.0157352,6.3593009909633205
get-int,0,1x,1,2,False,2474360,0.0158324,6.398583876234663
get-int,0,1x,1,3,False,2474360,0.0158278,6.396724809647747
get-int,0,1x,1,4,False,2474360,0.0159166,6.432612877673418
get-int,0,2-stackful,2,0,True,2474360,0.045395577,18.346391390096834
get-int,0,2-stackful,2,1,True,2474360,0.045346306,18.32647876622642
get-int,0,2-stackful,2,2,False,2474360,0.045368528000000005,18.335459674420864
get-int,0,2-stackful,2,3,False,2474360,0.045353647,18.32944559401219
get-int,0,2-stackful,2,4,False,2474360,0.045330851000000005,18.320232706639295
get-int,0,2-stackless,2,0,True,2474360,0.037347901,15.093964095766179
get-int,0,2-stackless,2,1,True,2474360,0.037259497,15.058236069124945
get-int,0,2-stackless,2,2,False,2474360,0.037253784,15.055927189252978
get-int,0,2-stackless,2,3,False,2474360,0.037311040000000004,15.079066910231333
get-int,0,2-stackless,2,4,False,2474360,0.03727565100000002,15.06476462600431
get-int,0,1x,2,0,True,2474360,0.0160169,6.473148612166378
get-int,0,1x,2,1,True,2474360,0.0159105,6.430147593721205
get-int,0,1x,2,2,False,2474360,0.0158343,6.399351751564041
get-int,0,1x,2,3,False,2474360,0.0158583,6.409051229408816
get-int,0,1x,2,4,False,2474360,0.0158542,6.407394235277001
get-seq,64,2-stackful,0,0,True,289337,0.020575625,71.11301008858183
get-seq,64,2-stackful,0,1,True,289337,0.020890628000000005,72.2017163376962
get-seq,64,2-stackful,0,2,False,289337,0.020548286,71.01852165467949
get-seq,64,2-stackful,0,3,False,289337,0.020479583999999995,70.78107535503581
get-seq,64,2-stackful,0,4,False,289337,0.020793937999999998,71.86753854501842
get-seq,64,2-stackless,0,0,True,289337,0.019541815,67.53997933205916
get-seq,64,2-stackless,0,1,True,289337,0.019606515,67.76359400975333
get-seq,64,2-stackless,0,2,False,289337,0.019523907,67.47808610720371
get-seq,64,2-stackless,0,3,False,289337,0.019659367999999997,67.9462633538054
get-seq,64,2-stackless,0,4,False,289337,0.019678095000000007,68.0109871879504
get-seq,64,1x,0,0,True,289337,0.0334198,115.50475742818928
get-seq,64,1x,0,1,True,289337,0.0334157,115.49058710085471
get-seq,64,1x,0,2,False,289337,0.0331951,114.72815436670733
get-seq,64,1x,0,3,False,289337,0.0329379,113.8392255397685
get-seq,64,1x,0,4,False,289337,0.033233,114.85914349011706
get-seq,64,2-stackful,1,0,True,289337,0.020731436,71.65152054524654
get-seq,64,2-stackful,1,1,True,289337,0.020655246999999998,71.388197845419
get-seq,64,2-stackful,1,2,False,289337,0.020934892999999996,72.35470403024846
get-seq,64,2-stackful,1,3,False,289337,0.020600353000000002,71.19847444329622
get-seq,64,2-stackful,1,4,False,289337,0.020619517000000004,71.26470862696442
get-seq,64,1x,1,0,True,289337,0.0336164,116.18424190476848
get-seq,64,1x,1,1,True,289337,0.0331061,114.42055457822539
get-seq,64,1x,1,2,False,289337,0.0333395,115.22722638307579
get-seq,64,1x,1,3,False,289337,0.0330983,114.39359639451573
get-seq,64,1x,1,4,False,289337,0.0333115,115.13045341591294
get-seq,64,2-stackless,1,0,True,289337,0.019689771,68.05134151525729
get-seq,64,2-stackless,1,1,True,289337,0.019653805,67.9270366389366
get-seq,64,2-stackless,1,2,False,289337,0.019532699,67.50847281889286
get-seq,64,2-stackless,1,3,False,289337,0.019998582999999993,69.11865057009643
get-seq,64,2-stackless,1,4,False,289337,0.019521367999999997,67.46931087278847
get-seq,64,1x,2,0,True,289337,0.0330311,114.16134127332488
get-seq,64,1x,2,1,True,289337,0.0329494,113.87897157985324
get-seq,64,1x,2,2,False,289337,0.0328013,113.3671117071097
get-seq,64,1x,2,3,False,289337,0.0329186,113.7725213159741
get-seq,64,1x,2,4,False,289337,0.0329094,113.7407244839063
get-seq,64,2-stackful,2,0,True,289337,0.020846687,72.04984844662107
get-seq,64,2-stackful,2,1,True,289337,0.020950542,72.40878975036031
get-seq,64,2-stackful,2,2,False,289337,0.020636098999999998,71.32201896058919
get-seq,64,2-stackful,2,3,False,289337,0.020641914000000004,71.34211663216252
get-seq,64,2-stackful,2,4,False,289337,0.020488668,70.81247127052538
get-seq,64,2-stackless,2,0,True,289337,0.019670944,67.98627206337247
get-seq,64,2-stackless,2,1,True,289337,0.019675549,68.00218776029337
get-seq,64,2-stackless,2,2,False,289337,0.019513538000000004,67.44224900375687
get-seq,64,2-stackless,2,3,False,289337,0.019526884000000008,67.48837514731959
get-seq,64,2-stackless,2,4,False,289337,0.019522867,67.47449168270909
update-string,64,1x,0,0,True,221855,0.0296019,133.42904149106397
update-string,64,1x,0,1,True,221855,0.0299077,134.8074192603277
update-string,64,1x,0,2,False,221855,0.0300132,135.2829550832751
update-string,64,1x,0,3,False,221855,0.0295206,133.06258592323815
update-string,64,1x,0,4,False,221855,0.0294802,132.88048500146493
update-string,64,2-stackless,0,0,True,221855,0.020105414000000002,90.62411935723786
update-string,64,2-stackless,0,1,True,221855,0.020042515999999996,90.34060985778999
update-string,64,2-stackless,0,2,False,221855,0.020057660999999997,90.40887516621216
update-string,64,2-stackless,0,3,False,221855,0.020054456,90.3944287935814
update-string,64,2-stackless,0,4,False,221855,0.020046213999999993,90.3572784025602
update-string,64,2-stackful,0,0,True,221855,0.020706301,93.33258659935544
update-string,64,2-stackful,0,1,True,221855,0.020722754999999995,93.40675215794099
update-string,64,2-stackful,0,2,False,221855,0.020720050999999996,93.39456401703814
update-string,64,2-stackful,0,3,False,221855,0.020742789999999997,93.4970588898154
update-string,64,2-stackful,0,4,False,221855,0.020630128999999997,92.98924522773882
update-string,64,2-stackless,1,0,True,221855,0.020032084999999998,90.29359266187373
update-string,64,2-stackless,1,1,True,221855,0.020010497000000002,90.19628586238761
update-string,64,2-stackless,1,2,False,221855,0.020029578000000006,90.282292488337
update-string,64,2-stackless,1,3,False,221855,0.020034373,90.30390570417615
update-string,64,2-stackless,1,4,False,221855,0.020052742999999998,90.38670753420026
update-string,64,1x,1,0,True,221855,0.02956,133.24017939645265
update-string,64,1x,1,1,True,221855,0.0295949,133.39748935115279
update-string,64,1x,1,2,False,221855,0.0296654,133.71526447454417
update-string,64,1x,1,3,False,221855,0.0297762,134.21468977485296
update-string,64,1x,1,4,False,221855,0.0295179,133.05041581212956
update-string,64,2-stackful,1,0,True,221855,0.020675295,93.19282864934304
update-string,64,2-stackful,1,1,True,221855,0.020705744999999998,93.33008045795675
update-string,64,2-stackful,1,2,False,221855,0.020640695,93.03687092921052
update-string,64,2-stackful,1,3,False,221855,0.020753446000000002,93.54509026165739
update-string,64,2-stackful,1,4,False,221855,0.02073475000000001,93.46081900340317
update-string,64,1x,2,0,True,221855,0.0297796,134.23001509995268
update-string,64,1x,2,1,True,221855,0.0298374,134.49054562664804
update-string,64,1x,2,2,False,221855,0.029505,132.99226972572177
update-string,64,1x,2,3,False,221855,0.0296408,133.6043812399991
update-string,64,1x,2,4,False,221855,0.029963,135.0566811656262
update-string,64,2-stackless,2,0,True,221855,0.019666419,88.64537197719231
update-string,64,2-stackless,2,1,True,221855,0.019621055000000002,88.44089608077348
update-string,64,2-stackless,2,2,False,221855,0.019660120000000003,88.6169795587208
update-string,64,2-stackless,2,3,False,221855,0.019718751,88.88125577516847
update-string,64,2-stackless,2,4,False,221855,0.019643509000000003,88.54210633071152
update-string,64,2-stackful,2,0,True,221855,0.020715999,93.37629983547812
update-string,64,2-stackful,2,1,True,221855,0.020659635,93.12224200491312
update-string,64,2-stackful,2,2,False,221855,0.020619578000000006,92.94168713799557
update-string,64,2-stackful,2,3,False,221855,0.020701736000000005,93.31201009668479
update-string,64,2-stackful,2,4,False,221855,0.020615883,92.92503211557099
const-table,8,2-stackful,0,0,True,825993,0.022476061,27.210958204246282
const-table,8,2-stackful,0,1,True,825993,0.02237617,27.090023765334575
const-table,8,2-stackful,0,2,False,825993,0.022385171999999995,27.100922162778616
const-table,8,2-stackful,0,3,False,825993,0.02239056299999999,27.107448852472103
const-table,8,2-stackful,0,4,False,825993,0.022363332,27.074481260737077
const-table,8,2-stackless,0,0,True,825993,0.019631199000000002,23.766786159204745
const-table,8,2-stackless,0,1,True,825993,0.019624843,23.759091178738803
const-table,8,2-stackless,0,2,False,825993,0.019607682,23.738314973613576
const-table,8,2-stackless,0,3,False,825993,0.019582332999999993,23.70762585155079
const-table,8,2-stackless,0,4,False,825993,0.019637800999999996,23.77477896301784
const-table,8,1x,0,0,True,825993,0.0656595,79.49159375442648
const-table,8,1x,0,1,True,825993,0.0653866,79.1612035453085
const-table,8,1x,0,2,False,825993,0.0656959,79.53566192449573
const-table,8,1x,0,3,False,825993,0.0658133,79.67779387960915
const-table,8,1x,0,4,False,825993,0.065648,79.47767111827824
const-table,8,1x,1,0,True,825993,0.0658693,79.74559106433107
const-table,8,1x,1,1,True,825993,0.0656223,79.44655705314693
const-table,8,1x,1,2,False,825993,0.0653838,79.15781368607242
const-table,8,1x,1,3,False,825993,0.0656915,79.53033500283901
const-table,8,1x,1,4,False,825993,0.0653512,79.11834603925215
const-table,8,2-stackless,1,0,True,825993,0.019627656,23.762496776607065
const-table,8,2-stackless,1,1,True,825993,0.01958977,23.71662955981467
const-table,8,2-stackless,1,2,False,825993,0.019563969,23.685393217618067
const-table,8,2-stackless,1,3,False,825993,0.019570935999999997,23.693827913795875
const-table,8,2-stackless,1,4,False,825993,0.019559551999999994,23.680045714673117
const-table,8,2-stackful,1,0,True,825993,0.022426421999999998,27.150862053310373
const-table,8,2-stackful,1,1,True,825993,0.022363532999999998,27.074724604203663
const-table,8,2-stackful,1,2,False,825993,0.022372559999999993,27.085653268248027
const-table,8,2-stackful,1,3,False,825993,0.022382867,27.098131582228906
const-table,8,2-stackful,1,4,False,825993,0.02241219200000001,27.13363430440695
const-table,8,1x,2,0,True,825993,0.0653584,79.12706282014497
const-table,8,1x,2,1,True,825993,0.0655857,79.40224675027513
const-table,8,1x,2,2,False,825993,0.0657949,79.65551766177195
const-table,8,1x,2,3,False,825993,0.0658028,79.66508190747378
const-table,8,1x,2,4,False,825993,0.0658674,79.74329080270657
const-table,8,2-stackful,2,0,True,825993,0.022458226,27.189366011576368
const-table,8,2-stackful,2,1,True,825993,0.022477061,27.212168868259173
const-table,8,2-stackful,2,2,False,825993,0.022432565999999994,27.158300373005574
const-table,8,2-stackful,2,3,False,825993,0.022396367,27.114475546402936
const-table,8,2-stackful,2,4,False,825993,0.022384649999999992,27.100290196163883
const-table,8,2-stackless,2,0,True,825993,0.019610388,23.74159103043246
const-table,8,2-stackless,2,1,True,825993,0.019672050999999996,23.816244205459363
const-table,8,2-stackless,2,2,False,825993,0.019650923,23.790665296195005
const-table,8,2-stackless,2,3,False,825993,0.019594741000000006,23.722647770622764
const-table,8,2-stackless,2,4,False,825993,0.019562472999999997,23.68358206425478
add-float4,64,2-stackful,0,0,True,269810,0.027098375999999997,100.43503205959748
add-float4,64,2-stackful,0,1,True,269810,0.027080464000000002,100.3686446017568
add-float4,64,2-stackful,0,2,False,269810,0.027100290000000006,100.44212594047666
add-float4,64,2-stackful,0,3,False,269810,0.027178308000000012,100.73128497831812
add-float4,64,2-stackful,0,4,False,269810,0.027007802999999997,100.09934027649085
add-float4,64,2-stackless,0,0,True,269810,0.026580465999999997,98.51549608984098
add-float4,64,2-stackless,0,1,True,269810,0.026615450000000002,98.6451577035692
add-float4,64,2-stackless,0,2,False,269810,0.026661433000000005,98.81558504132539
add-float4,64,2-stackless,0,3,False,269810,0.026634378,98.71531077424855
add-float4,64,2-stackless,0,4,False,269810,0.02661430399999999,98.6409102701901
add-float4,64,1x,0,0,True,269810,0.0200916,74.46573514695527
add-float4,64,1x,0,1,True,269810,0.0200895,74.4579518920722
add-float4,64,1x,0,2,False,269810,0.0200877,74.45128053074386
add-float4,64,1x,0,3,False,269810,0.0200752,74.40495163263037
add-float4,64,1x,0,4,False,269810,0.0201173,74.56098736147659
add-float4,64,1x,1,0,True,269810,0.0200286,74.23223750046328
add-float4,64,1x,1,1,True,269810,0.0200284,74.23149623809347
add-float4,64,1x,1,2,False,269810,0.0200213,74.20518142396502
add-float4,64,1x,1,3,False,269810,0.0200982,74.49019680515919
add-float4,64,1x,1,4,False,269810,0.0200318,74.24409769838034
add-float4,64,2-stackful,1,0,True,269810,0.027087939999999998,100.3963529891405
add-float4,64,2-stackful,1,1,True,269810,0.026993429,100.0460657499722
add-float4,64,2-stackful,1,2,False,269810,0.027032417999999996,100.19057114265593
add-float4,64,2-stackful,1,3,False,269810,0.026987892,100.02554390126386
add-float4,64,2-stackful,1,4,False,269810,0.027090500000000003,100.40584114747416
add-float4,64,2-stackless,1,0,True,269810,0.027022105,100.1523479485564
add-float4,64,2-stackless,1,1,True,269810,0.026721652999999998,99.0387791408769
add-float4,64,2-stackless,1,2,False,269810,0.026619149999999994,98.65887105741075
add-float4,64,2-stackless,1,3,False,269810,0.026687660000000002,98.91279048219118
add-float4,64,2-stackless,1,4,False,269810,0.02658958,98.54927541603351
add-float4,64,2-stackful,2,0,True,269810,0.027041445,100.22402801971758
add-float4,64,2-stackful,2,1,True,269810,0.026985390999999997,100.01627441532929
add-float4,64,2-stackful,2,2,False,269810,0.027020393000000004,100.14600274267079
add-float4,64,2-stackful,2,3,False,269810,0.027043197000000005,100.23052147807718
add-float4,64,2-stackful,2,4,False,269810,0.026992684000000003,100.04330454764465
add-float4,64,1x,2,0,True,269810,0.0200916,74.46573514695527
add-float4,64,1x,2,1,True,269810,0.020047,74.30043363848634
add-float4,64,1x,2,2,False,269810,0.0200451,74.29339164597309
add-float4,64,1x,2,3,False,269810,0.020037,74.26337051999555
add-float4,64,1x,2,4,False,269810,0.02011,74.53393128497832
add-float4,64,2-stackless,2,0,True,269810,0.026706095,98.98111634112894
add-float4,64,2-stackless,2,1,True,269810,0.026594202999999997,98.56640969571178
add-float4,64,2-stackless,2,2,False,269810,0.026594685,98.56819613802305
add-float4,64,2-stackless,2,3,False,269810,0.02661693300000001,98.65065416404138
add-float4,64,2-stackless,2,4,False,269810,0.026698012999999993,98.95116192876466
assign-string,256,2-stackful,0,0,True,16267,0.042094883,2587.747156820557
assign-string,256,2-stackful,0,1,True,16267,0.042015831,2582.8875023052806
assign-string,256,2-stackful,0,2,False,16267,0.04211880500000001,2589.217741439725
assign-string,256,2-stackful,0,3,False,16267,0.042129159,2589.854244790066
assign-string,256,2-stackful,0,4,False,16267,0.04221002600000001,2594.8254748878107
assign-string,256,1x,0,0,True,16267,0.0222545,1368.0764738427492
assign-string,256,1x,0,1,True,16267,0.022148,1361.5294768549825
assign-string,256,1x,0,2,False,16267,0.0226313,1391.239933607918
assign-string,256,1x,0,3,False,16267,0.0222674,1368.8694903792955
assign-string,256,1x,0,4,False,16267,0.0233426,1434.9664965881848
assign-string,256,2-stackless,0,0,True,16267,0.043282283,2660.741562672896
assign-string,256,2-stackless,0,1,True,16267,0.042107181,2588.503165918731
assign-string,256,2-stackless,0,2,False,16267,0.04196884699999999,2579.999200836048
assign-string,256,2-stackless,0,3,False,16267,0.04203869100000002,2584.292801377022
assign-string,256,2-stackless,0,4,False,16267,0.042078898,2586.764492530891
assign-string,256,1x,1,0,True,16267,0.019917,1224.3806479375423
assign-string,256,1x,1,1,True,16267,0.0207484,1275.490256347206
assign-string,256,1x,1,2,False,16267,0.0202792,1246.6465851109608
assign-string,256,1x,1,3,False,16267,0.0201317,1237.5791479682794
assign-string,256,1x,1,4,False,16267,0.0209594,1288.4613020224995
assign-string,256,2-stackful,1,0,True,16267,0.042140554,2590.554742730682
assign-string,256,2-stackful,1,1,True,16267,0.04205019199999999,2584.9998155775493
assign-string,256,2-stackful,1,2,False,16267,0.042142542000000005,2590.6769533411207
assign-string,256,2-stackful,1,3,False,16267,0.042012204,2582.6645355627957
assign-string,256,2-stackful,1,4,False,16267,0.042766948,2629.0617815208707
assign-string,256,2-stackless,1,0,True,16267,0.042001318999999995,2581.9953894387404
assign-string,256,2-stackless,1,1,True,16267,0.041969950000000006,2580.0670068236313
assign-string,256,2-stackless,1,2,False,16267,0.04200409899999999,2582.166287576074
assign-string,256,2-stackless,1,3,False,16267,0.042641863,2621.372287453126
assign-string,256,2-stackless,1,4,False,16267,0.04196079899999999,2579.504456875883
assign-string,256,1x,2,0,True,16267,0.0204672,1258.2037253334972
assign-string,256,1x,2,1,True,16267,0.0201269,1237.2840720477038
assign-string,256,1x,2,2,False,16267,0.0209749,1289.4141513493576
assign-string,256,1x,2,3,False,16267,0.0201379,1237.9602876990225
assign-string,256,1x,2,4,False,16267,0.0202384,1244.13843978607
assign-string,256,2-stackless,2,0,True,16267,0.04182161,2570.9479313948486
assign-string,256,2-stackless,2,1,True,16267,0.041970987,2580.130755517305
assign-string,256,2-stackless,2,2,False,16267,0.04173172800000001,2565.4225118337745
assign-string,256,2-stackless,2,3,False,16267,0.042116636999999985,2589.0844654822636
assign-string,256,2-stackless,2,4,False,16267,0.042591244,2618.260527448208
assign-string,256,2-stackful,2,0,True,16267,0.042434874000000004,2608.6478145939636
assign-string,256,2-stackful,2,1,True,16267,0.04187064100000001,2573.9620704493764
assign-string,256,2-stackful,2,2,False,16267,0.04185611600000001,2573.0691584188858
assign-string,256,2-stackful,2,3,False,16267,0.041974499,2580.346652732526
assign-string,256,2-stackful,2,4,False,16267,0.042046235000000015,2584.7565623655264
push-shared-seq,64,2-stackless,0,0,True,72611,0.051480989000000005,708.9971078762172
push-shared-seq,64,2-stackless,0,1,True,72611,0.051293319000000004,706.4125132555674
push-shared-seq,64,2-stackless,0,2,False,72611,0.050966943000000015,701.9176571042957
push-shared-seq,64,2-stackless,0,3,False,72611,0.050781556000000005,699.3645040007714
push-shared-seq,64,2-stackless,0,4,False,72611,0.050872856999999966,700.6219030174486
push-shared-seq,64,2-stackful,0,0,True,72611,0.051372931999999996,707.5089449256999
push-shared-seq,64,2-stackful,0,1,True,72611,0.051419660000000006,708.1524837834489
push-shared-seq,64,2-stackful,0,2,False,72611,0.051442961999999995,708.4733993472063
push-shared-seq,64,2-stackful,0,3,False,72611,0.051297624000000014,706.4718017931169
push-shared-seq,64,2-stackful,0,4,False,72611,0.05071210399999998,698.4080098056766
push-shared-seq,64,1x,0,0,True,72611,0.0184728,254.40773436531654
push-shared-seq,64,1x,0,1,True,72611,0.0185619,255.6348211703461
push-shared-seq,64,1x,0,2,False,72611,0.0184516,254.115767583424
push-shared-seq,64,1x,0,3,False,72611,0.0185025,254.8167633003264
push-shared-seq,64,1x,0,4,False,72611,0.018554,255.52602222803708
push-shared-seq,64,1x,1,0,True,72611,0.0185139,254.97376430568372
push-shared-seq,64,1x,1,1,True,72611,0.0186025,256.19396510170634
push-shared-seq,64,1x,1,2,False,72611,0.0184303,253.82242359973006
push-shared-seq,64,1x,1,3,False,72611,0.0184151,253.61308892592032
push-shared-seq,64,1x,1,4,False,72611,0.0182248,250.99227389789425
push-shared-seq,64,2-stackful,1,0,True,72611,0.050856829000000006,700.401165112724
push-shared-seq,64,2-stackful,1,1,True,72611,0.05094762299999999,701.6515817162688
push-shared-seq,64,2-stackful,1,2,False,72611,0.05066135000000001,697.7090248034045
push-shared-seq,64,2-stackful,1,3,False,72611,0.050925145000000005,701.3420142953548
push-shared-seq,64,2-stackful,1,4,False,72611,0.05146872600000002,708.8282216193141
push-shared-seq,64,2-stackless,1,0,True,72611,0.051121162000000005,704.0415639503658
push-shared-seq,64,2-stackless,1,1,True,72611,0.051104,703.8052085772129
push-shared-seq,64,2-stackless,1,2,False,72611,0.05140415100000001,707.9388935560729
push-shared-seq,64,2-stackless,1,3,False,72611,0.051467439000000004,708.8104970321301
push-shared-seq,64,2-stackless,1,4,False,72611,0.05138236800000004,707.6388976876787
push-shared-seq,64,1x,2,0,True,72611,0.0185095,254.913167426423
push-shared-seq,64,1x,2,1,True,72611,0.0184692,254.35815510046686
push-shared-seq,64,1x,2,2,False,72611,0.0184128,253.58141328448858
push-shared-seq,64,1x,2,3,False,72611,0.0184615,254.25211056176062
push-shared-seq,64,1x,2,4,False,72611,0.018405,253.47399154398093
push-shared-seq,64,2-stackful,2,0,True,72611,0.051440726,708.4426051149275
push-shared-seq,64,2-stackful,2,1,True,72611,0.051424805000000004,708.2233408161298
push-shared-seq,64,2-stackful,2,2,False,72611,0.051416998000000005,708.1158226714962
push-shared-seq,64,2-stackful,2,3,False,72611,0.05097632699999999,702.0468937213368
push-shared-seq,64,2-stackful,2,4,False,72611,0.050771359000000016,699.2240707330848
push-shared-seq,64,2-stackless,2,0,True,72611,0.050961057000000004,701.8365950062664
push-shared-seq,64,2-stackless,2,1,True,72611,0.051624954,710.9797964495738
push-shared-seq,64,2-stackless,2,2,False,72611,0.051682992,711.7790968310586
push-shared-seq,64,2-stackless,2,3,False,72611,0.051603376000000006,710.6826238448721
push-shared-seq,64,2-stackless,2,4,False,72611,0.051449664000000006,708.5656994119349
assign-int,64,2-stackless,0,0,True,199557,0.031640602,158.55420756976702
assign-int,64,2-stackless,0,1,True,199557,0.031644465,158.5735654474661
assign-int,64,2-stackless,0,2,False,199557,0.03166353300000001,158.66911709436405
assign-int,64,2-stackless,0,3,False,199557,0.031941276000000005,160.06091492656236
assign-int,64,2-stackless,0,4,False,199557,0.03166392100000001,158.67106140100327
assign-int,64,1x,0,0,True,199557,0.0197552,98.9952745330908
assign-int,64,1x,0,1,True,199557,0.0195962,98.19850969898324
assign-int,64,1x,0,2,False,199557,0.0197439,98.93864910777371
assign-int,64,1x,0,3,False,199557,0.0199403,99.92282906638204
assign-int,64,1x,0,4,False,199557,0.0199388,99.91531241700366
assign-int,64,2-stackful,0,0,True,199557,0.034693757,173.85387132498485
assign-int,64,2-stackful,0,1,True,199557,0.033917666,169.96480203651086
assign-int,64,2-stackful,0,2,False,199557,0.033783591,169.29293885957395
assign-int,64,2-stackful,0,3,False,199557,0.03380126800000001,169.38152006694833
assign-int,64,2-stackful,0,4,False,199557,0.033872809000000004,169.74001914240043
assign-int,64,1x,1,0,True,199557,0.0196491,98.46359686706055
assign-int,64,1x,1,1,True,199557,0.0197408,98.92311469905842
assign-int,64,1x,1,2,False,199557,0.0195518,97.9760168773834
assign-int,64,1x,1,3,False,199557,0.0198434,99.43725351653913
assign-int,64,1x,1,4,False,199557,0.0191222,95.82324849541735
assign-int,64,2-stackless,1,0,True,199557,0.031652107000000006,158.6118602704992
assign-int,64,2-stackless,1,1,True,199557,0.031604354,158.37256523198886
assign-int,64,2-stackless,1,2,False,199557,0.03160302399999999,158.36590046953998
assign-int,64,2-stackless,1,3,False,199557,0.03162549899999999,158.47852493272592
assign-int,64,2-stackless,1,4,False,199557,0.03137780399999998,157.23730062087515
assign-int,64,2-stackful,1,0,True,199557,0.032108726,160.90002355216802
assign-int,64,2-stackful,1,1,True,199557,0.032224126000000006,161.47830444434425
assign-int,64,2-stackful,1,2,False,199557,0.032239987,161.55778549487113
assign-int,64,2-stackful,1,3,False,199557,0.03273464799999999,164.03658102697472
assign-int,64,2-stackful,1,4,False,199557,0.032145222,161.08290864264345
assign-int,64,2-stackful,2,0,True,199557,0.032171086999999994,161.2125207334245
assign-int,64,2-stackful,2,1,True,199557,0.032212334999999995,161.4192185691306
assign-int,64,2-stackful,2,2,False,199557,0.03223176500000001,161.51658423407855
assign-int,64,2-stackful,2,3,False,199557,0.03219372599999999,161.32596701694249
assign-int,64,2-stackful,2,4,False,199557,0.03220474000000001,161.38115926777817
assign-int,64,2-stackless,2,0,True,199557,0.031572289999999996,158.21188933487673
assign-int,64,2-stackless,2,1,True,199557,0.031655051999999996,158.62661795877867
assign-int,64,2-stackless,2,2,False,199557,0.031645482,158.5786617357447
assign-int,64,2-stackless,2,3,False,199557,0.031629920000000006,158.5006790039939
assign-int,64,2-stackless,2,4,False,199557,0.031594960000000005,158.32549096248192
assign-int,64,1x,2,0,True,199557,0.0199263,99.85267367218388
assign-int,64,1x,2,1,True,199557,0.0192268,96.34740951206923
assign-int,64,1x,2,2,False,199557,0.0191833,96.12942668009642
assign-int,64,1x,2,3,False,199557,0.0195865,98.1499020330031
assign-int,64,1x,2,4,False,199557,0.0194195,97.3130484022109
get-string,256,1x,0,0,True,150824,0.020015,132.70434413621174
get-string,256,1x,0,1,True,150824,0.0198966,131.91932318463904
get-string,256,1x,0,2,False,150824,0.0199303,132.14276242507825
get-string,256,1x,0,3,False,150824,0.0198666,131.7204158489365
get-string,256,1x,0,4,False,150824,0.0199262,132.11557842253222
get-string,256,2-stackless,0,0,True,150824,0.030200419,200.23616267967964
get-string,256,2-stackless,0,1,True,150824,0.030160141999999997,199.9691163210099
get-string,256,2-stackless,0,2,False,150824,0.030151558999999994,199.9122089322654
get-string,256,2-stackless,0,3,False,150824,0.030701396000000006,203.55776269028806
get-string,256,2-stackless,0,4,False,150824,0.030237010999999994,200.4787765872805
get-string,256,2-stackful,0,0,True,150824,0.030866668,204.65355646316237
get-string,256,2-stackful,0,1,True,150824,0.030537199,202.46909643027635
get-string,256,2-stackful,0,2,False,150824,0.030745131999999994,203.84774306476422
get-string,256,2-stackful,0,3,False,150824,0.031095765999999997,206.17253222298837
get-string,256,2-stackful,0,4,False,150824,0.030589182000000006,202.81375643133723
get-string,256,1x,1,0,True,150824,0.0199764,132.4484166976078
get-string,256,1x,1,1,True,150824,0.0198593,131.67201506391555
get-string,256,1x,1,2,False,150824,0.0196309,130.1576672147669
get-string,256,1x,1,3,False,150824,0.0200829,133.15453773935184
get-string,256,1x,1,4,False,150824,0.01997,132.40598313265792
get-string,256,2-stackful,1,0,True,150824,0.030682909999999997,203.4351959900281
get-string,256,2-stackful,1,1,True,150824,0.03097559,205.3757359571421
get-string,256,2-stackful,1,2,False,150824,0.030649995,203.21696149153982
get-string,256,2-stackful,1,3,False,150824,0.030389100000000002,201.4871638466027
get-string,256,2-stackful,1,4,False,150824,0.030733867999999998,203.77305999045242
get-string,256,2-stackless,1,0,True,150824,0.030430060999999998,201.75874529252636
get-string,256,2-stackless,1,1,True,150824,0.030035063,199.1398119662653
get-string,256,2-stackless,1,2,False,150824,0.030112369999999992,199.65237627963714
get-string,256,2-stackless,1,3,False,150824,0.03005057700000001,199.24267357980168
get-string,256,2-stackless,1,4,False,150824,0.029804507000000008,197.6111693099242
get-string,256,2-stackless,2,0,True,150824,0.029912435,198.32675834084762
get-string,256,2-stackless,2,1,True,150824,0.030071482,199.38127884156367
get-string,256,2-stackless,2,2,False,150824,0.03005409,199.26596562881238
get-string,256,2-stackless,2,3,False,150824,0.03010900300000001,199.6300522463269
get-string,256,2-stackless,2,4,False,150824,0.030061476000000004,199.31493661486238
get-string,256,1x,2,0,True,150824,0.0200256,132.77462472815998
get-string,256,1x,2,1,True,150824,0.0200678,133.0544210470482
get-string,256,1x,2,2,False,150824,0.0199657,132.37747308120723
get-string,256,1x,2,3,False,150824,0.0198411,131.55134461358935
get-string,256,1x,2,4,False,150824,0.0198338,131.5029438285684
get-string,256,2-stackful,2,0,True,150824,0.030399613000000002,201.55686760727738
get-string,256,2-stackful,2,1,True,150824,0.030443648,201.84883042486607
get-string,256,2-stackful,2,2,False,150824,0.030357906999999996,201.28034662918367
get-string,256,2-stackful,2,3,False,150824,0.030152489000000005,199.91837505967223
get-string,256,2-stackful,2,4,False,150824,0.03031329799999999,200.98457805123846
update-int,0,2-stackful,0,0,True,3109647,0.056414397,18.141736666573408
update-int,0,2-stackful,0,1,True,3109647,0.056839492000000005,18.278438678087902
update-int,0,2-stackful,0,2,False,3109647,0.05643371700000001,18.147949590419753
update-int,0,2-stackful,0,3,False,3109647,0.05672554599999999,18.241795933750677
update-int,0,2-stackful,0,4,False,3109647,0.056941727,18.311315400108114
update-int,0,1x,0,0,True,3109647,0.0196585,6.321778645614759
update-int,0,1x,0,1,True,3109647,0.0198784,6.392494067654624
update-int,0,1x,0,2,False,3109647,0.0197919,6.364677405506155
update-int,0,1x,0,3,False,3109647,0.0197292,6.344514345197381
update-int,0,1x,0,4,False,3109647,0.0197839,6.362104766232308
update-int,0,2-stackless,0,0,True,3109647,0.046886193,15.077657689120342
update-int,0,2-stackless,0,1,True,3109647,0.046608147,14.988243681678338
update-int,0,2-stackless,0,2,False,3109647,0.04677342199999998,15.04139280117646
update-int,0,2-stackless,0,3,False,3109647,0.046739522000000006,15.030491242253545
update-int,0,2-stackless,0,4,False,3109647,0.046809918000000006,15.05312918154376
update-int,0,1x,1,0,True,3109647,0.0198893,6.395999288665241
update-int,0,1x,1,1,True,3109647,0.019938,6.411660230244784
update-int,0,1x,1,2,False,3109647,0.0198866,6.395131022910317
update-int,0,1x,1,3,False,3109647,0.0197904,6.364195035642309
update-int,0,1x,1,4,False,3109647,0.0198729,6.390725378153855
update-int,0,2-stackful,1,0,True,3109647,0.056979868999999995,18.323581101005995
update-int,0,2-stackful,1,1,True,3109647,0.056485571000000005,18.164624795033006
update-int,0,2-stackful,1,2,False,3109647,0.056716264000000016,18.238811029033204
update-int,0,2-stackful,1,3,False,3109647,0.05656902799999999,18.191462889517684
update-int,0,2-stackful,1,4,False,3109647,0.056812483999999996,18.26975344789939
update-int,0,2-stackless,1,0,True,3109647,0.046138064,14.83707443320737
update-int,0,2-stackless,1,1,True,3109647,0.046220356000000004,14.863537887097799
update-int,0,2-stackless,1,2,False,3109647,0.04651273700000001,14.957561742538628
update-int,0,2-stackless,1,3,False,3109647,0.04679824799999999,15.049376344003027
update-int,0,2-stackless,1,4,False,3109647,0.046767379,15.039449493784986
update-int,0,1x,2,0,True,3109647,0.0199008,6.399697457621396
update-int,0,1x,2,1,True,3109647,0.0200505,6.447837970033254
update-int,0,1x,2,2,False,3109647,0.0200062,6.433591980054327
update-int,0,1x,2,3,False,3109647,0.0197021,6.3357995296572245
update-int,0,1x,2,4,False,3109647,0.0199008,6.399697457621396
update-int,0,2-stackful,2,0,True,3109647,0.056971269000000005,18.320815513786616
update-int,0,2-stackful,2,1,True,3109647,0.05695084300000001,18.314246922560667
update-int,0,2-stackful,2,2,False,3109647,0.05696218800000001,18.31789524663089
update-int,0,2-stackful,2,3,False,3109647,0.056974425999999995,18.321830741560053
update-int,0,2-stackful,2,4,False,3109647,0.05724322000000001,18.408269491681857
update-int,0,2-stackless,2,0,True,3109647,0.0468334,15.060680520972316
update-int,0,2-stackless,2,1,True,3109647,0.047018965,15.120354496828739
update-int,0,2-stackless,2,2,False,3109647,0.046878579000000004,15.075209179691457
update-int,0,2-stackless,2,3,False,3109647,0.04681986499999999,15.056327936900871
update-int,0,2-stackless,2,4,False,3109647,0.04680741900000002,15.052325553350594
get-seq,256,2-stackful,0,0,True,99238,0.020424981000000002,205.81814425925552
get-seq,256,2-stackful,0,1,True,99238,0.020173881,203.28786352002257
get-seq,256,2-stackful,0,2,False,99238,0.020379779,205.36265341905317
get-seq,256,2-stackful,0,3,False,99238,0.020065045000000004,202.191146536609
get-seq,256,2-stackful,0,4,False,99238,0.020116496999999997,202.70961728370176
get-seq,256,2-stackless,0,0,True,99238,0.0197004,198.51669723291482
get-seq,256,2-stackless,0,1,True,99238,0.019681951999999996,198.3308007013442
get-seq,256,2-stackless,0,2,False,99238,0.019563817000000004,197.1403796932627
get-seq,256,2-stackless,0,3,False,99238,0.019349845999999997,194.98423990809968
get-seq,256,2-stackless,0,4,False,99238,0.01943676000000001,195.86005360849686
get-seq,256,1x,0,0,True,99238,0.0200407,201.94582720328907
get-seq,256,1x,0,1,True,99238,0.0201993,203.54400532054254
get-seq,256,1x,0,2,False,99238,0.0201965,203.51579032225558
get-seq,256,1x,0,3,False,99238,0.0201776,203.3253390838187
get-seq,256,1x,0,4,False,99238,0.0200906,202.44865877990287
get-seq,256,1x,1,0,True,99238,0.0201643,203.1913178419557
get-seq,256,1x,1,1,True,99238,0.0203094,204.65345936032568
get-seq,256,1x,1,2,False,99238,0.0203986,205.55230859146698
get-seq,256,1x,1,3,False,99238,0.0202618,204.17380438944758
get-seq,256,1x,1,4,False,99238,0.0200475,202.01434934198593
get-seq,256,2-stackful,1,0,True,99238,0.020158198,203.12982929926036
get-seq,256,2-stackful,1,1,True,99238,0.020189142,203.44164533747153
get-seq,256,2-stackful,1,2,False,99238,0.020179583,203.34532134867692
get-seq,256,2-stackful,1,3,False,99238,0.020135214999999998,202.89823454725
get-seq,256,2-stackful,1,4,False,99238,0.019981726000000005,201.3515588786554
get-seq,256,2-stackless,1,0,True,99238,0.019673476,198.24538987081561
get-seq,256,2-stackless,1,1,True,99238,0.019719047,198.70459904472077
get-seq,256,2-stackless,1,2,False,99238,0.019683238,198.34375944698604
get-seq,256,2-stackless,1,3,False,99238,0.019833747,199.86040629597534
get-seq,256,2-stackless,1,4,False,99238,0.019594564999999994,197.45022068159366
get-seq,256,2-stackless,2,0,True,99238,0.019665272999999997,198.16273000261992
get-seq,256,2-stackless,2,1,True,99238,0.019606116,197.5666176263125
get-seq,256,2-stackless,2,2,False,99238,0.019601052,197.51558878655354
get-seq,256,2-stackless,2,3,False,99238,0.019720591999999995,198.72016767770407
get-seq,256,2-stackless,2,4,False,99238,0.019836666000000003,199.88982043168951
get-seq,256,2-stackful,2,0,True,99238,0.020284265000000003,204.40017936677486
get-seq,256,2-stackful,2,1,True,99238,0.020357883000000004,205.1420121324493
get-seq,256,2-stackful,2,2,False,99238,0.020508255999999996,206.65728853866457
get-seq,256,2-stackful,2,3,False,99238,0.02051746,206.75003526874787
get-seq,256,2-stackful,2,4,False,99238,0.020224469999999994,203.7976380015719
get-seq,256,1x,2,0,True,99238,0.0203193,204.75321953284023
get-seq,256,1x,2,1,True,99238,0.0202723,204.27961063302365
get-seq,256,1x,2,2,False,99238,0.0200341,201.87932042161268
get-seq,256,1x,2,3,False,99238,0.0198062,199.5828210967573
get-seq,256,1x,2,4,False,99238,0.0199199,200.72855156290936
update-string,8,2-stackless,0,0,True,662985,0.025282510999999997,38.13436352255329
update-string,8,2-stackless,0,1,True,662985,0.025275582999999997,38.12391381403802
update-string,8,2-stackless,0,2,False,662985,0.025311376999999996,38.17790296914711
update-string,8,2-stackless,0,3,False,662985,0.02526521899999999,38.10828148449813
update-string,8,2-stackless,0,4,False,662985,0.025138326999999988,37.91688650572787
update-string,8,2-stackful,0,0,True,662985,0.027053799,40.806049910631465
update-string,8,2-stackful,0,1,True,662985,0.027043561,40.79060763064021
update-string,8,2-stackful,0,2,False,662985,0.026831094,40.470137333423835
update-string,8,2-stackful,0,3,False,662985,0.02698188,40.69757234326568
update-string,8,2-stackful,0,4,False,662985,0.026833993999999986,40.474511489701854
update-string,8,1x,0,0,True,662985,0.0193652,29.20910729503684
update-string,8,1x,0,1,True,662985,0.0195703,29.518465726977233
update-string,8,1x,0,2,False,662985,0.0192911,29.097340060484022
update-string,8,1x,0,3,False,662985,0.0195289,29.456020875283755
update-string,8,1x,0,4,False,662985,0.0190023,28.661734428380733
update-string,8,2-stackful,1,0,True,662985,0.027287367,41.15834747392475
update-string,8,2-stackful,1,1,True,662985,0.027268160000000003,41.12937698439634
update-string,8,2-stackful,1,2,False,662985,0.027213916000000005,41.04755914538037
update-string,8,2-stackful,1,3,False,662985,0.027258550000000006,41.11488193548875
update-string,8,2-stackful,1,4,False,662985,0.027261930000000004,41.11998009004729
update-string,8,1x,1,0,True,662985,0.0194892,29.396140184167063
update-string,8,1x,1,1,True,662985,0.0193553,29.194174830501446
update-string,8,1x,1,2,False,662985,0.0190355,28.711810976115597
update-string,8,1x,1,3,False,662985,0.0193984,29.259183842771705
update-string,8,1x,1,4,False,662985,0.0194151,29.284372949614244
update-string,8,2-stackless,1,0,True,662985,0.025048289,37.781079511602826
update-string,8,2-stackless,1,1,True,662985,0.025091170000000003,37.84575819965762
update-string,8,2-stackless,1,2,False,662985,0.025022345,37.741947404541584
update-string,8,2-stackless,1,3,False,662985,0.025078538999999997,37.826706486572085
update-string,8,2-stackless,1,4,False,662985,0.02511591299999999,37.88307880268783
update-string,8,1x,2,0,True,662985,0.0192959,29.104580043289065
update-string,8,1x,2,1,True,662985,0.0194807,29.383319381283137
update-string,8,1x,2,2,False,662985,0.0194935,29.40262600209658
update-string,8,1x,2,3,False,662985,0.0193392,29.169890721509535
update-string,8,1x,2,4,False,662985,0.0193974,29.257675513020658
update-string,8,2-stackless,2,0,True,662985,0.025256509,38.0951439323665
update-string,8,2-stackless,2,1,True,662985,0.025247116000000003,38.080976191014884
update-string,8,2-stackless,2,2,False,662985,0.025184895000000006,37.9871264055748
update-string,8,2-stackless,2,3,False,662985,0.025257207000000004,38.09619674653273
update-string,8,2-stackless,2,4,False,662985,0.025229049000000003,38.05372519740266
update-string,8,2-stackful,2,0,True,662985,0.027271527,41.13445553066811
update-string,8,2-stackful,2,1,True,662985,0.027270995,41.133653099240554
update-string,8,2-stackful,2,2,False,662985,0.027257934000000004,41.11395280436209
update-string,8,2-stackful,2,3,False,662985,0.027240309000000004,41.087368492499834
update-string,8,2-stackful,2,4,False,662985,0.027287647999999998,41.15877131458479
assign-int,0,1x,0,0,True,3109743,0.0199808,6.425225492910507
assign-int,0,1x,0,1,True,3109743,0.0199943,6.4295666876651865
assign-int,0,1x,0,2,False,3109743,0.0199357,6.410722686730061
assign-int,0,1x,0,3,False,3109743,0.019907,6.401493628251595
assign-int,0,1x,0,4,False,3109743,0.0198856,6.394612030640475
assign-int,0,2-stackful,0,0,True,3109743,0.056999957000000004,18.32947513669136
assign-int,0,2-stackful,0,1,True,3109743,0.056973311000000006,18.320906582955573
assign-int,0,2-stackful,0,2,False,3109743,0.05694186199999998,18.310793528597053
assign-int,0,2-stackful,0,3,False,3109743,0.05695562800000001,18.315220260966907
assign-int,0,2-stackful,0,4,False,3109743,0.056972788999999996,18.320738723425052
assign-int,0,2-stackless,0,0,True,3109743,0.046890508,15.078579805469456
assign-int,0,2-stackless,0,1,True,3109743,0.046874772,15.07351958023541
assign-int,0,2-stackless,0,2,False,3109743,0.046821888000000006,15.056513673316415
assign-int,0,2-stackless,0,3,False,3109743,0.04683306300000001,15.060107217863344
assign-int,0,2-stackless,0,4,False,3109743,0.04684116999999999,15.062714185706017
assign-int,0,2-stackless,1,0,True,3109743,0.046649385999999994,15.001042208311102
assign-int,0,2-stackless,1,1,True,3109743,0.046608524,14.987902215713646
assign-int,0,2-stackless,1,2,False,3109743,0.046644614999999987,14.999507997927799
assign-int,0,2-stackless,1,3,False,3109743,0.04667433600000001,15.009065379357718
assign-int,0,2-stackless,1,4,False,3109743,0.04664036699999999,14.998141968644992
assign-int,0,1x,1,0,True,3109743,0.0198602,6.386444153102041
assign-int,0,1x,1,1,True,3109743,0.0197638,6.355444806853814
assign-int,0,1x,1,2,False,3109743,0.0198411,6.380302166449124
assign-int,0,1x,1,3,False,3109743,0.0199283,6.408343068864533
assign-int,0,1x,1,4,False,3109743,0.0199236,6.406831689949941
assign-int,0,2-stackful,1,0,True,3109743,0.056976816,18.322033685741875
assign-int,0,2-stackful,1,1,True,3109743,0.056951679000000005,18.313950381108665
assign-int,0,2-stackful,1,2,False,3109743,0.056980131,18.323099690231636
assign-int,0,2-stackful,1,3,False,3109743,0.057005339000000016,18.331205826333562
assign-int,0,2-stackful,1,4,False,3109743,0.05696345799999997,18.31773815392461
assign-int,0,1x,2,0,True,3109743,0.0199272,6.407989341884522
assign-int,0,1x,2,1,True,3109743,0.0199876,6.4274121687869386
assign-int,0,1x,2,2,False,3109743,0.0198925,6.396830863515088
assign-int,0,1x,2,3,False,3109743,0.0198366,6.378855101530898
assign-int,0,1x,2,4,False,3109743,0.0199448,6.413648973564697
assign-int,0,2-stackful,2,0,True,3109743,0.057987395000000004,18.64700555640772
assign-int,0,2-stackful,2,1,True,3109743,0.057357308999999995,18.444388812837587
assign-int,0,2-stackful,2,2,False,3109743,0.05701461099999999,18.334187423205066
assign-int,0,2-stackful,2,3,False,3109743,0.056972052999999995,18.320502047918428
assign-int,0,2-stackful,2,4,False,3109743,0.05701097299999999,18.333017551611174
assign-int,0,2-stackless,2,0,True,3109743,0.046791184,15.046640188594363
assign-int,0,2-stackless,2,1,True,3109743,0.046827143,15.058203523570919
assign-int,0,2-stackless,2,2,False,3109743,0.047031154000000006,15.12380733713365
assign-int,0,2-stackless,2,3,False,3109743,0.04713764300000001,15.15805100292854
assign-int,0,2-stackless,2,4,False,3109743,0.046838936,15.061995798366617
get-string,0,2-stackless,0,0,True,1975075,0.047501735999999996,24.050598584863863
get-string,0,2-stackless,0,1,True,1975075,0.047440343999999995,24.019515208283227
get-string,0,2-stackless,0,2,False,1975075,0.047848014999999994,24.225923066212673
get-string,0,2-stackless,0,3,False,1975075,0.047455418,24.027147323519362
get-string,0,2-stackless,0,4,False,1975075,0.04731738500000002,23.957259850891745
get-string,0,1x,0,0,True,1975075,0.0201101,10.181942457881346
get-string,0,1x,0,1,True,1975075,0.0200053,10.128881181727277
get-string,0,1x,0,2,False,1975075,0.0201245,10.189233320253662
get-string,0,1x,0,3,False,1975075,0.0199759,10.113995671050466
get-string,0,1x,0,4,False,1975075,0.0199997,10.126045846360265
get-string,0,2-stackful,0,0,True,1975075,0.053389467,27.03161500196195
get-string,0,2-stackful,0,1,True,1975075,0.053377297,27.025453210637572
get-string,0,2-stackful,0,2,False,1975075,0.05339932,27.03660367327823
get-string,0,2-stackful,0,3,False,1975075,0.053331453,27.002241940179488
get-string,0,2-stackful,0,4,False,1975075,0.05333440799999997,27.003738085895456
get-string,0,2-stackless,1,0,True,1975075,0.046666599,23.627760464792477
get-string,0,2-stackless,1,1,True,1975075,0.046664502,23.626698732959508
get-string,0,2-stackless,1,2,False,1975075,0.04665644099999999,23.622617368960668
get-string,0,2-stackless,1,3,False,1975075,0.04665659999999999,23.622697872232695
get-string,0,2-stackless,1,4,False,1975075,0.046684084999999986,23.636613799475963
get-string,0,2-stackful,1,0,True,1975075,0.053387379,27.030557826917963
get-string,0,2-stackful,1,1,True,1975075,0.053324646999999996,26.99879599508879
get-string,0,2-stackful,1,2,False,1975075,0.05340229299999999,27.038108932572175
get-string,0,2-stackful,1,3,False,1975075,0.053332143,27.002591294001494
get-string,0,2-stackful,1,4,False,1975075,0.05332382200000002,26.998378289432058
get-string,0,1x,1,0,True,1975075,0.0202016,10.228269812538764
get-string,0,1x,1,1,True,1975075,0.0202231,10.23915547510854
get-string,0,1x,1,2,False,1975075,0.0199617,10.106806070655544
get-string,0,1x,1,3,False,1975075,0.0200187,10.135665734212624
get-string,0,1x,1,4,False,1975075,0.0199944,10.123362403959343
get-string,0,2-stackful,2,0,True,1975075,0.053377008999999996,27.025307393390122
get-string,0,2-stackful,2,1,True,1975075,0.053364264,27.01885447388074
get-string,0,2-stackful,2,2,False,1975075,0.05331034500000001,26.991554751085406
get-string,0,2-stackful,2,3,False,1975075,0.053448525,27.06151665126641
get-string,0,2-stackful,2,4,False,1975075,0.053381133000000025,27.027395415363983
get-string,0,2-stackless,2,0,True,1975075,0.04668666,23.637917547434906
get-string,0,2-stackless,2,1,True,1975075,0.046625133,23.606765819019532
get-string,0,2-stackless,2,2,False,1975075,0.046623515000000004,23.605946609622425
get-string,0,2-stackless,2,3,False,1975075,0.04670017800000001,23.644761844486922
get-string,0,2-stackless,2,4,False,1975075,0.046645610000000004,23.617133526574943
get-string,0,1x,2,0,True,1975075,0.0199419,10.096781134893611
get-string,0,1x,2,1,True,1975075,0.0200016,10.1270078351455
get-string,0,1x,2,2,False,1975075,0.019974,10.11303368226523
get-string,0,1x,2,3,False,1975075,0.0199753,10.113691885118287
get-string,0,1x,2,4,False,1975075,0.0201996,10.227257192764831
add-float,256,2-stackless,0,0,True,55774,0.019976422,358.1672822462079
add-float,256,2-stackless,0,1,True,55774,0.019944742,357.5992756481515
add-float,256,2-stackless,0,2,False,55774,0.019950653,357.70525692975224
add-float,256,2-stackless,0,3,False,55774,0.019954312000000002,357.7708609746477
add-float,256,2-stackless,0,4,False,55774,0.019941032999999997,357.53277512819585
add-float,256,2-stackful,0,0,True,55774,0.019936644,357.4540825474235
add-float,256,2-stackful,0,1,True,55774,0.019926931,357.27993330225553
add-float,256,2-stackful,0,2,False,55774,0.019960854,357.88815577150643
add-float,256,2-stackful,0,3,False,55774,0.019908709999999996,356.95323986086703
add-float,256,2-stackful,0,4,False,55774,0.019907779,356.9365474952487
add-float,256,1x,0,0,True,55774,0.0206287,369.8623014307742
add-float,256,1x,0,1,True,55774,0.0205983,369.3172445942554
add-float,256,1x,0,2,False,55774,0.020619,369.6883852691218
add-float,256,1x,0,3,False,55774,0.0205894,369.15767203356404
add-float,256,1x,0,4,False,55774,0.0205836,369.0536809265966
add-float,256,1x,1,0,True,55774,0.0205815,369.01602897407395
add-float,256,1x,1,1,True,55774,0.0205665,368.7470864560548
add-float,256,1x,1,2,False,55774,0.0205692,368.79549610929826
add-float,256,1x,1,3,False,55774,0.0204893,367.3629289633162
add-float,256,1x,1,4,False,55774,0.0205213,367.9366730017571
add-float,256,2-stackless,1,0,True,55774,0.019974745999999998,358.1372324021945
add-float,256,2-stackless,1,1,True,55774,0.020002501,358.634865708036
add-float,256,2-stackless,1,2,False,55774,0.019938024000000006,357.47882525908136
add-float,256,2-stackless,1,3,False,55774,0.019942615999999996,357.5611575285975
add-float,256,2-stackless,1,4,False,55774,0.019946043999999996,357.62261985871544
add-float,256,2-stackful,1,0,True,55774,0.019947398,357.64689640334205
add-float,256,2-stackful,1,1,True,55774,0.019918131,357.1221536916843
add-float,256,2-stackful,1,2,False,55774,0.019925755999999996,357.258866138344
add-float,256,2-stackful,1,3,False,55774,0.019908610000000007,356.95144691074705
add-float,256,2-stackful,1,4,False,55774,0.019910403999999993,356.9836124359019
add-float,256,1x,2,0,True,55774,0.0205728,368.86004231362284
add-float,256,1x,2,1,True,55774,0.020581,369.0070642234733
add-float,256,1x,2,2,False,55774,0.0205529,368.50324523971744
add-float,256,1x,2,3,False,55774,0.0205876,369.1253989314017
add-float,256,1x,2,4,False,55774,0.0205557,368.553447843081
add-float,256,2-stackless,2,0,True,55774,0.019997897,358.5523182845053
add-float,256,2-stackless,2,1,True,55774,0.019980238999999997,358.23571915229314
add-float,256,2-stackless,2,2,False,55774,0.019951051000000004,357.7123928712304
add-float,256,2-stackless,2,3,False,55774,0.019945835999999995,357.6188905224656
add-float,256,2-stackless,2,4,False,55774,0.01995234,357.7355039982788
add-float,256,2-stackful,2,0,True,55774,0.019942961,357.567343206512
add-float,256,2-stackful,2,1,True,55774,0.019937545,357.4702370280059
add-float,256,2-stackful,2,2,False,55774,0.019922199,357.1950909025711
add-float,256,2-stackful,2,3,False,55774,0.019909093999999995,356.9601247893283
add-float,256,2-stackful,2,4,False,55774,0.01991276,357.0258543407322
const-string,64,1x,0,0,True,404347,0.0201181,49.7545425092804
const-string,64,1x,0,1,True,404347,0.019912,49.244831790516564
const-string,64,1x,0,2,False,404347,0.019933,49.2967673804925
const-string,64,1x,0,3,False,404347,0.0198797,49.1649499068869
const-string,64,1x,0,4,False,404347,0.0199152,49.25274578517956
const-string,64,2-stackless,0,0,True,404347,0.019973573,49.39710941344934
const-string,64,2-stackless,0,1,True,404347,0.019997723000000002,49.456835341921675
const-string,64,2-stackless,0,2,False,404347,0.019898764,49.212097530091725
const-string,64,2-stackless,0,3,False,404347,0.019955928000000005,49.3534711522529
const-string,64,2-stackless,0,4,False,404347,0.019931865000000007,49.29396038551048
const-string,64,2-stackful,0,0,True,404347,0.021037637,52.02867091879005
const-string,64,2-stackful,0,1,True,404347,0.021051847999999998,52.063816474463756
const-string,64,2-stackful,0,2,False,404347,0.021042636999999996,52.04103653545098
const-string,64,2-stackful,0,3,False,404347,0.02103811,52.02984070612617
const-string,64,2-stackful,0,4,False,404347,0.021081201999999993,52.13641253675678
const-string,64,2-stackful,1,0,True,404347,0.021054812000000003,52.07114681202038
const-string,64,2-stackful,1,1,True,404347,0.021026964999999998,52.002277746588945
const-string,64,2-stackful,1,2,False,404347,0.021033209000000004,52.017719928675135
const-string,64,2-stackful,1,3,False,404347,0.021033654,52.01882046855795
const-string,64,2-stackful,1,4,False,404347,0.021082753999999995,52.14025082416834
const-string,64,2-stackless,1,0,True,404347,0.020013531,49.49593047555688
const-string,64,2-stackless,1,1,True,404347,0.019990186,49.43819541136697
const-string,64,2-stackless,1,2,False,404347,0.019996074999999995,49.452759634670215
const-string,64,2-stackless,1,3,False,404347,0.019985882000000003,49.42755108854524
const-string,64,2-stackless,1,4,False,404347,0.019959759999999993,49.36294816086181
const-string,64,1x,1,0,True,404347,0.0199563,49.354391154132465
const-string,64,1x,1,1,True,404347,0.019801,48.97031510064375
const-string,64,1x,1,2,False,404347,0.0198074,48.98614308996975
const-string,64,1x,1,3,False,404347,0.0199192,49.26263827850831
const-string,64,1x,1,4,False,404347,0.0199361,49.30443406282228
const-string,64,1x,2,0,True,404347,0.0200009,49.464692454748025
const-string,64,1x,2,1,True,404347,0.0199166,49.256208157844625
const-string,64,1x,2,2,False,404347,0.0198712,49.143928358563315
const-string,64,1x,2,3,False,404347,0.019917,49.2571974071775
const-string,64,1x,2,4,False,404347,0.0198672,49.134035865234566
const-string,64,2-stackful,2,0,True,404347,0.021051720000000003,52.06349991467725
const-string,64,2-stackful,2,1,True,404347,0.021085252000000002,52.146428686252165
const-string,64,2-stackful,2,2,False,404347,0.021028035999999993,52.0049264616777
const-string,64,2-stackful,2,3,False,404347,0.021024938999999992,51.997267198717914
const-string,64,2-stackful,2,4,False,404347,0.021023320999999998,51.99326568516644
const-string,64,2-stackless,2,0,True,404347,0.020010976,49.48961164544315
const-string,64,2-stackless,2,1,True,404347,0.019990191,49.43820777698363
const-string,64,2-stackless,2,2,False,404347,0.019974923999999998,49.400450603071114
const-string,64,2-stackless,2,3,False,404347,0.01999711,49.45531931731904
const-string,64,2-stackless,2,4,False,404347,0.019932936999999998,49.29661157372256
const-seq,0,1x,0,0,True,872955,0.169948,194.68128368587156
const-seq,0,1x,0,1,True,872955,0.169826,194.5415284865772
const-seq,0,1x,0,2,False,872955,0.169769,194.47623302461182
const-seq,0,1x,0,3,False,872955,0.169805,194.51747226374783
const-seq,0,1x,0,4,False,872955,0.169803,194.51518119490694
const-seq,0,2-stackless,0,0,True,872955,0.020976834,24.029685378971426
const-seq,0,2-stackless,0,1,True,872955,0.020973746,24.026147968681087
const-seq,0,2-stackless,0,2,False,872955,0.020941249999999995,23.98892268215429
const-seq,0,2-stackless,0,3,False,872955,0.020964744000000007,24.015835867828248
const-seq,0,2-stackless,0,4,False,872955,0.020966698000000006,24.0180742420858
const-seq,0,2-stackful,0,0,True,872955,0.021702166000000002,24.860578151222004
const-seq,0,2-stackful,0,1,True,872955,0.021701579000000002,24.8599057225172
const-seq,0,2-stackful,0,2,False,872955,0.021703105,24.861653808042796
const-seq,0,2-stackful,0,3,False,872955,0.021700168000000006,24.858289373449956
const-seq,0,2-stackful,0,4,False,872955,0.021675820999999998,24.830399046915357
const-seq,0,2-stackless,1,0,True,872955,0.018954871999999998,21.7134583111386
const-seq,0,2-stackless,1,1,True,872955,0.018953532000000002,21.71192329501521
const-seq,0,2-stackless,1,2,False,872955,0.018926373000000003,21.680811725690333
const-seq,0,2-stackless,1,3,False,872955,0.018902651000000006,21.653637358168528
const-seq,0,2-stackless,1,4,False,872955,0.01891029100000001,21.662389241140737
const-seq,0,2-stackful,1,0,True,872955,0.0217519,24.917550160088435
const-seq,0,2-stackful,1,1,True,872955,0.021714665999999997,24.874897331477563
const-seq,0,2-stackful,1,2,False,872955,0.021718026999999994,24.878747472664678
const-seq,0,2-stackful,1,3,False,872955,0.02169907700000001,24.857039595397257
const-seq,0,2-stackful,1,4,False,872955,0.021713535000000006,24.87360173204805
const-seq,0,1x,1,0,True,872955,0.0623375,71.40975193452125
const-seq,0,1x,1,1,True,872955,0.0626431,71.75982725340938
const-seq,0,1x,1,2,False,872955,0.0618021,70.79643280581473
const-seq,0,1x,1,3,False,872955,0.0626325,71.74768458855267
const-seq,0,1x,1,4,False,872955,0.0611619,70.06306166984552
const-seq,0,2-stackful,2,0,True,872955,0.021737394,24.900933037785453
const-seq,0,2-stackful,2,1,True,872955,0.021713253000000002,24.87327869134148
const-seq,0,2-stackful,2,2,False,872955,0.021684529,24.840374360648603
const-seq,0,2-stackful,2,3,False,872955,0.021714074,24.874219175100663
const-seq,0,2-stackful,2,4,False,872955,0.021710378000000002,24.8699852798827
const-seq,0,2-stackless,2,0,True,872955,0.019803137,22.685175066297806
const-seq,0,2-stackless,2,1,True,872955,0.019804144,22.686328619459193
const-seq,0,2-stackless,2,2,False,872955,0.019789367999999995,22.669402202862685
const-seq,0,2-stackless,2,3,False,872955,0.019798044000000008,22.679340859494484
const-seq,0,2-stackless,2,4,False,872955,0.019815175000000004,22.698965009651133
const-seq,0,1x,2,0,True,872955,0.0619253,70.93756264641362
const-seq,0,1x,2,1,True,872955,0.062332,71.4034514952088
const-seq,0,1x,2,2,False,872955,0.0616026,70.56789868893586
const-seq,0,1x,2,3,False,872955,0.0627273,71.85628125161091
const-seq,0,1x,2,4,False,872955,0.0620339,71.061967684474
take-seq,64,2-stackful,0,0,True,110649,0.019889881,179.7565364350333
take-seq,64,2-stackful,0,1,True,110649,0.019874252,179.61528798272013
take-seq,64,2-stackful,0,2,False,110649,0.019869070000000003,179.56845520519846
take-seq,64,2-stackful,0,3,False,110649,0.019902895000000004,179.87415159648984
take-seq,64,2-stackful,0,4,False,110649,0.019856976999999998,179.45916366166884
take-seq,64,1x,0,0,True,110649,0.0411535,371.92835000768196
take-seq,64,1x,0,1,True,110649,0.0410335,370.84383952859946
take-seq,64,1x,0,2,False,110649,0.0411976,372.32690760874476
take-seq,64,1x,0,3,False,110649,0.0409762,370.32598577483753
take-seq,64,1x,0,4,False,110649,0.0410287,370.80045910943613
take-seq,64,2-stackless,0,0,True,110649,0.019915136,179.98478070294354
take-seq,64,2-stackless,0,1,True,110649,0.019993072000000004,180.68913410875837
take-seq,64,2-stackless,0,2,False,110649,0.019928953,180.10965304702256
take-seq,64,2-stackless,0,3,False,110649,0.019922505000000007,180.0513786839466
take-seq,64,2-stackless,0,4,False,110649,0.01990881,179.92760892552124
take-seq,64,2-stackless,1,0,True,110649,0.01993291,180.14541478007033
take-seq,64,2-stackless,1,1,True,110649,0.019947470000000002,180.27700205153235
take-seq,64,2-stackless,1,2,False,110649,0.019941086999999996,180.2193151316324
take-seq,64,2-stackless,1,3,False,110649,0.019921750000000002,180.04455530551567
take-seq,64,2-stackless,1,4,False,110649,0.019959337000000008,180.38425110032634
take-seq,64,1x,1,0,True,110649,0.0403545,364.7073177344576
take-seq,64,1x,1,1,True,110649,0.0403209,364.4036548003145
take-seq,64,1x,1,2,False,110649,0.0403324,364.5075870545599
take-seq,64,1x,1,3,False,110649,0.0403381,364.5591013023163
take-seq,64,1x,1,4,False,110649,0.0397972,359.67067031785194
take-seq,64,2-stackful,1,0,True,110649,0.019830648,179.22121302497087
take-seq,64,2-stackful,1,1,True,110649,0.019935678999999998,180.1704398593751
take-seq,64,2-stackful,1,2,False,110649,0.019922039000000002,180.0471671682528
take-seq,64,2-stackful,1,3,False,110649,0.019875163999999994,179.6235302623611
take-seq,64,2-stackful,1,4,False,110649,0.019930727999999995,180.12569476452563
take-seq,64,2-stackless,2,0,True,110649,0.019955638,180.35082106480854
take-seq,64,2-stackless,2,1,True,110649,0.019961968,180.40802899258014
take-seq,64,2-stackless,2,2,False,110649,0.019888445999999997,179.7435674972209
take-seq,64,2-stackless,2,3,False,110649,0.019643576000000003,177.53053348877987
take-seq,64,2-stackless,2,4,False,110649,0.019673471999999997,177.80072119946857
take-seq,64,2-stackful,2,0,True,110649,0.01984387,179.3407080045911
take-seq,64,2-stackful,2,1,True,110649,0.019834581,179.25675785592279
take-seq,64,2-stackful,2,2,False,110649,0.01960423,177.17494057786334
take-seq,64,2-stackful,2,3,False,110649,0.019588018999999998,177.02843224972662
take-seq,64,2-stackful,2,4,False,110649,0.019634893,177.4520601180309
take-seq,64,1x,2,0,True,110649,0.0402673,363.9192401196577
take-seq,64,1x,2,1,True,110649,0.0404475,365.54781335574654
take-seq,64,1x,2,2,False,110649,0.0403833,364.9676002494374
take-seq,64,1x,2,3,False,110649,0.0403907,365.0344783956475
take-seq,64,1x,2,4,False,110649,0.0403468,364.63772831204983
update-table,8,2-stackful,0,0,True,586967,0.021772450000000002,37.09314152243653
update-table,8,2-stackful,0,1,True,586967,0.02175503,37.06346353372506
update-table,8,2-stackful,0,2,False,586967,0.021738255000000005,37.03488441428565
update-table,8,2-stackful,0,3,False,586967,0.021750585000000003,37.05589070595111
update-table,8,2-stackful,0,4,False,586967,0.02173343200000001,37.02666759800808
update-table,8,1x,0,0,True,586967,0.113077,192.64626461112806
update-table,8,1x,0,1,True,586967,0.1134,193.19655108379177
update-table,8,1x,0,2,False,586967,0.113094,192.67522705705773
update-table,8,1x,0,3,False,586967,0.11331,193.0432204876935
update-table,8,1x,0,4,False,586967,0.113134,192.74337398865694
update-table,8,2-stackless,0,0,True,586967,0.020187517,34.39293350392782
update-table,8,2-stackless,0,1,True,586967,0.020133192,34.30038145244963
update-table,8,2-stackless,0,2,False,586967,0.020147089,34.324057400160484
update-table,8,2-stackless,0,3,False,586967,0.02014163,34.31475704767048
update-table,8,2-stackless,0,4,False,586967,0.020094204000000004,34.233958638219875
update-table,8,2-stackful,1,0,True,586967,0.021765916,37.08200972115979
update-table,8,2-stackful,1,1,True,586967,0.021735005,37.02934747609321
update-table,8,2-stackful,1,2,False,586967,0.021787883,37.11943431232079
update-table,8,2-stackful,1,3,False,586967,0.021743149000000003,37.043222191366816
update-table,8,2-stackful,1,4,False,586967,0.021725538000000003,37.013218801056965
update-table,8,1x,1,0,True,586967,0.113502,193.3703257593698
update-table,8,1x,1,1,True,586967,0.113625,193.57987757403737
update-table,8,1x,1,2,False,586967,0.113151,192.7723364345866
update-table,8,1x,1,3,False,586967,0.113405,193.20506945024167
update-table,8,1x,1,4,False,586967,0.11304,192.58322869939877
update-table,8,2-stackless,1,0,True,586967,0.01987431,33.85933110379289
update-table,8,2-stackless,1,1,True,586967,0.019866958999999997,33.846807401438234
update-table,8,2-stackless,1,2,False,586967,0.019832342000000003,33.78783134315899
update-table,8,2-stackless,1,3,False,586967,0.019874446000000004,33.85956280336033
update-table,8,2-stackless,1,4,False,586967,0.01988131600000001,33.87126703886251
update-table,8,2-stackless,2,0,True,586967,0.020030772000000002,34.12589123408983
update-table,8,2-stackless,2,1,True,586967,0.020015283000000002,34.09950303850131
update-table,8,2-stackless,2,2,False,586967,0.019997887,34.06986593794881
update-table,8,2-stackless,2,3,False,586967,0.019984997999999997,34.047907292914246
update-table,8,2-stackless,2,4,False,586967,0.020032825000000004,34.12938887535416
update-table,8,2-stackful,2,0,True,586967,0.021754404999999997,37.06239873791882
update-table,8,2-stackful,2,1,True,586967,0.021778783000000003,37.10393088538198
update-table,8,2-stackful,2,2,False,586967,0.021745650999999998,37.04748478193833
update-table,8,2-stackful,2,3,False,586967,0.021726418999999997,37.01471973722543
update-table,8,2-stackful,2,4,False,586967,0.02175110999999999,37.056785134428324
update-table,8,1x,2,0,True,586967,0.113431,193.24936495578115
update-table,8,1x,2,1,True,586967,0.113332,193.0807013000731
update-table,8,1x,2,2,False,586967,0.113605,193.54580410823777
update-table,8,1x,2,3,False,586967,0.113268,192.97166620951432
update-table,8,1x,2,4,False,586967,0.113504,193.37373310594973
update-int,256,1x,0,0,True,80849,0.0263441,325.84323863003874
update-int,256,1x,0,1,True,80849,0.0263084,325.40167472696015
update-int,256,1x,0,2,False,80849,0.0263159,325.49444025281696
update-int,256,1x,0,3,False,80849,0.0262444,324.6100755729817
update-int,256,1x,0,4,False,80849,0.0263171,325.50928273695405
update-int,256,2-stackless,0,0,True,80849,0.019917819,246.35826046085913
update-int,256,2-stackless,0,1,True,80849,0.019976699,247.08653168251925
update-int,256,2-stackless,0,2,False,80849,0.019930074,246.50983933010923
update-int,256,2-stackless,0,3,False,80849,0.01994683199999999,246.71711462108365
update-int,256,2-stackless,0,4,False,80849,0.019920573999999996,246.3923363306905
update-int,256,2-stackful,0,0,True,80849,0.020120462999999998,248.86471075709036
update-int,256,2-stackful,0,1,True,80849,0.020134774,249.041719749162
update-int,256,2-stackful,0,2,False,80849,0.020160717,249.36260188746922
update-int,256,2-stackful,0,3,False,80849,0.02011059600000001,248.74266843127322
update-int,256,2-stackful,0,4,False,80849,0.020108400999999998,248.71551905403896
update-int,256,2-stackful,1,0,True,80849,0.020117559,248.8287919454786
update-int,256,2-stackful,1,1,True,80849,0.020111522,248.75412188153223
update-int,256,2-stackful,1,2,False,80849,0.020128738,248.96706205395242
update-int,256,2-stackful,1,3,False,80849,0.020138282999999993,249.08512164652615
update-int,256,2-stackful,1,4,False,80849,0.020092775000000007,248.52224517310057
update-int,256,1x,1,0,True,80849,0.0263739,326.2118269861099
update-int,256,1x,1,1,True,80849,0.0263606,326.04732278692376
update-int,256,1x,1,2,False,80849,0.0263523,325.9446622716422
update-int,256,1x,1,3,False,80849,0.0263725,326.19451075461666
update-int,256,1x,1,4,False,80849,0.0263904,326.41591114299496
update-int,256,2-stackless,1,0,True,80849,0.019922201,246.41246026543308
update-int,256,2-stackless,1,1,True,80849,0.019877191,245.8557434229242
update-int,256,2-stackless,1,2,False,80849,0.019896822,246.0985540946703
update-int,256,2-stackless,1,3,False,80849,0.019903573999999993,246.18206780541493
update-int,256,2-stackless,1,4,False,80849,0.019907027999999993,246.2247894222562
update-int,256,2-stackless,2,0,True,80849,0.019916633,246.34359113903696
update-int,256,2-stackless,2,1,True,80849,0.019915787999999997,246.33313955645704
update-int,256,2-stackless,2,2,False,80849,0.019894775000000003,246.07323529047983
update-int,256,2-stackless,2,3,False,80849,0.019997783000000005,247.34731412880808
update-int,256,2-stackless,2,4,False,80849,0.019874471000000005,245.8221004588802
update-int,256,2-stackful,2,0,True,80849,0.020111375,248.75230367722546
update-int,256,2-stackful,2,1,True,80849,0.020104781000000002,248.67074422689214
update-int,256,2-stackful,2,2,False,80849,0.020101574000000004,248.63107768803576
update-int,256,2-stackful,2,3,False,80849,0.020149667999999996,249.22593971477687
update-int,256,2-stackful,2,4,False,80849,0.020111152999999993,248.74955781766
update-int,256,1x,2,0,True,80849,0.0266328,329.41409293868816
update-int,256,1x,2,1,True,80849,0.0265926,328.91686972009546
update-int,256,1x,2,2,False,80849,0.0265681,328.61383566896313
update-int,256,1x,2,3,False,80849,0.0265822,328.78823485757397
update-int,256,1x,2,4,False,80849,0.0265464,328.3454340808173
update-seq,64,2-stackful,0,0,True,230461,0.020715263,89.8861976646808
update-seq,64,2-stackful,0,1,True,230461,0.020705195,89.84251131427877
update-seq,64,2-stackful,0,2,False,230461,0.020700074,89.82029063485795
update-seq,64,2-stackful,0,3,False,230461,0.020681874000000003,89.74131848772679
update-seq,64,2-stackful,0,4,False,230461,0.020739840999999995,89.99284477633958
update-seq,64,1x,0,0,True,230461,0.0595629,258.4511045252776
update-seq,64,1x,0,1,True,230461,0.059774,259.3670946494201
update-seq,64,1x,0,2,False,230461,0.0594064,257.7720308425287
update-seq,64,1x,0,3,False,230461,0.059357,257.55767787174403
update-seq,64,1x,0,4,False,230461,0.0595119,258.22980894815174
update-seq,64,2-stackless,0,0,True,230461,0.020010785,86.829376770907
update-seq,64,2-stackless,0,1,True,230461,0.019991524,86.74580080794581
update-seq,64,2-stackless,0,2,False,230461,0.019976397,86.6801628041187
update-seq,64,2-stackless,0,3,False,230461,0.019981837000000002,86.70376766567881
update-seq,64,2-stackless,0,4,False,230461,0.019952304000000004,86.57562017000708
update-seq,64,2-stackless,1,0,True,230461,0.01995133,86.57139385839686
update-seq,64,2-stackless,1,1,True,230461,0.019982250999999996,86.70556406506957
update-seq,64,2-stackless,1,2,False,230461,0.019961068999999998,86.61365263536996
update-seq,64,2-stackless,1,3,False,230461,0.020060944999999997,87.04702747970371
update-seq,64,2-stackless,1,4,False,230461,0.020136346,87.37420214266189
update-seq,64,2-stackful,1,0,True,230461,0.020844769,90.4481409001957
update-seq,64,2-stackful,1,1,True,230461,0.020789576999999997,90.20865569445589
update-seq,64,2-stackful,1,2,False,230461,0.020712307,89.87337119946542
update-seq,64,2-stackful,1,3,False,230461,0.020712304999999993,89.87336252120745
update-seq,64,2-stackful,1,4,False,230461,0.020707129000000005,89.85090318969371
update-seq,64,1x,1,0,True,230461,0.0591929,256.8456268088744
update-seq,64,1x,1,1,True,230461,0.0591451,256.63821644443095
update-seq,64,1x,1,2,False,230461,0.0589466,255.77689934522544
update-seq,64,1x,1,3,False,230461,0.0592471,257.08080759868267
update-seq,64,1x,1,4,False,230461,0.0590282,256.1309722686268
update-seq,64,2-stackful,2,0,True,230461,0.020717451999999997,89.89569601798134
update-seq,64,2-stackful,2,1,True,230461,0.020732111999999997,89.95930764858261
update-seq,64,2-stackful,2,2,False,230461,0.020649259000000003,89.59979779659032
update-seq,64,2-stackful,2,3,False,230461,0.020720556,89.90916467428329
update-seq,64,2-stackful,2,4,False,230461,0.020703135999999997,89.83357704774342
update-seq,64,2-stackless,2,0,True,230461,0.020088633999999998,87.16717362156719
update-seq,64,2-stackless,2,1,True,230461,0.02005005,86.9997526696491
update-seq,64,2-stackless,2,2,False,230461,0.019990810000000005,86.74270266986606
update-seq,64,2-stackless,2,3,False,230461,0.020006914,86.81258000269025
update-seq,64,2-stackless,2,4,False,230461,0.02004228799999999,86.9660723506363
update-seq,64,1x,2,0,True,230461,0.0596792,258.9557452237038
update-seq,64,1x,2,1,True,230461,0.0590869,256.38567913876966
update-seq,64,1x,2,2,False,230461,0.058911,255.62242635413367
update-seq,64,1x,2,3,False,230461,0.0586818,254.62789799575634
update-seq,64,1x,2,4,False,230461,0.0591227,256.5410199556541
assign-table,8,1x,0,0,True,235321,0.143046,607.8760501612691
assign-table,8,1x,0,1,True,235321,0.142579,605.8915268930525
assign-table,8,1x,0,2,False,235321,0.14327,608.8279414076942
assign-table,8,1x,0,3,False,235321,0.143614,610.2897743932756
assign-table,8,1x,0,4,False,235321,0.141683,602.0839619073521
assign-table,8,2-stackless,0,0,True,235321,0.020062439999999997,85.25562954432455
assign-table,8,2-stackless,0,1,True,235321,0.020046357,85.18728460273414
assign-table,8,2-stackless,0,2,False,235321,0.020022666999999994,85.08661360439567
assign-table,8,2-stackless,0,3,False,235321,0.020055408999999996,85.22575120792447
assign-table,8,2-stackless,0,4,False,235321,0.020104254000000002,85.43331874333359
assign-table,8,2-stackful,0,0,True,235321,0.020824237000000002,88.49289693652501
assign-table,8,2-stackful,0,1,True,235321,0.020822628999999995,88.48606371722029
assign-table,8,2-stackful,0,2,False,235321,0.020812847000000002,88.4444949664501
assign-table,8,2-stackful,0,3,False,235321,0.020783382000000003,88.31928302191476
assign-table,8,2-stackful,0,4,False,235321,0.02081817200000001,88.46712363112519
assign-table,8,2-stackless,1,0,True,235321,0.020097524000000002,85.40471951079591
assign-table,8,2-stackless,1,1,True,235321,0.020104045999999997,85.43243484431902
assign-table,8,2-stackless,1,2,False,235321,0.020090252000000003,85.37381704140303
assign-table,8,2-stackless,1,3,False,235321,0.020114215999999997,85.47565240671251
assign-table,8,2-stackless,1,4,False,235321,0.020112601999999993,85.46879369032085
assign-table,8,2-stackful,1,0,True,235321,0.020827786,88.50797846346055
assign-table,8,2-stackful,1,1,True,235321,0.020870829000000004,88.69089031578143
assign-table,8,2-stackful,1,2,False,235321,0.020872883000000002,88.69961881854998
assign-table,8,2-stackful,1,3,False,235321,0.020786658,88.33320443139371
assign-table,8,2-stackful,1,4,False,235321,0.02082518,88.49690422869188
assign-table,8,1x,1,0,True,235321,0.143272,608.8364404366802
assign-table,8,1x,1,1,True,235321,0.143379,609.2911384874278
assign-table,8,1x,1,2,False,235321,0.144367,613.4896588064813
assign-table,8,1x,1,3,False,235321,0.142196,604.2639628422453
assign-table,8,1x,1,4,False,235321,0.142067,603.7157754726522
assign-table,8,1x,2,0,True,235321,0.142748,606.6096948423642
assign-table,8,1x,2,1,True,235321,0.14377,610.9526986541788
assign-table,8,1x,2,2,False,235321,0.143466,609.6608462483161
assign-table,8,1x,2,3,False,235321,0.142996,607.6635744366206
assign-table,8,1x,2,4,False,235321,0.142987,607.6253288061839
assign-table,8,2-stackless,2,0,True,235321,0.020059713,85.24404111830223
assign-table,8,2-stackless,2,1,True,235321,0.020063647,85.26075870831758
assign-table,8,2-stackless,2,2,False,235321,0.020047324999999998,85.19139813276331
assign-table,8,2-stackless,2,3,False,235321,0.020071686,85.29492055532656
assign-table,8,2-stackless,2,4,False,235321,0.02005237,85.21283693338036
assign-table,8,2-stackful,2,0,True,235321,0.020885594,88.75363439727012
assign-table,8,2-stackful,2,1,True,235321,0.020851129,88.60717488026992
assign-table,8,2-stackful,2,2,False,235321,0.020813251999999997,88.44621601981972
assign-table,8,2-stackful,2,3,False,235321,0.02095732700000001,89.05846482039432
assign-table,8,2-stackful,2,4,False,235321,0.020836370999999992,88.54446054538266
make-seq,64,2-stackless,0,0,True,65901,0.189508327,2875.6517655270786
make-seq,64,2-stackless,0,1,True,65901,0.189492874,2875.4172774312983
make-seq,64,2-stackless,0,2,False,65901,0.18951294899999999,2875.7219010333683
make-seq,64,2-stackless,0,3,False,65901,0.18949483599999994,2875.4470493619206
make-seq,64,2-stackless,0,4,False,65901,0.189650443,2877.808273015584
make-seq,64,2-stackful,0,0,True,65901,0.178557737,2709.484484302211
make-seq,64,2-stackful,0,1,True,65901,0.17837939,2706.7781975994294
make-seq,64,2-stackful,0,2,False,65901,0.17868580800000006,2711.4278690763426
make-seq,64,2-stackful,0,3,False,65901,0.178612718,2710.318781202106
make-seq,64,2-stackful,0,4,False,65901,0.17868494200000007,2711.4147281528362
make-seq,64,1x,0,0,True,65901,0.020124,305.3671416215232
make-seq,64,1x,0,1,True,65901,0.0199506,302.73592206491554
make-seq,64,1x,0,2,False,65901,0.0200615,304.4187493361254
make-seq,64,1x,0,3,False,65901,0.020088,304.8208676651341
make-seq,64,1x,0,4,False,65901,0.0201049,305.07731293910564
make-seq,64,1x,1,0,True,65901,0.0249774,379.01397550871764
make-seq,64,1x,1,1,True,65901,0.0249109,378.00488611705435
make-seq,64,1x,1,2,False,65901,0.0247848,376.0914098420358
make-seq,64,1x,1,3,False,65901,0.0248205,376.633131515455
make-seq,64,1x,1,4,False,65901,0.0247887,376.1505895206446
make-seq,64,2-stackful,1,0,True,65901,0.17817386799999999,2703.659549930957
make-seq,64,2-stackful,1,1,True,65901,0.178215718,2704.2945934052595
make-seq,64,2-stackful,1,2,False,65901,0.17838189800000004,2706.8162546850585
make-seq,64,2-stackful,1,3,False,65901,0.17823512400000008,2704.5890654163077
make-seq,64,2-stackful,1,4,False,65901,0.1782606,2704.975645286111
make-seq,64,2-stackless,1,0,True,65901,0.189283184,2872.2353833780976
make-seq,64,2-stackless,1,1,True,65901,0.189149314,2870.2040029741584
make-seq,64,2-stackless,1,2,False,65901,0.18919765700000002,2870.9375730262063
make-seq,64,2-stackless,1,3,False,65901,0.18921059299999998,2871.133867467868
make-seq,64,2-stackless,1,4,False,65901,0.1893004949999999,2872.4980652797362
make-seq,64,2-stackful,2,0,True,65901,0.17827295799999998,2705.1631689959177
make-seq,64,2-stackful,2,1,True,65901,0.178339504,2706.1729564043035
make-seq,64,2-stackful,2,2,False,65901,0.17835865399999995,2706.4635438005485
make-seq,64,2-stackful,2,3,False,65901,0.178355469,2706.4152137296855
make-seq,64,2-stackful,2,4,False,65901,0.17831902700000002,2705.8622327430544
make-seq,64,2-stackless,2,0,True,65901,0.194334874,2948.8911245656363
make-seq,64,2-stackless,2,1,True,65901,0.194280603,2948.0676014021033
make-seq,64,2-stackless,2,2,False,65901,0.19435974699999997,2949.268554346671
make-seq,64,2-stackless,2,3,False,65901,0.19443352199999997,2950.3880366003546
make-seq,64,2-stackless,2,4,False,65901,0.19442086599999997,2950.1959909561306
make-seq,64,1x,2,0,True,65901,0.0194497,295.1351269328235
make-seq,64,1x,2,1,True,65901,0.0193771,294.0334744541054
make-seq,64,1x,2,2,False,65901,0.0192918,292.7391086629945
make-seq,64,1x,2,3,False,65901,0.019123,290.17769077859214
make-seq,64,1x,2,4,False,65901,0.0192089,291.4811611356429
add-float,0,1x,0,0,True,2393719,0.0153958,6.431749090014325
add-float,0,1x,0,1,True,2393719,0.0153337,6.405806195296941
add-float,0,1x,0,2,False,2393719,0.0152369,6.365367029296254
add-float,0,1x,0,3,False,2393719,0.0153517,6.413325874925169
add-float,0,1x,0,4,False,2393719,0.0153331,6.405555539309334
add-float,0,2-stackful,0,0,True,2393719,0.043873841,18.328734909987347
add-float,0,2-stackful,0,1,True,2393719,0.043869513000000006,18.32692684479674
add-float,0,2-stackful,0,2,False,2393719,0.043867691,18.32616568611437
add-float,0,2-stackful,0,3,False,2393719,0.043844138000000005,18.316326185320836
add-float,0,2-stackful,0,4,False,2393719,0.04382812800000002,18.309637848051516
add-float,0,2-stackless,0,0,True,2393719,0.036082811,15.073954378103696
add-float,0,2-stackless,0,1,True,2393719,0.036127805,15.092751070614387
add-float,0,2-stackless,0,2,False,2393719,0.036028595,15.051305103063475
add-float,0,2-stackless,0,3,False,2393719,0.03605071400000001,15.060545536046634
add-float,0,2-stackless,0,4,False,2393719,0.03605154499999999,15.060892694589462
add-float,0,1x,1,0,True,2393719,0.0154378,6.449295009146855
add-float,0,1x,1,1,True,2393719,0.0152175,6.357262485696943
add-float,0,1x,1,2,False,2393719,0.0151814,6.342181350442554
add-float,0,1x,1,3,False,2393719,0.0150984,6.30750727215684
add-float,0,1x,1,4,False,2393719,0.0152709,6.3795708685940165
add-float,0,2-stackful,1,0,True,2393719,0.043862051,18.323809519830856
add-float,0,2-stackful,1,1,True,2393719,0.043847461,18.3177144017322
add-float,0,2-stackful,1,2,False,2393719,0.043851066999999994,18.319220844217718
add-float,0,2-stackful,1,3,False,2393719,0.04385006599999999,18.318802666478394
add-float,0,2-stackful,1,4,False,2393719,0.04384681700000001,18.317445364305506
add-float,0,2-stackless,1,0,True,2393719,0.036022636000000004,15.048815671346553
add-float,0,2-stackless,1,1,True,2393719,0.036026959000000004,15.05062164773727
add-float,0,2-stackless,1,2,False,2393719,0.036050605,15.06050000020888
add-float,0,2-stackless,1,3,False,2393719,0.036038345,15.0553782628621
add-float,0,2-stackless,1,4,False,2393719,0.03605513299999999,15.062391617395356
add-float,0,1x,2,0,True,2393719,0.0153257,6.402464115462174
add-float,0,1x,2,1,True,2393719,0.0152123,6.355090133804344
add-float,0,1x,2,2,False,2393719,0.0152898,6.387466532203654
add-float,0,1x,2,3,False,2393719,0.0153179,6.399205587623276
add-float,0,1x,2,4,False,2393719,0.0152402,6.366745637228096
add-float,0,2-stackless,2,0,True,2393719,0.036058851999999995,15.063945266758543
add-float,0,2-stackless,2,1,True,2393719,0.036027722000000005,15.05094039860151
add-float,0,2-stackless,2,2,False,2393719,0.035970725999999995,15.027129750818702
add-float,0,2-stackless,2,3,False,2393719,0.036102923999999995,15.082356784568278
add-float,0,2-stackless,2,4,False,2393719,0.03602359800000002,15.04921755644669
add-float,0,2-stackful,2,0,True,2393719,0.043889153,18.33513165079109
add-float,0,2-stackful,2,1,True,2393719,0.04384701600000001,18.317528498541392
add-float,0,2-stackful,2,2,False,2393719,0.043881643999999984,18.331994691106175
add-float,0,2-stackful,2,3,False,2393719,0.043840148999999995,18.31465974076322
add-float,0,2-stackful,2,4,False,2393719,0.04383679300000001,18.313257738272544
assign-string,0,2-stackless,0,0,True,1938718,0.04583699,23.642938271579467
assign-string,0,2-stackless,0,1,True,1938718,0.045788673999999994,23.618016648114885
assign-string,0,2-stackless,0,2,False,1938718,0.045779449000000014,23.613258349073984
assign-string,0,2-stackless,0,3,False,1938718,0.045796701999999995,23.62215752884122
assign-string,0,2-stackless,0,4,False,1938718,0.045862602,23.65614906345327
assign-string,0,1x,0,0,True,1938718,0.0195251,10.071139794441482
assign-string,0,1x,0,1,True,1938718,0.019576,10.09739425744229
assign-string,0,1x,0,2,False,1938718,0.0196494,10.135254327859958
assign-string,0,1x,0,3,False,1938718,0.0195654,10.091926726837013
assign-string,0,1x,0,4,False,1938718,0.0195634,10.090895117288847
assign-string,0,2-stackful,0,0,True,1938718,0.05228156,26.9670782444894
assign-string,0,2-stackful,0,1,True,1938718,0.052292964,26.97296048213304
assign-string,0,2-stackful,0,2,False,1938718,0.052251074999999994,26.951353935951484
assign-string,0,2-stackful,0,3,False,1938718,0.052269543,26.96087981851925
assign-string,0,2-stackful,0,4,False,1938718,0.05225120399999997,26.951420474767332
assign-string,0,2-stackless,1,0,True,1938718,0.04653141,24.001123422797953
assign-string,0,2-stackless,1,1,True,1938718,0.046466102999999995,23.96743776041693
assign-string,0,2-stackless,1,2,False,1938718,0.04645337800000002,23.96087414466674
assign-string,0,2-stackless,1,3,False,1938718,0.04644224899999999,23.955133753335964
assign-string,0,2-stackless,1,4,False,1938718,0.046413069,23.940082570028235
assign-string,0,2-stackful,1,0,True,1938718,0.05231299,26.983289988538818
assign-string,0,2-stackful,1,1,True,1938718,0.052264753000000004,26.958409113651395
assign-string,0,2-stackful,1,2,False,1938718,0.052252063,26.951863551068282
assign-string,0,2-stackful,1,3,False,1938718,0.05224911999999998,26.95034553761815
assign-string,0,2-stackful,1,4,False,1938718,0.052260467000000005,26.95619837438968
assign-string,0,1x,1,0,True,1938718,0.019812,10.219124184125798
assign-string,0,1x,1,1,True,1938718,0.019778,10.201586821806988
assign-string,0,1x,1,2,False,1938718,0.0195097,10.063196400920608
assign-string,0,1x,1,3,False,1938718,0.0195615,10.08991508821809
assign-string,0,1x,1,4,False,1938718,0.0195456,10.081713792310175
assign-string,0,1x,2,0,True,1938718,0.0195878,10.103480753776465
assign-string,0,1x,2,1,True,1938718,0.0195934,10.106369260511327
assign-string,0,1x,2,2,False,1938718,0.0196418,10.13133421157693
assign-string,0,1x,2,3,False,1938718,0.0196166,10.118335931270046
assign-string,0,1x,2,4,False,1938718,0.0196563,10.138813380801126
assign-string,0,2-stackless,2,0,True,1938718,0.046858872,24.17002988572861
assign-string,0,2-stackless,2,1,True,1938718,0.046862253,24.171773821669785
assign-string,0,2-stackless,2,2,False,1938718,0.04690809900000001,24.19542140734238
assign-string,0,2-stackless,2,3,False,1938718,0.04679566900000001,24.13742947659227
assign-string,0,2-stackless,2,4,False,1938718,0.046804400999999995,24.141933483879548
assign-string,0,2-stackful,2,0,True,1938718,0.052271565,26.961922775772443
assign-string,0,2-stackful,2,1,True,1938718,0.052247796000000006,26.949662612097278
assign-string,0,2-stackful,2,2,False,1938718,0.052276137,26.964281035199548
assign-string,0,2-stackful,2,3,False,1938718,0.05226544799999999,26.958767597969377
assign-string,0,2-stackful,2,4,False,1938718,0.052246553,26.94902146676309
push-shared-seq,256,1x,0,0,True,27161,0.0194194,714.9736754905931
push-shared-seq,256,1x,0,1,True,27161,0.019372,713.2285261956482
push-shared-seq,256,1x,0,2,False,27161,0.0193426,712.1460918228343
push-shared-seq,256,1x,0,3,False,27161,0.0193837,713.6592908950333
push-shared-seq,256,1x,0,4,False,27161,0.0193774,713.4273406722874
push-shared-seq,256,2-stackful,0,0,True,27161,0.06865419299999999,2527.6754537756337
push-shared-seq,256,2-stackful,0,1,True,27161,0.068717224,2529.9960973454586
push-shared-seq,256,2-stackful,0,2,False,27161,0.068732352,2530.553072420014
push-shared-seq,256,2-stackful,0,3,False,27161,0.06867073300000001,2528.2844151540817
push-shared-seq,256,2-stackful,0,4,False,27161,0.06958692700000002,2562.0163837855753
push-shared-seq,256,2-stackless,0,0,True,27161,0.068849808,2534.877508191893
push-shared-seq,256,2-stackless,0,1,True,27161,0.068788842,2532.632892750635
push-shared-seq,256,2-stackless,0,2,False,27161,0.068783906,2532.4511615919887
push-shared-seq,256,2-stackless,0,3,False,27161,0.068713888,2529.8732741798904
push-shared-seq,256,2-stackless,0,4,False,27161,0.068748945,2531.163985125732
push-shared-seq,256,2-stackless,1,0,True,27161,0.069929249,2574.619822539671
push-shared-seq,256,2-stackless,1,1,True,27161,0.069943848,2575.157321159015
push-shared-seq,256,2-stackless,1,2,False,27161,0.06987670899999998,2572.685431316961
push-shared-seq,256,2-stackless,1,3,False,27161,0.06997150699999999,2576.1756562718597
push-shared-seq,256,2-stackless,1,4,False,27161,0.06988618800000002,2573.034424358456
push-shared-seq,256,2-stackful,1,0,True,27161,0.068964917,2539.115533301425
push-shared-seq,256,2-stackful,1,1,True,27161,0.06890124200000002,2536.771179264387
push-shared-seq,256,2-stackful,1,2,False,27161,0.06898269100000001,2539.769927469534
push-shared-seq,256,2-stackful,1,3,False,27161,0.06888969199999997,2536.3459371893514
push-shared-seq,256,2-stackful,1,4,False,27161,0.06987198,2572.5113213799195
push-shared-seq,256,1x,1,0,True,27161,0.0199846,735.7829240455064
push-shared-seq,256,1x,1,1,True,27161,0.0199895,735.9633297743087
push-shared-seq,256,1x,1,2,False,27161,0.0199601,734.8808954014947
push-shared-seq,256,1x,1,3,False,27161,0.019891,732.3368064504252
push-shared-seq,256,1x,1,4,False,27161,0.0199906,736.00382901955
push-shared-seq,256,2-stackless,2,0,True,27161,0.06880510999999999,2533.2318397702584
push-shared-seq,256,2-stackless,2,1,True,27161,0.06880951399999999,2533.3939840212065
push-shared-seq,256,2-stackless,2,2,False,27161,0.06883919600000002,2534.4868009278016
push-shared-seq,256,2-stackless,2,3,False,27161,0.068799944,2533.041640587607
push-shared-seq,256,2-stackless,2,4,False,27161,0.068753754,2531.341040462428
push-shared-seq,256,1x,2,0,True,27161,0.0209115,769.9090607856854
push-shared-seq,256,1x,2,1,True,27161,0.0207949,765.6161407901035
push-shared-seq,256,1x,2,2,False,27161,0.0207934,765.5609145465926
push-shared-seq,256,1x,2,3,False,27161,0.020911,769.8906520378484
push-shared-seq,256,1x,2,4,False,27161,0.0208575,767.9209160192923
push-shared-seq,256,2-stackful,2,0,True,27161,0.068733747,2530.6044328264793
push-shared-seq,256,2-stackful,2,1,True,27161,0.06868933900000002,2528.9694414785913
push-shared-seq,256,2-stackful,2,2,False,27161,0.068707506,2529.638304922499
push-shared-seq,256,2-stackful,2,3,False,27161,0.068673853,2528.3992857405838
push-shared-seq,256,2-stackful,2,4,False,27161,0.06962245300000003,2563.3243621368883
update-table,256,1x,0,0,True,77908,0.0446119,572.6228371925861
update-table,256,1x,0,1,True,77908,0.044823,575.3324433947733
update-table,256,1x,0,2,False,77908,0.0451169,579.1048416080505
update-table,256,1x,0,3,False,77908,0.0450418,578.1408841197309
update-table,256,1x,0,4,False,77908,0.044686,573.5739590285979
update-table,256,2-stackful,0,0,True,77908,0.020234606,259.7243672023412
update-table,256,2-stackful,0,1,True,77908,0.020239400999999997,259.78591415515734
update-table,256,2-stackful,0,2,False,77908,0.020211778,259.43135493145763
update-table,256,2-stackful,0,3,False,77908,0.020234675999999993,259.72526569800266
update-table,256,2-stackful,0,4,False,77908,0.020206779999999994,259.3672023412229
update-table,256,2-stackless,0,0,True,77908,0.019979471999999998,256.4495558864301
update-table,256,2-stackless,0,1,True,77908,0.019980835000000002,256.4670508805258
update-table,256,2-stackless,0,2,False,77908,0.019957340999999997,256.16549006520506
update-table,256,2-stackless,0,3,False,77908,0.019988665000000003,256.56755403809626
update-table,256,2-stackless,0,4,False,77908,0.01996991499999999,256.3268855573239
update-table,256,2-stackless,1,0,True,77908,0.020017527,256.9380166350054
update-table,256,2-stackless,1,1,True,77908,0.020017992999999998,256.9439980489808
update-table,256,2-stackless,1,2,False,77908,0.019988944,256.5711351850901
update-table,256,2-stackless,1,3,False,77908,0.020006089000000005,256.7912024439082
update-table,256,2-stackless,1,4,False,77908,0.020018355,256.9486445551163
update-table,256,2-stackful,1,0,True,77908,0.020226495,259.62025722647223
update-table,256,2-stackful,1,1,True,77908,0.020294276999999996,260.4902834112029
update-table,256,2-stackful,1,2,False,77908,0.020216678000000002,259.49424962776607
update-table,256,2-stackful,1,3,False,77908,0.020223966000000003,259.58779586178576
update-table,256,2-stackful,1,4,False,77908,0.02022400699999999,259.5883221235302
update-table,256,1x,1,0,True,77908,0.0446024,572.5008984956615
update-table,256,1x,1,1,True,77908,0.044997,577.5658468963393
update-table,256,1x,1,2,False,77908,0.0446231,572.7665964984341
update-table,256,1x,1,3,False,77908,0.0446482,573.0887713713611
update-table,256,1x,1,4,False,77908,0.0453644,582.2816655542434
update-table,256,2-stackful,2,0,True,77908,0.020222867,259.5736894798994
update-table,256,2-stackful,2,1,True,77908,0.020240673,259.80224110489297
update-table,256,2-stackful,2,2,False,77908,0.020234524000000004,259.72331467885203
update-table,256,2-stackful,2,3,False,77908,0.020211305000000006,259.4252836679161
update-table,256,2-stackful,2,4,False,77908,0.020351157999999994,261.2203881501257
update-table,256,2-stackless,2,0,True,77908,0.020015057000000003,256.90631257380505
update-table,256,2-stackless,2,1,True,77908,0.020014089,256.893887662371
update-table,256,2-stackless,2,2,False,77908,0.020015083999999995,256.90665913641726
update-table,256,2-stackless,2,3,False,77908,0.019981159999999998,256.47122246752576
update-table,256,2-stackless,2,4,False,77908,0.020023990000000005,257.02097345587106
update-table,256,1x,2,0,True,77908,0.0450477,578.2166144683473
update-table,256,1x,2,1,True,77908,0.0446584,573.2196950249012
update-table,256,1x,2,2,False,77908,0.0446144,572.6549263233558
update-table,256,1x,2,3,False,77908,0.044946,576.9112286286389
update-table,256,1x,2,4,False,77908,0.0448878,576.164193664322
const-string,8,1x,0,0,True,1119489,0.0202099,18.052790156937675
const-string,8,1x,0,1,True,1119489,0.0202922,18.12630584132582
const-string,8,1x,0,2,False,1119489,0.0202174,18.05948964214923
const-string,8,1x,0,3,False,1119489,0.02018,18.026081542560938
const-string,8,1x,0,4,False,1119489,0.020239,18.078784159558513
const-string,8,2-stackful,0,0,True,1119489,0.032635133999999996,29.15181301468795
const-string,8,2-stackful,0,1,True,1119489,0.032598047000000005,29.118684506949155
const-string,8,2-stackful,0,2,False,1119489,0.032582007999999996,29.104357434508064
const-string,8,2-stackful,0,3,False,1119489,0.03257371400000002,29.096948697128795
const-string,8,2-stackful,0,4,False,1119489,0.03265881400000001,29.17296552266258
const-string,8,2-stackless,0,0,True,1119489,0.028767839,25.697294926524513
const-string,8,2-stackless,0,1,True,1119489,0.028769481000000003,25.698761667153498
const-string,8,2-stackless,0,2,False,1119489,0.028958602000000007,25.8676967795128
const-string,8,2-stackless,0,3,False,1119489,0.028767923,25.69736996075888
const-string,8,2-stackless,0,4,False,1119489,0.028735461000000004,25.66837280223388
const-string,8,1x,1,0,True,1119489,0.0203361,18.165520161430795
const-string,8,1x,1,1,True,1119489,0.0202157,18.057971092167943
const-string,8,1x,1,2,False,1119489,0.0202419,18.08137462717365
const-string,8,1x,1,3,False,1119489,0.0202038,18.04734124229894
const-string,8,1x,1,4,False,1119489,0.0201866,18.031977089547105
const-string,8,2-stackless,1,0,True,1119489,0.028838776,25.7606604441848
const-string,8,2-stackless,1,1,True,1119489,0.028807044000000004,25.732315368887058
const-string,8,2-stackless,1,2,False,1119489,0.028815350000000003,25.73973482544268
const-string,8,2-stackless,1,3,False,1119489,0.028788701,25.715930214588976
const-string,8,2-stackless,1,4,False,1119489,0.028707611999999993,25.64349627374632
const-string,8,2-stackful,1,0,True,1119489,0.032627644,29.14512246212334
const-string,8,2-stackful,1,1,True,1119489,0.032672074999999995,29.184811105781296
const-string,8,2-stackful,1,2,False,1119489,0.032630466,29.147643255092277
const-string,8,2-stackful,1,3,False,1119489,0.03253151800000001,29.059256500063874
const-string,8,2-stackful,1,4,False,1119489,0.03263456000000001,29.1513002807531
const-string,8,2-stackless,2,0,True,1119489,0.028814317,25.738812083012874
const-string,8,2-stackless,2,1,True,1119489,0.028794037999999997,25.720697568265518
const-string,8,2-stackless,2,2,False,1119489,0.028743006999999994,25.67511337762139
const-string,8,2-stackless,2,3,False,1119489,0.028814755999999997,25.73920422621392
const-string,8,2-stackless,2,4,False,1119489,0.028878702000000006,25.796324930392355
const-string,8,2-stackful,2,0,True,1119489,0.032632485,29.14944675651123
const-string,8,2-stackful,2,1,True,1119489,0.032609555,29.128964197057766
const-string,8,2-stackful,2,2,False,1119489,0.032591284,29.112643357817717
const-string,8,2-stackful,2,3,False,1119489,0.032402863000000004,28.944333530744835
const-string,8,2-stackful,2,4,False,1119489,0.03266986799999999,29.182839670599705
const-string,8,1x,2,0,True,1119489,0.0202427,18.082089238929548
const-string,8,1x,2,1,True,1119489,0.0201722,18.019114077940916
const-string,8,1x,2,2,False,1119489,0.0201662,18.013754489771674
const-string,8,1x,2,3,False,1119489,0.0202895,18.12389402664966
const-string,8,1x,2,4,False,1119489,0.02028,18.115408012048356
add-float,8,2-stackless,0,0,True,1394389,0.029954072,21.481861948136423
add-float,8,2-stackless,0,1,True,1394389,0.030451924000000002,21.838901483015142
add-float,8,2-stackless,0,2,False,1394389,0.029754289999999996,21.33858629119994
add-float,8,2-stackless,0,3,False,1394389,0.02960847600000001,21.234014324553627
add-float,8,2-stackless,0,4,False,1394389,0.030314485000000002,21.740335731277288
add-float,8,2-stackful,0,0,True,1394389,0.030666399,21.992714371671035
add-float,8,2-stackful,0,1,True,1394389,0.030651315000000002,21.981896730395896
add-float,8,2-stackful,0,2,False,1394389,0.030671664,21.996490219013488
add-float,8,2-stackful,0,3,False,1394389,0.03064116800000001,21.974619707986804
add-float,8,2-stackful,0,4,False,1394389,0.030656742,21.98578875765658
add-float,8,1x,0,0,True,1394389,0.0200741,14.396341336599757
add-float,8,1x,0,1,True,1394389,0.0200536,14.381639556823814
add-float,8,1x,0,2,False,1394389,0.0200161,14.35474605723367
add-float,8,1x,0,3,False,1394389,0.0200144,14.35352688525225
add-float,8,1x,0,4,False,1394389,0.0199922,14.337605933494885
add-float,8,2-stackless,1,0,True,1394389,0.030291992,21.72420465164312
add-float,8,2-stackless,1,1,True,1394389,0.031153345,22.341932559708948
add-float,8,2-stackless,1,2,False,1394389,0.030625118,21.963109290162215
add-float,8,2-stackless,1,3,False,1394389,0.02980653300000001,21.37605288050896
add-float,8,2-stackless,1,4,False,1394389,0.03093422700000001,22.18478989722381
add-float,8,2-stackful,1,0,True,1394389,0.030503897,21.8761744391271
add-float,8,2-stackful,1,1,True,1394389,0.030606401,21.94968620664678
add-float,8,2-stackful,1,2,False,1394389,0.030671223000000004,21.99617395145831
add-float,8,2-stackful,1,3,False,1394389,0.030656194999999997,21.985396471142554
add-float,8,2-stackful,1,4,False,1394389,0.030572709000000003,21.925523652295023
add-float,8,1x,1,0,True,1394389,0.0200967,14.412549152352751
add-float,8,1x,1,1,True,1394389,0.0200106,14.350801677293783
add-float,8,1x,1,2,False,1394389,0.0199899,14.335956465520024
add-float,8,1x,1,3,False,1394389,0.0199802,14.32900001362604
add-float,8,1x,1,4,False,1394389,0.0199705,14.322043561732055
add-float,8,2-stackless,2,0,True,1394389,0.030909181,22.16682790813754
add-float,8,2-stackless,2,1,True,1394389,0.030818525000000003,22.10181305216837
add-float,8,2-stackless,2,2,False,1394389,0.030752849,22.054712852726176
add-float,8,2-stackless,2,3,False,1394389,0.029879572999999993,21.42843424611066
add-float,8,2-stackless,2,4,False,1394389,0.030176635999999993,21.641475943943902
add-float,8,2-stackful,2,0,True,1394389,0.03068812,22.008291803793632
add-float,8,2-stackful,2,1,True,1394389,0.030624290000000002,21.962515481691266
add-float,8,2-stackful,2,2,False,1394389,0.03070781699999999,22.02241770409835
add-float,8,2-stackful,2,3,False,1394389,0.030715386999999997,22.027846605215615
add-float,8,2-stackful,2,4,False,1394389,0.030687631999999992,22.007941829718963
add-float,8,1x,2,0,True,1394389,0.0200954,14.411616844366959
add-float,8,1x,2,1,True,1394389,0.0200763,14.397919088575714
add-float,8,1x,2,2,False,1394389,0.020017,14.355391501223833
add-float,8,1x,2,3,False,1394389,0.019983,14.331008061595437
add-float,8,1x,2,4,False,1394389,0.0199963,14.340546289450074
add-int,256,1x,0,0,True,116320,0.0346203,297.6298143053645
add-int,256,1x,0,1,True,116320,0.0345511,297.03490371389273
add-int,256,1x,0,2,False,116320,0.0346211,297.6366918844567
add-int,256,1x,0,3,False,116320,0.0345594,297.1062585969739
add-int,256,1x,0,4,False,116320,0.0345904,297.3727647867951
add-int,256,2-stackless,0,0,True,116320,0.022618355,194.4494068088033
add-int,256,2-stackless,0,1,True,116320,0.023039149999999998,198.06697042640988
add-int,256,2-stackless,0,2,False,116320,0.021266501,182.82755330123797
add-int,256,2-stackless,0,3,False,116320,0.022488042,193.32910935350756
add-int,256,2-stackless,0,4,False,116320,0.021600007000000004,185.69469566712522
add-int,256,2-stackful,0,0,True,116320,0.021481813000000002,184.6785849381018
add-int,256,2-stackful,0,1,True,116320,0.022063801,189.68192056396148
add-int,256,2-stackful,0,2,False,116320,0.022602137,194.3099810866575
add-int,256,2-stackful,0,3,False,116320,0.02248965,193.3429332874828
add-int,256,2-stackful,0,4,False,116320,0.022723671,195.35480570839064
add-int,256,1x,1,0,True,116320,0.0342513,294.4575309491059
add-int,256,1x,1,1,True,116320,0.0341009,293.16454607977994
add-int,256,1x,1,2,False,116320,0.0340715,292.91179504814306
add-int,256,1x,1,3,False,116320,0.0341408,293.5075653370014
add-int,256,1x,1,4,False,116320,0.0340619,292.8292640990371
add-int,256,2-stackless,1,0,True,116320,0.022765581,195.71510488308115
add-int,256,2-stackless,1,1,True,116320,0.022016924000000004,189.27892022008257
add-int,256,2-stackless,1,2,False,116320,0.02165882000000001,186.20030949105922
add-int,256,2-stackless,1,3,False,116320,0.021105114999999994,181.44012207702883
add-int,256,2-stackless,1,4,False,116320,0.023007003999999998,197.79061210453918
add-int,256,2-stackful,1,0,True,116320,0.020606982,177.1576856946355
add-int,256,2-stackful,1,1,True,116320,0.022513179999999997,193.5452200825309
add-int,256,2-stackful,1,2,False,116320,0.022622299,194.48331327372765
add-int,256,2-stackful,1,3,False,116320,0.020697147000000013,177.93283184319128
add-int,256,2-stackful,1,4,False,116320,0.022138748,190.32623796423658
add-int,256,1x,2,0,True,116320,0.0343442,295.25618982118294
add-int,256,1x,2,1,True,116320,0.0342499,294.44549518569465
add-int,256,1x,2,2,False,116320,0.0343083,294.9475584594223
add-int,256,1x,2,3,False,116320,0.0342298,294.27269601100414
add-int,256,1x,2,4,False,116320,0.0343823,295.583734525447
add-int,256,2-stackless,2,0,True,116320,0.021079765,181.22218878954607
add-int,256,2-stackless,2,1,True,116320,0.021052526000000002,180.98801581843193
add-int,256,2-stackless,2,2,False,116320,0.022506273,193.48584078404403
add-int,256,2-stackless,2,3,False,116320,0.023344063999999998,200.6883081155433
add-int,256,2-stackless,2,4,False,116320,0.02047111900000001,175.989675034388
add-int,256,2-stackful,2,0,True,116320,0.020651267999999997,177.53841127922968
add-int,256,2-stackful,2,1,True,116320,0.022019089999999998,189.2975412654745
add-int,256,2-stackful,2,2,False,116320,0.020517838999999996,176.39132565337
add-int,256,2-stackful,2,3,False,116320,0.021271999,182.87481946354882
add-int,256,2-stackful,2,4,False,116320,0.02197473200000001,188.91619669876212
do-int,64,2-stackless,0,0,True,16892,0.026457306,1566.262491120057
do-int,64,2-stackless,0,1,True,16892,0.026426169,1564.4191925171679
do-int,64,2-stackless,0,2,False,16892,0.026415632999999994,1563.7954653090217
do-int,64,2-stackless,0,3,False,16892,0.02636668099999999,1560.8975254558363
do-int,64,2-stackless,0,4,False,16892,0.026403076999999997,1563.0521548662086
do-int,64,1x,0,0,True,16892,0.0201455,1192.6059673218092
do-int,64,1x,0,1,True,16892,0.0201129,1190.676059673218
do-int,64,1x,0,2,False,16892,0.020069,1188.0771963059437
do-int,64,1x,0,3,False,16892,0.020084,1188.96519062278
do-int,64,1x,0,4,False,16892,0.0201489,1192.8072460336255
do-int,64,2-stackful,0,0,True,16892,0.029204255000000002,1728.8808311626808
do-int,64,2-stackful,0,1,True,16892,0.029165994999999997,1726.6158536585363
do-int,64,2-stackful,0,2,False,16892,0.029211232999999996,1729.2939261188726
do-int,64,2-stackful,0,3,False,16892,0.029217642000000002,1729.6733364906468
do-int,64,2-stackful,0,4,False,16892,0.029145610999999988,1725.4091285815764
do-int,64,1x,1,0,True,16892,0.0201273,1191.528534217381
do-int,64,1x,1,1,True,16892,0.0201269,1191.504854368932
do-int,64,1x,1,2,False,16892,0.0200637,1187.7634383139948
do-int,64,1x,1,3,False,16892,0.0200738,1188.3613544873313
do-int,64,1x,1,4,False,16892,0.0200892,1189.2730286526166
do-int,64,2-stackful,1,0,True,16892,0.029242659,1731.1543334122662
do-int,64,2-stackful,1,1,True,16892,0.029213646,1729.4367748046413
do-int,64,2-stackful,1,2,False,16892,0.029166196,1726.6277527823822
do-int,64,2-stackful,1,3,False,16892,0.02916548599999999,1726.5857210513846
do-int,64,2-stackful,1,4,False,16892,0.029179058000000008,1727.3891783092593
do-int,64,2-stackless,1,0,True,16892,0.026475426,1567.3351882547952
do-int,64,2-stackless,1,1,True,16892,0.026482859,1567.7752190385982
do-int,64,2-stackless,1,2,False,16892,0.026462569999999998,1566.5741179256452
do-int,64,2-stackless,1,3,False,16892,0.026427902000000003,1564.5217854605733
do-int,64,2-stackless,1,4,False,16892,0.026475978999999997,1567.3679256452756
do-int,64,2-stackful,2,0,True,16892,0.029202871,1728.798898887047
do-int,64,2-stackful,2,1,True,16892,0.029230566999999995,1730.4384915936537
do-int,64,2-stackful,2,2,False,16892,0.029185700999999994,1727.782441392375
do-int,64,2-stackful,2,3,False,16892,0.029181538999999992,1727.5360525692631
do-int,64,2-stackful,2,4,False,16892,0.029159365000000007,1726.2233601704954
do-int,64,1x,2,0,True,16892,0.0199805,1182.838029836609
do-int,64,1x,2,1,True,16892,0.0199516,1181.1271607861709
do-int,64,1x,2,2,False,16892,0.0198614,1175.7873549609283
do-int,64,1x,2,3,False,16892,0.0199887,1183.323466729813
do-int,64,1x,2,4,False,16892,0.0199349,1180.1385271134266
do-int,64,2-stackless,2,0,True,16892,0.026835321999999998,1588.6408950982714
do-int,64,2-stackless,2,1,True,16892,0.026838719000000004,1588.8419962112246
do-int,64,2-stackless,2,2,False,16892,0.026796482000000003,1586.3415818138767
do-int,64,2-stackless,2,3,False,16892,0.026843977000000005,1589.153267819086
do-int,64,2-stackless,2,4,False,16892,0.026838030000000013,1588.8012076722716
take-seq,0,2-stackful,0,0,True,2480898,0.045037112,18.153552463664365
take-seq,0,2-stackful,0,1,True,2480898,0.04500685199999999,18.141355267326585
take-seq,0,2-stackful,0,2,False,2480898,0.04499456,18.1364006097792
take-seq,0,2-stackful,0,3,False,2480898,0.04502990400000001,18.15064706408728
take-seq,0,2-stackful,0,4,False,2480898,0.045006256999999994,18.141115434814328
take-seq,0,1x,0,0,True,2480898,0.0166707,6.719623297693013
take-seq,0,1x,0,1,True,2480898,0.0167619,6.756384180244411
take-seq,0,1x,0,2,False,2480898,0.0164959,6.6491649394694985
take-seq,0,1x,0,3,False,2480898,0.0165711,6.6794765443803
take-seq,0,1x,0,4,False,2480898,0.0167013,6.731957541180653
take-seq,0,2-stackless,0,0,True,2480898,0.037775012000000004,15.226346266553481
take-seq,0,2-stackless,0,1,True,2480898,0.037744434,15.214020890822598
take-seq,0,2-stackless,0,2,False,2480898,0.037702899,15.197278969147462
take-seq,0,2-stackless,0,3,False,2480898,0.037670408,15.184182501658674
take-seq,0,2-stackless,0,4,False,2480898,0.037698905000000005,15.19566906821643
take-seq,0,1x,1,0,True,2480898,0.0165895,6.686893213666987
take-seq,0,1x,1,1,True,2480898,0.0165397,6.666819837010631
take-seq,0,1x,1,2,False,2480898,0.0167318,6.744251476683041
take-seq,0,1x,1,3,False,2480898,0.0165197,6.658758239959885
take-seq,0,1x,1,4,False,2480898,0.0165472,6.669842935904661
take-seq,0,2-stackless,1,0,True,2480898,0.036932735,14.88684137759795
take-seq,0,2-stackless,1,1,True,2480898,0.036915154,14.879754830710493
take-seq,0,2-stackless,1,2,False,2480898,0.036933065,14.886974393949288
take-seq,0,2-stackless,1,3,False,2480898,0.036910027,14.877688240306535
take-seq,0,2-stackless,1,4,False,2480898,0.036885422,14.867770460534855
take-seq,0,2-stackful,1,0,True,2480898,0.045028777,18.150192793093467
take-seq,0,2-stackful,1,1,True,2480898,0.045018011,18.145853235401052
take-seq,0,2-stackful,1,2,False,2480898,0.04503544600000001,18.152880932630044
take-seq,0,2-stackful,1,3,False,2480898,0.04498397700000001,18.132134815699803
take-seq,0,2-stackful,1,4,False,2480898,0.04499756199999999,18.137610655496516
take-seq,0,2-stackless,2,0,True,2480898,0.037375577,15.065342065655258
take-seq,0,2-stackless,2,1,True,2480898,0.037445111,15.093369820121586
take-seq,0,2-stackless,2,2,False,2480898,0.037411979,15.08001497844732
take-seq,0,2-stackless,2,3,False,2480898,0.037546075999999984,15.134066777433004
take-seq,0,2-stackless,2,4,False,2480898,0.03736800900000001,15.06229155733126
take-seq,0,1x,2,0,True,2480898,0.0164989,6.650374179027111
take-seq,0,1x,2,1,True,2480898,0.0164759,6.641103342418754
take-seq,0,1x,2,2,False,2480898,0.0166037,6.692616947573015
take-seq,0,1x,2,3,False,2480898,0.016661,6.7157134231234
take-seq,0,1x,2,4,False,2480898,0.0166881,6.726636887127161
take-seq,0,2-stackful,2,0,True,2480898,0.04502198,18.147453059335774
take-seq,0,2-stackful,2,1,True,2480898,0.045009571,18.142451241445638
take-seq,0,2-stackful,2,2,False,2480898,0.044997376000000006,18.13753568264395
take-seq,0,2-stackful,2,3,False,2480898,0.044989641,18.13441785998457
take-seq,0,2-stackful,2,4,False,2480898,0.045012108999999995,18.143474258111375
get-table,64,2-stackful,0,0,True,298338,0.021303166,71.40614336758978
get-table,64,2-stackful,0,1,True,298338,0.021463134,71.94234056673974
get-table,64,2-stackful,0,2,False,298338,0.021275837000000006,71.31453921391176
get-table,64,2-stackful,0,3,False,298338,0.021284984000000007,71.34519906951179
get-table,64,2-stackful,0,4,False,298338,0.021310494,71.4307061118597
get-table,64,1x,0,0,True,298338,0.0320032,107.27161809759401
get-table,64,1x,0,1,True,298338,0.0320915,107.56759112147968
get-table,64,1x,0,2,False,298338,0.0322447,108.08110264196985
get-table,64,1x,0,3,False,298338,0.0319277,107.01854943051171
get-table,64,1x,0,4,False,298338,0.0319008,106.92838324316715
get-table,64,2-stackless,0,0,True,298338,0.020208682999999998,67.73754265296408
get-table,64,2-stackless,0,1,True,298338,0.020139638,67.5061105189416
get-table,64,2-stackless,0,2,False,298338,0.020143899,67.5203929770931
get-table,64,2-stackless,0,3,False,298338,0.02023217599999999,67.81628890721258
get-table,64,2-stackless,0,4,False,298338,0.020161778000000005,67.58032164859992
get-table,64,2-stackful,1,0,True,298338,0.021365301,71.6144138527442
get-table,64,2-stackful,1,1,True,298338,0.021383046,71.67389336926573
get-table,64,2-stackful,1,2,False,298338,0.021299188000000004,71.392809497952
get-table,64,2-stackful,1,3,False,298338,0.021343314000000002,71.54071556422582
get-table,64,2-stackful,1,4,False,298338,0.021195658000000006,71.04578699327611
get-table,64,2-stackless,1,0,True,298338,0.020256847,67.89898370304822
get-table,64,2-stackless,1,1,True,298338,0.020158244999999998,67.5684793757416
get-table,64,2-stackless,1,2,False,298338,0.020185268,67.65905784713982
get-table,64,2-stackless,1,3,False,298338,0.02026036700000001,67.91078240116917
get-table,64,2-stackless,1,4,False,298338,0.02019312699999999,67.68540045183649
get-table,64,1x,1,0,True,298338,0.0319735,107.17206658219872
get-table,64,1x,1,1,True,298338,0.0323075,108.29160214253633
get-table,64,1x,1,2,False,298338,0.0319772,107.18446862283717
get-table,64,1x,1,3,False,298338,0.0320836,107.54111108876508
get-table,64,1x,1,4,False,298338,0.0320495,107.42681120071865
get-table,64,1x,2,0,True,298338,0.0320289,107.35776200148824
get-table,64,1x,2,1,True,298338,0.0321969,107.9208816845323
get-table,64,1x,2,2,False,298338,0.031515,105.63521911389095
get-table,64,1x,2,3,False,298338,0.0317278,106.34850404574676
get-table,64,1x,2,4,False,298338,0.0319476,107.08525229772943
get-table,64,2-stackful,2,0,True,298338,0.02137821,71.65768356696097
get-table,64,2-stackful,2,1,True,298338,0.021567967,72.2937306008621
get-table,64,2-stackful,2,2,False,298338,0.021265123999999996,71.27863027840904
get-table,64,2-stackful,2,3,False,298338,0.021342222000000008,71.53705528628605
get-table,64,2-stackful,2,4,False,298338,0.021185296000000006,71.01105457568264
get-table,64,2-stackless,2,0,True,298338,0.020002492,67.04641044721089
get-table,64,2-stackless,2,1,True,298338,0.020166488000000003,67.59610911114241
get-table,64,2-stackless,2,2,False,298338,0.020319009,68.10734468958027
get-table,64,2-stackless,2,3,False,298338,0.020194667000000006,67.69056238226443
get-table,64,2-stackless,2,4,False,298338,0.020414388000000006,68.42704583391993
const-string,0,2-stackless,0,0,True,1974256,0.046657298,23.63285105882925
const-string,0,2-stackless,0,1,True,1974256,0.046608903,23.608338027084635
const-string,0,2-stackless,0,2,False,1974256,0.046550281999999985,23.5786453225924
const-string,0,2-stackless,0,3,False,1974256,0.046614565,23.61120594289697
const-string,0,2-stackless,0,4,False,1974256,0.04645544999999998,23.530611025115277
const-string,0,2-stackful,0,0,True,1974256,0.053240818999999995,26.967535618481083
const-string,0,2-stackful,0,1,True,1974256,0.053227451999999995,26.960764966650725
const-string,0,2-stackful,0,2,False,1974256,0.053230528,26.962323021938392
const-string,0,2-stackful,0,3,False,1974256,0.05323308900000001,26.96362021946496
const-string,0,2-stackful,0,4,False,1974256,0.053234961,26.964568424763556
const-string,0,1x,0,0,True,1974256,0.020002,10.131411529203913
const-string,0,1x,0,1,True,1974256,0.0199513,10.105730969033399
const-string,0,1x,0,2,False,1974256,0.0200658,10.163727500384955
const-string,0,1x,0,3,False,1974256,0.0199031,10.081316708674052
const-string,0,1x,0,4,False,1974256,0.0199661,10.113227463915521
const-string,0,1x,1,0,True,1974256,0.0199451,10.102590545501698
const-string,0,1x,1,1,True,1974256,0.0200657,10.163676848392509
const-string,0,1x,1,2,False,1974256,0.0199075,10.08354539634171
const-string,0,1x,1,3,False,1974256,0.0199062,10.082886920439902
const-string,0,1x,1,4,False,1974256,0.0198787,10.06895762251704
const-string,0,2-stackful,1,0,True,1974256,0.0532538,26.974110753620604
const-string,0,2-stackful,1,1,True,1974256,0.053225897999999994,26.9599778346881
const-string,0,2-stackful,1,2,False,1974256,0.053313985999999994,27.004596161794616
const-string,0,2-stackful,1,3,False,1974256,0.05299447900000001,26.842759500287706
const-string,0,2-stackful,1,4,False,1974256,0.05323750100000002,26.965854985371717
const-string,0,2-stackless,1,0,True,1974256,0.046942398,23.777259889295006
const-string,0,2-stackless,1,1,True,1974256,0.046981287,23.796957942637633
const-string,0,2-stackless,1,2,False,1974256,0.047003689,23.80830500198556
const-string,0,2-stackless,1,3,False,1974256,0.046964408999999985,23.788408899352458
const-string,0,2-stackless,1,4,False,1974256,0.04694031300000001,23.7762037952525
const-string,0,2-stackful,2,0,True,1974256,0.053154501,26.92381383164088
const-string,0,2-stackful,2,1,True,1974256,0.052526450999999995,26.60569399307891
const-string,0,2-stackful,2,2,False,1974256,0.053162373,26.927801156486293
const-string,0,2-stackful,2,3,False,1974256,0.053055766000000004,26.873802586898563
const-string,0,2-stackful,2,4,False,1974256,0.053177164,26.935293092689093
const-string,0,2-stackless,2,0,True,1974256,0.047653545,24.137470014020472
const-string,0,2-stackless,2,1,True,1974256,0.04758978,24.105171771036787
const-string,0,2-stackless,2,2,False,1974256,0.047397073,24.00756183595238
const-string,0,2-stackless,2,3,False,1974256,0.04747611999999998,24.047600716421773
const-string,0,2-stackless,2,4,False,1974256,0.04759102600000001,24.105802894862677
const-string,0,1x,2,0,True,1974256,0.0200211,10.141086059761246
const-string,0,1x,2,1,True,1974256,0.0200475,10.154458185767195
const-string,0,1x,2,2,False,1974256,0.0199391,10.09955142595489
const-string,0,1x,2,3,False,1974256,0.019984,10.122294170563494
const-string,0,1x,2,4,False,1974256,0.0199295,10.094688834680001
take-seq,256,1x,0,0,True,30613,0.0476901,1557.838173325058
take-seq,256,1x,0,1,True,30613,0.0480021,1568.0299219285923
take-seq,256,1x,0,2,False,30613,0.0477864,1560.983895730572
take-seq,256,1x,0,3,False,30613,0.047904,1564.8254009734426
take-seq,256,1x,0,4,False,30613,0.0479922,1567.7065299055957
take-seq,256,2-stackful,0,0,True,30613,0.020006183,653.5191911932839
take-seq,256,2-stackful,0,1,True,30613,0.019964064,652.1433377976676
take-seq,256,2-stackful,0,2,False,30613,0.01996316,652.1138078594062
take-seq,256,2-stackful,0,3,False,30613,0.019999372,653.2967040146343
take-seq,256,2-stackful,0,4,False,30613,0.01998320199999999,652.7684970437393
take-seq,256,2-stackless,0,0,True,30613,0.020033447,654.4097932251004
take-seq,256,2-stackless,0,1,True,30613,0.020013419999999997,653.7555940286805
take-seq,256,2-stackless,0,2,False,30613,0.020009048,653.6127788847875
take-seq,256,2-stackless,0,3,False,30613,0.020006607999999995,653.53307418417
take-seq,256,2-stackless,0,4,False,30613,0.019857935000000007,648.6765426452816
take-seq,256,2-stackless,1,0,True,30613,0.020019081,653.9405154672852
take-seq,256,2-stackless,1,1,True,30613,0.020014542000000003,653.7922451246204
take-seq,256,2-stackless,1,2,False,30613,0.020012021999999997,653.70992715513
take-seq,256,2-stackless,1,3,False,30613,0.019991173999999994,653.028909286904
take-seq,256,2-stackless,1,4,False,30613,0.020000472000000005,653.332636461634
take-seq,256,2-stackful,1,0,True,30613,0.019989578,652.9767745728939
take-seq,256,2-stackful,1,1,True,30613,0.019808516,647.0622284650312
take-seq,256,2-stackful,1,2,False,30613,0.019996623999999998,653.2069382288569
take-seq,256,2-stackful,1,3,False,30613,0.01999054,653.0081991310881
take-seq,256,2-stackful,1,4,False,30613,0.019994777000000005,653.1466043837587
take-seq,256,1x,1,0,True,30613,0.048165,1573.35119067063
take-seq,256,1x,1,1,True,30613,0.0481187,1571.8387613105544
take-seq,256,1x,1,2,False,30613,0.0481078,1571.4827034266489
take-seq,256,1x,1,3,False,30613,0.0480053,1568.1344526835005
take-seq,256,1x,1,4,False,30613,0.0479935,1567.748995524777
take-seq,256,1x,2,0,True,30613,0.0480432,1569.3724888119427
take-seq,256,1x,2,1,True,30613,0.0480064,1568.1703851305
take-seq,256,1x,2,2,False,30613,0.0479562,1566.5305589128802
take-seq,256,1x,2,3,False,30613,0.0480168,1568.5101100839513
take-seq,256,1x,2,4,False,30613,0.0479128,1565.1128605494398
take-seq,256,2-stackful,2,0,True,30613,0.020006748,653.5376474046974
take-seq,256,2-stackful,2,1,True,30613,0.019993185,653.0946003331918
take-seq,256,2-stackful,2,2,False,30613,0.020031958000000002,654.3611537582074
take-seq,256,2-stackful,2,3,False,30613,0.020054629999999997,655.1017541567306
take-seq,256,2-stackful,2,4,False,30613,0.019984979,652.8265442785745
take-seq,256,2-stackless,2,0,True,30613,0.020017918,653.9025250710482
take-seq,256,2-stackless,2,1,True,30613,0.020007934,653.5763891157352
take-seq,256,2-stackless,2,2,False,30613,0.019995116,653.1576781106066
take-seq,256,2-stackless,2,3,False,30613,0.020028037000000005,654.2330709175842
take-seq,256,2-stackless,2,4,False,30613,0.020003739000000006,653.4393558292231
update-seq,0,1x,0,0,True,931850,0.0667911,71.6758061919837
update-seq,0,1x,0,1,True,931850,0.066069,70.90089606696357
update-seq,0,1x,0,2,False,931850,0.0655865,70.38310886945325
update-seq,0,1x,0,3,False,931850,0.065948,70.77104684230295
update-seq,0,1x,0,4,False,931850,0.0657608,70.57015614100982
update-seq,0,2-stackful,0,0,True,931850,0.023186631,24.882364114396093
update-seq,0,2-stackful,0,1,True,931850,0.023164013000000004,24.858091967591356
update-seq,0,2-stackful,0,2,False,931850,0.023215640000000003,24.913494661157916
update-seq,0,2-stackful,0,3,False,931850,0.023168772000000004,24.863199012716642
update-seq,0,2-stackful,0,4,False,931850,0.023157774000000006,24.851396684015675
update-seq,0,2-stackless,0,0,True,931850,0.020063300000000003,21.53061114986318
update-seq,0,2-stackless,0,1,True,931850,0.020028604999999998,21.493378762676393
update-seq,0,2-stackless,0,2,False,931850,0.020030211,21.49510221602189
update-seq,0,2-stackless,0,3,False,931850,0.020035089000000006,21.500336964103674
update-seq,0,2-stackless,0,4,False,931850,0.020049400999999994,21.51569565917261
update-seq,0,2-stackful,1,0,True,931850,0.023049042000000002,24.734712668347914
update-seq,0,2-stackful,1,1,True,931850,0.023091032,24.77977356870741
update-seq,0,2-stackful,1,2,False,931850,0.023162672000000002,24.856652894779206
update-seq,0,2-stackful,1,3,False,931850,0.023161570999999992,24.85547137414819
update-seq,0,2-stackful,1,4,False,931850,0.02316609700000001,24.86032837903097
update-seq,0,2-stackless,1,0,True,931850,0.020214476,21.69284326876643
update-seq,0,2-stackless,1,1,True,931850,0.020204044,21.681648333959327
update-seq,0,2-stackless,1,2,False,931850,0.020200975000000003,21.67835488544294
update-seq,0,2-stackless,1,3,False,931850,0.020255605999999995,21.73698127381016
update-seq,0,2-stackless,1,4,False,931850,0.020186613000000006,21.66294253366959
update-seq,0,1x,1,0,True,931850,0.0664576,71.3179159736009
update-seq,0,1x,1,1,True,931850,0.0661411,70.97826903471588
update-seq,0,1x,1,2,False,931850,0.0659766,70.80173847722273
update-seq,0,1x,1,3,False,931850,0.0658898,70.70859043837528
update-seq,0,1x,1,4,False,931850,0.0656555,70.45715512153244
update-seq,0,2-stackless,2,0,True,931850,0.020081689,21.550345012609327
update-seq,0,2-stackless,2,1,True,931850,0.020053526,21.520122337286043
update-seq,0,2-stackless,2,2,False,931850,0.020019791000000002,21.48392015882385
update-seq,0,2-stackless,2,3,False,931850,0.020058724000000007,21.52570048827602
update-seq,0,2-stackless,2,4,False,931850,0.020048442,21.51466652358212
update-seq,0,2-stackful,2,0,True,931850,0.023190798999999998,24.88683693727531
update-seq,0,2-stackful,2,1,True,931850,0.023188387999999997,24.88424961098889
update-seq,0,2-stackful,2,2,False,931850,0.02318257199999999,24.87800826313247
update-seq,0,2-stackful,2,3,False,931850,0.023134912000000007,24.826862692493435
update-seq,0,2-stackful,2,4,False,931850,0.023133836000000005,24.825708000214632
update-seq,0,1x,2,0,True,931850,0.065883,70.70129312657616
update-seq,0,1x,2,1,True,931850,0.065614,70.41262005687611
update-seq,0,1x,2,2,False,931850,0.0659282,70.74979878735849
update-seq,0,1x,2,3,False,931850,0.065952,70.77533937865536
update-seq,0,1x,2,4,False,931850,0.0655325,70.3251596286956
const-int,64,2-stackful,0,0,True,431713,0.020618684,47.76016473907434
const-int,64,2-stackful,0,1,True,431713,0.020630775,47.78817177152414
const-int,64,2-stackful,0,2,False,431713,0.020603274000000005,47.724469728731826
const-int,64,2-stackful,0,3,False,431713,0.020653781000000003,47.84146180448586
const-int,64,2-stackful,0,4,False,431713,0.020665419000000004,47.86841952871469
const-int,64,1x,0,0,True,431713,0.0197458,45.73825666588683
const-int,64,1x,0,1,True,431713,0.019639,45.49087009193608
const-int,64,1x,0,2,False,431713,0.0196407,45.49480789320683
const-int,64,1x,0,3,False,431713,0.019628,45.46539020136063
const-int,64,1x,0,4,False,431713,0.019644,45.502451860379466
const-int,64,2-stackless,0,0,True,431713,0.021014116,48.676125110895434
const-int,64,2-stackless,0,1,True,431713,0.020963837,48.55966116378242
const-int,64,2-stackless,0,2,False,431713,0.020990022999999997,48.620317201474116
const-int,64,2-stackless,0,3,False,431713,0.02100691199999999,48.65943809892217
const-int,64,2-stackless,0,4,False,431713,0.020965795999999995,48.56419890065853
const-int,64,2-stackless,1,0,True,431713,0.020965343999999997,48.56315190879125
const-int,64,2-stackless,1,1,True,431713,0.020989439,48.61896445091994
const-int,64,2-stackless,1,2,False,431713,0.02102687300000001,48.705674834901906
const-int,64,2-stackless,1,3,False,431713,0.021093443000000003,48.85987449995716
const-int,64,2-stackless,1,4,False,431713,0.021048229,48.755142884277284
const-int,64,2-stackful,1,0,True,431713,0.020616013000000002,47.75397775837189
const-int,64,2-stackful,1,1,True,431713,0.020636428000000002,47.80126611892623
const-int,64,2-stackful,1,2,False,431713,0.020578392,47.666834216250145
const-int,64,2-stackful,1,3,False,431713,0.020590428999999993,47.69471616560074
const-int,64,2-stackful,1,4,False,431713,0.020616405000000004,47.754885769017854
const-int,64,1x,1,0,True,431713,0.019706,45.64606578907747
const-int,64,1x,1,1,True,431713,0.0196403,45.49388135173136
const-int,64,1x,1,2,False,431713,0.0196558,45.52978483390586
const-int,64,1x,1,3,False,431713,0.0196513,45.51936124230681
const-int,64,1x,1,4,False,431713,0.0196417,45.49712424689551
const-int,64,2-stackless,2,0,True,431713,0.021040182,48.736503186144496
const-int,64,2-stackless,2,1,True,431713,0.020953114999999998,48.534825219532415
const-int,64,2-stackless,2,2,False,431713,0.02094016,48.504816857495605
const-int,64,2-stackless,2,3,False,431713,0.020950576999999998,48.52894631387055
const-int,64,2-stackless,2,4,False,431713,0.020961810999999997,48.55496823120915
const-int,64,2-stackful,2,0,True,431713,0.020625755,47.77654367600698
const-int,64,2-stackful,2,1,True,431713,0.020607468,47.73418451610213
const-int,64,2-stackful,2,2,False,431713,0.020614597,47.75069780154871
const-int,64,2-stackful,2,3,False,431713,0.020626596000000004,47.77849172945916
const-int,64,2-stackful,2,4,False,431713,0.020604881000000005,47.728192109109536
const-int,64,1x,2,0,True,431713,0.0197386,45.72157891932835
const-int,64,1x,2,1,True,431713,0.0196767,45.57819662599922
const-int,64,1x,2,2,False,431713,0.0196532,45.5237623143153
const-int,64,1x,2,3,False,431713,0.0197021,45.63703200969162
const-int,64,1x,2,4,False,431713,0.0196529,45.523067408208696
update-int,8,2-stackless,0,0,True,1060418,0.021832463,20.588544328745833
update-int,8,2-stackless,0,1,True,1060418,0.021779804,20.538885609259744
update-int,8,2-stackless,0,2,False,1060418,0.021947740999999993,20.697254290289294
update-int,8,2-stackless,0,3,False,1060418,0.021790284000000007,20.548768504495403
update-int,8,2-stackless,0,4,False,1060418,0.02183138400000001,20.587526805467284
update-int,8,1x,0,0,True,1060418,0.0219728,20.720885537589893
update-int,8,1x,0,1,True,1060418,0.020981,19.7855939827502
update-int,8,1x,0,2,False,1060418,0.0204953,19.32756705374673
update-int,8,1x,0,3,False,1060418,0.0208579,19.669507684705465
update-int,8,1x,0,4,False,1060418,0.020024,18.88311967544874
update-int,8,2-stackful,0,0,True,1060418,0.025484016,24.032047739664925
update-int,8,2-stackful,0,1,True,1060418,0.025456519,24.006117398987946
update-int,8,2-stackful,0,2,False,1060418,0.025470075000000002,24.018901037138185
update-int,8,2-stackful,0,3,False,1060418,0.025453114,24.002906401060713
update-int,8,2-stackful,0,4,False,1060418,0.02545357699999999,24.00334302133686
update-int,8,2-stackless,1,0,True,1060418,0.021795114,20.55332331212786
update-int,8,2-stackless,1,1,True,1060418,0.021817343999999995,20.574286743529434
update-int,8,2-stackless,1,2,False,1060418,0.021846062000000006,20.601368516943324
update-int,8,2-stackless,1,3,False,1060418,0.021775866000000005,20.535171979351542
update-int,8,2-stackless,1,4,False,1060418,0.021767075999999996,20.526882795275068
update-int,8,1x,1,0,True,1060418,0.0209318,19.739197184506487
update-int,8,1x,1,1,True,1060418,0.0205698,19.39782236816048
update-int,8,1x,1,2,False,1060418,0.0200099,18.869823032049627
update-int,8,1x,1,3,False,1060418,0.0190127,17.929439145695376
update-int,8,1x,1,4,False,1060418,0.0202735,19.11840425190821
update-int,8,2-stackful,1,0,True,1060418,0.02551924,24.065264829529486
update-int,8,2-stackful,1,1,True,1060418,0.025489270999999997,24.037003332648066
update-int,8,2-stackful,1,2,False,1060418,0.025442662000000005,23.993049910506993
update-int,8,2-stackful,1,3,False,1060418,0.025463485000000008,24.012686506641728
update-int,8,2-stackful,1,4,False,1060418,0.02541571799999999,23.967641062298064
update-int,8,2-stackful,2,0,True,1060418,0.02548854,24.036313981844895
update-int,8,2-stackful,2,1,True,1060418,0.0254768,24.025242875922512
update-int,8,2-stackful,2,2,False,1060418,0.025467532999999994,24.01650386922892
update-int,8,2-stackful,2,3,False,1060418,0.025426972000000006,23.978253858384154
update-int,8,2-stackful,2,4,False,1060418,0.025424463999999994,23.975888753302936
update-int,8,1x,2,0,True,1060418,0.0224142,21.13713648768693
update-int,8,1x,2,1,True,1060418,0.0208607,19.672148152898195
update-int,8,1x,2,2,False,1060418,0.0205754,19.403103304545944
update-int,8,1x,2,3,False,1060418,0.0216564,20.42251263181123
update-int,8,1x,2,4,False,1060418,0.0209141,19.722505653431007
update-int,8,2-stackless,2,0,True,1060418,0.021892499,20.645159738895416
update-int,8,2-stackless,2,1,True,1060418,0.021949388,20.69880745140124
update-int,8,2-stackless,2,2,False,1060418,0.021784168,20.543000967542987
update-int,8,2-stackless,2,3,False,1060418,0.021750245,20.511010752363692
update-int,8,2-stackless,2,4,False,1060418,0.021805327,20.562954419860848
get-table,8,1x,0,0,True,778741,0.0587289,75.41518938902665
get-table,8,1x,0,1,True,778741,0.0582603,74.81344888737077
get-table,8,1x,0,2,False,778741,0.0589947,75.75650954553568
get-table,8,1x,0,3,False,778741,0.0584894,75.10764169345136
get-table,8,1x,0,4,False,778741,0.0586965,75.37358377175467
get-table,8,2-stackful,0,0,True,778741,0.022357208,28.709427139446877
get-table,8,2-stackful,0,1,True,778741,0.022362841,28.71666060988185
get-table,8,2-stackful,0,2,False,778741,0.022340828999999993,28.68839447261669
get-table,8,2-stackful,0,3,False,778741,0.02234818000000001,28.697834068066285
get-table,8,2-stackful,0,4,False,778741,0.02236900800000001,28.724579802527426
get-table,8,2-stackless,0,0,True,778741,0.019722129,25.325658980328505
get-table,8,2-stackless,0,1,True,778741,0.019710164000000002,25.310294436789643
get-table,8,2-stackless,0,2,False,778741,0.019634178000000002,25.212718991294928
get-table,8,2-stackless,0,3,False,778741,0.019689546999999995,25.28381965249036
get-table,8,2-stackless,0,4,False,778741,0.01967848300000001,25.269612104666393
get-table,8,2-stackless,1,0,True,778741,0.01969817,25.294892653655065
get-table,8,2-stackless,1,1,True,778741,0.019688627,25.28263825841968
get-table,8,2-stackless,1,2,False,778741,0.019724558999999996,25.328779401623898
get-table,8,2-stackless,1,3,False,778741,0.019683521999999995,25.27608280545136
get-table,8,2-stackless,1,4,False,778741,0.019703194999999993,25.301345376704184
get-table,8,1x,1,0,True,778741,0.05844,75.04420596835148
get-table,8,1x,1,1,True,778741,0.0588235,75.53666751846892
get-table,8,1x,1,2,False,778741,0.0584822,75.09839600072425
get-table,8,1x,1,3,False,778741,0.0584324,75.03444662602843
get-table,8,1x,1,4,False,778741,0.0584041,74.99810591711493
get-table,8,2-stackful,1,0,True,778741,0.022348629999999998,28.698411923861716
get-table,8,2-stackful,1,1,True,778741,0.022340502,28.687974564072007
get-table,8,2-stackful,1,2,False,778741,0.022348195,28.697853329926126
get-table,8,2-stackful,1,3,False,778741,0.022345939999999995,28.69495763032895
get-table,8,2-stackful,1,4,False,778741,0.022319857999999998,28.661465108425006
get-table,8,2-stackless,2,0,True,778741,0.019696064,25.292188288532387
get-table,8,2-stackless,2,1,True,778741,0.019682324999999997,25.274545709035475
get-table,8,2-stackless,2,2,False,778741,0.019681524,25.27351712571959
get-table,8,2-stackless,2,3,False,778741,0.019690741999999997,25.285354180658263
get-table,8,2-stackless,2,4,False,778741,0.019677749000000008,25.26866955765782
get-table,8,2-stackful,2,0,True,778741,0.022358268,28.710788310876143
get-table,8,2-stackful,2,1,True,778741,0.022325597,28.668834696002907
get-table,8,2-stackful,2,2,False,778741,0.022344905000000005,28.693628561999436
get-table,8,2-stackful,2,3,False,778741,0.02233421299999999,28.679898708299667
get-table,8,2-stackful,2,4,False,778741,0.022322370999999994,28.664692112011558
get-table,8,1x,2,0,True,778741,0.0582964,74.85980576340529
get-table,8,1x,2,1,True,778741,0.058916,75.65544898753244
get-table,8,1x,2,2,False,778741,0.0580689,74.56766755570851
get-table,8,1x,2,3,False,778741,0.0584532,75.06115640501784
get-table,8,1x,2,4,False,778741,0.0589791,75.73647721129362
const-seq,256,1x,0,0,True,155015,0.0298606,192.63039060736057
const-seq,256,1x,0,1,True,155015,0.0299211,193.0206754185079
const-seq,256,1x,0,2,False,155015,0.030196,194.7940521884979
const-seq,256,1x,0,3,False,155015,0.0299754,193.37096410024836
const-seq,256,1x,0,4,False,155015,0.0301106,194.24313776086186
const-seq,256,2-stackless,0,0,True,155015,0.019960318999999997,128.76379060090957
const-seq,256,2-stackless,0,1,True,155015,0.019898666000000002,128.36606779989035
const-seq,256,2-stackless,0,2,False,155015,0.019867193000000005,128.16303583524177
const-seq,256,2-stackless,0,3,False,155015,0.019781890999999996,127.61275360448987
const-seq,256,2-stackless,0,4,False,155015,0.019647782000000003,126.74761797245431
const-seq,256,2-stackful,0,0,True,155015,0.020114106,129.7558687868916
const-seq,256,2-stackful,0,1,True,155015,0.020070599999999997,129.47521207625067
const-seq,256,2-stackful,0,2,False,155015,0.020083867,129.5607973421927
const-seq,256,2-stackful,0,3,False,155015,0.020069660999999996,129.46915459794212
const-seq,256,2-stackful,0,4,False,155015,0.020047059000000006,129.32334935328845
const-seq,256,1x,1,0,True,155015,0.0298918,192.83166145211754
const-seq,256,1x,1,1,True,155015,0.0298105,192.30719607779892
const-seq,256,1x,1,2,False,155015,0.0298232,192.3891236331968
const-seq,256,1x,1,3,False,155015,0.0298064,192.2807470244815
const-seq,256,1x,1,4,False,155015,0.0297145,191.68790117085445
const-seq,256,2-stackful,1,0,True,155015,0.020084552000000002,129.56521626939332
const-seq,256,2-stackful,1,1,True,155015,0.020128507000000004,129.8487694739219
const-seq,256,2-stackful,1,2,False,155015,0.020085976,129.57440247717963
const-seq,256,2-stackful,1,3,False,155015,0.020071934,129.48381769506176
const-seq,256,2-stackful,1,4,False,155015,0.020065116000000008,129.43983485469153
const-seq,256,2-stackless,1,0,True,155015,0.019897718000000002,128.35995226268426
const-seq,256,2-stackless,1,1,True,155015,0.019878031999999997,128.23295810082894
const-seq,256,2-stackless,1,2,False,155015,0.019877778999999998,128.2313260007096
const-seq,256,2-stackless,1,3,False,155015,0.019856005000000003,128.09086217462828
const-seq,256,2-stackless,1,4,False,155015,0.019877414999999996,128.2289778408541
const-seq,256,1x,2,0,True,155015,0.0298944,192.84843402251394
const-seq,256,1x,2,1,True,155015,0.0298926,192.83682224300875
const-seq,256,1x,2,2,False,155015,0.0300279,193.70964100248364
const-seq,256,1x,2,3,False,155015,0.0299937,193.48901719188467
const-seq,256,1x,2,4,False,155015,0.0297253,191.75757184788569
const-seq,256,2-stackless,2,0,True,155015,0.019896880999999998,128.35455278521434
const-seq,256,2-stackless,2,1,True,155015,0.019884141,128.27236719027192
const-seq,256,2-stackless,2,2,False,155015,0.019868954,128.174396026191
const-seq,256,2-stackless,2,3,False,155015,0.019875020999999993,128.21353417411214
const-seq,256,2-stackless,2,4,False,155015,0.019870786,128.18621423733188
const-seq,256,2-stackful,2,0,True,155015,0.020092673000000002,129.61760474792766
const-seq,256,2-stackful,2,1,True,155015,0.020086311,129.5765635583653
const-seq,256,2-stackful,2,2,False,155015,0.020071657,129.48203077121568
const-seq,256,2-stackful,2,3,False,155015,0.020050486,129.34545689126858
const-seq,256,2-stackful,2,4,False,155015,0.02009037999999999,129.60281263103565
get-seq,0,1x,0,0,True,891000,0.0634054,71.16206509539843
get-seq,0,1x,0,1,True,891000,0.0629827,70.68765432098765
get-seq,0,1x,0,2,False,891000,0.0634012,71.15735129068463
get-seq,0,1x,0,3,False,891000,0.0634925,71.25982042648708
get-seq,0,1x,0,4,False,891000,0.0639718,71.79775533108865
get-seq,0,2-stackful,0,0,True,891000,0.022175886,24.888760942760943
get-seq,0,2-stackful,0,1,True,891000,0.022142313,24.85108080808081
get-seq,0,2-stackful,0,2,False,891000,0.022174243999999996,24.88691806958473
get-seq,0,2-stackful,0,3,False,891000,0.022158943,24.869745230078564
get-seq,0,2-stackful,0,4,False,891000,0.022156465,24.86696408529742
get-seq,0,2-stackless,0,0,True,891000,0.019358781,21.727026936026935
get-seq,0,2-stackless,0,1,True,891000,0.019324113000000004,21.688117845117848
get-seq,0,2-stackless,0,2,False,891000,0.019328467000000002,21.693004489337827
get-seq,0,2-stackless,0,3,False,891000,0.019308418000000008,21.670502805836147
get-seq,0,2-stackless,0,4,False,891000,0.01929604500000001,21.656616161616174
get-seq,0,2-stackful,1,0,True,891000,0.022171746000000003,24.884114478114483
get-seq,0,2-stackful,1,1,True,891000,0.022157997,24.868683501683503
get-seq,0,2-stackful,1,2,False,891000,0.022151246999999992,24.861107744107734
get-seq,0,2-stackful,1,3,False,891000,0.022166704999999995,24.87845679012345
get-seq,0,2-stackful,1,4,False,891000,0.022143098,24.85196184062851
get-seq,0,2-stackless,1,0,True,891000,0.019652436,22.05660606060606
get-seq,0,2-stackless,1,1,True,891000,0.019681683999999998,22.08943209876543
get-seq,0,2-stackless,1,2,False,891000,0.019624747000000005,22.025529741863078
get-seq,0,2-stackless,1,3,False,891000,0.019622436999999993,22.022937149270476
get-seq,0,2-stackless,1,4,False,891000,0.019680990999999995,22.08865432098765
get-seq,0,1x,1,0,True,891000,0.063672,71.46127946127947
get-seq,0,1x,1,1,True,891000,0.063379,71.13243546576881
get-seq,0,1x,1,2,False,891000,0.0625495,70.20145903479236
get-seq,0,1x,1,3,False,891000,0.0634353,71.19562289562289
get-seq,0,1x,1,4,False,891000,0.0627219,70.3949494949495
get-seq,0,2-stackful,2,0,True,891000,0.023733013,26.63637822671156
get-seq,0,2-stackful,2,1,True,891000,0.022203409,24.919650953984288
get-seq,0,2-stackful,2,2,False,891000,0.022234198000000004,24.954206509539848
get-seq,0,2-stackful,2,3,False,891000,0.022156450000000008,24.866947250280592
get-seq,0,2-stackful,2,4,False,891000,0.022126457999999988,24.83328619528618
get-seq,0,2-stackless,2,0,True,891000,0.019180898,21.527382716049384
get-seq,0,2-stackless,2,1,True,891000,0.019169612,21.514716049382717
get-seq,0,2-stackless,2,2,False,891000,0.019148658,21.491198653198655
get-seq,0,2-stackless,2,3,False,891000,0.019155001000000005,21.49831762065096
get-seq,0,2-stackless,2,4,False,891000,0.019155225999999997,21.498570145903475
get-seq,0,1x,2,0,True,891000,0.0636119,71.39382716049383
get-seq,0,1x,2,1,True,891000,0.0634601,71.22345679012346
get-seq,0,1x,2,2,False,891000,0.0630126,70.72121212121212
get-seq,0,1x,2,3,False,891000,0.0636061,71.38731762065095
get-seq,0,1x,2,4,False,891000,0.0635763,71.35387205387205
const-seq,64,1x,0,0,True,406523,0.0469037,115.37772770544348
const-seq,64,1x,0,1,True,406523,0.0478217,117.63590251966063
const-seq,64,1x,0,2,False,406523,0.0469743,115.5513956159922
const-seq,64,1x,0,3,False,406523,0.0469922,115.59542756498402
const-seq,64,1x,0,4,False,406523,0.0466025,114.63681021738007
const-seq,64,2-stackless,0,0,True,406523,0.020012477,49.22840036111118
const-seq,64,2-stackless,0,1,True,406523,0.020011169999999998,49.22518529086915
const-seq,64,2-stackless,0,2,False,406523,0.020001289,49.20087916304858
const-seq,64,2-stackless,0,3,False,406523,0.020032145999999994,49.27678384740837
const-seq,64,2-stackless,0,4,False,406523,0.020082730999999993,49.401217151305076
const-seq,64,2-stackful,0,0,True,406523,0.020583609000000003,50.63331963997118
const-seq,64,2-stackful,0,1,True,406523,0.020545388999999997,50.53930281927467
const-seq,64,2-stackful,0,2,False,406523,0.020536991000000004,50.51864470152981
const-seq,64,2-stackful,0,3,False,406523,0.020519827000000004,50.47642322820604
const-seq,64,2-stackful,0,4,False,406523,0.020508965000000004,50.44970395278989
const-seq,64,1x,1,0,True,406523,0.0473726,116.53116797819557
const-seq,64,1x,1,1,True,406523,0.0466834,114.83581494773973
const-seq,64,1x,1,2,False,406523,0.0466117,114.65944116323061
const-seq,64,1x,1,3,False,406523,0.0472788,116.30043072593679
const-seq,64,1x,1,4,False,406523,0.047165,116.02049576530725
const-seq,64,2-stackful,1,0,True,406523,0.020566224999999997,50.59055699185531
const-seq,64,2-stackful,1,1,True,406523,0.020561206,50.57821082693968
const-seq,64,2-stackful,1,2,False,406523,0.020551197,50.553589833785544
const-seq,64,2-stackful,1,3,False,406523,0.020521998,50.481763639449674
const-seq,64,2-stackful,1,4,False,406523,0.020447237000000007,50.297860145674434
const-seq,64,2-stackless,1,0,True,406523,0.020007712,49.21667900709185
const-seq,64,2-stackless,1,1,True,406523,0.020023893,49.2564824130492
const-seq,64,2-stackless,1,2,False,406523,0.019993880999999998,49.18265633186805
const-seq,64,2-stackless,1,3,False,406523,0.019995110000000003,49.185679531047455
const-seq,64,2-stackless,1,4,False,406523,0.020006056000000008,49.21260543683877
const-seq,64,2-stackful,2,0,True,406523,0.020547100999999998,50.54351414311122
const-seq,64,2-stackful,2,1,True,406523,0.020529607000000002,50.500480907599325
const-seq,64,2-stackful,2,2,False,406523,0.02050829,50.44804353013237
const-seq,64,2-stackful,2,3,False,406523,0.020511424,50.45575281103406
const-seq,64,2-stackful,2,4,False,406523,0.020480523,50.37973989171584
const-seq,64,1x,2,0,True,406523,0.0465917,114.61024345485987
const-seq,64,1x,2,1,True,406523,0.0469867,115.58189819518206
const-seq,64,1x,2,2,False,406523,0.0468865,115.33541767624465
const-seq,64,1x,2,3,False,406523,0.0473707,116.52649419590036
const-seq,64,1x,2,4,False,406523,0.0467949,115.11009217190663
const-seq,64,2-stackless,2,0,True,406523,0.020014484,49.23333735114618
const-seq,64,2-stackless,2,1,True,406523,0.019983877,49.158047638141014
const-seq,64,2-stackless,2,2,False,406523,0.019931522,49.0292603370535
const-seq,64,2-stackless,2,3,False,406523,0.019967568999999998,49.1179318267355
const-seq,64,2-stackless,2,4,False,406523,0.019985572000000007,49.16221714392545
assign-int,256,2-stackful,0,0,True,45132,0.026198891,580.4947930514934
assign-int,256,2-stackful,0,1,True,45132,0.02620743,580.6839936187184
assign-int,256,2-stackful,0,2,False,45132,0.026155349999999994,579.5300452007443
assign-int,256,2-stackful,0,3,False,45132,0.026195526999999996,580.420256137552
assign-int,256,2-stackful,0,4,False,45132,0.02619204500000001,580.3431046707439
assign-int,256,1x,0,0,True,45132,0.0198678,440.21536825312415
assign-int,256,1x,0,1,True,45132,0.0198518,439.8608526101214
assign-int,256,1x,0,2,False,45132,0.0199115,441.18363910307545
assign-int,256,1x,0,3,False,45132,0.0198169,439.0875653638217
assign-int,256,1x,0,4,False,45132,0.0198435,439.67694762031374
assign-int,256,2-stackless,0,0,True,45132,0.025784108,571.3043516795178
assign-int,256,2-stackless,0,1,True,45132,0.025869018000000004,573.1857218824781
assign-int,256,2-stackless,0,2,False,45132,0.025760765999999997,570.7871576708321
assign-int,256,2-stackless,0,3,False,45132,0.025837204000000003,572.4808118408225
assign-int,256,2-stackless,0,4,False,45132,0.025813233000000005,571.9496809359214
assign-int,256,2-stackless,1,0,True,45132,0.025823283,572.1723610741824
assign-int,256,2-stackless,1,1,True,45132,0.025990020000000003,575.8667907471417
assign-int,256,2-stackless,1,2,False,45132,0.025771630000000004,571.0278737924311
assign-int,256,2-stackless,1,3,False,45132,0.025819188000000007,572.0816272268015
assign-int,256,2-stackless,1,4,False,45132,0.025782032999999996,571.2583754320658
assign-int,256,2-stackful,1,0,True,45132,0.026275193,582.1854338385182
assign-int,256,2-stackful,1,1,True,45132,0.026206178,580.6562527696534
assign-int,256,2-stackful,1,2,False,45132,0.026159918000000004,579.6312594168219
assign-int,256,2-stackful,1,3,False,45132,0.026191567,580.3325135159089
assign-int,256,2-stackful,1,4,False,45132,0.02617862,580.0456438890366
assign-int,256,1x,1,0,True,45132,0.0200799,444.91491624567936
assign-int,256,1x,1,1,True,45132,0.0201373,446.1867411149517
assign-int,256,1x,1,2,False,45132,0.0200996,445.3514136311265
assign-int,256,1x,1,3,False,45132,0.0200977,445.3093148985199
assign-int,256,1x,1,4,False,45132,0.0200777,444.8661703447665
assign-int,256,2-stackless,2,0,True,45132,0.025814777,571.983891695471
assign-int,256,2-stackless,2,1,True,45132,0.025765155999999997,570.8844279003811
assign-int,256,2-stackless,2,2,False,45132,0.025755327999999994,570.6666666666665
assign-int,256,2-stackless,2,3,False,45132,0.025773877,571.0776610830453
assign-int,256,2-stackless,2,4,False,45132,0.025779033000000007,571.1919037490031
assign-int,256,1x,2,0,True,45132,0.0198991,440.90888947974827
assign-int,256,1x,2,1,True,45132,0.0198533,439.8940884516529
assign-int,256,1x,2,2,False,45132,0.0197588,437.800230435168
assign-int,256,1x,2,3,False,45132,0.0198681,440.22201542143046
assign-int,256,1x,2,4,False,45132,0.0197884,438.45608437472305
assign-int,256,2-stackful,2,0,True,45132,0.02583067,572.3360365151112
assign-int,256,2-stackful,2,1,True,45132,0.025938259999999998,574.7199326420277
assign-int,256,2-stackful,2,2,False,45132,0.025875495000000005,573.3292342462112
assign-int,256,2-stackful,2,3,False,45132,0.025924361999999992,574.4119914916243
assign-int,256,2-stackful,2,4,False,45132,0.025831428000000003,572.3528316936986
get-int,8,2-stackful,0,0,True,1658994,0.036988146,22.295527289429618
get-int,8,2-stackful,0,1,True,1658994,0.037014001000000005,22.311112035366016
get-int,8,2-stackful,0,2,False,1658994,0.036881544,22.231270275841865
get-int,8,2-stackful,0,3,False,1658994,0.036899259000000004,22.24194843380989
get-int,8,2-stackful,0,4,False,1658994,0.03688786799999999,22.235082224528835
get-int,8,1x,0,0,True,1658994,0.0200056,12.058874233420976
get-int,8,1x,0,1,True,1658994,0.0199792,12.042960975145178
get-int,8,1x,0,2,False,1658994,0.0199642,12.033919351124839
get-int,8,1x,0,3,False,1658994,0.0200421,12.080875518537137
get-int,8,1x,0,4,False,1658994,0.0199986,12.054654808878151
get-int,8,2-stackless,0,0,True,1658994,0.031459059,18.96273223411296
get-int,8,2-stackless,0,1,True,1658994,0.031611960999999994,19.054897727176826
get-int,8,2-stackless,0,2,False,1658994,0.03142590000000001,18.942744820053605
get-int,8,2-stackless,0,3,False,1658994,0.031420133,18.939268617005247
get-int,8,2-stackless,0,4,False,1658994,0.031433933,18.947586911103954
get-int,8,1x,1,0,True,1658994,0.0200347,12.076414984020436
get-int,8,1x,1,1,True,1658994,0.0200588,12.090941859946449
get-int,8,1x,1,2,False,1658994,0.0200322,12.074908046683714
get-int,8,1x,1,3,False,1658994,0.0200028,12.057186463603847
get-int,8,1x,1,4,False,1658994,0.0199977,12.054112311436931
get-int,8,2-stackful,1,0,True,1658994,0.036955774,22.276014259243855
get-int,8,2-stackful,1,1,True,1658994,0.036908975,22.247804995075327
get-int,8,2-stackful,1,2,False,1658994,0.03682499,22.197180942185444
get-int,8,2-stackful,1,3,False,1658994,0.03686066399999999,22.218684335205545
get-int,8,2-stackful,1,4,False,1658994,0.03692073499999998,22.254893628307265
get-int,8,2-stackless,1,0,True,1658994,0.031427803000000004,18.943891900754316
get-int,8,2-stackless,1,1,True,1658994,0.03141443,18.935830991552713
get-int,8,2-stackless,1,2,False,1658994,0.031419528,18.938903938169762
get-int,8,2-stackless,1,3,False,1658994,0.03146487099999999,18.966235562033372
get-int,8,2-stackless,1,4,False,1658994,0.031430702000000005,18.94563934528998
get-int,8,2-stackful,2,0,True,1658994,0.0369368,22.26457720763306
get-int,8,2-stackful,2,1,True,1658994,0.03690047999999999,22.242684422005137
get-int,8,2-stackful,2,2,False,1658994,0.036897247999999994,22.240736253416223
get-int,8,2-stackful,2,3,False,1658994,0.03694651700000001,22.270434371673446
get-int,8,2-stackful,2,4,False,1658994,0.036954926,22.27550310609924
get-int,8,2-stackless,2,0,True,1658994,0.031434137,18.947709877190636
get-int,8,2-stackless,2,1,True,1658994,0.031489997000000006,18.981380885042384
get-int,8,2-stackless,2,2,False,1658994,0.031447557,18.955799116814166
get-int,8,2-stackless,2,3,False,1658994,0.03137625100000001,18.912817647321212
get-int,8,2-stackless,2,4,False,1658994,0.031413207,18.935093797807586
get-int,8,1x,2,0,True,1658994,0.0200374,12.078042476344098
get-int,8,1x,2,1,True,1658994,0.0199946,12.052243709139393
get-int,8,1x,2,2,False,1658994,0.0200093,12.061104500679328
get-int,8,1x,2,3,False,1658994,0.0200147,12.06435948532665
get-int,8,1x,2,4,False,1658994,0.0199992,12.055016473838965
make-seq,0,2-stackless,0,0,True,1329452,0.029163152,21.936220337402176
make-seq,0,2-stackless,0,1,True,1329452,0.029062069,21.860186753639844
make-seq,0,2-stackless,0,2,False,1329452,0.029055459999999998,21.85521553241486
make-seq,0,2-stackless,0,3,False,1329452,0.02902367,21.831303424268043
make-seq,0,2-stackless,0,4,False,1329452,0.02903367599999998,21.83882983364573
make-seq,0,2-stackful,0,0,True,1329452,0.033117299,24.91048868255492
make-seq,0,2-stackful,0,1,True,1329452,0.03309552899999999,24.89411351444053
make-seq,0,2-stackful,0,2,False,1329452,0.033107946,24.90345345300169
make-seq,0,2-stackful,0,3,False,1329452,0.03307735500000002,24.880443220214055
make-seq,0,2-stackful,0,4,False,1329452,0.03306212,24.86898361129247
make-seq,0,1x,0,0,True,1329452,0.0192343,14.467840884815699
make-seq,0,1x,0,1,True,1329452,0.0186504,14.028637363364755
make-seq,0,1x,0,2,False,1329452,0.0189204,14.231728561843527
make-seq,0,1x,0,3,False,1329452,0.0193472,14.552763093364785
make-seq,0,1x,0,4,False,1329452,0.0188435,14.173885179758276
make-seq,0,1x,1,0,True,1329452,0.0191154,14.378405538522639
make-seq,0,1x,1,1,True,1329452,0.0186261,14.010359155501666
make-seq,0,1x,1,2,False,1329452,0.0184755,13.89707939812795
make-seq,0,1x,1,3,False,1329452,0.018656,14.032849625259129
make-seq,0,1x,1,4,False,1329452,0.0183878,13.831112368103549
make-seq,0,2-stackless,1,0,True,1329452,0.028847089000000003,21.698481028273306
make-seq,0,2-stackless,1,1,True,1329452,0.028860686999999996,21.70870930278039
make-seq,0,2-stackless,1,2,False,1329452,0.028846613,21.698122986012283
make-seq,0,2-stackless,1,3,False,1329452,0.028824149999999993,21.681226550488468
make-seq,0,2-stackless,1,4,False,1329452,0.02882655699999999,21.68303707091342
make-seq,0,2-stackful,1,0,True,1329452,0.033093531999999995,24.892611391761413
make-seq,0,2-stackful,1,1,True,1329452,0.033111135,24.90585218571261
make-seq,0,2-stackful,1,2,False,1329452,0.033102874000000004,24.899638347228787
make-seq,0,2-stackful,1,3,False,1329452,0.033102954000000004,24.899698522398705
make-seq,0,2-stackful,1,4,False,1329452,0.03309870000000001,24.896498707738232
make-seq,0,1x,2,0,True,1329452,0.0191643,14.415187611136018
make-seq,0,1x,2,1,True,1329452,0.019002,14.293107235161555
make-seq,0,1x,2,2,False,1329452,0.0186393,14.020288058538405
make-seq,0,1x,2,3,False,1329452,0.0184512,13.878801190264861
make-seq,0,1x,2,4,False,1329452,0.0184766,13.897906806714346
make-seq,0,2-stackful,2,0,True,1329452,0.033105076,24.901294668780817
make-seq,0,2-stackful,2,1,True,1329452,0.033111854999999996,24.906393762241883
make-seq,0,2-stackful,2,2,False,1329452,0.033116917999999995,24.910202098308172
make-seq,0,2-stackful,2,3,False,1329452,0.03307848100000001,24.881290185730666
make-seq,0,2-stackful,2,4,False,1329452,0.03310600300000002,24.90199194856228
make-seq,0,2-stackless,2,0,True,1329452,0.037637422999999996,28.310479054527725
make-seq,0,2-stackless,2,1,True,1329452,0.037658396000000004,28.326254727511788
make-seq,0,2-stackless,2,2,False,1329452,0.03759424,28.277997249994733
make-seq,0,2-stackless,2,3,False,1329452,0.037630658,28.3053904917214
make-seq,0,2-stackless,2,4,False,1329452,0.037702140999999995,28.359159262613463
add-int,8,2-stackless,0,0,True,1292616,0.023852887,18.453188727355997
add-int,8,2-stackless,0,1,True,1292616,0.023831182,18.43639719762095
add-int,8,2-stackless,0,2,False,1292616,0.023933873,18.5158415182854
add-int,8,2-stackless,0,3,False,1292616,0.023863428000000006,18.4613435080488
add-int,8,2-stackless,0,4,False,1292616,0.023839528999999998,18.442854645153705
add-int,8,2-stackful,0,0,True,1292616,0.028165807999999997,21.789772059142077
add-int,8,2-stackful,0,1,True,1292616,0.028133647000000005,21.764891506835752
add-int,8,2-stackful,0,2,False,1292616,0.028113329000000006,21.749172994918837
add-int,8,2-stackful,0,3,False,1292616,0.028140043000000003,21.769839612073504
add-int,8,2-stackful,0,4,False,1292616,0.02816873099999999,21.79203336489722
add-int,8,1x,0,0,True,1292616,0.0194452,15.043292052705521
add-int,8,1x,0,1,True,1292616,0.0196066,15.168155121087779
add-int,8,1x,0,2,False,1292616,0.0194346,15.035091628140144
add-int,8,1x,0,3,False,1292616,0.0193432,14.964382306887737
add-int,8,1x,0,4,False,1292616,0.019408,15.0145132042308
add-int,8,1x,1,0,True,1292616,0.01945,15.047005452508712
add-int,8,1x,1,1,True,1292616,0.0194236,15.026581753591167
add-int,8,1x,1,2,False,1292616,0.019418,15.022249453820779
add-int,8,1x,1,3,False,1292616,0.019422,15.02534395365677
add-int,8,1x,1,4,False,1292616,0.019459,15.053968077139691
add-int,8,2-stackless,1,0,True,1292616,0.023891322,18.48292300265508
add-int,8,2-stackless,1,1,True,1292616,0.02387216,18.468098801190763
add-int,8,2-stackless,1,2,False,1292616,0.023807261999999996,18.417892088601718
add-int,8,2-stackless,1,3,False,1292616,0.023853372999999997,18.453564709086066
add-int,8,2-stackless,1,4,False,1292616,0.023870121999999994,18.46652215352432
add-int,8,2-stackful,1,0,True,1292616,0.028199093999999997,21.81552293952728
add-int,8,2-stackful,1,1,True,1292616,0.028236004,21.844077436763897
add-int,8,2-stackful,1,2,False,1292616,0.028121626000000004,21.75559176120364
add-int,8,2-stackful,1,3,False,1292616,0.028170230000000004,21.79319302871077
add-int,8,2-stackful,1,4,False,1292616,0.028154386000000003,21.78093571486041
add-int,8,1x,2,0,True,1292616,0.0194757,15.066887613954956
add-int,8,1x,2,1,True,1292616,0.0194252,15.027819553525564
add-int,8,1x,2,2,False,1292616,0.0194233,15.026349666103467
add-int,8,1x,2,3,False,1292616,0.0193785,14.991691267940363
add-int,8,1x,2,4,False,1292616,0.0194199,15.023719341242876
add-int,8,2-stackless,2,0,True,1292616,0.023890752,18.48248203642845
add-int,8,2-stackless,2,1,True,1292616,0.023849871,18.45085547447966
add-int,8,2-stackless,2,2,False,1292616,0.023883006000000005,18.476489537496057
add-int,8,2-stackless,2,3,False,1292616,0.023929650999999996,18.512575273708507
add-int,8,2-stackless,2,4,False,1292616,0.023792192000000004,18.406233560469623
add-int,8,2-stackful,2,0,True,1292616,0.028156325000000003,21.782435773655905
add-int,8,2-stackful,2,1,True,1292616,0.028186601999999998,21.80585881653948
add-int,8,2-stackful,2,2,False,1292616,0.028186848999999993,21.80604990190435
add-int,8,2-stackful,2,3,False,1292616,0.028188234999999992,21.80712214609752
add-int,8,2-stackful,2,4,False,1292616,0.028138492,21.768639719762096
get-table,0,2-stackless,0,0,True,896006,0.019336469000000002,21.580736066499558
get-table,0,2-stackless,0,1,True,896006,0.019272318000000004,21.509139447726916
get-table,0,2-stackless,0,2,False,896006,0.019339776000000003,21.584426889998507
get-table,0,2-stackless,0,3,False,896006,0.019258187999999996,21.493369464043763
get-table,0,2-stackless,0,4,False,896006,0.019269001999999993,21.50543857965236
get-table,0,1x,0,0,True,896006,0.0638734,71.28679941875389
get-table,0,1x,0,1,True,896006,0.0647752,72.29326589330876
get-table,0,1x,0,2,False,896006,0.0642416,71.6977341669587
get-table,0,1x,0,3,False,896006,0.0645852,72.08121374187226
get-table,0,1x,0,4,False,896006,0.063045,70.36225203849082
get-table,0,2-stackful,0,0,True,896006,0.022318369999999997,24.908728289765914
get-table,0,2-stackful,0,1,True,896006,0.022282594000000003,24.868799985714386
get-table,0,2-stackful,0,2,False,896006,0.022270519000000003,24.855323513458618
get-table,0,2-stackful,0,3,False,896006,0.02227182500000001,24.85678109298376
get-table,0,2-stackful,0,4,False,896006,0.02228168700000001,24.86778771570727
get-table,0,2-stackless,1,0,True,896006,0.019291642,21.53070626759196
get-table,0,2-stackless,1,1,True,896006,0.019304148,21.5446637634123
get-table,0,2-stackless,1,2,False,896006,0.019262282,21.497938629875247
get-table,0,2-stackless,1,3,False,896006,0.019254577999999994,21.48934047316647
get-table,0,2-stackless,1,4,False,896006,0.019291196999999996,21.53020961913201
get-table,0,1x,1,0,True,896006,0.0640853,71.52329337080332
get-table,0,1x,1,1,True,896006,0.0640649,71.50052566612277
get-table,0,1x,1,2,False,896006,0.0637901,71.19383129130831
get-table,0,1x,1,3,False,896006,0.0640352,71.46737856666138
get-table,0,1x,1,4,False,896006,0.0642921,71.75409539668262
get-table,0,2-stackful,1,0,True,896006,0.022311675,24.901256241587667
get-table,0,2-stackful,1,1,True,896006,0.022271821,24.856776628727932
get-table,0,2-stackful,1,2,False,896006,0.022285316999999992,24.871839027863643
get-table,0,2-stackful,1,3,False,896006,0.022285013000000006,24.871499744421364
get-table,0,2-stackful,1,4,False,896006,0.022295317999999995,24.88300078347689
get-table,0,2-stackful,2,0,True,896006,0.022378985,24.97637850639393
get-table,0,2-stackful,2,1,True,896006,0.022296237000000003,24.88402644625148
get-table,0,2-stackful,2,2,False,896006,0.022267983000000005,24.85249317526892
get-table,0,2-stackful,2,3,False,896006,0.022271706000000002,24.85664828137312
get-table,0,2-stackful,2,4,False,896006,0.022253440000000013,24.8362622571724
get-table,0,2-stackless,2,0,True,896006,0.019787291999999998,22.08388336685245
get-table,0,2-stackless,2,1,True,896006,0.019732937,22.023219710582296
get-table,0,2-stackless,2,2,False,896006,0.019737345999999996,22.02814043655957
get-table,0,2-stackless,2,3,False,896006,0.019798912000000002,22.096852030008726
get-table,0,2-stackless,2,4,False,896006,0.019782954000000005,22.07904188141598
get-table,0,1x,2,0,True,896006,0.0632917,70.63758501617177
get-table,0,1x,2,1,True,896006,0.0641178,71.5595654493385
get-table,0,1x,2,2,False,896006,0.0632235,70.56146945444561
get-table,0,1x,2,3,False,896006,0.063456,70.82095432396657
get-table,0,1x,2,4,False,896006,0.0641088,71.54952087374414
update-table,64,1x,0,0,True,228127,0.0612443,268.4658107107006
update-table,64,1x,0,1,True,228127,0.0619027,271.35192239410503
update-table,64,1x,0,2,False,228127,0.0612874,268.65474056117864
update-table,64,1x,0,3,False,228127,0.0613916,269.1115036799677
update-table,64,1x,0,4,False,228127,0.0614225,269.2469545472478
update-table,64,2-stackless,0,0,True,228127,0.019632587,86.05990084470493
update-table,64,2-stackless,0,1,True,228127,0.019640646,86.09522765827806
update-table,64,2-stackless,0,2,False,228127,0.019736926000000002,86.51727327322062
update-table,64,2-stackless,0,3,False,228127,0.019579640999999995,85.82781082467221
update-table,64,2-stackless,0,4,False,228127,0.01961328400000001,85.97528569612544
update-table,64,2-stackful,0,0,True,228127,0.020334617,89.13726564589022
update-table,64,2-stackful,0,1,True,228127,0.020355735000000003,89.22983688910126
update-table,64,2-stackful,0,2,False,228127,0.020638504000000002,90.46936136450313
update-table,64,2-stackful,0,3,False,228127,0.020616101999999997,90.37116167748664
update-table,64,2-stackful,0,4,False,228127,0.020693677000000008,90.71121349073107
update-table,64,2-stackful,1,0,True,228127,0.02062678,90.41796893835452
update-table,64,2-stackful,1,1,True,228127,0.020639880000000003,90.47539309244414
update-table,64,2-stackful,1,2,False,228127,0.020666128,90.59045180973756
update-table,64,2-stackful,1,3,False,228127,0.020395619000000004,89.40466932892645
update-table,64,2-stackful,1,4,False,228127,0.020366050999999996,89.275057314566
update-table,64,1x,1,0,True,228127,0.0615568,269.8356617147466
update-table,64,1x,1,1,True,228127,0.0612098,268.31457915985396
update-table,64,1x,1,2,False,228127,0.0614492,269.3639946170335
update-table,64,1x,1,3,False,228127,0.060626,265.75547830813537
update-table,64,1x,1,4,False,228127,0.0612004,268.27337404165223
update-table,64,2-stackless,1,0,True,228127,0.019937936000000003,87.39840527425514
update-table,64,2-stackless,1,1,True,228127,0.019928762,87.35819083229956
update-table,64,2-stackless,1,2,False,228127,0.019980112,87.58328474928439
update-table,64,2-stackless,1,3,False,228127,0.019916016,87.30231844542733
update-table,64,2-stackless,1,4,False,228127,0.01994213900000001,87.4168292223192
update-table,64,2-stackless,2,0,True,228127,0.019927495,87.35263690838875
update-table,64,2-stackless,2,1,True,228127,0.01988697,87.17499463018406
update-table,64,2-stackless,2,2,False,228127,0.019914835999999998,87.29714588803606
update-table,64,2-stackless,2,3,False,228127,0.019656531999999997,86.16486430803893
update-table,64,2-stackless,2,4,False,228127,0.019700876000000006,86.3592472613939
update-table,64,2-stackful,2,0,True,228127,0.020581752,90.22058765512193
update-table,64,2-stackful,2,1,True,228127,0.020659100999999996,90.55964879212016
update-table,64,2-stackful,2,2,False,228127,0.020617799,90.37860051637904
update-table,64,2-stackful,2,3,False,228127,0.020585173999999998,90.23558807155662
update-table,64,2-stackful,2,4,False,228127,0.020637862999999992,90.46655152612357
update-table,64,1x,2,0,True,228127,0.062022,271.87487671340966
update-table,64,1x,2,1,True,228127,0.0616585,270.28146602550333
update-table,64,1x,2,2,False,228127,0.0615541,269.82382620207164
update-table,64,1x,2,3,False,228127,0.0612063,268.2992368286086
update-table,64,1x,2,4,False,228127,0.0617208,270.55455952166994
do-int,8,1x,0,0,True,131586,0.0199936,151.94321584363078
do-int,8,1x,0,1,True,131586,0.0199693,151.75854574194824
do-int,8,1x,0,2,False,131586,0.0199572,151.66659067074005
do-int,8,1x,0,3,False,131586,0.0199466,151.5860349885246
do-int,8,1x,0,4,False,131586,0.019976,151.80946301278252
do-int,8,2-stackful,0,0,True,131586,0.0317145,241.017281473713
do-int,8,2-stackful,0,1,True,131586,0.031612348,240.2409678841214
do-int,8,2-stackful,0,2,False,131586,0.031759225,241.35717325551354
do-int,8,2-stackful,0,3,False,131586,0.031715227999999984,241.0228139771707
do-int,8,2-stackful,0,4,False,131586,0.031747040000000004,241.2645722189291
do-int,8,2-stackless,0,0,True,131586,0.028705705,218.15166507075222
do-int,8,2-stackless,0,1,True,131586,0.028573704999999998,217.1485188393902
do-int,8,2-stackless,0,2,False,131586,0.028696645,218.082812761236
do-int,8,2-stackless,0,3,False,131586,0.028608906000000003,217.41603210067944
do-int,8,2-stackless,0,4,False,131586,0.028656030999999985,217.77416290486818
do-int,8,2-stackful,1,0,True,131586,0.031785868999999994,241.55965680239532
do-int,8,2-stackful,1,1,True,131586,0.031779566999999995,241.51176416944048
do-int,8,2-stackful,1,2,False,131586,0.031858551,242.11201039624277
do-int,8,2-stackful,1,3,False,131586,0.03161522100000001,240.26280151383895
do-int,8,2-stackful,1,4,False,131586,0.03160241799999999,240.16550392898935
do-int,8,2-stackless,1,0,True,131586,0.029185560000000003,221.79836760749626
do-int,8,2-stackless,1,1,True,131586,0.029003011999999998,220.41107716626388
do-int,8,2-stackless,1,2,False,131586,0.028811833000000002,218.9581946407673
do-int,8,2-stackless,1,3,False,131586,0.028938740000000004,219.92263614670256
do-int,8,2-stackless,1,4,False,131586,0.02904586299999999,220.73672731141605
do-int,8,1x,1,0,True,131586,0.0200416,152.30799629139878
do-int,8,1x,1,1,True,131586,0.0199657,151.73118720836564
do-int,8,1x,1,2,False,131586,0.0199617,151.7007888377183
do-int,8,1x,1,3,False,131586,0.0199547,151.64759168908546
do-int,8,1x,1,4,False,131586,0.0199616,151.70002887845212
do-int,8,2-stackful,2,0,True,131586,0.031736893,241.18745915218946
do-int,8,2-stackful,2,1,True,131586,0.031641237,240.46051251652915
do-int,8,2-stackful,2,2,False,131586,0.031708177000000004,240.96922924931226
do-int,8,2-stackful,2,3,False,131586,0.031657254999999995,240.58224279178634
do-int,8,2-stackful,2,4,False,131586,0.03148973600000002,239.30916662866883
do-int,8,2-stackless,2,0,True,131586,0.029188729,221.82245071664158
do-int,8,2-stackless,2,1,True,131586,0.029052885000000004,220.79009165108752
do-int,8,2-stackless,2,2,False,131586,0.029053725999999995,220.79648290851608
do-int,8,2-stackless,2,3,False,131586,0.029175320000000005,221.7205477786391
do-int,8,2-stackless,2,4,False,131586,0.02925824199999999,222.35072120134353
do-int,8,1x,2,0,True,131586,0.0200245,152.17804325688144
do-int,8,1x,2,1,True,131586,0.0199718,151.7775447236028
do-int,8,1x,2,2,False,131586,0.0199586,151.6772301004666
do-int,8,1x,2,3,False,131586,0.0199856,151.88241910233612
do-int,8,1x,2,4,False,131586,0.0199679,151.74790631222166
assign-table,0,2-stackless,0,0,True,876701,0.01908329,21.767158928756782
assign-table,0,2-stackless,0,1,True,876701,0.019022567,21.69789586187309
assign-table,0,2-stackless,0,2,False,876701,0.019006251999999994,21.679286324527965
assign-table,0,2-stackless,0,3,False,876701,0.019018671999999993,21.693453070088882
assign-table,0,2-stackless,0,4,False,876701,0.019065719999999994,21.74711788853896
assign-table,0,1x,0,0,True,876701,0.0626138,71.41978850257955
assign-table,0,1x,0,1,True,876701,0.0625239,71.3172449900251
assign-table,0,1x,0,2,False,876701,0.0626639,71.47693455351367
assign-table,0,1x,0,3,False,876701,0.062122,70.85882187883897
assign-table,0,1x,0,4,False,876701,0.0628855,71.72970031972132
assign-table,0,2-stackful,0,0,True,876701,0.021802859999999997,24.869208544304154
assign-table,0,2-stackful,0,1,True,876701,0.021795939000000004,24.86131417666913
assign-table,0,2-stackful,0,2,False,876701,0.021824441,24.893824690515924
assign-table,0,2-stackful,0,3,False,876701,0.021810944,24.878429475955883
assign-table,0,2-stackful,0,4,False,876701,0.021777059,24.839778898392954
assign-table,0,2-stackless,1,0,True,876701,0.019018074,21.692770967524847
assign-table,0,2-stackless,1,1,True,876701,0.019015361,21.689676411912384
assign-table,0,2-stackless,1,2,False,876701,0.019029321999999994,21.705600883311405
assign-table,0,2-stackless,1,3,False,876701,0.018996202999999996,21.66782403578871
assign-table,0,2-stackless,1,4,False,876701,0.018996373999999996,21.668019085184113
assign-table,0,2-stackful,1,0,True,876701,0.021797289999999997,24.86285518095679
assign-table,0,2-stackful,1,1,True,876701,0.021823589999999997,24.892854006097856
assign-table,0,2-stackful,1,2,False,876701,0.0217723,24.83435059387408
assign-table,0,2-stackful,1,3,False,876701,0.021798997,24.864802252991613
assign-table,0,2-stackful,1,4,False,876701,0.021775731999999992,24.838265269459022
assign-table,0,1x,1,0,True,876701,0.0625898,71.39241314883866
assign-table,0,1x,1,1,True,876701,0.0628963,71.74201922890472
assign-table,0,1x,1,2,False,876701,0.0622555,71.01109728402271
assign-table,0,1x,1,3,False,876701,0.0627786,71.60776593160041
assign-table,0,1x,1,4,False,876701,0.0630703,71.94049054352624
assign-table,0,2-stackless,2,0,True,876701,0.018865064,21.51824168102922
assign-table,0,2-stackless,2,1,True,876701,0.018851687,21.50298334323789
assign-table,0,2-stackless,2,2,False,876701,0.018850146999999998,21.50122675803951
assign-table,0,2-stackless,2,3,False,876701,0.018854483999999998,21.50617371258844
assign-table,0,2-stackless,2,4,False,876701,0.018869348000000008,21.523128181671982
assign-table,0,1x,2,0,True,876701,0.0622974,71.05889008909537
assign-table,0,1x,2,1,True,876701,0.0626076,71.41271653619648
assign-table,0,1x,2,2,False,876701,0.0627187,71.53944161122207
assign-table,0,1x,2,3,False,876701,0.0626806,71.4959832371584
assign-table,0,1x,2,4,False,876701,0.0620668,70.7958585652349
assign-table,0,2-stackful,2,0,True,876701,0.021800168,24.866137942126223
assign-table,0,2-stackful,2,1,True,876701,0.021816849,24.885164953615885
assign-table,0,2-stackful,2,2,False,876701,0.021786334000000004,24.850358331974075
assign-table,0,2-stackful,2,3,False,876701,0.021824805000000003,24.894239883380997
assign-table,0,2-stackful,2,4,False,876701,0.02176705000000001,24.828362235243272
update-string,0,2-stackful,0,0,True,1607485,0.043369716,26.97985735481202
update-string,0,2-stackful,0,1,True,1607485,0.04335159,26.968581355347016
update-string,0,2-stackful,0,2,False,1607485,0.04335631400000001,26.97152010749712
update-string,0,2-stackful,0,3,False,1607485,0.043312180000000006,26.944064796872137
update-string,0,2-stackful,0,4,False,1607485,0.043327561999999986,26.95363378196374
update-string,0,1x,0,0,True,1607485,0.0162822,10.128990317172477
update-string,0,1x,0,1,True,1607485,0.0163219,10.153687281685366
update-string,0,1x,0,2,False,1607485,0.0161783,10.06435518838434
update-string,0,1x,0,3,False,1607485,0.016217,10.088430063111007
update-string,0,1x,0,4,False,1607485,0.0162096,10.08382659869299
update-string,0,2-stackless,0,0,True,1607485,0.038875334,24.183948217246193
update-string,0,2-stackless,0,1,True,1607485,0.038787063000000004,24.129035729726873
update-string,0,2-stackless,0,2,False,1607485,0.038781894,24.125820147621905
update-string,0,2-stackless,0,3,False,1607485,0.03884857300000001,24.1673004724772
update-string,0,2-stackless,0,4,False,1607485,0.038802223999999996,24.13846723297573
update-string,0,2-stackful,1,0,True,1607485,0.043363742000000004,26.976140990429155
update-string,0,2-stackful,1,1,True,1607485,0.043321148000000004,26.949643698074947
update-string,0,2-stackful,1,2,False,1607485,0.04333106099999999,26.955810474125727
update-string,0,2-stackful,1,3,False,1607485,0.04337648800000002,26.984070146844303
update-string,0,2-stackful,1,4,False,1607485,0.04334201899999998,26.96262733400311
update-string,0,1x,1,0,True,1607485,0.0163826,10.19144813170885
update-string,0,1x,1,1,True,1607485,0.0162468,10.106968338740328
update-string,0,1x,1,2,False,1607485,0.0162234,10.092411437742808
update-string,0,1x,1,3,False,1607485,0.0161722,10.060560440688405
update-string,0,1x,1,4,False,1607485,0.0162271,10.09471316995182
update-string,0,2-stackless,1,0,True,1607485,0.039954994,24.855593675835234
update-string,0,2-stackless,1,1,True,1607485,0.039951896,24.85366644167753
update-string,0,2-stackless,1,2,False,1607485,0.039926133,24.83763954251517
update-string,0,2-stackless,1,3,False,1607485,0.039918481000000006,24.83287931147103
update-string,0,2-stackless,1,4,False,1607485,0.039957941,24.85742697443522
update-string,0,2-stackful,2,0,True,1607485,0.043359728,26.973643922027268
update-string,0,2-stackful,2,1,True,1607485,0.043329759999999995,26.955001135313854
update-string,0,2-stackful,2,2,False,1607485,0.04333248999999999,26.956699440430228
update-string,0,2-stackful,2,3,False,1607485,0.043343201,26.963362644130427
update-string,0,2-stackful,2,4,False,1607485,0.043329911,26.95509507087158
update-string,0,1x,2,0,True,1607485,0.0164948,10.261246605722604
update-string,0,1x,2,1,True,1607485,0.0162543,10.111634012136971
update-string,0,1x,2,2,False,1607485,0.0162227,10.091975974892456
update-string,0,1x,2,3,False,1607485,0.0162153,10.087372510474436
update-string,0,1x,2,4,False,1607485,0.0162563,10.112878191709411
update-string,0,2-stackless,2,0,True,1607485,0.038545302000000004,23.978638680920817
update-string,0,2-stackless,2,1,True,1607485,0.038531660999999995,23.970152754147
update-string,0,2-stackless,2,2,False,1607485,0.038497588,23.948956288861172
update-string,0,2-stackless,2,3,False,1607485,0.038530560000000005,23.969467833292384
update-string,0,2-stackless,2,4,False,1607485,0.038472483,23.933338724778146
make-table,0,1x,0,0,True,890687,0.0253383,28.44804066973022
make-table,0,1x,0,1,True,890687,0.0259367,29.119881619469016
make-table,0,1x,0,2,False,890687,0.0249785,28.04408282595345
make-table,0,1x,0,3,False,890687,0.0251308,28.215074431309763
make-table,0,1x,0,4,False,890687,0.0250001,28.068333769326372
make-table,0,2-stackless,0,0,True,890687,0.019502927,21.896498994596307
make-table,0,2-stackless,0,1,True,890687,0.019460704000000002,21.84909401394654
make-table,0,2-stackless,0,2,False,890687,0.019464697000000003,21.853577070283954
make-table,0,2-stackless,0,3,False,890687,0.019464877,21.853779161478723
make-table,0,2-stackless,0,4,False,890687,0.019438515000000003,21.82418178327516
make-table,0,2-stackful,0,0,True,890687,0.022157058,24.87636846613906
make-table,0,2-stackful,0,1,True,890687,0.022187297,24.910318664132294
make-table,0,2-stackful,0,2,False,890687,0.022149714999999993,24.868124268121115
make-table,0,2-stackful,0,3,False,890687,0.022149498000000004,24.86788063595854
make-table,0,2-stackful,0,4,False,890687,0.022185682999999998,24.90850657975248
make-table,0,1x,1,0,True,890687,0.0255898,28.73040697798441
make-table,0,1x,1,1,True,890687,0.0253174,28.424575636559194
make-table,0,1x,1,2,False,890687,0.0252224,28.31791639487272
make-table,0,1x,1,3,False,890687,0.025577,28.716036048578232
make-table,0,1x,1,4,False,890687,0.0250739,28.151191159183867
make-table,0,2-stackless,1,0,True,890687,0.019543559999999998,21.942118836358897
make-table,0,2-stackless,1,1,True,890687,0.019554589999999997,21.954502535683126
make-table,0,2-stackless,1,2,False,890687,0.019564787,21.965951001867097
make-table,0,2-stackless,1,3,False,890687,0.019499214999999993,21.892331425068505
make-table,0,2-stackless,1,4,False,890687,0.019531169,21.928207103056405
make-table,0,2-stackful,1,0,True,890687,0.022182384,24.904802697243813
make-table,0,2-stackful,1,1,True,890687,0.022144932000000003,24.86275425598443
make-table,0,2-stackful,1,2,False,890687,0.02215520299999999,24.874285804104016
make-table,0,2-stackful,1,3,False,890687,0.022161839999999988,24.881737355546885
make-table,0,2-stackful,1,4,False,890687,0.022130564000000005,24.846622887725996
make-table,0,2-stackless,2,0,True,890687,0.019382871,21.76170865859724
make-table,0,2-stackless,2,1,True,890687,0.019313747,21.68410114888844
make-table,0,2-stackless,2,2,False,890687,0.019336525,21.70967466685828
make-table,0,2-stackless,2,3,False,890687,0.019306124,21.67554258678975
make-table,0,2-stackless,2,4,False,890687,0.019300021,21.668690572558038
make-table,0,2-stackful,2,0,True,890687,0.022195097,24.919075949239183
make-table,0,2-stackful,2,1,True,890687,0.022153213,24.872051573672906
make-table,0,2-stackful,2,2,False,890687,0.022174582999999998,24.89604428940806
make-table,0,2-stackful,2,3,False,890687,0.022149600000000005,24.867995154302246
make-table,0,2-stackful,2,4,False,890687,0.022159257,24.878837346901886
make-table,0,1x,2,0,True,890687,0.0252678,28.36888828511026
make-table,0,1x,2,1,True,890687,0.0255966,28.738041534231442
make-table,0,1x,2,2,False,890687,0.0256817,28.833585760205324
make-table,0,1x,2,3,False,890687,0.0252779,28.38022784659482
make-table,0,1x,2,4,False,890687,0.0252761,28.378206934647075
const-int,8,1x,0,0,True,1394662,0.0200975,14.410301564106572
const-int,8,1x,0,1,True,1394662,0.0200326,14.36376699157215
const-int,8,1x,0,2,False,1394662,0.0201958,14.480784591535441
const-int,8,1x,0,3,False,1394662,0.0199915,14.334297485699043
const-int,8,1x,0,4,False,1394662,0.0199864,14.33064068570019
const-int,8,2-stackful,0,0,True,1394662,0.028968586999999997,20.771044883993394
const-int,8,2-stackful,0,1,True,1394662,0.028919655,20.735959680553425
const-int,8,2-stackful,0,2,False,1394662,0.028927118,20.741310797885077
const-int,8,2-stackful,0,3,False,1394662,0.028887147000000002,20.712650807148975
const-int,8,2-stackful,0,4,False,1394662,0.02895108199999999,20.758493455762032
const-int,8,2-stackless,0,0,True,1394662,0.024164258999999997,17.32624750656431
const-int,8,2-stackless,0,1,True,1394662,0.02416754,17.32860004789691
const-int,8,2-stackless,0,2,False,1394662,0.024166987,17.3282035360539
const-int,8,2-stackless,0,3,False,1394662,0.024153635000000007,17.318629890252986
const-int,8,2-stackless,0,4,False,1394662,0.024179383,17.33709171110993
const-int,8,1x,1,0,True,1394662,0.0200679,14.389077783721074
const-int,8,1x,1,1,True,1394662,0.0199972,14.338384497462467
const-int,8,1x,1,2,False,1394662,0.020002,14.341826191579035
const-int,8,1x,1,3,False,1394662,0.0201098,14.419120905280275
const-int,8,1x,1,4,False,1394662,0.0199835,14.328561328838099
const-int,8,2-stackful,1,0,True,1394662,0.028942254,20.752163606665988
const-int,8,2-stackful,1,1,True,1394662,0.028932578,20.745225724942674
const-int,8,2-stackful,1,2,False,1394662,0.029099898,20.86519744568935
const-int,8,2-stackful,1,3,False,1394662,0.028984444999999998,20.782415380931003
const-int,8,2-stackful,1,4,False,1394662,0.028869707999999994,20.700146702211715
const-int,8,2-stackless,1,0,True,1394662,0.024180758,17.338077613070407
const-int,8,2-stackless,1,1,True,1394662,0.024120369,17.294777515985952
const-int,8,2-stackless,1,2,False,1394662,0.024131509999999995,17.302765831434424
const-int,8,2-stackless,1,3,False,1394662,0.02414395400000001,17.311688423431633
const-int,8,2-stackless,1,4,False,1394662,0.024193700999999998,17.347357997851805
const-int,8,1x,2,0,True,1394662,0.0200415,14.370148466079954
const-int,8,1x,2,1,True,1394662,0.0201165,14.423924936651318
const-int,8,1x,2,2,False,1394662,0.020005,14.34397725040189
const-int,8,1x,2,3,False,1394662,0.0199665,14.31637199550859
const-int,8,1x,2,4,False,1394662,0.0200168,14.352438081771783
const-int,8,2-stackless,2,0,True,1394662,0.024166397,17.327780494485403
const-int,8,2-stackless,2,1,True,1394662,0.024186861,17.3424535837357
const-int,8,2-stackless,2,2,False,1394662,0.024257321000000005,17.39297478528848
const-int,8,2-stackless,2,3,False,1394662,0.024198801000000006,17.351014797850667
const-int,8,2-stackless,2,4,False,1394662,0.024203456999999998,17.35435324114373
const-int,8,2-stackful,2,0,True,1394662,0.028921699,20.737425268631394
const-int,8,2-stackful,2,1,True,1394662,0.028878008999999996,20.706098681974556
const-int,8,2-stackful,2,2,False,1394662,0.028798306999999995,20.648950785208168
const-int,8,2-stackful,2,3,False,1394662,0.028940384,20.75082277999974
const-int,8,2-stackful,2,4,False,1394662,0.028965207000000007,20.768621357719653
do-int,0,2-stackful,0,0,True,3023935,0.055438196,18.333130837799093
do-int,0,2-stackful,0,1,True,3023935,0.055418191000000006,18.326515285546815
do-int,0,2-stackful,0,2,False,3023935,0.05537082500000001,18.31085158907186
do-int,0,2-stackful,0,3,False,3023935,0.05530194299999999,18.288072660291967
do-int,0,2-stackful,0,4,False,3023935,0.05538100599999998,18.31421839424458
do-int,0,1x,0,0,True,3023935,0.0195733,6.472791247166358
do-int,0,1x,0,1,True,3023935,0.0193628,6.403179962532263
do-int,0,1x,0,2,False,3023935,0.0194228,6.4230216588650215
do-int,0,1x,0,3,False,3023935,0.0193946,6.413696061588626
do-int,0,1x,0,4,False,3023935,0.0193451,6.3973266621141
do-int,0,2-stackless,0,0,True,3023935,0.045535689,15.058421890682174
do-int,0,2-stackless,0,1,True,3023935,0.04550894,15.049576131762091
do-int,0,2-stackless,0,2,False,3023935,0.045513661,15.051137342568541
do-int,0,2-stackless,0,3,False,3023935,0.045539943,15.059828666952166
do-int,0,2-stackless,0,4,False,3023935,0.045577248000000015,15.072165241647063
do-int,0,1x,1,0,True,3023935,0.0194127,6.419681639982341
do-int,0,1x,1,1,True,3023935,0.019194,6.347358656849436
do-int,0,1x,1,2,False,3023935,0.019196,6.3480200467271946
do-int,0,1x,1,3,False,3023935,0.0193553,6.400699750490668
do-int,0,1x,1,4,False,3023935,0.0193362,6.394383477158073
do-int,0,2-stackful,1,0,True,3023935,0.055446896,18.336007883767344
do-int,0,2-stackful,1,1,True,3023935,0.055408044,18.323159724002004
do-int,0,2-stackful,1,2,False,3023935,0.055381706,18.3144498807018
do-int,0,2-stackful,1,3,False,3023935,0.055453102000000004,18.33806017655803
do-int,0,2-stackful,1,4,False,3023935,0.05540857200000002,18.323334330929736
do-int,0,2-stackless,1,0,True,3023935,0.045494887000000005,15.044928875786024
do-int,0,2-stackless,1,1,True,3023935,0.045553365,15.064267254421805
do-int,0,2-stackless,1,2,False,3023935,0.04550473600000002,15.048185890239047
do-int,0,2-stackless,1,3,False,3023935,0.045485760000000014,15.041910623078873
do-int,0,2-stackless,1,4,False,3023935,0.045483300999999976,15.041097444224157
do-int,0,1x,2,0,True,3023935,0.0191712,6.339818812242988
do-int,0,1x,2,1,True,3023935,0.0192914,6.379568343896281
do-int,0,1x,2,2,False,3023935,0.0192961,6.3811226101090135
do-int,0,1x,2,3,False,3023935,0.0192501,6.365910642920565
do-int,0,1x,2,4,False,3023935,0.0192782,6.375203170703074
do-int,0,2-stackful,2,0,True,3023935,0.055420906,18.32741312230587
do-int,0,2-stackful,2,1,True,3023935,0.055411534000000005,18.324313849338694
do-int,0,2-stackful,2,2,False,3023935,0.055399606000000004,18.320369320107744
do-int,0,2-stackful,2,3,False,3023935,0.055393935000000005,18.318493949109357
do-int,0,2-stackful,2,4,False,3023935,0.055396077000000016,18.31920229766844
do-int,0,2-stackless,2,0,True,3023935,0.045574432000000005,15.071234004699178
do-int,0,2-stackless,2,1,True,3023935,0.045499607,15.04648975589753
do-int,0,2-stackless,2,2,False,3023935,0.04552392799999999,15.054532587506012
do-int,0,2-stackless,2,3,False,3023935,0.04551282099999998,15.050859558819875
do-int,0,2-stackless,2,4,False,3023935,0.045526284,15.055311704782014
const-string,256,1x,0,0,True,154601,0.0216271,139.88978079055116
const-string,256,1x,0,1,True,154601,0.0215359,139.29987516251512
const-string,256,1x,0,2,False,154601,0.0216023,139.72936785661153
const-string,256,1x,0,3,False,154601,0.0216035,139.73712977276992
const-string,256,1x,0,4,False,154601,0.0215906,139.65368917406744
const-string,256,2-stackless,0,0,True,154601,0.019848552999999998,128.38567020911893
const-string,256,2-stackless,0,1,True,154601,0.019843033000000003,128.34996539479047
const-string,256,2-stackless,0,2,False,154601,0.019814104,128.16284500100258
const-string,256,2-stackless,0,3,False,154601,0.019858200999999992,128.4480760150322
const-string,256,2-stackless,0,4,False,154601,0.01975436500000001,127.77643740984865
const-string,256,2-stackful,0,0,True,154601,0.020290603,131.24496607395812
const-string,256,2-stackful,0,1,True,154601,0.020257997,131.0340618754083
const-string,256,2-stackful,0,2,False,154601,0.020240791,130.92276893422422
const-string,256,2-stackful,0,3,False,154601,0.020271154000000007,131.1191648178214
const-string,256,2-stackful,0,4,False,154601,0.020245291999999998,130.95188258808156
const-string,256,2-stackful,1,0,True,154601,0.020262325,131.06205651968617
const-string,256,2-stackful,1,1,True,154601,0.020258521,131.03745124546413
const-string,256,2-stackful,1,2,False,154601,0.020254781,131.0132599401039
const-string,256,2-stackful,1,3,False,154601,0.020247865000000004,130.96852542997783
const-string,256,2-stackful,1,4,False,154601,0.020254979999999992,131.01454712453344
const-string,256,1x,1,0,True,154601,0.021586,139.62393516212703
const-string,256,1x,1,1,True,154601,0.0215815,139.59482797653314
const-string,256,1x,1,2,False,154601,0.0215401,139.3270418690694
const-string,256,1x,1,3,False,154601,0.0215178,139.18279959379305
const-string,256,1x,1,4,False,154601,0.0215102,139.1336407914567
const-string,256,2-stackless,1,0,True,154601,0.019910019,128.78324849127753
const-string,256,2-stackless,1,1,True,154601,0.019794541000000002,128.0363063628308
const-string,256,2-stackless,1,2,False,154601,0.019843812000000002,128.35500417202996
const-string,256,2-stackless,1,3,False,154601,0.019939038,128.9709510287773
const-string,256,2-stackless,1,4,False,154601,0.019881602999999998,128.59944631664735
const-string,256,2-stackless,2,0,True,154601,0.019835412,128.30067075892134
const-string,256,2-stackless,2,1,True,154601,0.019869591000000002,128.52174953590213
const-string,256,2-stackless,2,2,False,154601,0.019860533,128.46316000543334
const-string,256,2-stackless,2,3,False,154601,0.019863809999999996,128.48435650480914
const-string,256,2-stackless,2,4,False,154601,0.019823130999999994,128.22123401530385
const-string,256,2-stackful,2,0,True,154601,0.020267384000000003,131.09477946455718
const-string,256,2-stackful,2,1,True,154601,0.020256956,131.02732841314094
const-string,256,2-stackful,2,2,False,154601,0.020246889000000004,130.9622124048357
const-string,256,2-stackful,2,3,False,154601,0.020259229999999996,131.042037244261
const-string,256,2-stackful,2,4,False,154601,0.02024483199999999,130.94890718688745
const-string,256,1x,2,0,True,154601,0.0215789,139.57801049152334
const-string,256,1x,2,1,True,154601,0.0216105,139.78240761702705
const-string,256,1x,2,2,False,154601,0.0215819,139.59741528191927
const-string,256,1x,2,3,False,154601,0.0215367,139.30504977328738
const-string,256,1x,2,4,False,154601,0.0214088,138.47775887607455
make-seq,256,2-stackless,0,0,True,14429,0.16448549299999998,11399.646060018018
make-seq,256,2-stackless,0,1,True,14429,0.16451105100000002,11401.417353939984
make-seq,256,2-stackless,0,2,False,14429,0.164640727,11410.404532538638
make-seq,256,2-stackless,0,3,False,14429,0.16446789900000003,11398.426710097721
make-seq,256,2-stackless,0,4,False,14429,0.16447613299999997,11398.997366414857
make-seq,256,1x,0,0,True,14429,0.0200784,1391.530944625407
make-seq,256,1x,0,1,True,14429,0.0200989,1392.9516945041237
make-seq,256,1x,0,2,False,14429,0.0201348,1395.4397394136809
make-seq,256,1x,0,3,False,14429,0.0200581,1390.1240557211172
make-seq,256,1x,0,4,False,14429,0.0200399,1388.8627070483055
make-seq,256,2-stackful,0,0,True,14429,0.15507992199999998,10747.794164529765
make-seq,256,2-stackful,0,1,True,14429,0.15535015500000002,10766.522628040753
make-seq,256,2-stackful,0,2,False,14429,0.155238404,10758.77773927507
make-seq,256,2-stackful,0,3,False,14429,0.15518036799999996,10754.755561715987
make-seq,256,2-stackful,0,4,False,14429,0.15501762099999994,10743.476401691034
make-seq,256,2-stackful,1,0,True,14429,0.15588438999999998,10803.54771640446
make-seq,256,2-stackful,1,1,True,14429,0.15593166600000002,10806.824173539402
make-seq,256,2-stackful,1,2,False,14429,0.15556849899999997,10781.65493104165
make-seq,256,2-stackful,1,3,False,14429,0.15572820799999998,10792.723542865062
make-seq,256,2-stackful,1,4,False,14429,0.15557703099999998,10782.246240210685
make-seq,256,2-stackless,1,0,True,14429,0.16847742899999998,11676.306674059184
make-seq,256,2-stackless,1,1,True,14429,0.16846378899999997,11675.361355603296
make-seq,256,2-stackless,1,2,False,14429,0.16840568100000003,11671.334188093426
make-seq,256,2-stackless,1,3,False,14429,0.16848037399999993,11676.510776907613
make-seq,256,2-stackless,1,4,False,14429,0.16855670299999992,11681.800748492613
make-seq,256,1x,1,0,True,14429,0.0197703,1370.1781135213805
make-seq,256,1x,1,1,True,14429,0.0197676,1369.9909903666228
make-seq,256,1x,1,2,False,14429,0.0198046,1372.5552706355256
make-seq,256,1x,1,3,False,14429,0.019824,1373.8997851548963
make-seq,256,1x,1,4,False,14429,0.0197438,1368.341534409869
make-seq,256,2-stackless,2,0,True,14429,0.16451255599999998,11401.521657772539
make-seq,256,2-stackless,2,1,True,14429,0.164492189,11400.110125441819
make-seq,256,2-stackless,2,2,False,14429,0.16446592,11398.28955575577
make-seq,256,2-stackless,2,3,False,14429,0.16433323899999996,11389.094116016355
make-seq,256,2-stackless,2,4,False,14429,0.164364328,11391.248735186084
make-seq,256,1x,2,0,True,14429,0.019969,1383.9489916141106
make-seq,256,1x,2,1,True,14429,0.0199757,1384.4133342573982
make-seq,256,1x,2,2,False,14429,0.0199033,1379.3956615150046
make-seq,256,1x,2,3,False,14429,0.0200462,1389.2993277427404
make-seq,256,1x,2,4,False,14429,0.0199127,1380.0471273130502
make-seq,256,2-stackful,2,0,True,14429,0.155300248,10763.063829787234
make-seq,256,2-stackful,2,1,True,14429,0.15535577499999997,10766.912121422134
make-seq,256,2-stackful,2,2,False,14429,0.15526084899999998,10760.333287130083
make-seq,256,2-stackful,2,3,False,14429,0.15536001600000005,10767.206043384855
make-seq,256,2-stackful,2,4,False,14429,0.15522350100000004,10757.744888765683
add-float4,256,2-stackful,0,0,True,54318,0.020230699,372.4492617548511
add-float4,256,2-stackful,0,1,True,54318,0.020201888999999997,371.91886667403065
add-float4,256,2-stackful,0,2,False,54318,0.020228002000000002,372.3996097058066
add-float4,256,2-stackful,0,3,False,54318,0.020216798999999994,372.19336131669047
add-float4,256,2-stackful,0,4,False,54318,0.020217081999999997,372.1985713759711
add-float4,256,1x,0,0,True,54318,0.0200211,368.5905224787363
add-float4,256,1x,0,1,True,54318,0.0200695,369.48157148643173
add-float4,256,1x,0,2,False,54318,0.020027,368.69914208917857
add-float4,256,1x,0,3,False,54318,0.0200732,369.54968886925144
add-float4,256,1x,0,4,False,54318,0.0199987,368.1781361611252
add-float4,256,2-stackless,0,0,True,54318,0.020156807000000002,371.08890238963147
add-float4,256,2-stackless,0,1,True,54318,0.020112434,370.27199086858866
add-float4,256,2-stackless,0,2,False,54318,0.020098153,370.00907618100814
add-float4,256,2-stackless,0,3,False,54318,0.020098513999999998,370.01572222835887
add-float4,256,2-stackless,0,4,False,54318,0.02005749300000001,369.26052137413035
add-float4,256,2-stackful,1,0,True,54318,0.020223806,372.32236091166834
add-float4,256,2-stackful,1,1,True,54318,0.020231824,372.4699731212489
add-float4,256,2-stackful,1,2,False,54318,0.020199698000000002,371.87853013733945
add-float4,256,2-stackful,1,3,False,54318,0.02020261999999999,371.9323244596633
add-float4,256,2-stackful,1,4,False,54318,0.020205734000000003,371.98965352185286
add-float4,256,2-stackless,1,0,True,54318,0.020106371,370.1603704112817
add-float4,256,2-stackless,1,1,True,54318,0.020109394,370.21602415405573
add-float4,256,2-stackless,1,2,False,54318,0.020089827999999997,369.8558120696638
add-float4,256,2-stackless,1,3,False,54318,0.02010957399999999,370.2193379726793
add-float4,256,2-stackless,1,4,False,54318,0.020080833999999992,369.6902315991014
add-float4,256,1x,1,0,True,54318,0.0202224,372.29647630619684
add-float4,256,1x,1,1,True,54318,0.0201725,371.37781214330425
add-float4,256,1x,1,2,False,54318,0.0202019,371.91906918516884
add-float4,256,1x,1,3,False,54318,0.0201495,370.95437976361427
add-float4,256,1x,1,4,False,54318,0.0201969,371.8270186678449
add-float4,256,2-stackless,2,0,True,54318,0.020129405,370.5844287344895
add-float4,256,2-stackless,2,1,True,54318,0.020100810999999996,370.0580102360175
add-float4,256,2-stackless,2,2,False,54318,0.020090318999999995,369.86485143046497
add-float4,256,2-stackless,2,3,False,54318,0.020108398999999992,370.19770610110817
add-float4,256,2-stackless,2,4,False,54318,0.02009191199999999,369.89417872528423
add-float4,256,2-stackful,2,0,True,54318,0.02028107,373.37659707647555
add-float4,256,2-stackful,2,1,True,54318,0.020237918,372.5821642917633
add-float4,256,2-stackful,2,2,False,54318,0.020210358000000005,372.074781840274
add-float4,256,2-stackful,2,3,False,54318,0.020205118999999994,371.9783313082218
add-float4,256,2-stackful,2,4,False,54318,0.020204027,371.9582274752384
add-float4,256,1x,2,0,True,54318,0.0200445,369.02131889981223
add-float4,256,1x,2,1,True,54318,0.0200326,368.8022386685813
add-float4,256,1x,2,2,False,54318,0.0199915,368.0455834161788
add-float4,256,1x,2,3,False,54318,0.0200303,368.75989543061235
add-float4,256,1x,2,4,False,54318,0.020041,368.9568835376855
add-int,0,2-stackful,0,0,True,2243788,0.041146919,18.33814914778045
add-int,0,2-stackful,0,1,True,2243788,0.041126296,18.32895799424901
add-int,0,2-stackful,0,2,False,2243788,0.041069489,18.303640540015365
add-int,0,2-stackful,0,3,False,2243788,0.041117051,18.324837729767697
add-int,0,2-stackful,0,4,False,2243788,0.04109221200000002,18.31376761084381
add-int,0,1x,0,0,True,2243788,0.0144368,6.434119444439492
add-int,0,1x,0,1,True,2243788,0.014233,6.343290899140204
add-int,0,1x,0,2,False,2243788,0.014292,6.369585718436857
add-int,0,1x,0,3,False,2243788,0.014297,6.371814092953524
add-int,0,1x,0,4,False,2243788,0.0143344,6.388482334338182
add-int,0,2-stackless,0,0,True,2243788,0.033829775,15.077081702905978
add-int,0,2-stackless,0,1,True,2243788,0.033806234,15.066590070006614
add-int,0,2-stackless,0,2,False,2243788,0.033803702000000005,15.065461621151378
add-int,0,2-stackless,0,3,False,2243788,0.03381526500000001,15.070614960058618
add-int,0,2-stackless,0,4,False,2243788,0.03373104800000001,15.033081556724618
add-int,0,2-stackful,1,0,True,2243788,0.041125197999999995,18.32846864320515
add-int,0,2-stackful,1,1,True,2243788,0.041122344,18.327196687031037
add-int,0,2-stackful,1,2,False,2243788,0.04112613899999999,18.328888023289185
add-int,0,2-stackful,1,3,False,2243788,0.04108435499999999,18.310265943128314
add-int,0,2-stackful,1,4,False,2243788,0.041091401,18.313406168497202
add-int,0,2-stackless,1,0,True,2243788,0.033863559,15.092138383840185
add-int,0,2-stackless,1,1,True,2243788,0.033801678,15.064559575147028
add-int,0,2-stackless,1,2,False,2243788,0.033754624999999996,15.043589233920494
add-int,0,2-stackless,1,3,False,2243788,0.033773612999999994,15.052051708984981
add-int,0,2-stackless,1,4,False,2243788,0.03382708899999998,15.075884620115616
add-int,0,1x,1,0,True,2243788,0.0143973,6.416515285757835
add-int,0,1x,1,1,True,2243788,0.0143733,6.405819088077839
add-int,0,1x,1,2,False,2243788,0.0142883,6.367936721294525
add-int,0,1x,1,3,False,2243788,0.0142053,6.330945704317877
add-int,0,1x,1,4,False,2243788,0.0142375,6.345296436205203
add-int,0,2-stackful,2,0,True,2243788,0.041131817,18.33141856539031
add-int,0,2-stackful,2,1,True,2243788,0.041111845999999994,18.322517991895843
add-int,0,2-stackful,2,2,False,2243788,0.04112676,18.329164787404157
add-int,0,2-stackful,2,3,False,2243788,0.04109881200000001,18.31670906520581
add-int,0,2-stackful,2,4,False,2243788,0.041126650000000015,18.329115763164797
add-int,0,1x,2,0,True,2243788,0.0143374,6.389819359048181
add-int,0,1x,2,1,True,2243788,0.0147634,6.579676867868088
add-int,0,1x,2,2,False,2243788,0.0142986,6.372527172798856
add-int,0,1x,2,3,False,2243788,0.0143076,6.376538246928854
add-int,0,1x,2,4,False,2243788,0.014322,6.382955965536851
add-int,0,2-stackless,2,0,True,2243788,0.033871176,15.095533089578874
add-int,0,2-stackless,2,1,True,2243788,0.03377765,15.05385089856974
add-int,0,2-stackless,2,2,False,2243788,0.033720440000000004,15.028353837350055
add-int,0,2-stackless,2,3,False,2243788,0.03382397899999999,15.074498571166256
add-int,0,2-stackless,2,4,False,2243788,0.033830682,15.077485930043302
assign-seq,0,2-stackful,0,0,True,877551,0.021894116,24.94910951044441
assign-seq,0,2-stackful,0,1,True,877551,0.021805859,24.848537577872968
assign-seq,0,2-stackful,0,2,False,877551,0.021837264000000002,24.884324671728486
assign-seq,0,2-stackful,0,3,False,877551,0.021838967,24.886265299680588
assign-seq,0,2-stackful,0,4,False,877551,0.021809275000000003,24.852430229126288
assign-seq,0,1x,0,0,True,877551,0.0627153,71.46627375502962
assign-seq,0,1x,0,1,True,877551,0.0614199,69.99012023232838
assign-seq,0,1x,0,2,False,877551,0.0612855,69.83696674039457
assign-seq,0,1x,0,3,False,877551,0.0620478,70.70563420245661
assign-seq,0,1x,0,4,False,877551,0.0627298,71.48279701122783
assign-seq,0,2-stackless,0,0,True,877551,0.01910103,21.766290506192803
assign-seq,0,2-stackless,0,1,True,877551,0.019206698,21.886702881086112
assign-seq,0,2-stackless,0,2,False,877551,0.019180009999999997,21.85629097340211
assign-seq,0,2-stackless,0,3,False,877551,0.019206940000000006,21.886978648534395
assign-seq,0,2-stackless,0,4,False,877551,0.019225121999999997,21.907697672272036
assign-seq,0,2-stackful,1,0,True,877551,0.021813813,24.85760143854887
assign-seq,0,2-stackful,1,1,True,877551,0.021837531,24.88462892754951
assign-seq,0,2-stackful,1,2,False,877551,0.021828826000000003,24.874709276156032
assign-seq,0,2-stackful,1,3,False,877551,0.021803691,24.846067066187608
assign-seq,0,2-stackful,1,4,False,877551,0.021850546999999998,24.89946111394095
assign-seq,0,2-stackless,1,0,True,877551,0.019025734000000002,21.68048808559275
assign-seq,0,2-stackless,1,1,True,877551,0.019047757,21.70558406292056
assign-seq,0,2-stackless,1,2,False,877551,0.019030611999999995,21.686046736884805
assign-seq,0,2-stackless,1,3,False,877551,0.019027205,21.68216434144568
assign-seq,0,2-stackless,1,4,False,877551,0.019066139999999995,21.726532133175162
assign-seq,0,1x,1,0,True,877551,0.0634191,72.26827842484369
assign-seq,0,1x,1,1,True,877551,0.0627475,71.50296677913876
assign-seq,0,1x,1,2,False,877551,0.0638497,72.75896215718515
assign-seq,0,1x,1,3,False,877551,0.0626349,71.37465514824778
assign-seq,0,1x,1,4,False,877551,0.0630517,71.84961329882822
assign-seq,0,2-stackless,2,0,True,877551,0.018890105,21.525934105254283
assign-seq,0,2-stackless,2,1,True,877551,0.018909381,21.547899780183716
assign-seq,0,2-stackless,2,2,False,877551,0.018865326,21.497697569713896
assign-seq,0,2-stackless,2,3,False,877551,0.018870617,21.50372684892388
assign-seq,0,2-stackless,2,4,False,877551,0.018873794,21.507347151333654
assign-seq,0,1x,2,0,True,877551,0.0617999,70.42314349821264
assign-seq,0,1x,2,1,True,877551,0.0610287,69.54433417544963
assign-seq,0,1x,2,2,False,877551,0.062042,70.69902489997732
assign-seq,0,1x,2,3,False,877551,0.0620165,70.66996675976667
assign-seq,0,1x,2,4,False,877551,0.0618655,70.49789698832319
assign-seq,0,2-stackful,2,0,True,877551,0.021839425000000003,24.886787206669474
assign-seq,0,2-stackful,2,1,True,877551,0.021825777,24.871234834214764
assign-seq,0,2-stackful,2,2,False,877551,0.021840278999999997,24.887760369482795
assign-seq,0,2-stackful,2,3,False,877551,0.021807598999999997,24.85052036861675
assign-seq,0,2-stackful,2,4,False,877551,0.02180169500000001,24.843792554506816
take-seq,8,2-stackless,0,0,True,483841,0.020332618,42.02334651259401
take-seq,8,2-stackless,0,1,True,483841,0.020293157000000003,41.941788728115235
take-seq,8,2-stackless,0,2,False,483841,0.020300467000000003,41.95689699715403
take-seq,8,2-stackless,0,3,False,483841,0.02035619000000001,42.07206499655881
take-seq,8,2-stackless,0,4,False,483841,0.020332899999999987,42.02392934869097
take-seq,8,1x,0,0,True,483841,0.0241021,49.814091819420014
take-seq,8,1x,0,1,True,483841,0.0240273,49.6594955780928
take-seq,8,1x,0,2,False,483841,0.0240227,49.64998832261011
take-seq,8,1x,0,3,False,483841,0.0240233,49.651228399412204
take-seq,8,1x,0,4,False,483841,0.0240267,49.65825550129071
take-seq,8,2-stackful,0,0,True,483841,0.020106465,41.5559346975556
take-seq,8,2-stackful,0,1,True,483841,0.020072556000000002,41.48585175708549
take-seq,8,2-stackful,0,2,False,483841,0.020038506000000005,41.41547739856689
take-seq,8,2-stackful,0,3,False,483841,0.020040695999999997,41.4200036788945
take-seq,8,2-stackful,0,4,False,483841,0.020125490999999995,41.595257532949866
take-seq,8,2-stackful,1,0,True,483841,0.020106039,41.55505424302612
take-seq,8,2-stackful,1,1,True,483841,0.020117839000000002,41.579442420133894
take-seq,8,2-stackful,1,2,False,483841,0.020140474,41.62622431749273
take-seq,8,2-stackful,1,3,False,483841,0.020092177999999995,41.52640640210316
take-seq,8,2-stackful,1,4,False,483841,0.020087931000000003,41.517628725139055
take-seq,8,1x,1,0,True,483841,0.0240955,49.80045097459703
take-seq,8,1x,1,1,True,483841,0.0240366,49.6787167685252
take-seq,8,1x,1,2,False,483841,0.0240617,49.73059331474596
take-seq,8,1x,1,3,False,483841,0.0240252,49.65515530928549
take-seq,8,1x,1,4,False,483841,0.0240168,49.63779423405623
take-seq,8,2-stackless,1,0,True,483841,0.020282704999999998,41.92018659022281
take-seq,8,2-stackless,1,1,True,483841,0.020297992,41.951781680345405
take-seq,8,2-stackless,1,2,False,483841,0.020271977000000004,41.89801401700146
take-seq,8,2-stackless,1,3,False,483841,0.020133501999999998,41.61181462505244
take-seq,8,2-stackless,1,4,False,483841,0.02022569299999999,41.80235449248821
take-seq,8,1x,2,0,True,483841,0.0241023,49.81450517835405
take-seq,8,1x,2,1,True,483841,0.0240327,49.670656269311614
take-seq,8,1x,2,2,False,483841,0.0241097,49.82979945891316
take-seq,8,1x,2,3,False,483841,0.0240361,49.67768337119012
take-seq,8,1x,2,4,False,483841,0.0240246,49.6539152324834
take-seq,8,2-stackless,2,0,True,483841,0.020195081,41.739085774045606
take-seq,8,2-stackless,2,1,True,483841,0.020305855999999997,41.96803495363145
take-seq,8,2-stackless,2,2,False,483841,0.020189995000000002,41.72857405635323
take-seq,8,2-stackless,2,3,False,483841,0.020168474,41.684094568256924
take-seq,8,2-stackless,2,4,False,483841,0.020371145000000007,42.10297391085089
take-seq,8,2-stackful,2,0,True,483841,0.020048879999999998,41.43691832647501
take-seq,8,2-stackful,2,1,True,483841,0.020125809999999997,41.59591684044965
take-seq,8,2-stackful,2,2,False,483841,0.020096081999999994,41.53447516849542
take-seq,8,2-stackful,2,3,False,483841,0.020134041,41.61292862737965
take-seq,8,2-stackful,2,4,False,483841,0.020184122,41.71643577125543
take-table,8,2-stackful,0,0,True,628123,0.064518866,102.71692964594513
take-table,8,2-stackful,0,1,True,628123,0.06424589800000001,102.28235234181841
take-table,8,2-stackful,0,2,False,628123,0.06417756299999999,102.17355995561378
take-table,8,2-stackful,0,3,False,628123,0.064513447,102.70830235479357
take-table,8,2-stackful,0,4,False,628123,0.06417103000000002,102.16315912647684
take-table,8,2-stackless,0,0,True,628123,0.06511676400000001,103.66881008974359
take-table,8,2-stackless,0,1,True,628123,0.06498898100000002,103.46537382009576
take-table,8,2-stackless,0,2,False,628123,0.06501248100000001,103.50278687454528
take-table,8,2-stackless,0,3,False,628123,0.06536299699999998,104.06082407426567
take-table,8,2-stackless,0,4,False,628123,0.06532017499999998,103.99264952883429
take-table,8,1x,0,0,True,628123,0.0201292,32.046589601081315
take-table,8,1x,0,1,True,628123,0.0202436,32.22871953423135
take-table,8,1x,0,2,False,628123,0.0201972,32.154848652254415
take-table,8,1x,0,3,False,628123,0.0201261,32.04165426198372
take-table,8,1x,0,4,False,628123,0.0200826,31.97240031013034
take-table,8,2-stackful,1,0,True,628123,0.06450443900000001,102.69396121460288
take-table,8,2-stackful,1,1,True,628123,0.06433527400000001,102.42464294413676
take-table,8,2-stackful,1,2,False,628123,0.064254949,102.29676193993853
take-table,8,2-stackful,1,3,False,628123,0.06450064000000003,102.68791303614104
take-table,8,2-stackful,1,4,False,628123,0.06422951100000002,102.25626350253057
take-table,8,1x,1,0,True,628123,0.01933,30.774227340823373
take-table,8,1x,1,1,True,628123,0.0200046,31.848220810255317
take-table,8,1x,1,2,False,628123,0.020029,31.887066705088017
take-table,8,1x,1,3,False,628123,0.0198128,31.542866604152373
take-table,8,1x,1,4,False,628123,0.0198163,31.548438761198046
take-table,8,2-stackless,1,0,True,628123,0.074528004,118.65192645389517
take-table,8,2-stackless,1,1,True,628123,0.07417936500000001,118.09687752239611
take-table,8,2-stackless,1,2,False,628123,0.073002009,116.22247394220558
take-table,8,2-stackless,1,3,False,628123,0.073977147,117.77493739283548
take-table,8,2-stackless,1,4,False,628123,0.07358595299999998,117.15213899188532
take-table,8,2-stackless,2,0,True,628123,0.064655661,102.93471342396315
take-table,8,2-stackless,2,1,True,628123,0.06523698699999998,103.86021050017271
take-table,8,2-stackless,2,2,False,628123,0.065295889,103.95398512711681
take-table,8,2-stackless,2,3,False,628123,0.06538849199999996,104.1014132582312
take-table,8,2-stackless,2,4,False,628123,0.06559920699999999,104.43688099305389
take-table,8,2-stackful,2,0,True,628123,0.06451172699999999,102.70556403761682
take-table,8,2-stackful,2,1,True,628123,0.06463151000000002,102.89626394830314
take-table,8,2-stackful,2,2,False,628123,0.06422022900000002,102.24148614204545
take-table,8,2-stackful,2,3,False,628123,0.06463770199999999,102.90612189013935
take-table,8,2-stackful,2,4,False,628123,0.06406667099999996,101.99701491586833
take-table,8,1x,2,0,True,628123,0.0192728,30.683162374248354
take-table,8,1x,2,1,True,628123,0.0198676,31.630110663038927
take-table,8,1x,2,2,False,628123,0.0199698,31.792817648772612
take-table,8,1x,2,3,False,628123,0.0196854,31.340040087689832
take-table,8,1x,2,4,False,628123,0.0199929,31.82959388527406
const-table,256,1x,0,0,True,154943,0.0325868,210.31476091207733
const-table,256,1x,0,1,True,154943,0.0329782,212.84085115171385
const-table,256,1x,0,2,False,154943,0.0330414,213.24874308616717
const-table,256,1x,0,3,False,154943,0.0329324,212.5452585789613
const-table,256,1x,0,4,False,154943,0.0328476,211.9979605403277
const-table,256,2-stackful,0,0,True,154943,0.020114525,129.81886887436025
const-table,256,2-stackful,0,1,True,154943,0.020053285000000004,129.42362675306404
const-table,256,2-stackful,0,2,False,154943,0.020066444000000003,129.50855475884683
const-table,256,2-stackful,0,3,False,154943,0.02004847299999999,129.39257017096602
const-table,256,2-stackful,0,4,False,154943,0.020062899999999995,129.48568183138312
const-table,256,2-stackless,0,0,True,154943,0.019887184999999998,128.35161962786316
const-table,256,2-stackless,0,1,True,154943,0.019899637999999997,128.43199111931483
const-table,256,2-stackless,0,2,False,154943,0.01987655,128.28298148351328
const-table,256,2-stackless,0,3,False,154943,0.019870848000000003,128.24618085360424
const-table,256,2-stackless,0,4,False,154943,0.019899645999999993,128.43204275120524
const-table,256,2-stackful,1,0,True,154943,0.020080461,129.59902028487895
const-table,256,2-stackful,1,1,True,154943,0.020068175000000004,129.51972660914015
const-table,256,2-stackful,1,2,False,154943,0.020109657000000003,129.78745086902927
const-table,256,2-stackful,1,3,False,154943,0.020065329,129.50135856411714
const-table,256,2-stackful,1,4,False,154943,0.020058944999999995,129.46015631554826
const-table,256,1x,1,0,True,154943,0.0325323,209.9630186584744
const-table,256,1x,1,1,True,154943,0.032904,212.3619653679095
const-table,256,1x,1,2,False,154943,0.0329526,212.67562910231504
const-table,256,1x,1,3,False,154943,0.0328474,211.9966697430668
const-table,256,1x,1,4,False,154943,0.0329863,212.89312844078148
const-table,256,2-stackless,1,0,True,154943,0.019923174,128.58389214098088
const-table,256,2-stackless,1,1,True,154943,0.019939085000000002,128.68658151707405
const-table,256,2-stackless,1,2,False,154943,0.019867463999999994,128.22434056394928
const-table,256,2-stackless,1,3,False,154943,0.019881430999999998,128.31448339066623
const-table,256,2-stackless,1,4,False,154943,0.019867869999999996,128.226960882389
const-table,256,2-stackless,2,0,True,154943,0.019893547,128.39267988873328
const-table,256,2-stackless,2,1,True,154943,0.019928209000000002,128.61638796202476
const-table,256,2-stackless,2,2,False,154943,0.019887801000000004,128.35559528342682
const-table,256,2-stackless,2,3,False,154943,0.019932886999999996,128.64657970995782
const-table,256,2-stackless,2,4,False,154943,0.019859059999999998,128.1701012630451
const-table,256,1x,2,0,True,154943,0.0324898,209.68872424052716
const-table,256,1x,2,1,True,154943,0.0331213,213.764416591908
const-table,256,1x,2,2,False,154943,0.0330237,213.13450752857506
const-table,256,1x,2,3,False,154943,0.0328783,212.1960979198802
const-table,256,1x,2,4,False,154943,0.0327937,211.6500906785076
const-table,256,2-stackful,2,0,True,154943,0.020111925,129.80208850996817
const-table,256,2-stackful,2,1,True,154943,0.020062161999999998,129.48091878949032
const-table,256,2-stackful,2,2,False,154943,0.020097643000000005,129.7099126775653
const-table,256,2-stackful,2,3,False,154943,0.020062575,129.48358428583416
const-table,256,2-stackful,2,4,False,154943,0.020063835000000002,129.49171630857802
assign-table,64,2-stackful,0,0,True,37564,0.020117172,535.5439250346076
assign-table,64,2-stackful,0,1,True,37564,0.020116883999999998,535.536258119476
assign-table,64,2-stackful,0,2,False,37564,0.020129429999999997,535.8702481098924
assign-table,64,2-stackful,0,3,False,37564,0.020098080000000004,535.0356724523481
assign-table,64,2-stackful,0,4,False,37564,0.020112339000000007,535.4152646150571
assign-table,64,2-stackless,0,0,True,37564,0.019978838000000002,531.8613033755724
assign-table,64,2-stackless,0,1,True,37564,0.019964441,531.4780374826962
assign-table,64,2-stackless,0,2,False,37564,0.019961570000000005,531.4016079224791
assign-table,64,2-stackless,0,3,False,37564,0.019968616,531.58918113087
assign-table,64,2-stackless,0,4,False,37564,0.019961847000000005,531.4089820040465
assign-table,64,1x,0,0,True,37564,0.162388,4322.968799914812
assign-table,64,1x,0,1,True,37564,0.163529,4353.343626876797
assign-table,64,1x,0,2,False,37564,0.164451,4377.888403790864
assign-table,64,1x,0,3,False,37564,0.166961,4444.707698860611
assign-table,64,1x,0,4,False,37564,0.161287,4293.658822276648
assign-table,64,2-stackful,1,0,True,37564,0.020124167,535.7301405601107
assign-table,64,2-stackful,1,1,True,37564,0.020108459000000002,535.3119742306465
assign-table,64,2-stackful,1,2,False,37564,0.020108764,535.3200937067405
assign-table,64,2-stackful,1,3,False,37564,0.020020994,532.9835480779469
assign-table,64,2-stackful,1,4,False,37564,0.020118640000000007,535.583005004792
assign-table,64,2-stackless,1,0,True,37564,0.020006279,532.5918166329465
assign-table,64,2-stackless,1,1,True,37564,0.019999475,532.4106857629646
assign-table,64,2-stackless,1,2,False,37564,0.019972316000000004,531.6876796933235
assign-table,64,2-stackless,1,3,False,37564,0.019955361000000005,531.236316686189
assign-table,64,2-stackless,1,4,False,37564,0.019976463,531.7980779469705
assign-table,64,1x,1,0,True,37564,0.162615,4329.011819827494
assign-table,64,1x,1,1,True,37564,0.163093,4341.736769247152
assign-table,64,1x,1,2,False,37564,0.161973,4311.920988180173
assign-table,64,1x,1,3,False,37564,0.162057,4314.1571717601955
assign-table,64,1x,1,4,False,37564,0.163283,4346.7948035353
assign-table,64,2-stackless,2,0,True,37564,0.019988214999999997,532.1109306783089
assign-table,64,2-stackless,2,1,True,37564,0.020009737999999996,532.6838994782237
assign-table,64,2-stackless,2,2,False,37564,0.019918587,530.2573474603344
assign-table,64,2-stackless,2,3,False,37564,0.019903372999999995,529.852332020019
assign-table,64,2-stackless,2,4,False,37564,0.019967957999999994,531.571664359493
assign-table,64,2-stackful,2,0,True,37564,0.020113033000000002,535.4337397508253
assign-table,64,2-stackful,2,1,True,37564,0.020118327000000002,535.574672558833
assign-table,64,2-stackful,2,2,False,37564,0.020109073000000005,535.3283196677671
assign-table,64,2-stackful,2,3,False,37564,0.020099394,535.0706527526355
assign-table,64,2-stackful,2,4,False,37564,0.02010524200000001,535.2263337237783
assign-table,64,1x,2,0,True,37564,0.164359,4375.439250346076
assign-table,64,1x,2,1,True,37564,0.164292,4373.655627728676
assign-table,64,1x,2,2,False,37564,0.163182,4344.106058992653
assign-table,64,1x,2,3,False,37564,0.164079,4367.985305079331
assign-table,64,1x,2,4,False,37564,0.163995,4365.749121499308
add-float4,0,2-stackless,0,0,True,2455585,0.03754216899999999,15.28848278516117
add-float4,0,2-stackless,0,1,True,2455585,0.037684563,15.346470596619543
add-float4,0,2-stackless,0,2,False,2455585,0.037517246000000004,15.278333268854471
add-float4,0,2-stackless,0,3,False,2455585,0.03756651500000001,15.298397326909884
add-float4,0,2-stackless,0,4,False,2455585,0.037433984000000003,15.244426073624004
add-float4,0,1x,0,0,True,2455585,0.0157735,6.423520260956147
add-float4,0,1x,0,1,True,2455585,0.0157152,6.399778464194886
add-float4,0,1x,0,2,False,2455585,0.0158565,6.457320760633412
add-float4,0,1x,0,3,False,2455585,0.0157507,6.414235304418296
add-float4,0,1x,0,4,False,2455585,0.0156916,6.390167719708338
add-float4,0,2-stackful,0,0,True,2455585,0.045514417999999994,18.535061095421252
add-float4,0,2-stackful,0,1,True,2455585,0.045483659,18.522534956028807
add-float4,0,2-stackful,0,2,False,2455585,0.045498962000000004,18.52876687225244
add-float4,0,2-stackful,0,3,False,2455585,0.045505884999999996,18.531586159713466
add-float4,0,2-stackful,0,4,False,2455585,0.04545068699999999,18.509107605723276
add-float4,0,2-stackful,1,0,True,2455585,0.045548522,18.54894943567419
add-float4,0,2-stackful,1,1,True,2455585,0.045412136,18.49340829171053
add-float4,0,2-stackful,1,2,False,2455585,0.04530125,18.448251638611573
add-float4,0,2-stackful,1,3,False,2455585,0.04550169600000001,18.52988025256711
add-float4,0,2-stackful,1,4,False,2455585,0.04550264000000001,18.530264682346573
add-float4,0,1x,1,0,True,2455585,0.0156933,6.390860019099319
add-float4,0,1x,1,1,True,2455585,0.0159362,6.489777385022307
add-float4,0,1x,1,2,False,2455585,0.0155776,6.343742937019081
add-float4,0,1x,1,3,False,2455585,0.0156101,6.356978072434878
add-float4,0,1x,1,4,False,2455585,0.0156912,6.390004825733989
add-float4,0,2-stackless,1,0,True,2455585,0.037318508,15.197400212169402
add-float4,0,2-stackless,1,1,True,2455585,0.037326885000000004,15.200811619227194
add-float4,0,2-stackless,1,2,False,2455585,0.037301071000000005,15.190299256592628
add-float4,0,2-stackless,1,3,False,2455585,0.037257500999999985,15.172556030436732
add-float4,0,2-stackless,1,4,False,2455585,0.03725361599999999,15.170973922710878
add-float4,0,2-stackless,2,0,True,2455585,0.037364984000000004,15.21632686304893
add-float4,0,2-stackless,2,1,True,2455585,0.037293616,15.187263320145709
add-float4,0,2-stackless,2,2,False,2455585,0.037302242,15.19077612870253
add-float4,0,2-stackless,2,3,False,2455585,0.037263220000000014,15.17488500703499
add-float4,0,2-stackless,2,4,False,2455585,0.03729674599999999,15.18853796549498
add-float4,0,1x,2,0,True,2455585,0.0158436,6.452067429960682
add-float4,0,1x,2,1,True,2455585,0.015833,6.447750739640452
add-float4,0,1x,2,2,False,2455585,0.0157124,6.398638206374449
add-float4,0,1x,2,3,False,2455585,0.015673,6.382593149901144
add-float4,0,1x,2,4,False,2455585,0.0156673,6.38027191076668
add-float4,0,2-stackful,2,0,True,2455585,0.045529532,18.541216044242002
add-float4,0,2-stackful,2,1,True,2455585,0.045524093999999994,18.539001500660735
add-float4,0,2-stackful,2,2,False,2455585,0.045517326999999996,18.5362457418497
add-float4,0,2-stackful,2,3,False,2455585,0.04548607399999999,18.52351842839893
add-float4,0,2-stackful,2,4,False,2455585,0.045488535,18.524520633576113
assign-int,8,2-stackful,0,0,True,621881,0.024466025,39.341972177956876
assign-int,8,2-stackful,0,1,True,621881,0.024481513999999996,39.36687887232444
assign-int,8,2-stackful,0,2,False,621881,0.024511395,39.414928257978616
assign-int,8,2-stackful,0,3,False,621881,0.024530737999999996,39.44603227948755
assign-int,8,2-stackful,0,4,False,621881,0.024560193999999994,39.493398254649996
assign-int,8,1x,0,0,True,621881,0.0193834,31.16898570626856
assign-int,8,1x,0,1,True,621881,0.019197,30.869249904724537
assign-int,8,1x,0,2,False,621881,0.0190301,30.600870584565214
assign-int,8,1x,0,3,False,621881,0.0185734,29.866485710288625
assign-int,8,1x,0,4,False,621881,0.0196757,31.639011322101815
assign-int,8,2-stackless,0,0,True,621881,0.022853107,36.74836021682605
assign-int,8,2-stackless,0,1,True,621881,0.023114727999999998,37.169053243305385
assign-int,8,2-stackless,0,2,False,621881,0.022730073000000003,36.550518507560135
assign-int,8,2-stackless,0,3,False,621881,0.022921120000000003,36.85772679982184
assign-int,8,2-stackless,0,4,False,621881,0.022911242,36.84184273196962
assign-int,8,2-stackless,1,0,True,621881,0.022987272,36.964100848876235
assign-int,8,2-stackless,1,1,True,621881,0.022881446,36.7939300284138
assign-int,8,2-stackless,1,2,False,621881,0.022890366999999995,36.80827521664112
assign-int,8,2-stackless,1,3,False,621881,0.022709605000000008,36.51760545827901
assign-int,8,2-stackless,1,4,False,621881,0.02288083199999999,36.79294270125633
assign-int,8,1x,1,0,True,621881,0.0196639,31.620036630802357
assign-int,8,1x,1,1,True,621881,0.0195035,31.3621094711046
assign-int,8,1x,1,2,False,621881,0.0199545,32.08732860466874
assign-int,8,1x,1,3,False,621881,0.019021,30.58623755991902
assign-int,8,1x,1,4,False,621881,0.0194631,31.297145273774245
assign-int,8,2-stackful,1,0,True,621881,0.024503431,39.402121949376166
assign-int,8,2-stackful,1,1,True,621881,0.024501224999999998,39.39857464691797
assign-int,8,2-stackful,1,2,False,621881,0.024513972999999994,39.41907374562014
assign-int,8,2-stackful,1,3,False,621881,0.024503367999999998,39.40202064382092
assign-int,8,2-stackful,1,4,False,621881,0.024532924999999997,39.44954902947669
assign-int,8,2-stackful,2,0,True,621881,0.024479816999999997,39.36415005443163
assign-int,8,2-stackful,2,1,True,621881,0.024486626,39.375099094521296
assign-int,8,2-stackful,2,2,False,621881,0.024495151,39.38880750497282
assign-int,8,2-stackful,2,3,False,621881,0.024531009000000006,39.44646805417758
assign-int,8,2-stackful,2,4,False,621881,0.024713699000000006,39.74023808413508
assign-int,8,2-stackless,2,0,True,621881,0.022963827,36.9264007101037
assign-int,8,2-stackless,2,1,True,621881,0.022881442000000002,36.793923596315054
assign-int,8,2-stackless,2,2,False,621881,0.023005660000000004,36.99366920680967
assign-int,8,2-stackless,2,3,False,621881,0.022884111,36.798215414203035
assign-int,8,2-stackless,2,4,False,621881,0.022872455,36.77947227845842
assign-int,8,1x,2,0,True,621881,0.0190385,30.614377991930933
assign-int,8,1x,2,1,True,621881,0.0187796,30.19806040062327
assign-int,8,1x,2,2,False,621881,0.0186792,30.036614722109213
assign-int,8,1x,2,3,False,621881,0.0196641,31.620358235739634
assign-int,8,1x,2,4,False,621881,0.0194439,31.266271199795458
get-seq,8,2-stackless,0,0,True,778374,0.019754716,25.379465398381754
get-seq,8,2-stackless,0,1,True,778374,0.019687239999999998,25.292776994092815
get-seq,8,2-stackless,0,2,False,778374,0.019673072,25.274574947261858
get-seq,8,2-stackless,0,3,False,778374,0.019669316,25.26974950345207
get-seq,8,2-stackless,0,4,False,778374,0.019669068999999997,25.269432175278205
get-seq,8,2-stackful,0,0,True,778374,0.022313555000000002,28.666881216484626
get-seq,8,2-stackful,0,1,True,778374,0.022288943999999998,28.635262740019574
get-seq,8,2-stackful,0,2,False,778374,0.022344443999999998,28.706565224429383
get-seq,8,2-stackful,0,3,False,778374,0.022302604000000004,28.65281214429054
get-seq,8,2-stackful,0,4,False,778374,0.02224825200000001,28.58298452928799
get-seq,8,1x,0,0,True,778374,0.06469,83.1091480445133
get-seq,8,1x,0,1,True,778374,0.0650665,83.59284868199606
get-seq,8,1x,0,2,False,778374,0.0649158,83.39923995405806
get-seq,8,1x,0,3,False,778374,0.0653861,84.00344821384064
get-seq,8,1x,0,4,False,778374,0.0653402,83.94447913213956
get-seq,8,2-stackless,1,0,True,778374,0.019716801,25.33075488132954
get-seq,8,2-stackless,1,1,True,778374,0.019678887,25.282045649006776
get-seq,8,2-stackless,1,2,False,778374,0.019671611,25.272697957537122
get-seq,8,2-stackless,1,3,False,778374,0.019667091000000005,25.266890980428435
get-seq,8,2-stackless,1,4,False,778374,0.019683100999999995,25.28745949890412
get-seq,8,1x,1,0,True,778374,0.0911708,117.12981163296821
get-seq,8,1x,1,1,True,778374,0.0910204,116.93658832386488
get-seq,8,1x,1,2,False,778374,0.0911806,117.1424019815667
get-seq,8,1x,1,3,False,778374,0.0910713,117.0019810528101
get-seq,8,1x,1,4,False,778374,0.0909541,116.85141076140775
get-seq,8,2-stackful,1,0,True,778374,0.022318356,28.673049202568432
get-seq,8,2-stackful,1,1,True,778374,0.022286445999999998,28.63205348585641
get-seq,8,2-stackful,1,2,False,778374,0.022345209999999997,28.707549327187184
get-seq,8,2-stackful,1,3,False,778374,0.022275080999999988,28.6174525356705
get-seq,8,2-stackful,1,4,False,778374,0.022303230999999993,28.65361766965494
get-seq,8,1x,2,0,True,778374,0.0655375,84.19795625239281
get-seq,8,1x,2,1,True,778374,0.0651347,83.68046723040595
get-seq,8,1x,2,2,False,778374,0.0645148,82.88406344507911
get-seq,8,1x,2,3,False,778374,0.0641848,82.46010272696672
get-seq,8,1x,2,4,False,778374,0.0655957,84.27272750631445
get-seq,8,2-stackless,2,0,True,778374,0.019700034999999998,25.30921510739053
get-seq,8,2-stackless,2,1,True,778374,0.019697003,25.305319807701697
get-seq,8,2-stackless,2,2,False,778374,0.019688962000000004,25.294989298203696
get-seq,8,2-stackless,2,3,False,778374,0.019672514000000002,25.273858068229416
get-seq,8,2-stackless,2,4,False,778374,0.019690048,25.296384514385117
get-seq,8,2-stackful,2,0,True,778374,0.02228754,28.633458979873428
get-seq,8,2-stackful,2,1,True,778374,0.022305085000000002,28.655999558053075
get-seq,8,2-stackful,2,2,False,778374,0.022283230999999994,28.627923080678432
get-seq,8,2-stackful,2,3,False,778374,0.022283594000000004,28.628389437468368
get-seq,8,2-stackful,2,4,False,778374,0.022292693000000002,28.64007919072323
update-int,64,2-stackless,0,0,True,257391,0.019923431000000002,77.40531331709344
update-int,64,2-stackless,0,1,True,257391,0.019853733,77.13452684825809
update-int,64,2-stackless,0,2,False,257391,0.020003761000000002,77.71740659152806
update-int,64,2-stackless,0,3,False,257391,0.019850856999999993,77.12335318639732
update-int,64,2-stackless,0,4,False,257391,0.01982877799999999,77.03757318631962
update-int,64,1x,0,0,True,257391,0.0216761,84.2146772808684
update-int,64,1x,0,1,True,257391,0.0214247,83.23795315298514
update-int,64,1x,0,2,False,257391,0.0217687,84.57444121977846
update-int,64,1x,0,3,False,257391,0.0219445,85.25744878414552
update-int,64,1x,0,4,False,257391,0.0216206,83.99905202590611
update-int,64,2-stackful,0,0,True,257391,0.020506077999999997,79.66897832480544
update-int,64,2-stackful,0,1,True,257391,0.020513233000000002,79.69677649956682
update-int,64,2-stackful,0,2,False,257391,0.020561377,79.8838226666822
update-int,64,2-stackful,0,3,False,257391,0.020491681000000005,79.61304396812633
update-int,64,2-stackful,0,4,False,257391,0.02055443,79.85683260098449
update-int,64,2-stackful,1,0,True,257391,0.020570386,79.91882389050122
update-int,64,2-stackful,1,1,True,257391,0.020561311,79.8835662474601
update-int,64,2-stackful,1,2,False,257391,0.020502173999999998,79.65381073930322
update-int,64,2-stackful,1,3,False,257391,0.020584146999999997,79.97228729831266
update-int,64,2-stackful,1,4,False,257391,0.020489869999999993,79.60600798007698
update-int,64,2-stackless,1,0,True,257391,0.01998271,77.63562051509183
update-int,64,2-stackless,1,1,True,257391,0.019875209000000005,77.2179641090792
update-int,64,2-stackless,1,2,False,257391,0.019835717000000003,77.06453217089954
update-int,64,2-stackless,1,3,False,257391,0.019737880999999992,76.68442564036813
update-int,64,2-stackless,1,4,False,257391,0.019762709000000003,76.78088588956103
update-int,64,1x,1,0,True,257391,0.0218738,84.98276940530167
update-int,64,1x,1,1,True,257391,0.0216105,83.9598121146427
update-int,64,1x,1,2,False,257391,0.0214576,83.3657742500709
update-int,64,1x,1,3,False,257391,0.0216407,84.07714333446002
update-int,64,1x,1,4,False,257391,0.0217165,84.37163692592205
update-int,64,1x,2,0,True,257391,0.0215584,83.75739633475918
update-int,64,1x,2,1,True,257391,0.0216499,84.11288661996728
update-int,64,1x,2,2,False,257391,0.0222102,86.2897304101542
update-int,64,1x,2,3,False,257391,0.0215683,83.79585921807679
update-int,64,1x,2,4,False,257391,0.0216009,83.92251477324382
update-int,64,2-stackless,2,0,True,257391,0.019903621,77.32834869906097
update-int,64,2-stackless,2,1,True,257391,0.019723288,76.62772979630212
update-int,64,2-stackless,2,2,False,257391,0.019851179000000004,77.12460420139011
update-int,64,2-stackless,2,3,False,257391,0.019894713999999994,77.29374375949428
update-int,64,2-stackless,2,4,False,257391,0.019836647,77.06814535084754
update-int,64,2-stackful,2,0,True,257391,0.020535798999999997,79.78444856269255
update-int,64,2-stackful,2,1,True,257391,0.020544572000000004,79.81853289353553
update-int,64,2-stackful,2,2,False,257391,0.020485904,79.59059951591159
update-int,64,2-stackful,2,3,False,257391,0.020536868999999992,79.78860566220261
update-int,64,2-stackful,2,4,False,257391,0.02048050700000001,79.56963141679394
get-int,256,2-stackful,0,0,True,161180,0.031950038,198.2258220622906
get-int,256,2-stackful,0,1,True,161180,0.032011533,198.6073520287877
get-int,256,2-stackful,0,2,False,161180,0.03207762600000001,199.01740910782982
get-int,256,2-stackful,0,3,False,161180,0.032029784000000006,198.72058568060555
get-int,256,2-stackful,0,4,False,161180,0.032445689,201.3009616577739
get-int,256,2-stackless,0,0,True,161180,0.031455505999999994,195.15762501551058
get-int,256,2-stackless,0,1,True,161180,0.031266014999999994,193.98197667204363
get-int,256,2-stackless,0,2,False,161180,0.031528606,195.61115523017745
get-int,256,2-stackless,0,3,False,161180,0.03121921900000002,193.69164288373258
get-int,256,2-stackless,0,4,False,161180,0.031202172,193.58587914133267
get-int,256,1x,0,0,True,161180,0.0202428,125.59126442486661
get-int,256,1x,0,1,True,161180,0.0201643,125.10423129420523
get-int,256,1x,0,2,False,161180,0.020249,125.6297307358233
get-int,256,1x,0,3,False,161180,0.0203021,125.95917607643628
get-int,256,1x,0,4,False,161180,0.0201043,124.73197667204367
get-int,256,2-stackful,1,0,True,161180,0.032194205000000004,199.740693634446
get-int,256,2-stackful,1,1,True,161180,0.031969218,198.34481945650825
get-int,256,2-stackful,1,2,False,161180,0.031950724,198.23007817347064
get-int,256,2-stackful,1,3,False,161180,0.03219844499999999,199.76699962774532
get-int,256,2-stackful,1,4,False,161180,0.03213892900000001,199.397747859536
get-int,256,2-stackless,1,0,True,161180,0.031330074,194.37941431939447
get-int,256,2-stackless,1,1,True,161180,0.03142902200000001,194.99331182528854
get-int,256,2-stackless,1,2,False,161180,0.03121534699999999,193.66762005211558
get-int,256,2-stackless,1,3,False,161180,0.03139887100000001,194.80624767340865
get-int,256,2-stackless,1,4,False,161180,0.03138057899999999,194.6927596475989
get-int,256,1x,1,0,True,161180,0.020302,125.95855565206601
get-int,256,1x,1,1,True,161180,0.0201316,124.90135252512718
get-int,256,1x,1,2,False,161180,0.0203247,126.09939198411713
get-int,256,1x,1,3,False,161180,0.0202282,125.50068246680729
get-int,256,1x,1,4,False,161180,0.0202651,125.72961905943666
get-int,256,2-stackless,2,0,True,161180,0.031246744,193.8624146916491
get-int,256,2-stackless,2,1,True,161180,0.03126749000000001,193.9911279315052
get-int,256,2-stackless,2,2,False,161180,0.03142988399999999,194.99865988336018
get-int,256,2-stackless,2,3,False,161180,0.031290488000000005,194.1338131281797
get-int,256,2-stackless,2,4,False,161180,0.031287069,194.11260081896017
get-int,256,2-stackful,2,0,True,161180,0.032037661,198.76945650825166
get-int,256,2-stackful,2,1,True,161180,0.03221597400000001,199.87575381560993
get-int,256,2-stackful,2,2,False,161180,0.03197122599999999,198.35727757786321
get-int,256,2-stackful,2,3,False,161180,0.03213532200000001,199.37536915250035
get-int,256,2-stackful,2,4,False,161180,0.032157992999999996,199.51602556148404
get-int,256,1x,2,0,True,161180,0.0199995,124.08177193200149
get-int,256,1x,2,1,True,161180,0.0203127,126.02494105968482
get-int,256,1x,2,2,False,161180,0.020179,125.19543367663482
get-int,256,1x,2,3,False,161180,0.0203829,126.46047896761385
get-int,256,1x,2,4,False,161180,0.0200248,124.23873929767961
assign-seq,8,1x,0,0,True,234896,0.14458,615.5064368912199
assign-seq,8,1x,0,1,True,234896,0.14473,616.145017369389
assign-seq,8,1x,0,2,False,234896,0.145829,620.8236836727743
assign-seq,8,1x,0,3,False,234896,0.143528,611.0278591376609
assign-seq,8,1x,0,4,False,234896,0.144466,615.0211157278114
assign-seq,8,2-stackless,0,0,True,234896,0.020031217,85.2769608677883
assign-seq,8,2-stackless,0,1,True,234896,0.019992728999999997,85.11310963149647
assign-seq,8,2-stackless,0,2,False,234896,0.020007702000000002,85.17685273482735
assign-seq,8,2-stackless,0,3,False,234896,0.020107677999999997,85.60247088073018
assign-seq,8,2-stackless,0,4,False,234896,0.020031912,85.27991962400381
assign-seq,8,2-stackful,0,0,True,234896,0.020801234,88.55507969484367
assign-seq,8,2-stackful,0,1,True,234896,0.020818351000000002,88.62795024180916
assign-seq,8,2-stackful,0,2,False,234896,0.020778646999999997,88.45892224644096
assign-seq,8,2-stackful,0,3,False,234896,0.020785771,88.48925056195083
assign-seq,8,2-stackful,0,4,False,234896,0.020835761000000008,88.70206814930866
assign-seq,8,2-stackless,1,0,True,234896,0.021476784,91.43103330835774
assign-seq,8,2-stackless,1,1,True,234896,0.021509903999999996,91.57203187793745
assign-seq,8,2-stackless,1,2,False,234896,0.021513486999999998,91.58728543695932
assign-seq,8,2-stackless,1,3,False,234896,0.021540898000000003,91.70397963353996
assign-seq,8,2-stackless,1,4,False,234896,0.021496653000000004,91.51561967849604
assign-seq,8,1x,1,0,True,234896,0.147432,627.6479803828078
assign-seq,8,1x,1,1,True,234896,0.144827,616.557966078605
assign-seq,8,1x,1,2,False,234896,0.143871,612.4880798310742
assign-seq,8,1x,1,3,False,234896,0.143966,612.8925141339146
assign-seq,8,1x,1,4,False,234896,0.143689,611.7132688508957
assign-seq,8,2-stackful,1,0,True,234896,0.020786892,88.49402288672434
assign-seq,8,2-stackful,1,1,True,234896,0.020769186999999998,88.41864910428443
assign-seq,8,2-stackful,1,2,False,234896,0.020764531000000003,88.39882756624209
assign-seq,8,2-stackful,1,3,False,234896,0.020796559,88.53517726994075
assign-seq,8,2-stackful,1,4,False,234896,0.020812783,88.6042461344595
assign-seq,8,2-stackful,2,0,True,234896,0.020766258,88.4061797561474
assign-seq,8,2-stackful,2,1,True,234896,0.020818031,88.62658793678905
assign-seq,8,2-stackful,2,2,False,234896,0.020802721999999996,88.5614144131871
assign-seq,8,2-stackful,2,3,False,234896,0.020790859000000002,88.51091121177032
assign-seq,8,2-stackful,2,4,False,234896,0.020842143999999993,88.72924187725629
assign-seq,8,2-stackless,2,0,True,234896,0.020016479,85.2142182072066
assign-seq,8,2-stackless,2,1,True,234896,0.020045915999999997,85.33953749744566
assign-seq,8,2-stackless,2,2,False,234896,0.020086923,85.51411262856753
assign-seq,8,2-stackless,2,3,False,234896,0.020006183000000004,85.17038604318509
assign-seq,8,2-stackless,2,4,False,234896,0.020040146999999994,85.31497769225527
assign-seq,8,1x,2,0,True,234896,0.145957,621.3686056808119
assign-seq,8,1x,2,1,True,234896,0.145642,620.0275866766569
assign-seq,8,1x,2,2,False,234896,0.145601,619.8530413459573
assign-seq,8,1x,2,3,False,234896,0.145937,621.2834616170561
assign-seq,8,1x,2,4,False,234896,0.14592,621.2110891628636
take-table,256,1x,0,0,True,22858,0.0201962,883.5506168518681
take-table,256,1x,0,1,True,22858,0.020177,882.7106483506868
take-table,256,1x,0,2,False,22858,0.0199733,873.7991075334675
take-table,256,1x,0,3,False,22858,0.0199579,873.1253827981451
take-table,256,1x,0,4,False,22858,0.0200141,875.5840405984776
take-table,256,2-stackless,0,0,True,22858,0.073247693,3204.466401259953
take-table,256,2-stackless,0,1,True,22858,0.07324101499999999,3204.1742497156356
take-table,256,2-stackless,0,2,False,22858,0.07323879700000002,3204.077215854406
take-table,256,2-stackless,0,3,False,22858,0.07323123499999998,3203.746390760346
take-table,256,2-stackless,0,4,False,22858,0.07316627799999997,3200.904628576427
take-table,256,2-stackful,0,0,True,22858,0.07607125399999999,3327.9925627788953
take-table,256,2-stackful,0,1,True,22858,0.07608480600000002,3328.58544054598
take-table,256,2-stackful,0,2,False,22858,0.07563050100000002,3308.7103421121715
take-table,256,2-stackful,0,3,False,22858,0.07621199000000001,3334.149531892554
take-table,256,2-stackful,0,4,False,22858,0.07645101599999998,3344.6065272552273
take-table,256,2-stackless,1,0,True,22858,0.073308319,3207.1186892991514
take-table,256,2-stackless,1,1,True,22858,0.073637024,3221.498993787733
take-table,256,2-stackless,1,2,False,22858,0.073287519,3206.2087234228716
take-table,256,2-stackless,1,3,False,22858,0.07350352299999999,3215.6585440545973
take-table,256,2-stackless,1,4,False,22858,0.073386791,3210.551710560854
take-table,256,2-stackful,1,0,True,22858,0.076293209,3337.7027298976286
take-table,256,2-stackful,1,1,True,22858,0.076632933,3352.5650975588414
take-table,256,2-stackful,1,2,False,22858,0.076528441,3347.9937439846008
take-table,256,2-stackful,1,3,False,22858,0.07650926500000002,3347.1548254440463
take-table,256,2-stackful,1,4,False,22858,0.07633961499999997,3339.732916265639
take-table,256,1x,1,0,True,22858,0.0202426,885.5805407297227
take-table,256,1x,1,1,True,22858,0.0198328,867.6524630326363
take-table,256,1x,1,2,False,22858,0.0197401,863.5969901128708
take-table,256,1x,1,3,False,22858,0.0197535,864.1832181293202
take-table,256,1x,1,4,False,22858,0.0200823,878.5676787120483
take-table,256,2-stackless,2,0,True,22858,0.073426604,3212.2934639951004
take-table,256,2-stackless,2,1,True,22858,0.07330265799999999,3206.8710298363812
take-table,256,2-stackless,2,2,False,22858,0.07330230299999999,3206.8554991687806
take-table,256,2-stackless,2,3,False,22858,0.07337629600000001,3210.0925715285684
take-table,256,2-stackless,2,4,False,22858,0.07333805300000001,3208.4195030186374
take-table,256,1x,2,0,True,22858,0.020134,880.8294688949164
take-table,256,1x,2,1,True,22858,0.0199171,871.340449733135
take-table,256,1x,2,2,False,22858,0.0203926,892.1427946452008
take-table,256,1x,2,3,False,22858,0.0201156,880.0244990812845
take-table,256,1x,2,4,False,22858,0.0201506,881.5556916615627
take-table,256,2-stackful,2,0,True,22858,0.076147747,3331.3390060372735
take-table,256,2-stackful,2,1,True,22858,0.076318037,3338.788914165719
take-table,256,2-stackful,2,2,False,22858,0.07621587799999999,3334.3196255140424
take-table,256,2-stackful,2,3,False,22858,0.07618188600000003,3332.8325312800785
take-table,256,2-stackful,2,4,False,22858,0.076092871,3328.938271064835
assign-string,64,2-stackful,0,0,True,66819,0.044508339,666.1030395546177
assign-string,64,2-stackful,0,1,True,66819,0.044451753999999996,665.2561995839505
assign-string,64,2-stackful,0,2,False,66819,0.04452268299999999,666.3177090348553
assign-string,64,2-stackful,0,3,False,66819,0.044472494,665.5665903410707
assign-string,64,2-stackful,0,4,False,66819,0.044524851000000004,666.3501548960626
assign-string,64,2-stackless,0,0,True,66819,0.044396934,664.4357742558254
assign-string,64,2-stackless,0,1,True,66819,0.044389000000000005,664.3170355737142
assign-string,64,2-stackless,0,2,False,66819,0.044345804,663.6705727412862
assign-string,64,2-stackless,0,3,False,66819,0.044336547000000004,663.5320343016209
assign-string,64,2-stackless,0,4,False,66819,0.04441766999999999,664.7461051497328
assign-string,64,1x,0,0,True,66819,0.0201596,301.7046049776261
assign-string,64,1x,0,1,True,66819,0.0200093,299.45524476571035
assign-string,64,1x,0,2,False,66819,0.0203532,304.60198446549634
assign-string,64,1x,0,3,False,66819,0.0204157,305.53734716173545
assign-string,64,1x,0,4,False,66819,0.0201152,301.04012331821787
assign-string,64,2-stackful,1,0,True,66819,0.044484999,665.7537377093341
assign-string,64,2-stackful,1,1,True,66819,0.044469116999999996,665.5160508238673
assign-string,64,2-stackful,1,2,False,66819,0.04448804999999999,665.7993983747135
assign-string,64,2-stackful,1,3,False,66819,0.04443551699999998,665.013199838369
assign-string,64,2-stackful,1,4,False,66819,0.04445914100000001,665.3667519717446
assign-string,64,1x,1,0,True,66819,0.0199478,298.53484787261107
assign-string,64,1x,1,1,True,66819,0.0204494,306.04169472754756
assign-string,64,1x,1,2,False,66819,0.0202056,302.39303192205807
assign-string,64,1x,1,3,False,66819,0.0201869,302.11317140334336
assign-string,64,1x,1,4,False,66819,0.0206172,308.5529564944103
assign-string,64,2-stackless,1,0,True,66819,0.04437611599999999,664.1242161660605
assign-string,64,2-stackless,1,1,True,66819,0.044338904000000005,663.5673086996214
assign-string,64,2-stackless,1,2,False,66819,0.044500819999999996,665.9905116808094
assign-string,64,2-stackless,1,3,False,66819,0.04445824400000001,665.3533276463282
assign-string,64,2-stackless,1,4,False,66819,0.044299510999999986,662.977760816534
assign-string,64,2-stackless,2,0,True,66819,0.044372164,664.0650713120519
assign-string,64,2-stackless,2,1,True,66819,0.044431456,664.9524237118185
assign-string,64,2-stackless,2,2,False,66819,0.044305581999999996,663.068618207396
assign-string,64,2-stackless,2,3,False,66819,0.04432261200000001,663.3234858348676
assign-string,64,2-stackless,2,4,False,66819,0.04444504499999999,665.1557940106853
assign-string,64,2-stackful,2,0,True,66819,0.044595852,667.4127418847933
assign-string,64,2-stackful,2,1,True,66819,0.044469913,665.5279636031668
assign-string,64,2-stackful,2,2,False,66819,0.044458748000000006,665.3608704111107
assign-string,64,2-stackful,2,3,False,66819,0.044525567000000016,666.3608704111108
assign-string,64,2-stackful,2,4,False,66819,0.04444646899999999,665.1771053143565
assign-string,64,1x,2,0,True,66819,0.0200998,300.80964994986454
assign-string,64,1x,2,1,True,66819,0.0199128,298.0110447627172
assign-string,64,1x,2,2,False,66819,0.0198105,296.48004310151305
assign-string,64,1x,2,3,False,66819,0.0198705,297.3779912899026
assign-string,64,1x,2,4,False,66819,0.0199615,298.7398793756267
const-int,256,2-stackful,0,0,True,161080,0.020503299,127.28643531164639
const-int,256,2-stackful,0,1,True,161080,0.020389342999999997,126.57898559721875
const-int,256,2-stackful,0,2,False,161080,0.020379784999999997,126.5196486218028
const-int,256,2-stackful,0,3,False,161080,0.020380389000000006,126.52339831139811
const-int,256,2-stackful,0,4,False,161080,0.020408680999999998,126.69903774521974
const-int,256,1x,0,0,True,161080,0.0200311,124.35497889247578
const-int,256,1x,0,1,True,161080,0.0200462,124.4487211323566
const-int,256,1x,0,2,False,161080,0.0200012,124.16935684132109
const-int,256,1x,0,3,False,161080,0.0200245,124.31400546312392
const-int,256,1x,0,4,False,161080,0.0200165,124.26434070027315
const-int,256,2-stackless,0,0,True,161080,0.020568725,127.69260615843059
const-int,256,2-stackless,0,1,True,161080,0.02059458,127.85311646386889
const-int,256,2-stackless,0,2,False,161080,0.020558730999999997,127.63056245343927
const-int,256,2-stackless,0,3,False,161080,0.020572111000000004,127.7136267693072
const-int,256,2-stackless,0,4,False,161080,0.020533587000000006,127.4744661037994
const-int,256,2-stackless,1,0,True,161080,0.02053084,127.45741246585547
const-int,256,2-stackless,1,1,True,161080,0.020552569000000003,127.59230816985351
const-int,256,2-stackless,1,2,False,161080,0.02054202,127.5268189719394
const-int,256,2-stackless,1,3,False,161080,0.020532032999999998,127.4648187236156
const-int,256,2-stackless,1,4,False,161080,0.020520335,127.39219642413707
const-int,256,1x,1,0,True,161080,0.020119,124.90067047429848
const-int,256,1x,1,1,True,161080,0.0200514,124.48100322820959
const-int,256,1x,1,2,False,161080,0.0200663,124.57350384901912
const-int,256,1x,1,3,False,161080,0.0200782,124.64738018375962
const-int,256,1x,1,4,False,161080,0.0200452,124.44251303700025
const-int,256,2-stackful,1,0,True,161080,0.020420301999999998,126.77118202135583
const-int,256,2-stackful,1,1,True,161080,0.020386951999999996,126.56414204122173
const-int,256,2-stackful,1,2,False,161080,0.020377109999999997,126.50304196672458
const-int,256,2-stackful,1,3,False,161080,0.020355619,126.36962378942141
const-int,256,2-stackful,1,4,False,161080,0.020375650999999995,126.49398435559968
const-int,256,1x,2,0,True,161080,0.0200571,124.51638937174074
const-int,256,1x,2,1,True,161080,0.0200492,124.46734541842562
const-int,256,1x,2,2,False,161080,0.0200065,124.20225974670971
const-int,256,1x,2,3,False,161080,0.0199958,124.13583312639682
const-int,256,1x,2,4,False,161080,0.019995,124.13086665011174
const-int,256,2-stackless,2,0,True,161080,0.020558056999999998,127.62637819716909
const-int,256,2-stackless,2,1,True,161080,0.020552142000000002,127.58965731313636
const-int,256,2-stackless,2,2,False,161080,0.020537005000000004,127.49568537372737
const-int,256,2-stackless,2,3,False,161080,0.020546032000000006,127.55172585050911
const-int,256,2-stackless,2,4,False,161080,0.020654537,128.22533523714924
const-int,256,2-stackful,2,0,True,161080,0.020406787,126.68727961261484
const-int,256,2-stackful,2,1,True,161080,0.020400889000000002,126.65066426620315
const-int,256,2-stackful,2,2,False,161080,0.020140794999999996,125.03597591258999
const-int,256,2-stackful,2,3,False,161080,0.020329349000000004,126.20653712441026
const-int,256,2-stackful,2,4,False,161080,0.020416768000000002,126.74924261236653
update-seq,8,1x,0,0,True,596291,0.0990557,166.11973013176453
update-seq,8,1x,0,1,True,596291,0.0966527,162.0898185617425
update-seq,8,1x,0,2,False,596291,0.097181,162.97579537507693
update-seq,8,1x,0,3,False,596291,0.0976415,163.74806931514982
update-seq,8,1x,0,4,False,596291,0.0987585,165.62131576696612
update-seq,8,2-stackful,0,0,True,596291,0.022118153999999998,37.092885856066914
update-seq,8,2-stackful,0,1,True,596291,0.022082077,37.03238351744366
update-seq,8,2-stackful,0,2,False,596291,0.022066817999999995,37.00679366282569
update-seq,8,2-stackful,0,3,False,596291,0.022081384999999995,37.03122301024164
update-seq,8,2-stackful,0,4,False,596291,0.022081058,37.030674620277686
update-seq,8,2-stackless,0,0,True,596291,0.02029784,34.04015824488379
update-seq,8,2-stackless,0,1,True,596291,0.020098514,33.70588185969602
update-seq,8,2-stackless,0,2,False,596291,0.020053474,33.630348269552954
update-seq,8,2-stackless,0,3,False,596291,0.020263207000000005,33.982077542676315
update-seq,8,2-stackless,0,4,False,596291,0.020260357999999992,33.97729967415237
update-seq,8,2-stackful,1,0,True,596291,0.021961766,36.83061793654441
update-seq,8,2-stackful,1,1,True,596291,0.021792986,36.54756821753137
update-seq,8,2-stackful,1,2,False,596291,0.022053045000000007,36.98369588003174
update-seq,8,2-stackful,1,3,False,596291,0.022105237,37.071223613973714
update-seq,8,2-stackful,1,4,False,596291,0.022053132000000003,36.983841781948755
update-seq,8,1x,1,0,True,596291,0.0978926,164.16917243426448
update-seq,8,1x,1,1,True,596291,0.0981965,164.67882292370672
update-seq,8,1x,1,2,False,596291,0.0980155,164.37527985497013
update-seq,8,1x,1,3,False,596291,0.097543,163.58288151255007
update-seq,8,1x,1,4,False,596291,0.0986364,165.41654997308362
update-seq,8,2-stackless,1,0,True,596291,0.020108443,33.72253312560478
update-seq,8,2-stackless,1,1,True,596291,0.020044455000000003,33.615223104155525
update-seq,8,2-stackless,1,2,False,596291,0.020065481000000003,33.65048441113484
update-seq,8,2-stackless,1,3,False,596291,0.019992370999999995,33.527876489834654
update-seq,8,2-stackless,1,4,False,596291,0.020036169000000006,33.60132720433481
update-seq,8,2-stackless,2,0,True,596291,0.02013741,33.77111175583733
update-seq,8,2-stackless,2,1,True,596291,0.020010943,33.55902235653397
update-seq,8,2-stackless,2,2,False,596291,0.020059558000000005,33.64055134154298
update-seq,8,2-stackless,2,3,False,596291,0.020053063999999995,33.62966068580609
update-seq,8,2-stackless,2,4,False,596291,0.019989463,33.52299967633253
update-seq,8,1x,2,0,True,596291,0.0983141,164.87604206670903
update-seq,8,1x,2,1,True,596291,0.0990299,166.0764626667181
update-seq,8,1x,2,2,False,596291,0.0989864,166.00351170820957
update-seq,8,1x,2,3,False,596291,0.0978247,164.05530185765005
update-seq,8,1x,2,4,False,596291,0.0981423,164.58792770643865
update-seq,8,2-stackful,2,0,True,596291,0.022100411,37.06313025016309
update-seq,8,2-stackful,2,1,True,596291,0.022062039000000002,36.99877911959094
update-seq,8,2-stackful,2,2,False,596291,0.022076105999999998,37.02236995024241
update-seq,8,2-stackful,2,3,False,596291,0.022075560999999994,37.021455966969135
update-seq,8,2-stackful,2,4,False,596291,0.022061543000000003,36.9979473109606
make-table,8,1x,0,0,True,365835,0.0192874,52.72158213402217
make-table,8,1x,0,1,True,365835,0.0197899,54.09515218609482
make-table,8,1x,0,2,False,365835,0.0197713,54.044309593122584
make-table,8,1x,0,3,False,365835,0.0187706,51.30892342176118
make-table,8,1x,0,4,False,365835,0.0190339,52.02864679431984
make-table,8,2-stackless,0,0,True,365835,0.17868035499999999,488.4178796451952
make-table,8,2-stackless,0,1,True,365835,0.17867945600000001,488.4154222532016
make-table,8,2-stackless,0,2,False,365835,0.17859823500000005,488.1934068637502
make-table,8,2-stackless,0,3,False,365835,0.17868841400000002,488.43990870201054
make-table,8,2-stackless,0,4,False,365835,0.1787282480000001,488.5487938551535
make-table,8,2-stackful,0,0,True,365835,0.17462155799999998,477.32326868670293
make-table,8,2-stackful,0,1,True,365835,0.17482368700000003,477.8757827982561
make-table,8,2-stackful,0,2,False,365835,0.17486148499999998,477.97910260089924
make-table,8,2-stackful,0,3,False,365835,0.17468233999999994,477.48941462681245
make-table,8,2-stackful,0,4,False,365835,0.174779142,477.754020255033
make-table,8,1x,1,0,True,365835,0.0191485,52.341902770374624
make-table,8,1x,1,1,True,365835,0.0200696,54.85970451159676
make-table,8,1x,1,2,False,365835,0.0201053,54.957289488430575
make-table,8,1x,1,3,False,365835,0.0193816,52.97907526617191
make-table,8,1x,1,4,False,365835,0.0196915,53.826178468435224
make-table,8,2-stackless,1,0,True,365835,0.179022435,489.352946000246
make-table,8,2-stackless,1,1,True,365835,0.17920025500000003,489.83901212295166
make-table,8,2-stackless,1,2,False,365835,0.17921866199999997,489.88932715568484
make-table,8,2-stackless,1,3,False,365835,0.179249549,489.973755928219
make-table,8,2-stackless,1,4,False,365835,0.17895760800000005,489.1757431629015
make-table,8,2-stackful,1,0,True,365835,0.17413495599999998,475.9931553842579
make-table,8,2-stackful,1,1,True,365835,0.17417210100000002,476.0946902292018
make-table,8,2-stackful,1,2,False,365835,0.17373254,474.8931622179398
make-table,8,2-stackful,1,3,False,365835,0.17471585499999998,477.58102696570853
make-table,8,2-stackful,1,4,False,365835,0.174639914,477.37344431232657
make-table,8,2-stackless,2,0,True,365835,0.17864798399999998,488.3293943991143
make-table,8,2-stackless,2,1,True,365835,0.178843365,488.86346303661486
make-table,8,2-stackless,2,2,False,365835,0.17886339799999995,488.918222696024
make-table,8,2-stackless,2,3,False,365835,0.17890784299999996,489.03971189197307
make-table,8,2-stackless,2,4,False,365835,0.17875044400000006,488.6094660161003
make-table,8,2-stackful,2,0,True,365835,0.17486463500000002,477.9877130400318
make-table,8,2-stackful,2,1,True,365835,0.174714869,477.5783317615865
make-table,8,2-stackful,2,2,False,365835,0.17478278799999997,477.7639864966446
make-table,8,2-stackful,2,3,False,365835,0.17478723500000004,477.7761422499215
make-table,8,2-stackful,2,4,False,365835,0.174808619,477.8345948310031
make-table,8,1x,2,0,True,365835,0.0196067,53.59437998004565
make-table,8,1x,2,1,True,365835,0.0201065,54.960569655719105
make-table,8,1x,2,2,False,365835,0.0196094,53.60176035644484
make-table,8,1x,2,3,False,365835,0.0195877,53.54244399797723
make-table,8,1x,2,4,False,365835,0.0196176,53.62417483291648
add-int,64,1x,0,0,True,345920,0.022542,65.16535615171138
add-int,64,1x,0,1,True,345920,0.0224779,64.98005319148936
add-int,64,1x,0,2,False,345920,0.0225186,65.097710453284
add-int,64,1x,0,3,False,345920,0.022489,65.01214153561517
add-int,64,1x,0,4,False,345920,0.0225948,65.31799259944496
add-int,64,2-stackless,0,0,True,345920,0.022245121,64.30712592506939
add-int,64,2-stackless,0,1,True,345920,0.022593614999999997,65.31456695189638
add-int,64,2-stackless,0,2,False,345920,0.022997464999999995,66.48203341813135
add-int,64,2-stackless,0,3,False,345920,0.022875357,66.12903850601295
add-int,64,2-stackless,0,4,False,345920,0.022326337,64.54190853376504
add-int,64,2-stackful,0,0,True,345920,0.021039495,60.821851873265494
add-int,64,2-stackful,0,1,True,345920,0.021528535999999997,62.23559204440332
add-int,64,2-stackful,0,2,False,345920,0.02128866,61.54214847363552
add-int,64,2-stackful,0,3,False,345920,0.02276019800000001,65.79613205365405
add-int,64,2-stackful,0,4,False,345920,0.021519937000000003,62.21073369565219
add-int,64,1x,1,0,True,345920,0.0226263,65.40905411655874
add-int,64,1x,1,1,True,345920,0.0224731,64.96617715078631
add-int,64,1x,1,2,False,345920,0.0224675,64.94998843663275
add-int,64,1x,1,3,False,345920,0.0225173,65.09395235892691
add-int,64,1x,1,4,False,345920,0.0225285,65.12632978723404
add-int,64,2-stackful,1,0,True,345920,0.021654807999999998,62.600624421831625
add-int,64,2-stackful,1,1,True,345920,0.021636886999999997,62.54881764569841
add-int,64,2-stackful,1,2,False,345920,0.022099165999999996,63.8851931082331
add-int,64,2-stackful,1,3,False,345920,0.02263475999999999,65.43351063829785
add-int,64,2-stackful,1,4,False,345920,0.022195216000000004,64.16285846438484
add-int,64,2-stackless,1,0,True,345920,0.022838898,66.02364130434782
add-int,64,2-stackless,1,1,True,345920,0.022373952,64.6795559666975
add-int,64,2-stackless,1,2,False,345920,0.022717695000000003,65.67326260407032
add-int,64,2-stackless,1,3,False,345920,0.022007219999999994,63.619391766882494
add-int,64,2-stackless,1,4,False,345920,0.022525194999999998,65.11677555504161
add-int,64,2-stackful,2,0,True,345920,0.021134495,61.096481845513416
add-int,64,2-stackful,2,1,True,345920,0.022439046999999997,64.86773531452359
add-int,64,2-stackful,2,2,False,345920,0.02098527499999999,60.66511043015724
add-int,64,2-stackful,2,3,False,345920,0.021606159,62.45998785846439
add-int,64,2-stackful,2,4,False,345920,0.023868777999999993,69.00086147086029
add-int,64,1x,2,0,True,345920,0.0226198,65.39026364477336
add-int,64,1x,2,1,True,345920,0.0224605,64.9297525439408
add-int,64,1x,2,2,False,345920,0.0227613,65.7993177613321
add-int,64,1x,2,3,False,345920,0.0226286,65.41570305272896
add-int,64,1x,2,4,False,345920,0.0225426,65.16709065679926
add-int,64,2-stackless,2,0,True,345920,0.022450977,64.9022230573543
add-int,64,2-stackless,2,1,True,345920,0.022851715999999998,66.06069611470859
add-int,64,2-stackless,2,2,False,345920,0.022407577999999997,64.776763413506
add-int,64,2-stackless,2,3,False,345920,0.022684536000000005,65.57740518038854
add-int,64,2-stackless,2,4,False,345920,0.021685530999999994,62.68943975485659
assign-table,256,1x,0,0,True,9719,0.166439,17125.11575264945
assign-table,256,1x,0,1,True,9719,0.165504,17028.912439551394
assign-table,256,1x,0,2,False,9719,0.165871,17066.67352608293
assign-table,256,1x,0,3,False,9719,0.166458,17127.0706862846
assign-table,256,1x,0,4,False,9719,0.166689,17150.838563638234
assign-table,256,2-stackful,0,0,True,9719,0.020011438,2059.001749151147
assign-table,256,2-stackful,0,1,True,9719,0.020018032999999998,2059.680316905031
assign-table,256,2-stackful,0,2,False,9719,0.020012637,2059.1251157526494
assign-table,256,2-stackful,0,3,False,9719,0.020003610999999998,2058.1964193847098
assign-table,256,2-stackful,0,4,False,9719,0.020009460000000007,2058.7982302706046
assign-table,256,2-stackless,0,0,True,9719,0.019975262,2055.279555509826
assign-table,256,2-stackless,0,1,True,9719,0.019980194,2055.7870151250127
assign-table,256,2-stackless,0,2,False,9719,0.019981578,2055.9294166066466
assign-table,256,2-stackless,0,3,False,9719,0.01999508,2057.318654182529
assign-table,256,2-stackless,0,4,False,9719,0.01997128499999999,2054.8703570326156
assign-table,256,2-stackful,1,0,True,9719,0.020002256,2058.0570017491514
assign-table,256,2-stackful,1,1,True,9719,0.019998148999999996,2057.634427410227
assign-table,256,2-stackful,1,2,False,9719,0.019982792,2056.0543265768083
assign-table,256,2-stackful,1,3,False,9719,0.019994254999999996,2057.2337689062656
assign-table,256,2-stackful,1,4,False,9719,0.019986923000000004,2056.4793703055875
assign-table,256,2-stackless,1,0,True,9719,0.019983065,2056.082415886408
assign-table,256,2-stackless,1,1,True,9719,0.019947638000000004,2052.4372877868095
assign-table,256,2-stackless,1,2,False,9719,0.01997509,2055.2618582158657
assign-table,256,2-stackless,1,3,False,9719,0.019936874999999993,2051.3298693281195
assign-table,256,2-stackless,1,4,False,9719,0.019952464000000003,2052.933840930137
assign-table,256,1x,1,0,True,9719,0.165923,17072.023870768597
assign-table,256,1x,1,1,True,9719,0.166278,17108.55026237267
assign-table,256,1x,1,2,False,9719,0.167045,17187.467846486263
assign-table,256,1x,1,3,False,9719,0.16693,17175.635353431422
assign-table,256,1x,1,4,False,9719,0.164713,16947.52546558288
assign-table,256,2-stackful,2,0,True,9719,0.020026559,2060.557567650993
assign-table,256,2-stackful,2,1,True,9719,0.019998379000000004,2057.6580923963375
assign-table,256,2-stackful,2,2,False,9719,0.019995512,2057.3631031999175
assign-table,256,2-stackful,2,3,False,9719,0.020043829000000006,2062.334499434099
assign-table,256,2-stackful,2,4,False,9719,0.020011547000000005,2059.0129642967386
assign-table,256,2-stackless,2,0,True,9719,0.020004987999999998,2058.3381006276363
assign-table,256,2-stackless,2,1,True,9719,0.01999745,2057.562506430703
assign-table,256,2-stackless,2,2,False,9719,0.019903700000000003,2047.916452309909
assign-table,256,2-stackless,2,3,False,9719,0.019953499,2053.0403333676304
assign-table,256,2-stackless,2,4,False,9719,0.019852139000000005,2042.6112768803378
assign-table,256,1x,2,0,True,9719,0.16669,17150.941454882188
assign-table,256,1x,2,1,True,9719,0.166613,17143.018829097644
assign-table,256,1x,2,2,False,9719,0.164536,16929.31371540282
assign-table,256,1x,2,3,False,9719,0.16475,16951.33244160922
assign-table,256,1x,2,4,False,9719,0.16723,17206.502726617964
update-table,0,2-stackful,0,0,True,871107,0.021674699,24.881787197209988
update-table,0,2-stackful,0,1,True,871107,0.021655092,24.859279055271053
update-table,0,2-stackful,0,2,False,871107,0.021639741999999997,24.841657798640117
update-table,0,2-stackful,0,3,False,871107,0.02166673799999999,24.87264825101852
update-table,0,2-stackful,0,4,False,871107,0.021626821000000004,24.82682494802591
update-table,0,2-stackless,0,0,True,871107,0.018781514,21.560513232013978
update-table,0,2-stackless,0,1,True,871107,0.018696341000000002,21.462737643022038
update-table,0,2-stackless,0,2,False,871107,0.018729777000000003,21.501120987433236
update-table,0,2-stackless,0,3,False,871107,0.018740524,21.513458163004085
update-table,0,2-stackless,0,4,False,871107,0.018746607999999998,21.520442379638776
update-table,0,1x,0,0,True,871107,0.0618514,71.00321774477761
update-table,0,1x,0,1,True,871107,0.0619971,71.17047618719629
update-table,0,1x,0,2,False,871107,0.0620478,71.22867799248543
update-table,0,1x,0,3,False,871107,0.0611388,70.18517816984595
update-table,0,1x,0,4,False,871107,0.0620151,71.19113955002084
update-table,0,2-stackless,1,0,True,871107,0.019222503,22.066752993604688
update-table,0,2-stackless,1,1,True,871107,0.019000282,21.81165115192508
update-table,0,2-stackless,1,2,False,871107,0.018971659000000002,21.77879296114025
update-table,0,2-stackless,1,3,False,871107,0.019037037,21.853844590848198
update-table,0,2-stackless,1,4,False,871107,0.019180978,22.019083763533068
update-table,0,1x,1,0,True,871107,0.0620219,71.19894570931011
update-table,0,1x,1,1,True,871107,0.0621316,71.3248774260797
update-table,0,1x,1,2,False,871107,0.0614291,70.5184322936218
update-table,0,1x,1,3,False,871107,0.0617758,70.91643162091454
update-table,0,1x,1,4,False,871107,0.0618045,70.94937820497367
update-table,0,2-stackful,1,0,True,871107,0.021693353000000002,24.903201328883828
update-table,0,2-stackful,1,1,True,871107,0.021657063999999997,24.861542841464935
update-table,0,2-stackful,1,2,False,871107,0.021628527,24.82878337563583
update-table,0,2-stackful,1,3,False,871107,0.021637996999999992,24.839654600410732
update-table,0,2-stackful,1,4,False,871107,0.021652176999999995,24.855932738458073
update-table,0,2-stackless,2,0,True,871107,0.019228375000000002,22.0734938417439
update-table,0,2-stackless,2,1,True,871107,0.019211224999999995,22.053806248830508
update-table,0,2-stackless,2,2,False,871107,0.019197042999999997,22.037525814853968
update-table,0,2-stackless,2,3,False,871107,0.019182697,22.02105711468281
update-table,0,2-stackless,2,4,False,871107,0.019195134000000003,22.035334350429974
update-table,0,1x,2,0,True,871107,0.0622536,71.46492910744604
update-table,0,1x,2,1,True,871107,0.0619466,71.11250397482743
update-table,0,1x,2,2,False,871107,0.0614015,70.48674847062416
update-table,0,1x,2,3,False,871107,0.0617979,70.94180163860467
update-table,0,1x,2,4,False,871107,0.0618206,70.96786043505563
update-table,0,2-stackful,2,0,True,871107,0.021690083,24.899447484637363
update-table,0,2-stackful,2,1,True,871107,0.021676147,24.88344944995276
update-table,0,2-stackful,2,2,False,871107,0.021623545,24.823064215991835
update-table,0,2-stackful,2,3,False,871107,0.02165240900000001,24.856199066245605
update-table,0,2-stackful,2,4,False,871107,0.021653690000000003,24.857669608899943
const-int,0,1x,0,0,True,2977254,0.0191046,6.416852576232999
const-int,0,1x,0,1,True,2977254,0.0190391,6.3948524378504485
const-int,0,1x,0,2,False,2977254,0.0189608,6.368553035783981
const-int,0,1x,0,3,False,2977254,0.019089,6.411612848618224
const-int,0,1x,0,4,False,2977254,0.0189596,6.368149979813613
const-int,0,2-stackless,0,0,True,2977254,0.044835222,15.0592532582037
const-int,0,2-stackless,0,1,True,2977254,0.04481385200000001,15.05207550313141
const-int,0,2-stackless,0,2,False,2977254,0.044845932000000005,15.062850532739231
const-int,0,2-stackless,0,3,False,2977254,0.044835703000000005,15.059414816471826
const-int,0,2-stackless,0,4,False,2977254,0.04472163000000001,15.021099980048735
const-int,0,2-stackful,0,0,True,2977254,0.054538257,18.318308414397965
const-int,0,2-stackful,0,1,True,2977254,0.054552863,18.323214277317287
const-int,0,2-stackful,0,2,False,2977254,0.054541458,18.31938356619892
const-int,0,2-stackful,0,3,False,2977254,0.054543377000000004,18.320028119871534
const-int,0,2-stackful,0,4,False,2977254,0.05453923999999999,18.318638584413687
const-int,0,2-stackful,1,0,True,2977254,0.05456464,18.327169935786465
const-int,0,2-stackful,1,1,True,2977254,0.054565063999999996,18.327312348895997
const-int,0,2-stackful,1,2,False,2977254,0.054505675,18.307364773042544
const-int,0,2-stackful,1,3,False,2977254,0.05455468600000002,18.323826586512276
const-int,0,2-stackful,1,4,False,2977254,0.05452101100000001,18.312515828343837
const-int,0,1x,1,0,True,2977254,0.0190847,6.410168564724407
const-int,0,1x,1,1,True,2977254,0.0190111,6.385447798541878
const-int,0,1x,1,2,False,2977254,0.0190356,6.393676857936877
const-int,0,1x,1,3,False,2977254,0.0189783,6.374430935351838
const-int,0,1x,1,4,False,2977254,0.0191814,6.442648158336508
const-int,0,2-stackless,1,0,True,2977254,0.044891945999999995,15.078305713922962
const-int,0,2-stackless,1,1,True,2977254,0.044793897,15.045373018224176
const-int,0,2-stackless,1,2,False,2977254,0.04484542899999999,15.062681585111648
const-int,0,2-stackless,1,3,False,2977254,0.044809550000000004,15.050630547477642
const-int,0,2-stackless,1,4,False,2977254,0.044919348,15.087509497006302
const-int,0,1x,2,0,True,2977254,0.0190766,6.407447936924427
const-int,0,1x,2,1,True,2977254,0.0190012,6.382122586786347
const-int,0,1x,2,2,False,2977254,0.0188276,6.323813823073208
const-int,0,1x,2,3,False,2977254,0.0188323,6.325392458957147
const-int,0,1x,2,4,False,2977254,0.0190163,6.387194374413469
const-int,0,2-stackful,2,0,True,2977254,0.054585216,18.334081002158364
const-int,0,2-stackful,2,1,True,2977254,0.05455361,18.32346517965884
const-int,0,2-stackful,2,2,False,2977254,0.05456330100000001,18.326720192499533
const-int,0,2-stackful,2,3,False,2977254,0.05453857199999998,18.318414216590178
const-int,0,2-stackful,2,4,False,2977254,0.05452264300000001,18.31306398446354
const-int,0,2-stackless,2,0,True,2977254,0.044806549999999994,15.049622907551722
const-int,0,2-stackless,2,1,True,2977254,0.04479839499999999,15.0468838063531
const-int,0,2-stackless,2,2,False,2977254,0.044790925999999995,15.04437511881754
const-int,0,2-stackless,2,3,False,2977254,0.04480426700000001,15.048856093568103
const-int,0,2-stackless,2,4,False,2977254,0.04484121400000002,15.06126585101574
make-table,64,2-stackful,0,0,True,50312,0.14411851199999998,2864.495786293528
make-table,64,2-stackful,0,1,True,50312,0.143962653,2861.397936873907
make-table,64,2-stackful,0,2,False,50312,0.14388269400000003,2859.8086738750203
make-table,64,2-stackful,0,3,False,50312,0.14393311400000003,2860.8108204802043
make-table,64,2-stackful,0,4,False,50312,0.14393885899999992,2860.9250079503877
make-table,64,2-stackless,0,0,True,50312,0.15074175099999998,2996.1391119414843
make-table,64,2-stackless,0,1,True,50312,0.150722677,2995.759997614883
make-table,64,2-stackless,0,2,False,50312,0.15052014000000002,2991.734377484497
make-table,64,2-stackless,0,3,False,50312,0.15057341599999996,2992.793289871203
make-table,64,2-stackless,0,4,False,50312,0.15060613599999995,2993.443631737954
make-table,64,1x,0,0,True,50312,0.0196753,391.0657497217364
make-table,64,1x,0,1,True,50312,0.0197916,393.37732548894894
make-table,64,1x,0,2,False,50312,0.0196586,390.7338209572269
make-table,64,1x,0,3,False,50312,0.0198055,393.6536015264748
make-table,64,1x,0,4,False,50312,0.0197139,391.83296231515345
make-table,64,2-stackless,1,0,True,50312,0.150666038,2994.6342423278743
make-table,64,2-stackless,1,1,True,50312,0.15023670999999997,2986.100930195579
make-table,64,2-stackless,1,2,False,50312,0.150472347,2990.784445062808
make-table,64,2-stackless,1,3,False,50312,0.15051733299999998,2991.678585625695
make-table,64,2-stackless,1,4,False,50312,0.15045504600000004,2990.440570837972
make-table,64,1x,1,0,True,50312,0.0192514,382.6403243758944
make-table,64,1x,1,1,True,50312,0.0192001,381.62068691365874
make-table,64,1x,1,2,False,50312,0.0190155,377.95158212752426
make-table,64,1x,1,3,False,50312,0.0190752,379.13817777071074
make-table,64,1x,1,4,False,50312,0.0191226,380.0802989346478
make-table,64,2-stackful,1,0,True,50312,0.143955334,2861.252464620766
make-table,64,2-stackful,1,1,True,50312,0.143832591,2858.81282795357
make-table,64,2-stackful,1,2,False,50312,0.14378356000000003,2857.8382890761654
make-table,64,2-stackful,1,3,False,50312,0.143751633,2857.203708856734
make-table,64,2-stackful,1,4,False,50312,0.143610911,2854.4067220543807
make-table,64,2-stackless,2,0,True,50312,0.147905272,2939.761329305136
make-table,64,2-stackless,2,1,True,50312,0.14782948399999998,2938.25496899348
make-table,64,2-stackless,2,2,False,50312,0.14769894499999997,2935.660379233582
make-table,64,2-stackless,2,3,False,50312,0.14777828400000004,2937.237319128638
make-table,64,2-stackless,2,4,False,50312,0.14776112499999994,2936.896267292096
make-table,64,1x,2,0,True,50312,0.0215584,428.4941962156146
make-table,64,1x,2,1,True,50312,0.0216235,429.7881221179838
make-table,64,1x,2,2,False,50312,0.0216482,430.279058673875
make-table,64,1x,2,3,False,50312,0.0215583,428.4922086182223
make-table,64,1x,2,4,False,50312,0.0216085,429.489982509143
make-table,64,2-stackful,2,0,True,50312,0.14377916699999999,2857.750973922722
make-table,64,2-stackful,2,1,True,50312,0.14359575300000002,2854.105442041661
make-table,64,2-stackful,2,2,False,50312,0.14380904800000005,2858.344887899508
make-table,64,2-stackful,2,3,False,50312,0.14348452700000003,2851.894716966132
make-table,64,2-stackful,2,4,False,50312,0.14339361800000006,2850.087812052792
push-shared-seq,0,1x,0,0,True,648608,0.089822,138.48426168039865
push-shared-seq,0,1x,0,1,True,648608,0.0887272,136.79633923725888
push-shared-seq,0,1x,0,2,False,648608,0.0888346,136.96192461394247
push-shared-seq,0,1x,0,3,False,648608,0.0891704,137.4796487246534
push-shared-seq,0,1x,0,4,False,648608,0.0891887,137.50786299274753
push-shared-seq,0,2-stackless,0,0,True,648608,0.019600732,30.219688933839855
push-shared-seq,0,2-stackless,0,1,True,648608,0.019565849,30.165907605209927
push-shared-seq,0,2-stackless,0,2,False,648608,0.019563076000000006,30.16163229562387
push-shared-seq,0,2-stackless,0,3,False,648608,0.019533129999999996,30.115462652326208
push-shared-seq,0,2-stackless,0,4,False,648608,0.019549543000000003,30.140767613103762
push-shared-seq,0,2-stackful,0,0,True,648608,0.021614691000000002,33.324736975183775
push-shared-seq,0,2-stackful,0,1,True,648608,0.021581428000000003,33.273453303073666
push-shared-seq,0,2-stackful,0,2,False,648608,0.021579871,33.27105277764073
push-shared-seq,0,2-stackful,0,3,False,648608,0.02155107399999999,33.22665462035619
push-shared-seq,0,2-stackful,0,4,False,648608,0.02156597299999999,33.24962535152201
push-shared-seq,0,1x,1,0,True,648608,0.0974957,150.31529059154374
push-shared-seq,0,1x,1,1,True,648608,0.0973156,150.03761902412552
push-shared-seq,0,1x,1,2,False,648608,0.0985428,151.9296709260447
push-shared-seq,0,1x,1,3,False,648608,0.0981678,151.35150969460753
push-shared-seq,0,1x,1,4,False,648608,0.0964143,148.64802777640733
push-shared-seq,0,2-stackful,1,0,True,648608,0.021591357,33.28876147071883
push-shared-seq,0,2-stackful,1,1,True,648608,0.021563413000000003,33.24567843751542
push-shared-seq,0,2-stackful,1,2,False,648608,0.021490548999999998,33.13333939760224
push-shared-seq,0,2-stackful,1,3,False,648608,0.02152316400000001,33.18362400710446
push-shared-seq,0,2-stackful,1,4,False,648608,0.02157083900000001,33.25712757166117
push-shared-seq,0,2-stackless,1,0,True,648608,0.019391224,29.896677191770685
push-shared-seq,0,2-stackless,1,1,True,648608,0.019377466000000003,29.87546561251172
push-shared-seq,0,2-stackless,1,2,False,648608,0.019357789,29.845128336375748
push-shared-seq,0,2-stackless,1,3,False,648608,0.019360424,29.849190882628644
push-shared-seq,0,2-stackless,1,4,False,648608,0.019386342,29.889150303419015
push-shared-seq,0,2-stackless,2,0,True,648608,0.019729331,30.417958150377423
push-shared-seq,0,2-stackless,2,1,True,648608,0.019698078,30.36977342246781
push-shared-seq,0,2-stackless,2,2,False,648608,0.019731949,30.421994486654498
push-shared-seq,0,2-stackless,2,3,False,648608,0.019703965000000004,30.378849782919737
push-shared-seq,0,2-stackless,2,4,False,648608,0.019767172,30.476300014800927
push-shared-seq,0,1x,2,0,True,648608,0.0973273,150.05565765454637
push-shared-seq,0,1x,2,1,True,648608,0.097751,150.70890275790617
push-shared-seq,0,1x,2,2,False,648608,0.098494,151.85443287779367
push-shared-seq,0,1x,2,3,False,648608,0.097649,150.55164290295525
push-shared-seq,0,1x,2,4,False,648608,0.0975528,150.40332527505058
push-shared-seq,0,2-stackful,2,0,True,648608,0.021583644,33.27686985051063
push-shared-seq,0,2-stackful,2,1,True,648608,0.021583961999999998,33.27736013123489
push-shared-seq,0,2-stackful,2,2,False,648608,0.021581029,33.27283813952341
push-shared-seq,0,2-stackful,2,3,False,648608,0.021629167000000005,33.34705554048054
push-shared-seq,0,2-stackful,2,4,False,648608,0.021555359999999996,33.23326261779071
get-string,8,2-stackless,0,0,True,1242113,0.032998784999999996,26.566652953475245
get-string,8,2-stackless,0,1,True,1242113,0.032937527,26.51733537930929
get-string,8,2-stackless,0,2,False,1242113,0.032942655,26.521463828170223
get-string,8,2-stackless,0,3,False,1242113,0.032934005,26.51449988849646
get-string,8,2-stackless,0,4,False,1242113,0.032914999,26.49919854312772
get-string,8,1x,0,0,True,1242113,0.0198199,15.956599761857415
get-string,8,1x,0,1,True,1242113,0.0196586,15.826740401235636
get-string,8,1x,0,2,False,1242113,0.0196096,15.787291494413148
get-string,8,1x,0,3,False,1242113,0.0195706,15.755893384901373
get-string,8,1x,0,4,False,1242113,0.0195895,15.77110939181862
get-string,8,2-stackful,0,0,True,1242113,0.038210851,30.76278164708042
get-string,8,2-stackful,0,1,True,1242113,0.038193616,30.748906097915405
get-string,8,2-stackful,0,2,False,1242113,0.03819294200000001,30.74836347417667
get-string,8,2-stackful,0,3,False,1242113,0.03816447799999999,30.725447684711444
get-string,8,2-stackful,0,4,False,1242113,0.038199437999999974,30.753593272109686
get-string,8,1x,1,0,True,1242113,0.0197553,15.904591611230218
get-string,8,1x,1,1,True,1242113,0.0195749,15.75935522774498
get-string,8,1x,1,2,False,1242113,0.0195653,15.751626462326696
get-string,8,1x,1,3,False,1242113,0.0195841,15.766761961270834
get-string,8,1x,1,4,False,1242113,0.0195804,15.76378316626587
get-string,8,2-stackless,1,0,True,1242113,0.03296137,26.536530895337215
get-string,8,2-stackless,1,1,True,1242113,0.032944015,26.52255873660448
get-string,8,2-stackless,1,2,False,1242113,0.03292442999999999,26.50679125007144
get-string,8,2-stackless,1,3,False,1242113,0.03268085399999998,26.310693149496046
get-string,8,2-stackless,1,4,False,1242113,0.032725109,26.346321952994618
get-string,8,2-stackful,1,0,True,1242113,0.038232699999999994,30.780371834124587
get-string,8,2-stackful,1,1,True,1242113,0.038210735999999995,30.76268906291134
get-string,8,2-stackful,1,2,False,1242113,0.038231716,30.77957963566922
get-string,8,2-stackful,1,3,False,1242113,0.038188637,30.744897605934405
get-string,8,2-stackful,1,4,False,1242113,0.038181590000000015,30.739224209069558
get-string,8,2-stackful,2,0,True,1242113,0.038195529,30.750446215440945
get-string,8,2-stackful,2,1,True,1242113,0.038186677,30.743319649661505
get-string,8,2-stackful,2,2,False,1242113,0.038184446999999996,30.741524321861217
get-string,8,2-stackful,2,3,False,1242113,0.038146264,30.710783962489725
get-string,8,2-stackful,2,4,False,1242113,0.03810962699999998,30.68128825638245
get-string,8,2-stackless,2,0,True,1242113,0.034030476000000004,27.397246466303795
get-string,8,2-stackless,2,1,True,1242113,0.034018938,27.387957456366692
get-string,8,2-stackless,2,2,False,1242113,0.033868866,27.26713753096538
get-string,8,2-stackless,2,3,False,1242113,0.034012655,27.38289914041637
get-string,8,2-stackless,2,4,False,1242113,0.034027767999999986,27.39506631039204
get-string,8,1x,2,0,True,1242113,0.0196706,15.83640135800849
get-string,8,1x,2,1,True,1242113,0.0195687,15.754363733412339
get-string,8,1x,2,2,False,1242113,0.019614,15.790833845229862
get-string,8,1x,2,3,False,1242113,0.0196288,15.802749025249716
get-string,8,1x,2,4,False,1242113,0.0196007,15.780126284806617
assign-seq,256,2-stackful,0,0,True,9701,0.019999611,2061.6030306154003
assign-seq,256,2-stackful,0,1,True,9701,0.020000083,2061.6516853932585
assign-seq,256,2-stackful,0,2,False,9701,0.019974101,2058.9734048036285
assign-seq,256,2-stackful,0,3,False,9701,0.020021395000000004,2063.848572312133
assign-seq,256,2-stackful,0,4,False,9701,0.01999256399999999,2060.8766106586936
assign-seq,256,2-stackless,0,0,True,9701,0.020034086,2065.1567879600043
assign-seq,256,2-stackless,0,1,True,9701,0.020020625,2063.769199051644
assign-seq,256,2-stackless,0,2,False,9701,0.020014876,2063.176579734048
assign-seq,256,2-stackless,0,3,False,9701,0.020033177,2065.063086279765
assign-seq,256,2-stackless,0,4,False,9701,0.019945499000000005,2056.025048964025
assign-seq,256,1x,0,0,True,9701,0.169215,17443.04710854551
assign-seq,256,1x,0,1,True,9701,0.167102,17225.23451190599
assign-seq,256,1x,0,2,False,9701,0.167124,17227.50231934852
assign-seq,256,1x,0,3,False,9701,0.166427,17155.654056282856
assign-seq,256,1x,0,4,False,9701,0.166337,17146.376662199775
assign-seq,256,2-stackless,1,0,True,9701,0.020049055,2066.699824760334
assign-seq,256,2-stackless,1,1,True,9701,0.020034328000000004,2065.1817338418723
assign-seq,256,2-stackless,1,2,False,9701,0.020018157,2063.514792289455
assign-seq,256,2-stackless,1,3,False,9701,0.020025912999999992,2064.314297495103
assign-seq,256,2-stackless,1,4,False,9701,0.020014956,2063.1848263065663
assign-seq,256,2-stackful,1,0,True,9701,0.020006912,2062.3556334398518
assign-seq,256,2-stackful,1,1,True,9701,0.02000129,2061.776105556128
assign-seq,256,2-stackful,1,2,False,9701,0.020008385999999996,2062.507576538501
assign-seq,256,2-stackful,1,3,False,9701,0.019983112999999997,2059.902381197814
assign-seq,256,2-stackful,1,4,False,9701,0.019980078,2059.5895268529016
assign-seq,256,1x,1,0,True,9701,0.167206,17235.955056179777
assign-seq,256,1x,1,1,True,9701,0.166844,17198.63931553448
assign-seq,256,1x,1,2,False,9701,0.167206,17235.955056179777
assign-seq,256,1x,1,3,False,9701,0.166631,17176.682816204517
assign-seq,256,1x,1,4,False,9701,0.167422,17258.220801979176
assign-seq,256,1x,2,0,True,9701,0.168898,17410.37006494176
assign-seq,256,1x,2,1,True,9701,0.168858,17406.24677868261
assign-seq,256,1x,2,2,False,9701,0.169511,17473.55942686321
assign-seq,256,1x,2,3,False,9701,0.168724,17392.433769714462
assign-seq,256,1x,2,4,False,9701,0.167302,17245.85094320173
assign-seq,256,2-stackful,2,0,True,9701,0.020026458,2064.3704772703845
assign-seq,256,2-stackful,2,1,True,9701,0.019999325999999998,2061.5736522008037
assign-seq,256,2-stackful,2,2,False,9701,0.020005402,2062.199979383569
assign-seq,256,2-stackful,2,3,False,9701,0.019992075000000005,2060.8262034841773
assign-seq,256,2-stackful,2,4,False,9701,0.019980933000000006,2059.6776620966916
assign-seq,256,2-stackless,2,0,True,9701,0.020038387,2065.600144315019
assign-seq,256,2-stackless,2,1,True,9701,0.020041897,2065.9619626842596
assign-seq,256,2-stackless,2,2,False,9701,0.020020831000000003,2063.7904339758793
assign-seq,256,2-stackless,2,3,False,9701,0.020020631999999997,2063.7699206267393
assign-seq,256,2-stackless,2,4,False,9701,0.020052972000000002,2067.1035975672617
