case,width,engine,round,batch,warmup,iterations,seconds,ns_per_iteration
make-seq,8,2-stackless,0,0,True,595386,0.071544125,120.16427158179735
make-seq,8,2-stackless,0,1,True,595386,0.065490167,109.99614871696681
make-seq,8,2-stackless,0,2,False,595386,0.06506141600000001,109.27602597306623
make-seq,8,2-stackless,0,3,False,595386,0.06509962500000002,109.34020114681907
make-seq,8,2-stackless,0,4,False,595386,0.06387862500000002,107.28943072225417
make-seq,8,1x,0,0,True,595386,0.0188845,31.71807869180666
make-seq,8,1x,0,1,True,595386,0.0188765,31.70464203054825
make-seq,8,1x,0,2,False,595386,0.018926,31.787781372084666
make-seq,8,1x,0,3,False,595386,0.0188858,31.720262149261153
make-seq,8,1x,0,4,False,595386,0.0187575,31.504771694329392
make-seq,8,2-stackless,1,0,True,595386,0.064910916,109.02324878314236
make-seq,8,2-stackless,1,1,True,595386,0.06364879200000001,106.90340720137861
make-seq,8,2-stackless,1,2,False,595386,0.06422712500000002,107.87476527832368
make-seq,8,2-stackless,1,3,False,595386,0.06449312500000001,108.32153426516582
make-seq,8,2-stackless,1,4,False,595386,0.06479325000000002,108.82561901018839
make-seq,8,1x,1,0,True,595386,0.020556,34.52550110348581
make-seq,8,1x,1,1,True,595386,0.0207394,34.833536562834865
make-seq,8,1x,1,2,False,595386,0.0204527,34.35200021498658
make-seq,8,1x,1,3,False,595386,0.0206306,34.650797969720486
make-seq,8,1x,1,4,False,595386,0.02045,34.34746534181187
make-seq,8,1x,2,0,True,595386,0.0191805,32.21523515836785
make-seq,8,1x,2,1,True,595386,0.0189581,31.841695975384038
make-seq,8,1x,2,2,False,595386,0.019016,31.93894381124178
make-seq,8,1x,2,3,False,595386,0.0196668,33.03201620461348
make-seq,8,1x,2,4,False,595386,0.0190607,32.014021156023155
make-seq,8,2-stackless,2,0,True,595386,0.06649374999999999,111.68174931892922
make-seq,8,2-stackless,2,1,True,595386,0.06536675,109.78885966415065
make-seq,8,2-stackless,2,2,False,595386,0.06507320800000002,109.29583161176114
make-seq,8,2-stackless,2,3,False,595386,0.06563674999999997,110.24234698162195
make-seq,8,2-stackless,2,4,False,595386,0.065230917,109.56071691306144
get-string,64,2-stackless,0,0,True,421756,0.02041175,48.3970589630023
get-string,64,2-stackless,0,1,True,421756,0.0202655,48.05029448306604
get-string,64,2-stackless,0,2,False,421756,0.019978249999999996,47.369213478883516
get-string,64,2-stackless,0,3,False,421756,0.020320875000000002,48.18159077760602
get-string,64,2-stackless,0,4,False,421756,0.020197124999999996,47.88817467919839
get-string,64,1x,0,0,True,421756,0.0268766,63.72547159969271
get-string,64,1x,0,1,True,421756,0.0267717,63.476749589810225
get-string,64,1x,0,2,False,421756,0.0269622,63.92843255341951
get-string,64,1x,0,3,False,421756,0.0269791,63.96850311554548
get-string,64,1x,0,4,False,421756,0.0270776,64.20205047468204
get-string,64,2-stackless,1,0,True,421756,0.019933083,47.26212075228331
get-string,64,2-stackless,1,1,True,421756,0.019935041999999997,47.266765618035066
get-string,64,2-stackless,1,2,False,421756,0.020416500000000004,48.40832139910281
get-string,64,2-stackless,1,3,False,421756,0.020600374999999997,48.84429622815087
get-string,64,2-stackless,1,4,False,421756,0.020856125000000003,49.45068949819328
get-string,64,1x,1,0,True,421756,0.0271382,64.34573544893256
get-string,64,1x,1,1,True,421756,0.0269369,63.86844526218951
get-string,64,1x,1,2,False,421756,0.0268527,63.668803763313385
get-string,64,1x,1,3,False,421756,0.0268239,63.600517834956705
get-string,64,1x,1,4,False,421756,0.0268861,63.7479964718937
get-string,64,1x,2,0,True,421756,0.0271077,64.27341875397148
get-string,64,1x,2,1,True,421756,0.0269186,63.82505524521287
get-string,64,1x,2,2,False,421756,0.0270503,64.13732110509395
get-string,64,1x,2,3,False,421756,0.0271039,64.2644088050911
get-string,64,1x,2,4,False,421756,0.0271568,64.38983677766291
get-string,64,2-stackless,2,0,True,421756,0.019926667000000002,47.24690816491053
get-string,64,2-stackless,2,1,True,421756,0.020026875,47.4845052589649
get-string,64,2-stackless,2,2,False,421756,0.019748458000000003,46.824367643850955
get-string,64,2-stackless,2,3,False,421756,0.019901916999999998,47.18822494522899
get-string,64,2-stackless,2,4,False,421756,0.019900125000000005,47.183976043020145
push-shared-seq,8,2-stackless,0,0,True,166644,0.028633291,171.8231139434963
push-shared-seq,8,2-stackless,0,1,True,166644,0.028542291,171.27703967739612
push-shared-seq,8,2-stackless,0,2,False,166644,0.028317125,169.9258599169487
push-shared-seq,8,2-stackless,0,3,False,166644,0.028369792000000005,170.2419048990663
push-shared-seq,8,2-stackless,0,4,False,166644,0.027510500000000007,165.08545162142056
push-shared-seq,8,1x,0,0,True,166644,0.0194972,116.99911187921558
push-shared-seq,8,1x,0,1,True,166644,0.0191635,114.99663954297785
push-shared-seq,8,1x,0,2,False,166644,0.0195984,117.60639446964787
push-shared-seq,8,1x,0,3,False,166644,0.0187117,112.28547082403207
push-shared-seq,8,1x,0,4,False,166644,0.0196028,117.63279806053623
push-shared-seq,8,2-stackless,1,0,True,166644,0.028725709000000002,172.37769736684191
push-shared-seq,8,2-stackless,1,1,True,166644,0.027654250000000002,165.9480689373755
push-shared-seq,8,2-stackless,1,2,False,166644,0.027453416,164.7429010345407
push-shared-seq,8,2-stackless,1,3,False,166644,0.027560417000000004,165.38499435923288
push-shared-seq,8,2-stackless,1,4,False,166644,0.02761670799999999,165.7227862989366
push-shared-seq,8,1x,1,0,True,166644,0.0200205,120.13933895009721
push-shared-seq,8,1x,1,1,True,166644,0.020164,121.00045606202444
push-shared-seq,8,1x,1,2,False,166644,0.0191796,115.0932526823648
push-shared-seq,8,1x,1,3,False,166644,0.0182644,109.60130577758575
push-shared-seq,8,1x,1,4,False,166644,0.0182797,109.69311826408392
push-shared-seq,8,1x,2,0,True,166644,0.0199208,119.5410575838314
push-shared-seq,8,1x,2,1,True,166644,0.0192909,115.76114351551811
push-shared-seq,8,1x,2,2,False,166644,0.0192985,115.80674971796164
push-shared-seq,8,1x,2,3,False,166644,0.0196055,117.6490002640359
push-shared-seq,8,1x,2,4,False,166644,0.0192728,115.65252874390917
push-shared-seq,8,2-stackless,2,0,True,166644,0.028283125000000003,169.72183216917503
push-shared-seq,8,2-stackless,2,1,True,166644,0.027563959000000002,165.406249249898
push-shared-seq,8,2-stackless,2,2,False,166644,0.027654709,165.95082331197042
push-shared-seq,8,2-stackless,2,3,False,166644,0.027826167,166.97971124072873
push-shared-seq,8,2-stackless,2,4,False,166644,0.028249833000000002,169.52205299920792
assign-seq,64,2-stackless,0,0,True,83878,0.019754084,235.50971649300175
assign-seq,64,2-stackless,0,1,True,83878,0.019809958,236.17585064021554
assign-seq,64,2-stackless,0,2,False,83878,0.019785584000000002,235.88526192803837
assign-seq,64,2-stackless,0,3,False,83878,0.019857666000000003,236.74462910417515
assign-seq,64,2-stackless,0,4,False,83878,0.01976625,235.654760485467
assign-seq,64,1x,0,0,True,83878,0.218954,2610.3865137461553
assign-seq,64,1x,0,1,True,83878,0.220118,2624.263811726555
assign-seq,64,1x,0,2,False,83878,0.21914,2612.6040201244664
assign-seq,64,1x,0,3,False,83878,0.218089,2600.073916879277
assign-seq,64,1x,0,4,False,83878,0.221416,2639.7386680655236
assign-seq,64,2-stackless,1,0,True,83878,0.019592417,233.5823100216982
assign-seq,64,2-stackless,1,1,True,83878,0.019614166999999995,233.84161520303294
assign-seq,64,2-stackless,1,2,False,83878,0.019619499999999998,233.9051956412885
assign-seq,64,2-stackless,1,3,False,83878,0.019617291999999995,233.87887169460402
assign-seq,64,2-stackless,1,4,False,83878,0.019582249999999995,233.4610982617611
assign-seq,64,1x,1,0,True,83878,0.219341,2615.000357662319
assign-seq,64,1x,1,1,True,83878,0.221361,2639.0829538138723
assign-seq,64,1x,1,2,False,83878,0.218997,2610.8991630701735
assign-seq,64,1x,1,3,False,83878,0.220195,2625.181811678867
assign-seq,64,1x,1,4,False,83878,0.218574,2605.8561243711106
assign-seq,64,1x,2,0,True,83878,0.219087,2611.972150027421
assign-seq,64,1x,2,1,True,83878,0.219907,2621.748253415675
assign-seq,64,1x,2,2,False,83878,0.219496,2616.8482796442454
assign-seq,64,1x,2,3,False,83878,0.220855,2633.0503826986815
assign-seq,64,1x,2,4,False,83878,0.221823,2644.590953527743
assign-seq,64,2-stackless,2,0,True,83878,0.019599041,233.6612818617516
assign-seq,64,2-stackless,2,1,True,83878,0.019771583,235.71834092372254
assign-seq,64,2-stackless,2,2,False,83878,0.019762125,235.60558191659314
assign-seq,64,2-stackless,2,3,False,83878,0.019766750000000007,235.66072152411846
assign-seq,64,2-stackless,2,4,False,83878,0.019758917,235.56733589260594
const-table,0,2-stackless,0,0,True,3611632,0.018997167000000002,5.259995204384058
const-table,0,2-stackless,0,1,True,3611632,0.019003624999999996,5.261783315686647
const-table,0,2-stackless,0,2,False,3611632,0.018986166000000006,5.256949212987371
const-table,0,2-stackless,0,3,False,3611632,0.019165333,5.306557534100927
const-table,0,2-stackless,0,4,False,3611632,0.01923525000000001,5.325916372432188
const-table,0,1x,0,0,True,3611632,0.248108,68.69692150252295
const-table,0,1x,0,1,True,3611632,0.25602,70.88762088717789
const-table,0,1x,0,2,False,3611632,0.251571,69.65576780801588
const-table,0,1x,0,3,False,3611632,0.242502,67.14471463316306
const-table,0,1x,0,4,False,3611632,0.241938,66.98855254355925
const-table,0,1x,1,0,True,3611632,0.250704,69.41571012772064
const-table,0,1x,1,1,True,3611632,0.255988,70.87876062677482
const-table,0,1x,1,2,False,3611632,0.253665,70.23556109814066
const-table,0,1x,1,3,False,3611632,0.247825,68.61856357458346
const-table,0,1x,1,4,False,3611632,0.247716,68.58838331258556
const-table,0,2-stackless,1,0,True,3611632,0.018772334,5.197742737909067
const-table,0,2-stackless,1,1,True,3611632,0.019166375,5.3068460463303015
const-table,0,2-stackless,1,2,False,3611632,0.018880583,5.227715060670633
const-table,0,2-stackless,1,3,False,3611632,0.019037040999999998,5.271035642612535
const-table,0,2-stackless,1,4,False,3611632,0.019035625,5.270643576089701
const-table,0,2-stackless,2,0,True,3611632,0.019026750000000002,5.268186238243543
const-table,0,2-stackless,2,1,True,3611632,0.018994333999999998,5.259210794455248
const-table,0,2-stackless,2,2,False,3611632,0.018911042000000003,5.236148644158653
const-table,0,2-stackless,2,3,False,3611632,0.018946125,5.245862535274911
const-table,0,2-stackless,2,4,False,3611632,0.019006416999999998,5.262556373406813
const-table,0,1x,2,0,True,3611632,0.258497,71.5734604190017
const-table,0,1x,2,1,True,3611632,0.253451,70.17630810669525
const-table,0,1x,2,2,False,3611632,0.248841,68.8998768423804
const-table,0,1x,2,3,False,3611632,0.259232,71.77696952513435
const-table,0,1x,2,4,False,3611632,0.252947,70.03675900534716
take-table,64,1x,0,0,True,136823,0.0237804,173.80411188177428
take-table,64,1x,0,1,True,136823,0.0238674,174.4399698881036
take-table,64,1x,0,2,False,136823,0.0238194,174.089151677715
take-table,64,1x,0,3,False,136823,0.0237639,173.68351812195317
take-table,64,1x,0,4,False,136823,0.0237785,173.79022532761306
take-table,64,2-stackless,0,0,True,136823,0.020205584,147.6768087236795
take-table,64,2-stackless,0,1,True,136823,0.020465791,149.5785869334834
take-table,64,2-stackless,0,2,False,136823,0.020128,147.10976955628806
take-table,64,2-stackless,0,3,False,136823,0.020276458999999997,148.1948137374564
take-table,64,2-stackless,0,4,False,136823,0.02055,150.1940463226212
take-table,64,1x,1,0,True,136823,0.0238275,174.1483522507181
take-table,64,1x,1,1,True,136823,0.0237613,173.66451546889047
take-table,64,1x,1,2,False,136823,0.023819,174.08622819262843
take-table,64,1x,1,3,False,136823,0.023952,175.05828698391352
take-table,64,1x,1,4,False,136823,0.0237572,173.6345497467531
take-table,64,2-stackless,1,0,True,136823,0.020087167,146.8113328899381
take-table,64,2-stackless,1,1,True,136823,0.020142791000000004,147.2178727260768
take-table,64,2-stackless,1,2,False,136823,0.020088042,146.81772801356496
take-table,64,2-stackless,1,3,False,136823,0.020191792,147.5760069578945
take-table,64,2-stackless,1,4,False,136823,0.020164165999999997,147.3740964603904
take-table,64,2-stackless,2,0,True,136823,0.020217334,147.76268609809753
take-table,64,2-stackless,2,1,True,136823,0.020124417000000002,147.08358243862511
take-table,64,2-stackless,2,2,False,136823,0.020172999999999996,147.43866162852734
take-table,64,2-stackless,2,3,False,136823,0.020296625,148.34220123809592
take-table,64,2-stackless,2,4,False,136823,0.020136374999999998,147.17098002528812
take-table,64,1x,2,0,True,136823,0.0236654,172.9636099193849
take-table,64,1x,2,1,True,136823,0.0236373,172.75823509205324
take-table,64,1x,2,2,False,136823,0.0236987,173.206990052842
take-table,64,1x,2,3,False,136823,0.0236653,172.96287904811325
take-table,64,1x,2,4,False,136823,0.0236902,173.14486599475234
get-table,256,1x,0,0,True,135037,0.0394352,292.0325540407444
get-table,256,1x,0,1,True,135037,0.0383318,283.8614601923917
get-table,256,1x,0,2,False,135037,0.0387145,286.69549827084427
get-table,256,1x,0,3,False,135037,0.0390394,289.1015055133038
get-table,256,1x,0,4,False,135037,0.0388239,287.5056466005613
get-table,256,2-stackless,0,0,True,135037,0.02028525,150.21993972022483
get-table,256,2-stackless,0,1,True,135037,0.020331374999999995,150.56151277057396
get-table,256,2-stackless,0,2,False,135037,0.020170083999999998,149.36709198219745
get-table,256,2-stackless,0,3,False,135037,0.020055750000000004,148.52040551848756
get-table,256,2-stackless,0,4,False,135037,0.020111625000000008,148.9341810022439
get-table,256,1x,1,0,True,135037,0.0383355,283.8888600901975
get-table,256,1x,1,1,True,135037,0.0379559,281.0777786828795
get-table,256,1x,1,2,False,135037,0.0375695,278.21634070662117
get-table,256,1x,1,3,False,135037,0.0384951,285.070758384739
get-table,256,1x,1,4,False,135037,0.037767,279.67890281922735
get-table,256,2-stackless,1,0,True,135037,0.020446375000000003,151.413131215889
get-table,256,2-stackless,1,1,True,135037,0.020101540999999997,148.85950517265636
get-table,256,2-stackless,1,2,False,135037,0.02021225,149.67934714189445
get-table,256,2-stackless,1,3,False,135037,0.020263292000000002,150.05733243481419
get-table,256,2-stackless,1,4,False,135037,0.020546707999999997,152.15613498522623
get-table,256,2-stackless,2,0,True,135037,0.020573834,152.3570132630316
get-table,256,2-stackless,2,1,True,135037,0.020358458999999995,150.76208002251232
get-table,256,2-stackless,2,2,False,135037,0.020105167,148.88635707250606
get-table,256,2-stackless,2,3,False,135037,0.02026562500000001,150.07460918118747
get-table,256,2-stackless,2,4,False,135037,0.020263709000000005,150.06042047735068
get-table,256,1x,2,0,True,135037,0.0381271,282.34557935973106
get-table,256,1x,2,1,True,135037,0.0379807,281.26143205195615
get-table,256,1x,2,2,False,135037,0.0382294,283.10314950717213
get-table,256,1x,2,3,False,135037,0.0373506,276.59530350940855
get-table,256,1x,2,4,False,135037,0.0381034,282.1700719062183
add-float,64,2-stackless,0,0,True,331584,0.020200958,60.922595782667436
add-float,64,2-stackless,0,1,True,331584,0.020307666000000002,61.24440865663001
add-float,64,2-stackless,0,2,False,331584,0.020123333,60.688492207102875
add-float,64,2-stackless,0,3,False,331584,0.020395250000000004,61.50854685388922
add-float,64,2-stackless,0,4,False,331584,0.021181833999999997,63.88074816637714
add-float,64,1x,0,0,True,331584,0.0206952,62.413144180660105
add-float,64,1x,0,1,True,331584,0.020121,60.681456282570934
add-float,64,1x,0,2,False,331584,0.0202224,60.98726114649681
add-float,64,1x,0,3,False,331584,0.0203065,61.24089220227755
add-float,64,1x,0,4,False,331584,0.0200665,60.51709370777842
add-float,64,2-stackless,1,0,True,331584,0.020141416000000002,60.74302740783634
add-float,64,2-stackless,1,1,True,331584,0.020403417,61.533177113491604
add-float,64,2-stackless,1,2,False,331584,0.020166083,60.81741881393553
add-float,64,2-stackless,1,3,False,331584,0.020193249999999996,60.899349787685765
add-float,64,2-stackless,1,4,False,331584,0.02022458299999999,60.99384469696966
add-float,64,1x,1,0,True,331584,0.0201905,60.89105626326964
add-float,64,1x,1,1,True,331584,0.0548831,165.51793813935532
add-float,64,1x,1,2,False,331584,0.0305915,92.25867351862574
add-float,64,1x,1,3,False,331584,0.0299779,90.40816203435631
add-float,64,1x,1,4,False,331584,0.0370461,111.72463086276781
add-float,64,2-stackless,2,0,True,331584,0.020153333,60.77896701891527
add-float,64,2-stackless,2,1,True,331584,0.020263791,61.11208924435437
add-float,64,2-stackless,2,2,False,331584,0.020177042000000006,60.85046926269062
add-float,64,2-stackless,2,3,False,331584,0.020115583,60.66511954738468
add-float,64,2-stackless,2,4,False,331584,0.020164,60.811136846168694
add-float,64,1x,2,0,True,331584,0.0201628,60.8075178536962
add-float,64,1x,2,1,True,331584,0.0201325,60.71613829376568
add-float,64,1x,2,2,False,331584,0.0203951,61.50809447983015
add-float,64,1x,2,3,False,331584,0.0209572,63.203290870488324
add-float,64,1x,2,4,False,331584,0.0208367,62.83988370970855
add-float4,8,2-stackless,0,0,True,1585729,0.018983042000000002,11.971176663856184
add-float4,8,2-stackless,0,1,True,1585729,0.019027416,11.999160007794522
add-float4,8,2-stackless,0,2,False,1585729,0.019071583000000003,12.027012812403635
add-float4,8,2-stackless,0,3,False,1585729,0.019026124999999998,11.998345871204977
add-float4,8,2-stackless,0,4,False,1585729,0.019080708000000002,12.032767263510978
add-float4,8,1x,0,0,True,1585729,0.0187011,11.793377052447171
add-float4,8,1x,0,1,True,1585729,0.0197756,12.470983377361453
add-float4,8,1x,0,2,False,1585729,0.0187166,11.803151736519922
add-float4,8,1x,0,3,False,1585729,0.0186374,11.753206254032056
add-float4,8,1x,0,4,False,1585729,0.0186878,11.784989742887971
add-float4,8,1x,1,0,True,1585729,0.0187548,11.827241603073412
add-float4,8,1x,1,1,True,1585729,0.0187858,11.846790971218915
add-float4,8,1x,1,2,False,1585729,0.0186805,11.780386182002095
add-float4,8,1x,1,3,False,1585729,0.0189477,11.948889122920752
add-float4,8,1x,1,4,False,1585729,0.0190513,12.014221850013463
add-float4,8,2-stackless,1,0,True,1585729,0.019254083,12.142101834550544
add-float4,8,2-stackless,1,1,True,1585729,0.019597167,12.358459106190276
add-float4,8,2-stackless,1,2,False,1585729,0.019627125000000002,12.37735136331618
add-float4,8,2-stackless,1,3,False,1585729,0.019397916999999994,12.232807118997
add-float4,8,2-stackless,1,4,False,1585729,0.019148916000000002,12.075780918429318
add-float4,8,1x,2,0,True,1585729,0.019358,12.207634469698164
add-float4,8,1x,2,1,True,1585729,0.0190827,12.034023468070522
add-float4,8,1x,2,2,False,1585729,0.0191879,12.100365194809454
add-float4,8,1x,2,3,False,1585729,0.0189958,11.979222174785225
add-float4,8,1x,2,4,False,1585729,0.0187657,11.834115413163284
add-float4,8,2-stackless,2,0,True,1585729,0.019613708,12.368890270657849
add-float4,8,2-stackless,2,1,True,1585729,0.019597166000000003,12.358458475565499
add-float4,8,2-stackless,2,2,False,1585729,0.019521458000000005,12.310715134805509
add-float4,8,2-stackless,2,3,False,1585729,0.019605124999999994,12.363477618180655
add-float4,8,2-stackless,2,4,False,1585729,0.019592582999999997,12.355568322203855
const-table,64,1x,0,0,True,438878,0.0562918,128.26297968911635
const-table,64,1x,0,1,True,438878,0.0543549,123.84968032118265
const-table,64,1x,0,2,False,438878,0.0530703,120.92267099284994
const-table,64,1x,0,3,False,438878,0.0568271,129.48268083613215
const-table,64,1x,0,4,False,438878,0.0546019,124.41247909441803
const-table,64,2-stackless,0,0,True,438878,0.020370875,46.41580348069395
const-table,64,2-stackless,0,1,True,438878,0.020138625,45.886613136224646
const-table,64,2-stackless,0,2,False,438878,0.020172542,45.96389429408628
const-table,64,2-stackless,0,3,False,438878,0.020270791999999996,46.187760607731526
const-table,64,2-stackless,0,4,False,438878,0.020259042000000005,46.16098779159585
const-table,64,2-stackless,1,0,True,438878,0.020250375,46.14123970670665
const-table,64,2-stackless,1,1,True,438878,0.020313833,46.28583114213973
const-table,64,2-stackless,1,2,False,438878,0.020269000000000002,46.18367746845366
const-table,64,2-stackless,1,3,False,438878,0.020180332999999995,45.9816463800874
const-table,64,2-stackless,1,4,False,438878,0.020194959000000012,46.01497227019812
const-table,64,1x,1,0,True,438878,0.0545803,124.36326268347923
const-table,64,1x,1,1,True,438878,0.0546404,124.50020278984137
const-table,64,1x,1,2,False,438878,0.0543544,123.84854105241092
const-table,64,1x,1,3,False,438878,0.0542787,123.67605576037076
const-table,64,1x,1,4,False,438878,0.0526948,120.06708014527955
const-table,64,2-stackless,2,0,True,438878,0.020268,46.181398930910184
const-table,64,2-stackless,2,1,True,438878,0.020216791999999997,46.06471958038452
const-table,64,2-stackless,2,2,False,438878,0.020102083,45.80335081731142
const-table,64,2-stackless,2,3,False,438878,0.020254958000000003,46.15168224426835
const-table,64,2-stackless,2,4,False,438878,0.020145542000000002,45.90237378041279
const-table,64,1x,2,0,True,438878,0.0548552,124.98963265417724
const-table,64,1x,2,1,True,438878,0.0546017,124.41202338690934
const-table,64,1x,2,2,False,438878,0.0541295,123.33609795888607
const-table,64,1x,2,3,False,438878,0.0543554,123.85081958995438
const-table,64,1x,2,4,False,438878,0.0541622,123.4106061365573
take-table,0,2-stackless,0,0,True,4173972,0.018975417,4.54612944217163
take-table,0,2-stackless,0,1,True,4173972,0.018855041000000003,4.51728976619872
take-table,0,2-stackless,0,2,False,4173972,0.018751875,4.492573261152686
take-table,0,2-stackless,0,3,False,4173972,0.01883,4.511290444689135
take-table,0,2-stackless,0,4,False,4173972,0.01861879200000001,4.460689242764448
take-table,0,1x,0,0,True,4173972,0.0214818,5.146608554154173
take-table,0,1x,0,1,True,4173972,0.0214657,5.1427513169709815
take-table,0,1x,0,2,False,4173972,0.0218065,5.224400163681022
take-table,0,1x,0,3,False,4173972,0.0214673,5.143134644889807
take-table,0,1x,0,4,False,4173972,0.021586,5.171572784867747
take-table,0,2-stackless,1,0,True,4173972,0.018656666,4.4697630937629675
take-table,0,2-stackless,1,1,True,4173972,0.018487958000000002,4.429344039682107
take-table,0,2-stackless,1,2,False,4173972,0.018605375,4.457474798585137
take-table,0,2-stackless,1,3,False,4173972,0.018593542000000005,4.454639849045466
take-table,0,2-stackless,1,4,False,4173972,0.018636374999999997,4.464901777012399
take-table,0,1x,1,0,True,4173972,0.0223256,5.3487661153452875
take-table,0,1x,1,1,True,4173972,0.0226755,5.432595139593653
take-table,0,1x,1,2,False,4173972,0.0226107,5.417070358881181
take-table,0,1x,1,3,False,4173972,0.0225246,5.396442525249331
take-table,0,1x,1,4,False,4173972,0.0225317,5.398143542889123
take-table,0,1x,2,0,True,4173972,0.0213768,5.121452659481185
take-table,0,1x,2,1,True,4173972,0.0213625,5.118026666206673
take-table,0,1x,2,2,False,4173972,0.0213591,5.117212094379167
take-table,0,1x,2,3,False,4173972,0.0213809,5.1224349372731774
take-table,0,1x,2,4,False,4173972,0.0214041,5.127993192096161
take-table,0,2-stackless,2,0,True,4173972,0.018428958,4.41520882267538
take-table,0,2-stackless,2,1,True,4173972,0.018440833,4.41805383457292
take-table,0,2-stackless,2,2,False,4173972,0.018462583000000005,4.423264698469469
take-table,0,2-stackless,2,3,False,4173972,0.018378874999999996,4.4032099400762625
take-table,0,2-stackless,2,4,False,4173972,0.018456291,4.421757261428683
const-seq,8,1x,0,0,True,2127660,0.105755,49.70484005903199
const-seq,8,1x,0,1,True,2127660,0.105649,49.65502006899599
const-seq,8,1x,0,2,False,2127660,0.105779,49.71612005677599
const-seq,8,1x,0,3,False,2127660,0.105325,49.50274009945198
const-seq,8,1x,0,4,False,2127660,0.106381,49.999060000188
const-seq,8,2-stackless,0,0,True,2127660,0.0195195,9.174163165167368
const-seq,8,2-stackless,0,1,True,2127660,0.019483125,9.157066918586617
const-seq,8,2-stackless,0,2,False,2127660,0.019473541999999996,9.152562909487417
const-seq,8,2-stackless,0,3,False,2127660,0.019485750000000003,9.158300668339868
const-seq,8,2-stackless,0,4,False,2127660,0.01947304100000001,9.152327439534517
const-seq,8,2-stackless,1,0,True,2127660,0.019505750000000002,9.167700666459869
const-seq,8,2-stackless,1,1,True,2127660,0.019472834,9.15223014955397
const-seq,8,2-stackless,1,2,False,2127660,0.019578833000000004,9.202049669590068
const-seq,8,2-stackless,1,3,False,2127660,0.019751000000000005,9.282968143406373
const-seq,8,2-stackless,1,4,False,2127660,0.019492291999999994,9.161375407724915
const-seq,8,1x,1,0,True,2127660,0.1065,50.054989989002
const-seq,8,1x,1,1,True,2127660,0.106298,49.96005000799
const-seq,8,1x,1,2,False,2127660,0.105662,49.66113006777399
const-seq,8,1x,1,3,False,2127660,0.105427,49.55068008986398
const-seq,8,1x,1,4,False,2127660,0.106833,50.211499957700006
const-seq,8,1x,2,0,True,2127660,0.105378,49.52765009446998
const-seq,8,1x,2,1,True,2127660,0.105561,49.61366007726799
const-seq,8,1x,2,2,False,2127660,0.106061,49.84866003026799
const-seq,8,1x,2,3,False,2127660,0.105374,49.52577009484598
const-seq,8,1x,2,4,False,2127660,0.105868,49.75795004840999
const-seq,8,2-stackless,2,0,True,2127660,0.019631209,9.226666384666723
const-seq,8,2-stackless,2,1,True,2127660,0.0195005,9.165233166953367
const-seq,8,2-stackless,2,2,False,2127660,0.019485375,9.158124418375117
const-seq,8,2-stackless,2,3,False,2127660,0.019590666,9.207611178477764
const-seq,8,2-stackless,2,4,False,2127660,0.019684624999999997,9.251771899645618
make-table,256,1x,0,0,True,10303,0.0209832,2036.6106959138115
make-table,256,1x,0,1,True,10303,0.0208968,2028.224788896438
make-table,256,1x,0,2,False,10303,0.020621,2001.4558866349607
make-table,256,1x,0,3,False,10303,0.0204843,1988.187906435019
make-table,256,1x,0,4,False,10303,0.0205949,1998.9226438901292
make-table,256,2-stackless,0,0,True,10303,0.022067958000000002,2141.8963408715913
make-table,256,2-stackless,0,1,True,10303,0.021476458000000004,2084.4858778996413
make-table,256,2-stackless,0,2,False,10303,0.021485041999999996,2085.319033291274
make-table,256,2-stackless,0,3,False,10303,0.021456875,2082.585169368145
make-table,256,2-stackless,0,4,False,10303,0.021435375000000007,2080.498398524702
make-table,256,2-stackless,1,0,True,10303,0.02198125,2133.480539648646
make-table,256,2-stackless,1,1,True,10303,0.021445666999999998,2081.497330874502
make-table,256,2-stackless,1,2,False,10303,0.021449167000000005,2081.8370377559936
make-table,256,2-stackless,1,3,False,10303,0.02152779199999999,2089.468310200911
make-table,256,2-stackless,1,4,False,10303,0.021878791999999994,2123.5360574589918
make-table,256,1x,1,0,True,10303,0.0197223,1914.2288653790158
make-table,256,1x,1,1,True,10303,0.0199734,1938.6004076482577
make-table,256,1x,1,2,False,10303,0.0197833,1920.149471027856
make-table,256,1x,1,3,False,10303,0.0197287,1914.850043676599
make-table,256,1x,1,4,False,10303,0.0198057,1922.3235950693972
make-table,256,2-stackless,2,0,True,10303,0.022402917,2174.407162962244
make-table,256,2-stackless,2,1,True,10303,0.022441,2178.103465010191
make-table,256,2-stackless,2,2,False,10303,0.022419875000000006,2176.0530913326224
make-table,256,2-stackless,2,3,False,10303,0.022382291999999998,2172.4053188391727
make-table,256,2-stackless,2,4,False,10303,0.023785292,2308.5792487624963
make-table,256,1x,2,0,True,10303,0.0198605,1927.6424342424536
make-table,256,1x,2,1,True,10303,0.0197916,1920.9550616325341
make-table,256,1x,2,2,False,10303,0.0194235,1885.2276036105989
make-table,256,1x,2,3,False,10303,0.0192703,1870.3581481122003
make-table,256,1x,2,4,False,10303,0.0192712,1870.445501310298
update-string,256,1x,0,0,True,95531,0.0502483,525.9894693869006
update-string,256,1x,0,1,True,95531,0.0502057,525.5435408401461
update-string,256,1x,0,2,False,95531,0.0498121,521.4234122954853
update-string,256,1x,0,3,False,95531,0.049828,521.5898504150485
update-string,256,1x,0,4,False,95531,0.0499588,522.9590394740974
update-string,256,2-stackless,0,0,True,95531,0.020045,209.827176518617
update-string,256,2-stackless,0,1,True,95531,0.020053875000000002,209.9200782991909
update-string,256,2-stackless,0,2,False,95531,0.019975125000000003,209.09573855607084
update-string,256,2-stackless,0,3,False,95531,0.020003874999999997,209.39668798609873
update-string,256,2-stackless,0,4,False,95531,0.020020207999999998,209.56765866577337
update-string,256,2-stackless,1,0,True,95531,0.020119458,210.6065884372612
update-string,256,2-stackless,1,1,True,95531,0.020119417,210.60615925720447
update-string,256,2-stackless,1,2,False,95531,0.020069625,210.08494624781486
update-string,256,2-stackless,1,3,False,95531,0.020090499999999997,210.30346170353076
update-string,256,2-stackless,1,4,False,95531,0.020148249999999993,210.90797751515208
update-string,256,1x,1,0,True,95531,0.0505639,529.2931090431379
update-string,256,1x,1,1,True,95531,0.0501638,525.104939757775
update-string,256,1x,1,2,False,95531,0.0501915,525.3948979912279
update-string,256,1x,1,3,False,95531,0.0504769,528.3824098983577
update-string,256,1x,1,4,False,95531,0.0498855,522.1917492751044
update-string,256,1x,2,0,True,95531,0.0504836,528.452544200312
update-string,256,1x,2,1,True,95531,0.0505748,529.4072081313919
update-string,256,1x,2,2,False,95531,0.0513871,537.9102071578859
update-string,256,1x,2,3,False,95531,0.0513361,537.376349038532
update-string,256,1x,2,4,False,95531,0.0507633,531.380389611749
update-string,256,2-stackless,2,0,True,95531,0.020093584,210.3357444180423
update-string,256,2-stackless,2,1,True,95531,0.020158083,211.01090745412483
update-string,256,2-stackless,2,2,False,95531,0.020133583000000004,210.75444620070976
update-string,256,2-stackless,2,3,False,95531,0.020212415999999997,211.57965477174943
update-string,256,2-stackless,2,4,False,95531,0.020675042000000005,216.4223341114403
get-int,64,2-stackless,0,0,True,430146,0.020530375,47.72885252914127
get-int,64,2-stackless,0,1,True,430146,0.019748875,45.91202754413618
get-int,64,2-stackless,0,2,False,430146,0.019771583000000002,45.96481892194744
get-int,64,2-stackless,0,3,False,430146,0.020342959000000008,47.29314930279488
get-int,64,2-stackless,0,4,False,430146,0.019731916000000002,45.872601395805155
get-int,64,1x,0,0,True,430146,0.0264657,61.52724888758701
get-int,64,1x,0,1,True,430146,0.0257099,59.77017105819884
get-int,64,1x,0,2,False,430146,0.025721,59.79597624992444
get-int,64,1x,0,3,False,430146,0.0257471,59.856653322360316
get-int,64,1x,0,4,False,430146,0.0261008,60.67893226950849
get-int,64,1x,1,0,True,430146,0.0255123,59.31079214964222
get-int,64,1x,1,1,True,430146,0.0259092,60.23350211323597
get-int,64,1x,1,2,False,430146,0.025949,60.32602883672055
get-int,64,1x,1,3,False,430146,0.0254457,59.15596099928862
get-int,64,1x,1,4,False,430146,0.0254775,59.22988938639439
get-int,64,2-stackless,1,0,True,430146,0.019763542,45.94612526909468
get-int,64,2-stackless,1,1,True,430146,0.019757624999999997,45.93236947455049
get-int,64,2-stackless,1,2,False,430146,0.019806000000000004,46.044831289841134
get-int,64,2-stackless,1,3,False,430146,0.019717166999999994,45.83831303789874
get-int,64,2-stackless,1,4,False,430146,0.020344208000000003,47.296052968062014
get-int,64,1x,2,0,True,430146,0.0261965,60.90141486844002
get-int,64,1x,2,1,True,430146,0.0255409,59.377281202196464
get-int,64,1x,2,2,False,430146,0.0262079,60.92791749777982
get-int,64,1x,2,3,False,430146,0.025562,59.426334314395575
get-int,64,1x,2,4,False,430146,0.0259326,60.28790224714399
get-int,64,2-stackless,2,0,True,430146,0.020215541,46.99692894970545
get-int,64,2-stackless,2,1,True,430146,0.0197005,45.79956572884556
get-int,64,2-stackless,2,2,False,430146,0.019790957999999997,46.009861767864855
get-int,64,2-stackless,2,3,False,430146,0.019865542,46.18325405792452
get-int,64,2-stackless,2,4,False,430146,0.019973541999999997,46.43433159903846
do-int,256,1x,0,0,True,98363,0.242489,2465.2460783018005
do-int,256,1x,0,1,True,98363,0.241645,2456.665616136149
do-int,256,1x,0,2,False,98363,0.242201,2462.318148084137
do-int,256,1x,0,3,False,98363,0.246509,2506.1151042566817
do-int,256,1x,0,4,False,98363,0.241491,2455.0999867836485
do-int,256,2-stackless,0,0,True,98363,0.019986625,203.19251141181135
do-int,256,2-stackless,0,1,True,98363,0.020001208,203.34076837835366
do-int,256,2-stackless,0,2,False,98363,0.019966499999999998,202.98791212142777
do-int,256,2-stackless,0,3,False,98363,0.019970457999999996,203.02815082907188
do-int,256,2-stackless,0,4,False,98363,0.0199975,203.30307127680123
do-int,256,2-stackless,1,0,True,98363,0.020081708,204.15916553988797
do-int,256,2-stackless,1,1,True,98363,0.020010874999999997,203.4390472027083
do-int,256,2-stackless,1,2,False,98363,0.019962583,202.94809023718267
do-int,256,2-stackless,1,3,False,98363,0.01996141700000001,202.93623618637096
do-int,256,2-stackless,1,4,False,98363,0.01996025,202.92437196913474
do-int,256,1x,1,0,True,98363,0.249382,2535.323241462745
do-int,256,1x,1,1,True,98363,0.250231,2543.954535750231
do-int,256,1x,1,2,False,98363,0.248111,2522.401716092433
do-int,256,1x,1,3,False,98363,0.244619,2486.9005622032673
do-int,256,1x,1,4,False,98363,0.245271,2493.529070890477
do-int,256,1x,2,0,True,98363,0.25005,2542.114412939825
do-int,256,1x,2,1,True,98363,0.244565,2486.3515752874555
do-int,256,1x,2,2,False,98363,0.242476,2465.113914785031
do-int,256,1x,2,3,False,98363,0.243376,2474.2636967152284
do-int,256,1x,2,4,False,98363,0.24611,2502.0587009342944
do-int,256,2-stackless,2,0,True,98363,0.020367542,207.06507528237245
do-int,256,2-stackless,2,1,True,98363,0.019968541000000003,203.00866179356063
do-int,256,2-stackless,2,2,False,98363,0.019998916999999998,203.31747710012908
do-int,256,2-stackless,2,3,False,98363,0.019952709,202.84770696298406
do-int,256,2-stackless,2,4,False,98363,0.020002040999999998,203.34923700985127
assign-string,8,2-stackless,0,0,True,589682,0.019710250000000002,33.42521901635119
assign-string,8,2-stackless,0,1,True,589682,0.019742333,33.479626307060414
assign-string,8,2-stackless,0,2,False,589682,0.019723666,33.44797026193779
assign-string,8,2-stackless,0,3,False,589682,0.01973825,33.47270223612048
assign-string,8,2-stackless,0,4,False,589682,0.019814750000000006,33.60243317584733
assign-string,8,1x,0,0,True,589682,0.044196,74.94887074728413
assign-string,8,1x,0,1,True,589682,0.0439889,74.59766450391906
assign-string,8,1x,0,2,False,589682,0.0434668,73.71227203814938
assign-string,8,1x,0,3,False,589682,0.045581,77.29759429658698
assign-string,8,1x,0,4,False,589682,0.0495312,83.99645910846863
assign-string,8,2-stackless,1,0,True,589682,0.019793542,33.56646802853063
assign-string,8,2-stackless,1,1,True,589682,0.019659959,33.33993406615769
assign-string,8,2-stackless,1,2,False,589682,0.019743625,33.48181731848691
assign-string,8,2-stackless,1,3,False,589682,0.019675749999999992,33.36671290627829
assign-string,8,2-stackless,1,4,False,589682,0.019682333999999996,33.37787824624119
assign-string,8,1x,1,0,True,589682,0.0498523,84.54098988946585
assign-string,8,1x,1,1,True,589682,0.0490938,83.25470338250108
assign-string,8,1x,1,2,False,589682,0.0490091,83.11106664269894
assign-string,8,1x,1,3,False,589682,0.0498295,84.50232498193942
assign-string,8,1x,1,4,False,589682,0.0498092,84.46789964760667
assign-string,8,2-stackless,2,0,True,589682,0.019739167000000002,33.47425731156794
assign-string,8,2-stackless,2,1,True,589682,0.019721833,33.444861806872176
assign-string,8,2-stackless,2,2,False,589682,0.019867875,33.69252410621318
assign-string,8,2-stackless,2,3,False,589682,0.019739542000000006,33.474893247546994
assign-string,8,2-stackless,2,4,False,589682,0.019720375,33.44238928778562
assign-string,8,1x,2,0,True,589682,0.0494414,83.84417363935138
assign-string,8,1x,2,1,True,589682,0.0495198,83.97712665470542
assign-string,8,1x,2,2,False,589682,0.0494267,83.8192449489725
assign-string,8,1x,2,3,False,589682,0.0489604,83.02847975688591
assign-string,8,1x,2,4,False,589682,0.0490221,83.13311242330612
update-seq,256,1x,0,0,True,95360,0.0571705,599.5228607382551
update-seq,256,1x,0,1,True,95360,0.0574693,602.65625
update-seq,256,1x,0,2,False,95360,0.0574378,602.3259228187919
update-seq,256,1x,0,3,False,95360,0.0573225,601.1168204697987
update-seq,256,1x,0,4,False,95360,0.0573297,601.1923238255033
update-seq,256,2-stackless,0,0,True,95360,0.020122333,211.0143980704698
update-seq,256,2-stackless,0,1,True,95360,0.020000125,209.73285444630872
update-seq,256,2-stackless,0,2,False,95360,0.019987625000000002,209.60177223154366
update-seq,256,2-stackless,0,3,False,95360,0.019975292,209.4724412751678
update-seq,256,2-stackless,0,4,False,95360,0.019964916,209.36363255033558
update-seq,256,1x,1,0,True,95360,0.0579214,607.3972315436241
update-seq,256,1x,1,1,True,95360,0.0576879,604.9486157718121
update-seq,256,1x,1,2,False,95360,0.0576067,604.097105704698
update-seq,256,1x,1,3,False,95360,0.0572405,600.2569211409397
update-seq,256,1x,1,4,False,95360,0.0573277,601.1713506711409
update-seq,256,2-stackless,1,0,True,95360,0.020147416,211.27743288590605
update-seq,256,2-stackless,1,1,True,95360,0.02022075,212.04645553691276
update-seq,256,2-stackless,1,2,False,95360,0.019986749999999998,209.59259647651004
update-seq,256,2-stackless,1,3,False,95360,0.020002708,209.7599412751678
update-seq,256,2-stackless,1,4,False,95360,0.02006354199999999,210.39788171140927
update-seq,256,1x,2,0,True,95360,0.0563694,591.1220637583892
update-seq,256,1x,2,1,True,95360,0.0573453,601.3559144295302
update-seq,256,1x,2,2,False,95360,0.0571835,599.6591862416108
update-seq,256,1x,2,3,False,95360,0.0572293,600.13947147651
update-seq,256,1x,2,4,False,95360,0.0568902,596.5834731543624
update-seq,256,2-stackless,2,0,True,95360,0.020328459,213.17595427852348
update-seq,256,2-stackless,2,1,True,95360,0.019995875,209.6882864932886
update-seq,256,2-stackless,2,2,False,95360,0.019970875,209.42612206375838
update-seq,256,2-stackless,2,3,False,95360,0.01998841700000001,209.61007760067122
update-seq,256,2-stackless,2,4,False,95360,0.020005042,209.78441694630874
get-int,0,2-stackless,0,0,True,3794491,0.017080792,4.501471211817343
get-int,0,2-stackless,0,1,True,3794491,0.017157958,4.521807536241356
get-int,0,2-stackless,0,2,False,3794491,0.01711125,4.509498111867969
get-int,0,2-stackless,0,3,False,3794491,0.017108583000000004,4.50879525079912
get-int,0,2-stackless,0,4,False,3794491,0.017115374999999988,4.510585214196051
get-int,0,1x,0,0,True,3794491,0.0196727,5.184542538116443
get-int,0,1x,0,1,True,3794491,0.0195692,5.157266152429931
get-int,0,1x,0,2,False,3794491,0.019603,5.166173803021275
get-int,0,1x,0,3,False,3794491,0.0195397,5.149491723659379
get-int,0,1x,0,4,False,3794491,0.0196222,5.171233770221091
get-int,0,2-stackless,1,0,True,3794491,0.017146750000000002,4.518853780388464
get-int,0,2-stackless,1,1,True,3794491,0.017084042,4.5023277166818945
get-int,0,2-stackless,1,2,False,3794491,0.017159667000000003,4.522257926030132
get-int,0,2-stackless,1,3,False,3794491,0.017130041999999998,4.514450554764788
get-int,0,2-stackless,1,4,False,3794491,0.01711775,4.511211121597073
get-int,0,1x,1,0,True,3794491,0.0193562,5.101132141306963
get-int,0,1x,1,1,True,3794491,0.0193896,5.109934375914978
get-int,0,1x,1,2,False,3794491,0.0193851,5.1087484461025205
get-int,0,1x,1,3,False,3794491,0.0194332,5.121424718097895
get-int,0,1x,1,4,False,3794491,0.0193768,5.106561064448433
get-int,0,2-stackless,2,0,True,3794491,0.017237709,4.542825111457637
get-int,0,2-stackless,2,1,True,3794491,0.017222124999999998,4.538718104747118
get-int,0,2-stackless,2,2,False,3794491,0.017303333999999997,4.560119921222634
get-int,0,2-stackless,2,3,False,3794491,0.017392832999999996,4.583706483952656
get-int,0,2-stackless,2,4,False,3794491,0.017336708999999992,4.568915567331691
get-int,0,1x,2,0,True,3794491,0.0201559,5.3118850459784985
get-int,0,1x,2,1,True,3794491,0.0201451,5.309038814428602
get-int,0,1x,2,2,False,3794491,0.0205266,5.409579308529128
get-int,0,1x,2,3,False,3794491,0.0201153,5.301185323670553
get-int,0,1x,2,4,False,3794491,0.020137,5.3069041407661794
get-seq,64,2-stackless,0,0,True,417138,0.01948325,46.70696508110026
get-seq,64,2-stackless,0,1,True,417138,0.019555000000000003,46.87897050856073
get-seq,64,2-stackless,0,2,False,417138,0.019536625000000002,46.834920338113534
get-seq,64,2-stackless,0,3,False,417138,0.019564416999999994,46.90154577142335
get-seq,64,2-stackless,0,4,False,417138,0.019529875000000002,46.81873864284722
get-seq,64,1x,0,0,True,417138,0.0408595,97.95199670133145
get-seq,64,1x,0,1,True,417138,0.0406853,97.53438909905115
get-seq,64,1x,0,2,False,417138,0.0407135,97.60199262594153
get-seq,64,1x,0,3,False,417138,0.0410283,98.3566589473987
get-seq,64,1x,0,4,False,417138,0.041484,99.44910317448903
get-seq,64,1x,1,0,True,417138,0.0413165,99.04755740306565
get-seq,64,1x,1,1,True,417138,0.04097,98.21689704606149
get-seq,64,1x,1,2,False,417138,0.0411853,98.73303319285225
get-seq,64,1x,1,3,False,417138,0.0409164,98.08840239920602
get-seq,64,1x,1,4,False,417138,0.0412136,98.80087644856138
get-seq,64,2-stackless,1,0,True,417138,0.019501292,46.75021695458098
get-seq,64,2-stackless,1,1,True,417138,0.019522750000000002,46.801657964510554
get-seq,64,2-stackless,1,2,False,417138,0.019962292,47.855366809065586
get-seq,64,2-stackless,1,3,False,417138,0.019558167,46.88656272025085
get-seq,64,2-stackless,1,4,False,417138,0.019630416999999997,47.0597667918051
get-seq,64,1x,2,0,True,417138,0.0411081,98.54796254476936
get-seq,64,1x,2,1,True,417138,0.0410211,98.33939847244797
get-seq,64,1x,2,2,False,417138,0.0411508,98.65032675037997
get-seq,64,1x,2,3,False,417138,0.0408105,97.83452958013895
get-seq,64,1x,2,4,False,417138,0.0410872,98.49785922164847
get-seq,64,2-stackless,2,0,True,417138,0.019501458,46.75061490442012
get-seq,64,2-stackless,2,1,True,417138,0.019670042,47.15475933623885
get-seq,64,2-stackless,2,2,False,417138,0.019600416000000002,46.987845748888866
get-seq,64,2-stackless,2,3,False,417138,0.019551792000000005,46.871280008054896
get-seq,64,2-stackless,2,4,False,417138,0.019488458,46.71945015798129
update-string,64,2-stackless,0,0,True,307318,0.019494083,63.432935916542476
update-string,64,2-stackless,0,1,True,307318,0.019512375000000002,63.492457324335064
update-string,64,2-stackless,0,2,False,307318,0.019472167,63.36162216336173
update-string,64,2-stackless,0,3,False,307318,0.019483166000000003,63.39741245224817
update-string,64,2-stackless,0,4,False,307318,0.019500291000000003,63.45313649054076
update-string,64,1x,0,0,True,307318,0.0415159,135.0910132175792
update-string,64,1x,0,1,True,307318,0.0415503,135.20294938793043
update-string,64,1x,0,2,False,307318,0.0412329,134.17014297893388
update-string,64,1x,0,3,False,307318,0.0413547,134.5664751169798
update-string,64,1x,0,4,False,307318,0.0418968,136.33044598754384
update-string,64,2-stackless,1,0,True,307318,0.019472375,63.36229898671734
update-string,64,2-stackless,1,1,True,307318,0.019425542000000004,63.20990635107609
update-string,64,2-stackless,1,2,False,307318,0.019358583,62.99202454786248
update-string,64,2-stackless,1,3,False,307318,0.019319667,62.865393501194205
update-string,64,2-stackless,1,4,False,307318,0.019306833999999995,62.82363545252799
update-string,64,1x,1,0,True,307318,0.0410439,133.55514483369018
update-string,64,1x,1,1,True,307318,0.0410681,133.6338906279489
update-string,64,1x,1,2,False,307318,0.042236,137.43418869054204
update-string,64,1x,1,3,False,307318,0.0411673,133.95668330524083
update-string,64,1x,1,4,False,307318,0.0412491,134.22285710566905
update-string,64,1x,2,0,True,307318,0.0424266,138.05439316929045
update-string,64,1x,2,1,True,307318,0.0422918,137.61575957151877
update-string,64,1x,2,2,False,307318,0.0408444,132.90598012482184
update-string,64,1x,2,3,False,307318,0.0414334,134.82256164624266
update-string,64,1x,2,4,False,307318,0.0413775,134.6406653694219
update-string,64,2-stackless,2,0,True,307318,0.019608833,63.80632764758329
update-string,64,2-stackless,2,1,True,307318,0.019758042,64.29184753252332
update-string,64,2-stackless,2,2,False,307318,0.019687125,64.06108656180243
update-string,64,2-stackless,2,3,False,307318,0.019403125,63.13696236471668
update-string,64,2-stackless,2,4,False,307318,0.019344333000000005,62.94565564008618
const-table,8,2-stackless,0,0,True,1994178,0.019819375,9.938618819383224
const-table,8,2-stackless,0,1,True,1994178,0.019842084000000003,9.950006468830768
const-table,8,2-stackless,0,2,False,1994178,0.020068875,10.063733026841135
const-table,8,2-stackless,0,3,False,1994178,0.019802834,9.930324173669552
const-table,8,2-stackless,0,4,False,1994178,0.019795375000000004,9.926583785399298
const-table,8,1x,0,0,True,1994178,0.144342,72.38170313783424
const-table,8,1x,0,1,True,1994178,0.157355,78.90719885586944
const-table,8,1x,0,2,False,1994178,0.139813,70.1105919331173
const-table,8,1x,0,3,False,1994178,0.143665,72.04221488753763
const-table,8,1x,0,4,False,1994178,0.1512,75.82071409874143
const-table,8,1x,1,0,True,1994178,0.151558,76.00023668900168
const-table,8,1x,1,1,True,1994178,0.146343,73.38512409624417
const-table,8,1x,1,2,False,1994178,0.144895,72.6590103792139
const-table,8,1x,1,3,False,1994178,0.144252,72.3365717603945
const-table,8,1x,1,4,False,1994178,0.144162,72.29144038295478
const-table,8,2-stackless,1,0,True,1994178,0.019812875,9.935359331012577
const-table,8,2-stackless,1,1,True,1994178,0.019774708,9.916220116759888
const-table,8,2-stackless,1,2,False,1994178,0.019769167000000004,9.913441528288852
const-table,8,2-stackless,1,3,False,1994178,0.019749167000000005,9.903412333302244
const-table,8,2-stackless,1,4,False,1994178,0.019740791999999993,9.899212607901598
const-table,8,1x,2,0,True,1994178,0.150949,75.69484770165953
const-table,8,1x,2,1,True,1994178,0.146769,73.59874594945887
const-table,8,1x,2,2,False,1994178,0.160177,80.32231826847955
const-table,8,1x,2,3,False,1994178,0.153058,76.75242631299713
const-table,8,1x,2,4,False,1994178,0.150322,75.38043243882943
const-table,8,2-stackless,2,0,True,1994178,0.019773917000000002,9.91582346209817
const-table,8,2-stackless,2,1,True,1994178,0.019827458,9.942672118537061
const-table,8,2-stackless,2,2,False,1994178,0.019785625,9.921694552843327
const-table,8,2-stackless,2,3,False,1994178,0.019828083000000003,9.942985530880394
const-table,8,2-stackless,2,4,False,1994178,0.019804209000000003,9.931013680824883
add-float4,64,2-stackless,0,0,True,272202,0.019444375,71.43362282422612
add-float4,64,2-stackless,0,1,True,272202,0.019465417,71.51092570958332
add-float4,64,2-stackless,0,2,False,272202,0.019435875000000005,71.40239601472437
add-float4,64,2-stackless,0,3,False,272202,0.019450125,71.4547468424185
add-float4,64,2-stackless,0,4,False,272202,0.019960124999999995,73.3283554125245
add-float4,64,1x,0,0,True,272202,0.0163078,59.910654587402
add-float4,64,1x,0,1,True,272202,0.0166146,61.037758723301074
add-float4,64,1x,0,2,False,272202,0.0164102,60.28684579834094
add-float4,64,1x,0,3,False,272202,0.0164082,60.27949831375229
add-float4,64,1x,0,4,False,272202,0.0163792,60.17295978721685
add-float4,64,1x,1,0,True,272202,0.0164298,60.35885114730973
add-float4,64,1x,1,1,True,272202,0.0166399,61.130704403347515
add-float4,64,1x,1,2,False,272202,0.0165422,60.77177978119191
add-float4,64,1x,1,3,False,272202,0.0164013,60.25414949192144
add-float4,64,1x,1,4,False,272202,0.0164722,60.51461782058912
add-float4,64,2-stackless,1,0,True,272202,0.019544541,71.80160689487954
add-float4,64,2-stackless,1,1,True,272202,0.019641541999999998,72.1579635711714
add-float4,64,2-stackless,1,2,False,272202,0.019484749999999995,71.5819501693595
add-float4,64,2-stackless,1,3,False,272202,0.01951066700000001,71.67716254840158
add-float4,64,2-stackless,1,4,False,272202,0.019501249999999998,71.64256691721587
add-float4,64,1x,2,0,True,272202,0.0164038,60.26333384765726
add-float4,64,1x,2,1,True,272202,0.0485621,178.40464067126618
add-float4,64,1x,2,2,False,272202,0.0485694,178.43145899001476
add-float4,64,1x,2,3,False,272202,0.0249624,91.7054246478718
add-float4,64,1x,2,4,False,272202,0.0165938,60.9613448835791
add-float4,64,2-stackless,2,0,True,272202,0.019789,72.69968626240806
add-float4,64,2-stackless,2,1,True,272202,0.019713707999999996,72.4230828575837
add-float4,64,2-stackless,2,2,False,272202,0.019705124999999997,72.3915511274715
add-float4,64,2-stackless,2,3,False,272202,0.019540375,71.78630208448138
add-float4,64,2-stackless,2,4,False,272202,0.01945466700000001,71.47143297991936
assign-string,256,1x,0,0,True,21388,0.0421054,1968.645969702637
assign-string,256,1x,0,1,True,21388,0.0421596,1971.18010099121
assign-string,256,1x,0,2,False,21388,0.0439249,2053.717037591173
assign-string,256,1x,0,3,False,21388,0.0422692,1976.3044697961473
assign-string,256,1x,0,4,False,21388,0.0420551,1966.2941836543857
assign-string,256,2-stackless,0,0,True,21388,0.019875459,929.2808584252853
assign-string,256,2-stackless,0,1,True,21388,0.019881084000000004,929.543856368057
assign-string,256,2-stackless,0,2,False,21388,0.019859500000000002,928.5346923508512
assign-string,256,2-stackless,0,3,False,21388,0.020719541999999994,968.7461193192441
assign-string,256,2-stackless,0,4,False,21388,0.020486416000000007,957.8462689358522
assign-string,256,1x,1,0,True,21388,0.0428229,2002.1928184028427
assign-string,256,1x,1,1,True,21388,0.0422984,1977.6697213390687
assign-string,256,1x,1,2,False,21388,0.0420301,1965.125303908734
assign-string,256,1x,1,3,False,21388,0.0415898,1944.538993828315
assign-string,256,1x,1,4,False,21388,0.0418076,1954.7222741724331
assign-string,256,2-stackless,1,0,True,21388,0.020038709000000002,936.9136431643913
assign-string,256,2-stackless,1,1,True,21388,0.019996875000000004,934.9576865532076
assign-string,256,2-stackless,1,2,False,21388,0.019902166,930.5295492799701
assign-string,256,2-stackless,1,3,False,21388,0.020776916,971.4286515803254
assign-string,256,2-stackless,1,4,False,21388,0.019928666999999997,931.7686085655506
assign-string,256,1x,2,0,True,21388,0.0418004,1954.3856368056854
assign-string,256,1x,2,1,True,21388,0.0420565,1966.359640920142
assign-string,256,1x,2,2,False,21388,0.0419536,1961.5485318870394
assign-string,256,1x,2,3,False,21388,0.042609,1992.1918832990461
assign-string,256,1x,2,4,False,21388,0.042654,1994.2958668412193
assign-string,256,2-stackless,2,0,True,21388,0.019847833,927.9891995511501
assign-string,256,2-stackless,2,1,True,21388,0.020222792000000003,945.520478773144
assign-string,256,2-stackless,2,2,False,21388,0.020398291,953.7259678324294
assign-string,256,2-stackless,2,3,False,21388,0.020324334,950.2680942584627
assign-string,256,2-stackless,2,4,False,21388,0.019976667000000004,934.0128576772023
push-shared-seq,64,2-stackless,0,0,True,81473,0.031201958000000002,382.972984915248
push-shared-seq,64,2-stackless,0,1,True,81473,0.03131325,384.3389834669154
push-shared-seq,64,2-stackless,0,2,False,81473,0.032582875,399.922366919102
push-shared-seq,64,2-stackless,0,3,False,81473,0.030827041,378.37125182575824
push-shared-seq,64,2-stackless,0,4,False,81473,0.030625333000000005,375.89548684840383
push-shared-seq,64,1x,0,0,True,81473,0.0201341,247.12604175616462
push-shared-seq,64,1x,0,1,True,81473,0.020098,246.68295017981418
push-shared-seq,64,1x,0,2,False,81473,0.0199877,245.32912744099272
push-shared-seq,64,1x,0,3,False,81473,0.0200388,245.95632909061896
push-shared-seq,64,1x,0,4,False,81473,0.0205591,252.34249383231256
push-shared-seq,64,1x,1,0,True,81473,0.0204098,250.509984902974
push-shared-seq,64,1x,1,1,True,81473,0.0205596,252.34863083475508
push-shared-seq,64,1x,1,2,False,81473,0.0204736,251.29306641464044
push-shared-seq,64,1x,1,3,False,81473,0.0204782,251.34952683711168
push-shared-seq,64,1x,1,4,False,81473,0.0203351,249.59311673806047
push-shared-seq,64,2-stackless,1,0,True,81473,0.031054042,381.1574632086704
push-shared-seq,64,2-stackless,1,1,True,81473,0.031321417,384.4392252648116
push-shared-seq,64,2-stackless,1,2,False,81473,0.030839250000000006,378.5211051513999
push-shared-seq,64,2-stackless,1,3,False,81473,0.030983958000000006,380.29725185030634
push-shared-seq,64,2-stackless,1,4,False,81473,0.030851917000000006,378.6765799712789
push-shared-seq,64,1x,2,0,True,81473,0.020093,246.6215801553889
push-shared-seq,64,1x,2,1,True,81473,0.0204834,251.41335166251397
push-shared-seq,64,1x,2,2,False,81473,0.0198328,243.42788408429786
push-shared-seq,64,1x,2,3,False,81473,0.0197953,242.96760890110835
push-shared-seq,64,1x,2,4,False,81473,0.019789,242.8902826703325
push-shared-seq,64,2-stackless,2,0,True,81473,0.030811459,378.1799982816393
push-shared-seq,64,2-stackless,2,1,True,81473,0.030466042,373.94034833625864
push-shared-seq,64,2-stackless,2,2,False,81473,0.030761207999999998,377.5632172621605
push-shared-seq,64,2-stackless,2,3,False,81473,0.030922083000000003,379.5377977980436
push-shared-seq,64,2-stackless,2,4,False,81473,0.030686667,376.6483006640237
assign-int,64,2-stackless,0,0,True,159368,0.021708375,136.2153945585061
assign-int,64,2-stackless,0,1,True,159368,0.021945500000000003,137.7033030470358
assign-int,64,2-stackless,0,2,False,159368,0.021731707999999995,136.36180412629886
assign-int,64,2-stackless,0,3,False,159368,0.021705125000000006,136.19500150594854
assign-int,64,2-stackless,0,4,False,159368,0.021696375000000004,136.14009713367804
assign-int,64,1x,0,0,True,159368,0.0195569,122.71535063500828
assign-int,64,1x,0,1,True,159368,0.0205881,129.1859093419005
assign-int,64,1x,0,2,False,159368,0.0205521,128.9600170674163
assign-int,64,1x,0,3,False,159368,0.0204486,128.3105767782742
assign-int,64,1x,0,4,False,159368,0.0203958,127.97926810903067
assign-int,64,1x,1,0,True,159368,0.019632,123.18658701872396
assign-int,64,1x,1,1,True,159368,0.0197712,124.06003714672958
assign-int,64,1x,1,2,False,159368,0.0198508,124.55951006475578
assign-int,64,1x,1,3,False,159368,0.019867,124.66116158827369
assign-int,64,1x,1,4,False,159368,0.0200434,125.76803373324633
assign-int,64,2-stackless,1,0,True,159368,0.022007167,138.09025023844185
assign-int,64,2-stackless,1,1,True,159368,0.021677832999999997,136.02375006274784
assign-int,64,2-stackless,1,2,False,159368,0.021635334,135.75707795793383
assign-int,64,2-stackless,1,3,False,159368,0.021679458999999998,136.03395286381206
assign-int,64,2-stackless,1,4,False,159368,0.021633917000000003,135.74818658701875
assign-int,64,2-stackless,2,0,True,159368,0.021861875,137.17857411776518
assign-int,64,2-stackless,2,1,True,159368,0.022181542000000002,139.18441594297477
assign-int,64,2-stackless,2,2,False,159368,0.021650124999999992,135.8498883088198
assign-int,64,2-stackless,2,3,False,159368,0.021603709,135.55863786958486
assign-int,64,2-stackless,2,4,False,159368,0.021680707999999993,136.04179007077954
assign-int,64,1x,2,0,True,159368,0.0196501,123.3001606345063
assign-int,64,1x,2,1,True,159368,0.0195686,122.78876562421566
assign-int,64,1x,2,2,False,159368,0.0196613,123.3704382310125
assign-int,64,1x,2,3,False,159368,0.0195232,122.50389036694945
assign-int,64,1x,2,4,False,159368,0.0195504,122.67456452989308
get-string,256,1x,0,0,True,139280,0.0311194,223.43049971280874
get-string,256,1x,0,1,True,139280,0.0305948,219.66398621481906
get-string,256,1x,0,2,False,139280,0.0304365,218.5274267662263
get-string,256,1x,0,3,False,139280,0.0300159,215.5076105686387
get-string,256,1x,0,4,False,139280,0.0300983,216.09922458357266
get-string,256,2-stackless,0,0,True,139280,0.020429833,146.6817418150488
get-string,256,2-stackless,0,1,True,139280,0.020450375000000003,146.82922889144172
get-string,256,2-stackless,0,2,False,139280,0.020472166,146.98568351522113
get-string,256,2-stackless,0,3,False,139280,0.020389249999999998,146.3903647329121
get-string,256,2-stackless,0,4,False,139280,0.020481,147.0491097070649
get-string,256,2-stackless,1,0,True,139280,0.021869417000000002,157.01764072372202
get-string,256,2-stackless,1,1,True,139280,0.020659333999999998,148.32950890292932
get-string,256,2-stackless,1,2,False,139280,0.020629457999999996,148.11500574382535
get-string,256,2-stackless,1,3,False,139280,0.020441292,146.76401493394602
get-string,256,2-stackless,1,4,False,139280,0.020582624999999993,147.77875502584715
get-string,256,1x,1,0,True,139280,0.0310018,222.58615738081562
get-string,256,1x,1,1,True,139280,0.0314759,225.9900919012062
get-string,256,1x,1,2,False,139280,0.030301,217.55456634118323
get-string,256,1x,1,3,False,139280,0.0299329,214.911688684664
get-string,256,1x,1,4,False,139280,0.0304964,218.95749569213095
get-string,256,1x,2,0,True,139280,0.0300043,215.42432510051694
get-string,256,1x,2,1,True,139280,0.030519,219.1197587593337
get-string,256,1x,2,2,False,139280,0.0309562,222.25875933371626
get-string,256,1x,2,3,False,139280,0.030114,216.21194715680645
get-string,256,1x,2,4,False,139280,0.0302284,217.03331418724872
get-string,256,2-stackless,2,0,True,139280,0.020500458000000003,147.18881390005745
get-string,256,2-stackless,2,1,True,139280,0.020568292,147.6758472142447
get-string,256,2-stackless,2,2,False,139280,0.020247833,145.3750215393452
get-string,256,2-stackless,2,3,False,139280,0.020507667000000007,147.2405729465825
get-string,256,2-stackless,2,4,False,139280,0.020897959000000008,150.04278431935674
update-int,0,1x,0,0,True,4541120,0.0246152,5.420513001197943
update-int,0,1x,0,1,True,4541120,0.024612,5.419808329222747
update-int,0,1x,0,2,False,4541120,0.024653,5.42883693890494
update-int,0,1x,0,3,False,4541120,0.0246197,5.421503946163061
update-int,0,1x,0,4,False,4541120,0.0249342,5.490759988725248
update-int,0,2-stackless,0,0,True,4541120,0.020543833,4.523957305686703
update-int,0,2-stackless,0,1,True,4541120,0.020580041999999996,4.5319308892960315
update-int,0,2-stackless,0,2,False,4541120,0.020779042000000005,4.575752677753506
update-int,0,2-stackless,0,3,False,4541120,0.020549000000000005,4.525095130716652
update-int,0,2-stackless,0,4,False,4541120,0.020487292000000004,4.511506412514975
update-int,0,1x,1,0,True,4541120,0.0238836,5.2594073708688605
update-int,0,1x,1,1,True,4541120,0.0232991,5.130694630399549
update-int,0,1x,1,2,False,4541120,0.0233092,5.1329187513212595
update-int,0,1x,1,3,False,4541120,0.0233158,5.134372137270101
update-int,0,1x,1,4,False,4541120,0.0233123,5.133601402297231
update-int,0,2-stackless,1,0,True,4541120,0.020447167,4.502670486575999
update-int,0,2-stackless,1,1,True,4541120,0.02044375,4.501918029032486
update-int,0,2-stackless,1,2,False,4541120,0.020447458,4.502734567683743
update-int,0,2-stackless,1,3,False,4541120,0.020480165999999994,4.509937196110209
update-int,0,2-stackless,1,4,False,4541120,0.020458332999999995,4.505129351349446
update-int,0,2-stackless,2,0,True,4541120,0.020434166,4.499807536466775
update-int,0,2-stackless,2,1,True,4541120,0.020444666999999996,4.502119961595376
update-int,0,2-stackless,2,2,False,4541120,0.02045275,4.5038999189627225
update-int,0,2-stackless,2,3,False,4541120,0.020446625000000003,4.502551132760201
update-int,0,2-stackless,2,4,False,4541120,0.020478084000000008,4.509478718906351
update-int,0,1x,2,0,True,4541120,0.0235576,5.187618913395815
update-int,0,1x,2,1,True,4541120,0.0235227,5.179933584666338
update-int,0,1x,2,2,False,4541120,0.0234175,5.156767493481785
update-int,0,1x,2,3,False,4541120,0.02344,5.161722218307378
update-int,0,1x,2,4,False,4541120,0.0234115,5.155446233528292
get-seq,256,1x,0,0,True,134957,0.0352526,261.21357173025484
get-seq,256,1x,0,1,True,134957,0.0349569,259.02250346406635
get-seq,256,1x,0,2,False,134957,0.03442,255.0441992634691
get-seq,256,1x,0,3,False,134957,0.0344836,255.51546048000475
get-seq,256,1x,0,4,False,134957,0.0341325,252.91389109123648
get-seq,256,2-stackless,0,0,True,134957,0.020581083,152.50104107234156
get-seq,256,2-stackless,0,1,True,134957,0.019816417000000003,146.83504375467746
get-seq,256,2-stackless,0,2,False,134957,0.020139958,149.23240735938114
get-seq,256,2-stackless,0,3,False,134957,0.020161583000000004,149.39264358277083
get-seq,256,2-stackless,0,4,False,134957,0.019955874999999998,147.8683951184451
get-seq,256,2-stackless,1,0,True,134957,0.019857584,147.14008165563845
get-seq,256,2-stackless,1,1,True,134957,0.019922917,147.62418399934793
get-seq,256,2-stackless,1,2,False,134957,0.02004525,148.53064309372616
get-seq,256,2-stackless,1,3,False,134957,0.021015,155.71626518076127
get-seq,256,2-stackless,1,4,False,134957,0.019794999999999993,146.67634876293926
get-seq,256,1x,1,0,True,134957,0.0350464,259.6856776602918
get-seq,256,1x,1,1,True,134957,0.0335683,248.73330023637158
get-seq,256,1x,1,2,False,134957,0.0340288,252.1454981957216
get-seq,256,1x,1,3,False,134957,0.0340194,252.07584638069903
get-seq,256,1x,1,4,False,134957,0.0346056,256.41945212178695
get-seq,256,1x,2,0,True,134957,0.0353762,262.12941900012595
get-seq,256,1x,2,1,True,134957,0.0344173,255.02419289106902
get-seq,256,1x,2,2,False,134957,0.0352485,261.1831916832769
get-seq,256,1x,2,3,False,134957,0.0357345,264.7843387152945
get-seq,256,1x,2,4,False,134957,0.0356185,263.92480567884587
get-seq,256,2-stackless,2,0,True,134957,0.019863666000000002,147.1851478619116
get-seq,256,2-stackless,2,1,True,134957,0.01980675,146.7634135317175
get-seq,256,2-stackless,2,2,False,134957,0.019529708,144.71059670858125
get-seq,256,2-stackless,2,3,False,134957,0.019720875,146.12709974288106
get-seq,256,2-stackless,2,4,False,134957,0.019821124999999995,146.86992894032912
update-string,8,2-stackless,0,0,True,1520913,0.020440833,13.439843699146499
update-string,8,2-stackless,0,1,True,1520913,0.020357999999999998,13.385381017849145
update-string,8,2-stackless,0,2,False,1520913,0.020157249999999995,13.253387932117088
update-string,8,2-stackless,0,3,False,1520913,0.020214875,13.291276358345284
update-string,8,2-stackless,0,4,False,1520913,0.020400792,13.413516749478767
update-string,8,1x,0,0,True,1520913,0.0436127,28.67534171908584
update-string,8,1x,0,1,True,1520913,0.0435322,28.62241298483214
update-string,8,1x,0,2,False,1520913,0.0436486,28.698945962063576
update-string,8,1x,0,3,False,1520913,0.0434993,28.60078124126758
update-string,8,1x,0,4,False,1520913,0.0434119,28.543315758363562
update-string,8,1x,1,0,True,1520913,0.0440829,28.984498127111806
update-string,8,1x,1,1,True,1520913,0.0437961,28.795927183211663
update-string,8,1x,1,2,False,1520913,0.0436723,28.71452870742771
update-string,8,1x,1,3,False,1520913,0.0437327,28.754241695613096
update-string,8,1x,1,4,False,1520913,0.0434018,28.536675010339184
update-string,8,2-stackless,1,0,True,1520913,0.020630917000000002,13.564823891964895
update-string,8,2-stackless,1,1,True,1520913,0.020474708999999997,13.462117162520142
update-string,8,2-stackless,1,2,False,1520913,0.020008166,13.155365231278843
update-string,8,2-stackless,1,3,False,1520913,0.019981458,13.137804726503093
update-string,8,2-stackless,1,4,False,1520913,0.020031792000000007,13.170899321657457
update-string,8,1x,2,0,True,1520913,0.0442183,29.07352360062673
update-string,8,1x,2,1,True,1520913,0.0446842,29.379852759493804
update-string,8,1x,2,2,False,1520913,0.0435635,28.642992728709665
update-string,8,1x,2,3,False,1520913,0.0435889,28.659693223741264
update-string,8,1x,2,4,False,1520913,0.0464177,30.51962867041047
update-string,8,2-stackless,2,0,True,1520913,0.020332916000000003,13.368888292755736
update-string,8,2-stackless,2,1,True,1520913,0.019945665999999997,13.114271493504228
update-string,8,2-stackless,2,2,False,1520913,0.019942707999999996,13.112326609082832
update-string,8,2-stackless,2,3,False,1520913,0.020003291000000006,13.152159919732428
update-string,8,2-stackless,2,4,False,1520913,0.020002041999999998,13.151338702476734
assign-int,0,2-stackless,0,0,True,4444445,0.0200725,4.516311935461008
assign-int,0,2-stackless,0,1,True,4444445,0.020015250000000002,4.503430687071164
assign-int,0,2-stackless,0,2,False,4444445,0.020009583000000004,4.502155612230549
assign-int,0,2-stackless,0,3,False,4444445,0.020057584000000003,4.512955835880521
assign-int,0,2-stackless,0,4,False,4444445,0.020080625000000005,4.5181400602324935
assign-int,0,1x,0,0,True,4444445,0.022769,5.123024359621955
assign-int,0,1x,0,1,True,4444445,0.0226322,5.0922443634694545
assign-int,0,1x,0,2,False,4444445,0.0226654,5.099714362535705
assign-int,0,1x,0,3,False,4444445,0.0227333,5.114991860626017
assign-int,0,1x,0,4,False,4444445,0.0226889,5.105001861874768
assign-int,0,1x,1,0,True,4444445,0.0226054,5.0862143642232045
assign-int,0,1x,1,1,True,4444445,0.0225383,5.071116866110391
assign-int,0,1x,1,2,False,4444445,0.022608,5.086799364150079
assign-int,0,1x,1,3,False,4444445,0.0225912,5.083019364622579
assign-int,0,1x,1,4,False,4444445,0.0225882,5.082344364706954
assign-int,0,2-stackless,1,0,True,4444445,0.020219042,4.549283881339515
assign-int,0,2-stackless,1,1,True,4444445,0.020035999999999998,4.50809943648757
assign-int,0,2-stackless,1,2,False,4444445,0.020037624999999996,4.508465061441867
assign-int,0,2-stackless,1,3,False,4444445,0.020192916999999998,4.54340575707428
assign-int,0,2-stackless,1,4,False,4444445,0.020040041999999994,4.509008886373888
assign-int,0,2-stackless,2,0,True,4444445,0.020020625,4.504640061919992
assign-int,0,2-stackless,2,1,True,4444445,0.020032707999999996,4.507358736580157
assign-int,0,2-stackless,2,2,False,4444445,0.020086083000000005,4.519368110078987
assign-int,0,2-stackless,2,3,False,4444445,0.02000975,4.502193187225852
assign-int,0,2-stackless,2,4,False,4444445,0.020091708,4.520633734920783
assign-int,0,1x,2,0,True,4444445,0.0223631,5.031696871037891
assign-int,0,1x,2,1,True,4444445,0.0234849,5.28410183948727
assign-int,0,1x,2,2,False,4444445,0.0234075,5.266686841664145
assign-int,0,1x,2,3,False,4444445,0.022385,5.036624370421953
assign-int,0,1x,2,4,False,4444445,0.0223585,5.030661871167266
get-string,0,2-stackless,0,0,True,4188482,0.0207125,4.945108991754053
get-string,0,2-stackless,0,1,True,4188482,0.020732042000000003,4.949774643892466
get-string,0,2-stackless,0,2,False,4188482,0.020721958999999998,4.947367327829031
get-string,0,2-stackless,0,3,False,4188482,0.020737582999999997,4.9510975575399385
get-string,0,2-stackless,0,4,False,4188482,0.020790457999999998,4.963721462811586
get-string,0,1x,0,0,True,4188482,0.0430962,10.289216952585686
get-string,0,1x,0,1,True,4188482,0.0421705,10.068206094714027
get-string,0,1x,0,2,False,4188482,0.0417322,9.963561977823947
get-string,0,1x,0,3,False,4188482,0.0418883,10.000830849935609
get-string,0,1x,0,4,False,4188482,0.0418651,9.995291850364882
get-string,0,2-stackless,1,0,True,4188482,0.020772833,4.959513494387704
get-string,0,2-stackless,1,1,True,4188482,0.020773916,4.959772060617666
get-string,0,2-stackless,1,2,False,4188482,0.020904625000000003,4.990978831949142
get-string,0,2-stackless,1,3,False,4188482,0.021203083000000005,5.062235673926736
get-string,0,2-stackless,1,4,False,4188482,0.020877833,4.984582242444876
get-string,0,1x,1,0,True,4188482,0.0422047,10.07637134408122
get-string,0,1x,1,1,True,4188482,0.0416837,9.951982603721348
get-string,0,1x,1,2,False,4188482,0.0420038,10.028406472798498
get-string,0,1x,1,3,False,4188482,0.041727,9.962320477920162
get-string,0,1x,1,4,False,4188482,0.0424353,10.1314270898144
get-string,0,1x,2,0,True,4188482,0.0429084,10.244379706060572
get-string,0,1x,2,1,True,4188482,0.0422745,10.093036092789703
get-string,0,1x,2,2,False,4188482,0.0422598,10.089526468061699
get-string,0,1x,2,3,False,4188482,0.0422498,10.08713896824673
get-string,0,1x,2,4,False,4188482,0.0423068,10.100747717192052
get-string,0,2-stackless,2,0,True,4188482,0.060172583,14.366203077869262
get-string,0,2-stackless,2,1,True,4188482,0.02073075,4.949466178916371
get-string,0,2-stackless,2,2,False,4188482,0.020755040999999988,4.955265654716909
get-string,0,2-stackless,2,3,False,4188482,0.020735749999999997,4.950659928823854
get-string,0,2-stackless,2,4,False,4188482,0.020750708000000007,4.954231151047088
add-float,256,2-stackless,0,0,True,98833,0.0201085,203.45937085791184
add-float,256,2-stackless,0,1,True,98833,0.020164833000000004,204.02935254419074
add-float,256,2-stackless,0,2,False,98833,0.020100709,203.38054091244828
add-float,256,2-stackless,0,3,False,98833,0.020062207999999998,202.99098479252876
add-float,256,2-stackless,0,4,False,98833,0.020254625000000012,204.93787500126487
add-float,256,1x,0,0,True,98833,0.0337372,341.3556200864084
add-float,256,1x,0,1,True,98833,0.0580852,587.7105824977488
add-float,256,1x,0,2,False,98833,0.0303125,306.7042384628616
add-float,256,1x,0,3,False,98833,0.0359483,363.7277022856738
add-float,256,1x,0,4,False,98833,0.0207556,210.00677911223983
add-float,256,1x,1,0,True,98833,0.0506997,512.983517650987
add-float,256,1x,1,1,True,98833,0.0732656,741.3070533121528
add-float,256,1x,1,2,False,98833,0.0708123,716.4843726285754
add-float,256,1x,1,3,False,98833,0.0687737,695.8576588791193
add-float,256,1x,1,4,False,98833,0.0629862,637.299282628272
add-float,256,2-stackless,1,0,True,98833,0.020061875,202.98761547256484
add-float,256,2-stackless,1,1,True,98833,0.020249417,204.88518005119747
add-float,256,2-stackless,1,2,False,98833,0.020171042,204.09217569030588
add-float,256,2-stackless,1,3,False,98833,0.020074458000000003,203.11493124766022
add-float,256,2-stackless,1,4,False,98833,0.020050749999999992,202.8750518551495
add-float,256,2-stackless,2,0,True,98833,0.020060333,202.97201339633523
add-float,256,2-stackless,2,1,True,98833,0.020081332999999996,203.1844930337033
add-float,256,2-stackless,2,2,False,98833,0.020090292000000003,203.27514089423576
add-float,256,2-stackless,2,3,False,98833,0.020076541999999996,203.13601732214946
add-float,256,2-stackless,2,4,False,98833,0.020087834,203.2502706585857
add-float,256,1x,2,0,True,98833,0.0534253,540.5613509657705
add-float,256,1x,2,1,True,98833,0.0751673,760.5486021875284
add-float,256,1x,2,2,False,98833,0.0753674,762.5732295893072
add-float,256,1x,2,3,False,98833,0.0407778,412.59295984134855
add-float,256,1x,2,4,False,98833,0.0610101,617.3049487519351
const-string,64,1x,0,0,True,432354,0.0275448,63.70890520268114
const-string,64,1x,0,1,True,432354,0.0275726,63.77320436494169
const-string,64,1x,0,2,False,432354,0.0282925,65.43827511714937
const-string,64,1x,0,3,False,432354,0.0275396,63.6968780212511
const-string,64,1x,0,4,False,432354,0.0280317,64.83506571004315
const-string,64,2-stackless,0,0,True,432354,0.020380417,47.138264015135746
const-string,64,2-stackless,0,1,True,432354,0.020008375,46.277760816368065
const-string,64,2-stackless,0,2,False,432354,0.019674958,45.506594133510966
const-string,64,2-stackless,0,3,False,432354,0.020397083000000003,47.176811131619004
const-string,64,2-stackless,0,4,False,432354,0.02040666699999999,47.198978152162326
const-string,64,1x,1,0,True,432354,0.0286703,66.3120961064313
const-string,64,1x,1,1,True,432354,0.028434,65.76555322721659
const-string,64,1x,1,2,False,432354,0.0284409,65.78151237180644
const-string,64,1x,1,3,False,432354,0.0283638,65.60318627791115
const-string,64,1x,1,4,False,432354,0.0284019,65.6913085110812
const-string,64,2-stackless,1,0,True,432354,0.019889125,46.001945165304356
const-string,64,2-stackless,1,1,True,432354,0.020116417,46.52765326561105
const-string,64,2-stackless,1,2,False,432354,0.020361125,47.093643172030326
const-string,64,2-stackless,1,3,False,432354,0.020033958000000004,46.33693223608433
const-string,64,2-stackless,1,4,False,432354,0.020320708000000007,47.00016190436542
const-string,64,2-stackless,2,0,True,432354,0.020367208,47.10771266138396
const-string,64,2-stackless,2,1,True,432354,0.020160624999999998,46.629902811122356
const-string,64,2-stackless,2,2,False,432354,0.020064416,46.40737913839123
const-string,64,2-stackless,2,3,False,432354,0.019536290999999997,45.1858685244036
const-string,64,2-stackless,2,4,False,432354,0.020080999999999988,46.445736595474976
const-string,64,1x,2,0,True,432354,0.0284452,65.79145792568127
const-string,64,1x,2,1,True,432354,0.0284056,65.69986631325257
const-string,64,1x,2,2,False,432354,0.028426,65.74704987117039
const-string,64,1x,2,3,False,432354,0.028424,65.74242403215884
const-string,64,1x,2,4,False,432354,0.028969,67.0029651628064
const-seq,0,1x,0,0,True,3870943,0.168682,43.576461859552055
const-seq,0,1x,0,1,True,3870943,0.167358,43.23442634004169
const-seq,0,1x,0,2,False,3870943,0.167186,43.18999272270349
const-seq,0,1x,0,3,False,3870943,0.167124,43.17397595366297
const-seq,0,1x,0,4,False,3870943,0.166091,42.90711591464922
const-seq,0,2-stackless,0,0,True,3870943,0.019177292,4.954165432040719
const-seq,0,2-stackless,0,1,True,3870943,0.019158708,4.949364534688318
const-seq,0,2-stackless,0,2,False,3870943,0.01938,5.0065320000837
const-seq,0,2-stackless,0,3,False,3870943,0.020669250000000007,5.33959037888184
const-seq,0,2-stackless,0,4,False,3870943,0.020345000000000002,5.255825260149789
const-seq,0,1x,1,0,True,3870943,0.166738,43.07425864963653
const-seq,0,1x,1,1,True,3870943,0.166889,43.11326723229973
const-seq,0,1x,1,2,False,3870943,0.166805,43.09156709359967
const-seq,0,1x,1,3,False,3870943,0.167308,43.221509590815465
const-seq,0,1x,1,4,False,3870943,0.165849,42.844598848394305
const-seq,0,2-stackless,1,0,True,3870943,0.01915725,4.948987882280881
const-seq,0,2-stackless,1,1,True,3870943,0.019238,4.969848432281229
const-seq,0,2-stackless,1,2,False,3870943,0.019166791000000002,4.95145265636823
const-seq,0,2-stackless,1,3,False,3870943,0.019263666999999998,4.976479116329019
const-seq,0,2-stackless,1,4,False,3870943,0.01916875,4.951958734602912
const-seq,0,1x,2,0,True,3870943,0.167176,43.18740937285824
const-seq,0,1x,2,1,True,3870943,0.167019,43.146850780287906
const-seq,0,1x,2,2,False,3870943,0.166348,42.973508005672
const-seq,0,1x,2,3,False,3870943,0.167804,43.349643743139595
const-seq,0,1x,2,4,False,3870943,0.166919,43.12101728183546
const-seq,0,2-stackless,2,0,True,3870943,0.01917075,4.952475404571961
const-seq,0,2-stackless,2,1,True,3870943,0.019160917000000003,4.949935196669133
const-seq,0,2-stackless,2,2,False,3870943,0.019368333,5.003518005819254
const-seq,0,2-stackless,2,3,False,3870943,0.019155582999999997,4.948557237861678
const-seq,0,2-stackless,2,4,False,3870943,0.019185624999999998,4.956318137466761
take-seq,64,2-stackless,0,0,True,117297,0.020019625,170.67465493576137
take-seq,64,2-stackless,0,1,True,117297,0.020047708,170.9140728236869
take-seq,64,2-stackless,0,2,False,117297,0.019973125,170.27822535955735
take-seq,64,2-stackless,0,3,False,117297,0.020004624999999998,170.54677442730843
take-seq,64,2-stackless,0,4,False,117297,0.01997737499999999,170.31445817028563
take-seq,64,1x,0,0,True,117297,0.0224487,191.3834113404435
take-seq,64,1x,0,1,True,117297,0.0228013,194.3894558258097
take-seq,64,1x,0,2,False,117297,0.0229075,195.29484982565623
take-seq,64,1x,0,3,False,117297,0.0221104,188.49927960646906
take-seq,64,1x,0,4,False,117297,0.0223593,190.6212435100642
take-seq,64,1x,1,0,True,117297,0.0206842,176.34040086276715
take-seq,64,1x,1,1,True,117297,0.0205262,174.9933928403966
take-seq,64,1x,1,2,False,117297,0.0209735,178.80678960246212
take-seq,64,1x,1,3,False,117297,0.0206726,176.24150660289692
take-seq,64,1x,1,4,False,117297,0.020665,176.17671381194745
take-seq,64,2-stackless,1,0,True,117297,0.020098750000000002,171.34922461785044
take-seq,64,2-stackless,1,1,True,117297,0.019947874999999997,170.06295983699493
take-seq,64,2-stackless,1,2,False,117297,0.019992208999999997,170.44092346777833
take-seq,64,2-stackless,1,3,False,117297,0.020145291999999995,171.74601225947805
take-seq,64,2-stackless,1,4,False,117297,0.020166875,171.93001526040734
take-seq,64,2-stackless,2,0,True,117297,0.020124666000000003,171.57016803498814
take-seq,64,2-stackless,2,1,True,117297,0.019953667,170.11233876399226
take-seq,64,2-stackless,2,2,False,117297,0.019990166999999996,170.4235146678943
take-seq,64,2-stackless,2,3,False,117297,0.019981416999999994,170.34891770463005
take-seq,64,2-stackless,2,4,False,117297,0.019969541999999993,170.2476789687715
take-seq,64,1x,2,0,True,117297,0.0206959,176.44014765936043
take-seq,64,1x,2,1,True,117297,0.0207733,177.1000110829774
take-seq,64,1x,2,2,False,117297,0.0207209,176.65328184011526
take-seq,64,1x,2,3,False,117297,0.0207304,176.7342728288021
take-seq,64,1x,2,4,False,117297,0.0207658,177.03607082875095
update-table,8,1x,0,0,True,1444044,0.219051,151.69274620440927
update-table,8,1x,0,1,True,1444044,0.222531,154.10264507175683
update-table,8,1x,0,2,False,1444044,0.218879,151.57363626039097
update-table,8,1x,0,3,False,1444044,0.221164,153.15599801668094
update-table,8,1x,0,4,False,1444044,0.232687,161.13567176623428
update-table,8,2-stackless,0,0,True,1444044,0.019997583000000003,13.848319718789735
update-table,8,2-stackless,0,1,True,1444044,0.020017125000000004,13.861852547429306
update-table,8,2-stackless,0,2,False,1444044,0.020386209000000002,14.117443097301747
update-table,8,2-stackless,0,3,False,1444044,0.020302834000000006,14.059705936938215
update-table,8,2-stackless,0,4,False,1444044,0.020187708,13.979981219408828
update-table,8,1x,1,0,True,1444044,0.232127,160.74787194850018
update-table,8,1x,1,1,True,1444044,0.227736,157.70710587766024
update-table,8,1x,1,2,False,1444044,0.229842,159.1655101922102
update-table,8,1x,1,3,False,1444044,0.232522,161.02140931993762
update-table,8,1x,1,4,False,1444044,0.226591,156.91419375032893
update-table,8,2-stackless,1,0,True,1444044,0.019992125000000003,13.844540055566176
update-table,8,2-stackless,1,1,True,1444044,0.020051458,13.885628138754775
update-table,8,2-stackless,1,2,False,1444044,0.020058,13.890158471625519
update-table,8,2-stackless,1,3,False,1444044,0.020018625000000005,13.862891296941093
update-table,8,2-stackless,1,4,False,1444044,0.02001225000000001,13.858476611515998
update-table,8,1x,2,0,True,1444044,0.229252,158.75693538424036
update-table,8,1x,2,1,True,1444044,0.219713,152.15118098894493
update-table,8,1x,2,2,False,1444044,0.224255,155.2965145106382
update-table,8,1x,2,3,False,1444044,0.230536,159.64610496633065
update-table,8,1x,2,4,False,1444044,0.229035,158.6066629548684
update-table,8,2-stackless,2,0,True,1444044,0.020041875,13.8789919143738
update-table,8,2-stackless,2,1,True,1444044,0.020322332999999998,14.073208988091773
update-table,8,2-stackless,2,2,False,1444044,0.020592667000000002,14.26041519510486
update-table,8,2-stackless,2,3,False,1444044,0.020467665999999995,14.173852043289537
update-table,8,2-stackless,2,4,False,1444044,0.020318834000000008,14.070785931730617
update-int,256,1x,0,0,True,95161,0.0359232,377.4991855907357
update-int,256,1x,0,1,True,95161,0.0358195,376.40945345256984
update-int,256,1x,0,2,False,95161,0.0355548,373.6278517459884
update-int,256,1x,0,3,False,95161,0.0354265,372.27961034457394
update-int,256,1x,0,4,False,95161,0.0355147,373.20646062987987
update-int,256,2-stackless,0,0,True,95161,0.02003275,210.5142863147718
update-int,256,2-stackless,0,1,True,95161,0.019966959000000003,209.82292115467476
update-int,256,2-stackless,0,2,False,95161,0.020165917,211.91367261798425
update-int,256,2-stackless,0,3,False,95161,0.020510249999999994,215.53209823351995
update-int,256,2-stackless,0,4,False,95161,0.020247334000000006,212.7692437027775
update-int,256,2-stackless,1,0,True,95161,0.020520291,215.63761414865334
update-int,256,2-stackless,1,1,True,95161,0.020731374999999996,217.85579176343245
update-int,256,2-stackless,1,2,False,95161,0.020753916999999997,218.09267452002393
update-int,256,2-stackless,1,3,False,95161,0.020384291,214.20845724614074
update-int,256,2-stackless,1,4,False,95161,0.020015375000000002,210.33170101196922
update-int,256,1x,1,0,True,95161,0.0352678,370.6119103414214
update-int,256,1x,1,1,True,95161,0.0359395,377.6704742489045
update-int,256,1x,1,2,False,95161,0.0357806,376.00067254442473
update-int,256,1x,1,3,False,95161,0.0359938,378.2410861592459
update-int,256,1x,1,4,False,95161,0.03588,377.0452181040552
update-int,256,1x,2,0,True,95161,0.0360454,378.7833251016698
update-int,256,1x,2,1,True,95161,0.0360853,379.2026145164511
update-int,256,1x,2,2,False,95161,0.0362961,381.4178077153456
update-int,256,1x,2,3,False,95161,0.0361851,380.25136347873604
update-int,256,1x,2,4,False,95161,0.0358715,376.95589579764817
update-int,256,2-stackless,2,0,True,95161,0.020237333,212.66414812790956
update-int,256,2-stackless,2,1,True,95161,0.020212291,212.40099410472777
update-int,256,2-stackless,2,2,False,95161,0.020440042000000005,214.79431699961123
update-int,256,2-stackless,2,3,False,95161,0.020387041999999994,214.23736614789664
update-int,256,2-stackless,2,4,False,95161,0.020318375,213.51577852271413
update-seq,64,1x,0,0,True,315002,0.0657523,208.73613500866662
update-seq,64,1x,0,1,True,315002,0.0660188,209.58216138310232
update-seq,64,1x,0,2,False,315002,0.0660113,209.5583520104634
update-seq,64,1x,0,3,False,315002,0.0659702,209.42787664840225
update-seq,64,1x,0,4,False,315002,0.0665041,211.12278652199035
update-seq,64,2-stackless,0,0,True,315002,0.019732292000000002,62.64179909968827
update-seq,64,2-stackless,0,1,True,315002,0.019655208,62.39708954228862
update-seq,64,2-stackless,0,2,False,315002,0.019510208,61.93677500460315
update-seq,64,2-stackless,0,3,False,315002,0.019690084000000004,62.50780629964255
update-seq,64,2-stackless,0,4,False,315002,0.01975500000000001,62.713887530872846
update-seq,64,1x,1,0,True,315002,0.0658535,209.05740281014087
update-seq,64,1x,1,1,True,315002,0.0658474,209.0380378537279
update-seq,64,1x,1,2,False,315002,0.0660593,209.7107319953524
update-seq,64,1x,1,3,False,315002,0.0660285,209.612954838382
update-seq,64,1x,1,4,False,315002,0.0658393,209.0123237312779
update-seq,64,2-stackless,1,0,True,315002,0.01983,62.951981257261856
update-seq,64,2-stackless,1,1,True,315002,0.019804625000000003,62.87142621316691
update-seq,64,2-stackless,1,2,False,315002,0.019718042000000005,62.59656129167435
update-seq,64,2-stackless,1,3,False,315002,0.019790250000000002,62.82579158227568
update-seq,64,2-stackless,1,4,False,315002,0.019835417000000008,62.96917797347321
update-seq,64,1x,2,0,True,315002,0.0656493,208.40915295775898
update-seq,64,1x,2,1,True,315002,0.0651552,206.840591488308
update-seq,64,1x,2,2,False,315002,0.065261,207.17646237166747
update-seq,64,1x,2,3,False,315002,0.0661403,209.96787321985258
update-seq,64,1x,2,4,False,315002,0.0662443,210.29802985377873
update-seq,64,2-stackless,2,0,True,315002,0.019678625,62.47142875283332
update-seq,64,2-stackless,2,1,True,315002,0.019809915999999997,62.88822293191788
update-seq,64,2-stackless,2,2,False,315002,0.019706292,62.559259941206726
update-seq,64,2-stackless,2,3,False,315002,0.019741625000000006,62.67142748300013
update-seq,64,2-stackless,2,4,False,315002,0.019952958000000007,63.34232163605313
assign-table,8,2-stackless,0,0,True,406565,0.014263375,35.0826436117226
assign-table,8,2-stackless,0,1,True,406565,0.014283915999999999,35.13316689828194
assign-table,8,2-stackless,0,2,False,406565,0.014304791999999997,35.18451416132721
assign-table,8,2-stackless,0,3,False,406565,0.014280749999999995,35.12537970558212
assign-table,8,2-stackless,0,4,False,406565,0.014253584,35.05856136165189
assign-table,8,1x,0,0,True,406565,0.258236,635.1653487142278
assign-table,8,1x,0,1,True,406565,0.259538,638.3677886684786
assign-table,8,1x,0,2,False,406565,0.261134,642.2933602253022
assign-table,8,1x,0,3,False,406565,0.26658,655.6885122920073
assign-table,8,1x,0,4,False,406565,0.254919,627.006751687922
assign-table,8,1x,1,0,True,406565,0.250796,616.8656918327944
assign-table,8,1x,1,1,True,406565,0.251439,618.4472347595096
assign-table,8,1x,1,2,False,406565,0.253178,622.7245335924144
assign-table,8,1x,1,3,False,406565,0.257087,632.3392323490709
assign-table,8,1x,1,4,False,406565,0.25561,628.7063569170981
assign-table,8,2-stackless,1,0,True,406565,0.014373208,35.352792296434764
assign-table,8,2-stackless,1,1,True,406565,0.014363,35.32768438011142
assign-table,8,2-stackless,1,2,False,406565,0.014282625000000004,35.12999151427202
assign-table,8,2-stackless,1,3,False,406565,0.014213083000000001,34.95894383431924
assign-table,8,2-stackless,1,4,False,406565,0.014270292000000004,35.09965688143348
assign-table,8,2-stackless,2,0,True,406565,0.014234916,35.012644964519815
assign-table,8,2-stackless,2,1,True,406565,0.014250667,35.05138661714609
assign-table,8,2-stackless,2,2,False,406565,0.014296249999999996,35.16350399075178
assign-table,8,2-stackless,2,3,False,406565,0.014247540999999996,35.043697809698315
assign-table,8,2-stackless,2,4,False,406565,0.014275415999999992,35.11226003222115
assign-table,8,1x,2,0,True,406565,0.252066,619.9894235854046
assign-table,8,1x,2,1,True,406565,0.258486,635.7802565395447
assign-table,8,1x,2,2,False,406565,0.25976,638.9138268173601
assign-table,8,1x,2,3,False,406565,0.256369,630.5732170747605
assign-table,8,1x,2,4,False,406565,0.25273,621.6226187694465
make-seq,64,1x,0,0,True,98426,0.0199956,203.15363826631176
make-seq,64,1x,0,1,True,98426,0.0200023,203.22170971084876
make-seq,64,1x,0,2,False,98426,0.019982,203.01546339381872
make-seq,64,1x,0,3,False,98426,0.0199815,203.01038343527117
make-seq,64,1x,0,4,False,98426,0.0200718,203.9278239489566
make-seq,64,2-stackless,0,0,True,98426,0.053374541,542.2809115477618
make-seq,64,2-stackless,0,1,True,98426,0.05326291700000001,541.146820961941
make-seq,64,2-stackless,0,2,False,98426,0.05456533300000001,554.3792595452422
make-seq,64,2-stackless,0,3,False,98426,0.05614791599999999,570.4581716213195
make-seq,64,2-stackless,0,4,False,98426,0.05303575000000002,538.8388230752039
make-seq,64,1x,1,0,True,98426,0.0207665,210.98591835490623
make-seq,64,1x,1,1,True,98426,0.0208923,212.26403592546686
make-seq,64,1x,1,2,False,98426,0.0212035,215.42580212545465
make-seq,64,1x,1,3,False,98426,0.0211867,215.25511551825738
make-seq,64,1x,1,4,False,98426,0.021015,213.51065775303275
make-seq,64,2-stackless,1,0,True,98426,0.053770417,546.3029788876922
make-seq,64,2-stackless,1,1,True,98426,0.052990166,538.3756934143418
make-seq,64,2-stackless,1,2,False,98426,0.054166042,550.3224960884319
make-seq,64,2-stackless,1,3,False,98426,0.05451995799999998,553.9182533070527
make-seq,64,2-stackless,1,4,False,98426,0.05324008300000002,540.9148294149923
make-seq,64,1x,2,0,True,98426,0.0209035,212.3778269969317
make-seq,64,1x,2,1,True,98426,0.02086,211.93587060329588
make-seq,64,1x,2,2,False,98426,0.0208555,211.89015097636803
make-seq,64,1x,2,3,False,98426,0.0208187,211.5162660272692
make-seq,64,1x,2,4,False,98426,0.0208074,211.40145896409484
make-seq,64,2-stackless,2,0,True,98426,0.054165166,550.3135960010567
make-seq,64,2-stackless,2,1,True,98426,0.05310037499999999,539.495407717473
make-seq,64,2-stackless,2,2,False,98426,0.05325149999999999,541.0308251884663
make-seq,64,2-stackless,2,3,False,98426,0.053273291,541.2522199418853
make-seq,64,2-stackless,2,4,False,98426,0.05292949999999999,537.7593318838517
add-float,0,2-stackless,0,0,True,4558405,0.020524,4.502452063824956
add-float,0,2-stackless,0,1,True,4558405,0.02153525,4.724295011083921
add-float,0,2-stackless,0,2,False,4558405,0.020620374999999996,4.523594327401799
add-float,0,2-stackless,0,3,False,4558405,0.020538292,4.505587371021224
add-float,0,2-stackless,0,4,False,4558405,0.02061375,4.5221409681675935
add-float,0,1x,0,0,True,4558405,0.0231491,5.078333320536459
add-float,0,1x,0,1,True,4558405,0.0231204,5.07203725864639
add-float,0,1x,0,2,False,4558405,0.0231343,5.0750865708509885
add-float,0,1x,0,3,False,4558405,0.023036,5.053522010440055
add-float,0,1x,0,4,False,4558405,0.0230352,5.0533465104570565
add-float,0,2-stackless,1,0,True,4558405,0.020696917000000002,4.540385727025133
add-float,0,2-stackless,1,1,True,4558405,0.020532416,4.5042983236461
add-float,0,2-stackless,1,2,False,4558405,0.020970249999999996,4.600348148091272
add-float,0,2-stackless,1,3,False,4558405,0.020530958000000002,4.503978474927086
add-float,0,2-stackless,1,4,False,4558405,0.02057225,4.51303690654955
add-float,0,1x,1,0,True,4558405,0.023468,5.148292001259212
add-float,0,1x,1,1,True,4558405,0.0234172,5.137147752338811
add-float,0,1x,1,2,False,4558405,0.0242521,5.320303922095557
add-float,0,1x,1,3,False,4558405,0.0241025,5.287485425274849
add-float,0,1x,1,4,False,4558405,0.0234523,5.144847814092868
add-float,0,1x,2,0,True,4558405,0.0235236,5.160489250077604
add-float,0,1x,2,1,True,4558405,0.0236558,5.189490622268096
add-float,0,1x,2,2,False,4558405,0.0250732,5.50043271714558
add-float,0,1x,2,3,False,4558405,0.0235814,5.173169123849241
add-float,0,1x,2,4,False,4558405,0.0235617,5.168847436767905
add-float,0,2-stackless,2,0,True,4558405,0.020662042000000002,4.532735024641295
add-float,0,2-stackless,2,1,True,4558405,0.020563917,4.511208854851642
add-float,0,2-stackless,2,2,False,4558405,0.020598625000000002,4.5188229216140305
add-float,0,2-stackless,2,3,False,4558405,0.020525334000000006,4.502744710046608
add-float,0,2-stackless,2,4,False,4558405,0.02056458300000001,4.511354958587491
assign-string,0,1x,0,0,True,4095592,0.0411728,10.052954493514003
assign-string,0,1x,0,1,True,4095592,0.0410951,10.033982877200659
assign-string,0,1x,0,2,False,4095592,0.0411454,10.046264373990377
assign-string,0,1x,0,3,False,4095592,0.0411437,10.045849293581979
assign-string,0,1x,0,4,False,4095592,0.0410637,10.026316097892563
assign-string,0,2-stackless,0,0,True,4095592,0.02041375,4.984322168809784
assign-string,0,2-stackless,0,1,True,4095592,0.020262208,4.9473209245452185
assign-string,0,2-stackless,0,2,False,4095592,0.020264874999999995,4.9479721124565135
assign-string,0,2-stackless,0,3,False,4095592,0.020265209000000006,4.948053663548519
assign-string,0,2-stackless,0,4,False,4095592,0.020285708,4.953058800778984
assign-string,0,1x,1,0,True,4095592,0.0408904,9.98400231273037
assign-string,0,1x,1,1,True,4095592,0.0425416,10.387167471759883
assign-string,0,1x,1,2,False,4095592,0.0420124,10.257955382274407
assign-string,0,1x,1,3,False,4095592,0.0428152,10.45397100101768
assign-string,0,1x,1,4,False,4095592,0.0428684,10.46696057615114
assign-string,0,2-stackless,1,0,True,4095592,0.021105875,5.153314832141483
assign-string,0,2-stackless,1,1,True,4095592,0.021214208999999998,5.179766197414195
assign-string,0,2-stackless,1,2,False,4095592,0.020978583000000002,5.122234587820272
assign-string,0,2-stackless,1,3,False,4095592,0.02117970799999999,5.171342262608188
assign-string,0,2-stackless,1,4,False,4095592,0.021068375,5.14415864666207
assign-string,0,1x,2,0,True,4095592,0.0421574,10.29335929946147
assign-string,0,1x,2,1,True,4095592,0.0412967,10.083206530337982
assign-string,0,1x,2,2,False,4095592,0.0422445,10.31462606626832
assign-string,0,1x,2,3,False,4095592,0.0424782,10.371687414176021
assign-string,0,1x,2,4,False,4095592,0.0421988,10.303467728230741
assign-string,0,2-stackless,2,0,True,4095592,0.020443417000000002,4.991565810266258
assign-string,0,2-stackless,2,1,True,4095592,0.020534999999999998,5.013927168526552
assign-string,0,2-stackless,2,2,False,4095592,0.020737958,5.063482397660705
assign-string,0,2-stackless,2,3,False,4095592,0.021077833999999997,5.146468202887396
assign-string,0,2-stackless,2,4,False,4095592,0.020902125000000008,5.103566224370008
push-shared-seq,256,2-stackless,0,0,True,24868,0.031457625,1264.9841161331833
push-shared-seq,256,2-stackless,0,1,True,24868,0.031136958000000006,1252.089351777385
push-shared-seq,256,2-stackless,0,2,False,24868,0.031441125,1264.3206128357729
push-shared-seq,256,2-stackless,0,3,False,24868,0.03144499999999999,1264.4764355798611
push-shared-seq,256,2-stackless,0,4,False,24868,0.031654458000000024,1272.8992279234367
push-shared-seq,256,1x,0,0,True,24868,0.0203992,820.2991796686505
push-shared-seq,256,1x,0,1,True,24868,0.0201695,811.0624095222777
push-shared-seq,256,1x,0,2,False,24868,0.0196379,789.6855396493486
push-shared-seq,256,1x,0,3,False,24868,0.019675,791.1774167604954
push-shared-seq,256,1x,0,4,False,24868,0.0200588,806.6109055814702
push-shared-seq,256,1x,1,0,True,24868,0.020725,833.4003538684253
push-shared-seq,256,1x,1,1,True,24868,0.0201672,810.9699211838507
push-shared-seq,256,1x,1,2,False,24868,0.0200342,805.6216824835129
push-shared-seq,256,1x,1,3,False,24868,0.0201941,812.0516326202348
push-shared-seq,256,1x,1,4,False,24868,0.0202626,814.806176612514
push-shared-seq,256,2-stackless,1,0,True,24868,0.031921625,1283.6426331027828
push-shared-seq,256,2-stackless,1,1,True,24868,0.031820166000000004,1279.5627312208462
push-shared-seq,256,2-stackless,1,2,False,24868,0.03171658399999999,1275.397458581309
push-shared-seq,256,2-stackless,1,3,False,24868,0.031894292000000005,1282.5435097313818
push-shared-seq,256,2-stackless,1,4,False,24868,0.03205712499999999,1289.091402605758
push-shared-seq,256,2-stackless,2,0,True,24868,0.032413583,1303.4254061444428
push-shared-seq,256,2-stackless,2,1,True,24868,0.032323458000000006,1299.8012707093455
push-shared-seq,256,2-stackless,2,2,False,24868,0.03243820800000001,1304.4156345504266
push-shared-seq,256,2-stackless,2,3,False,24868,0.032193458999999994,1294.5737091844937
push-shared-seq,256,2-stackless,2,4,False,24868,0.031496458000000005,1266.5456811967188
push-shared-seq,256,1x,2,0,True,24868,0.0195276,785.2501206369632
push-shared-seq,256,1x,2,1,True,24868,0.0194817,783.4043751005308
push-shared-seq,256,1x,2,2,False,24868,0.0191527,770.1745214733794
push-shared-seq,256,1x,2,3,False,24868,0.0193306,777.3282933890944
push-shared-seq,256,1x,2,4,False,24868,0.0192106,772.5028148624739
update-table,256,1x,0,0,True,94151,0.062696,665.909018491572
update-table,256,1x,0,1,True,94151,0.0621902,660.5367972724665
update-table,256,1x,0,2,False,94151,0.0620191,658.7195037758495
update-table,256,1x,0,3,False,94151,0.0618981,657.4343342078151
update-table,256,1x,0,4,False,94151,0.0621519,660.1300039298574
update-table,256,2-stackless,0,0,True,94151,0.020146458,213.9802869857994
update-table,256,2-stackless,0,1,True,94151,0.020038041,212.82876443160455
update-table,256,2-stackless,0,2,False,94151,0.020265541999999998,215.24510626546714
update-table,256,2-stackless,0,3,False,94151,0.020738208,220.26540344765323
update-table,256,2-stackless,0,4,False,94151,0.020347040999999996,216.1107263863368
update-table,256,1x,1,0,True,94151,0.0612871,650.9447589510468
update-table,256,1x,1,1,True,94151,0.0637378,676.9742222599866
update-table,256,1x,1,2,False,94151,0.0612935,651.0127348620832
update-table,256,1x,1,3,False,94151,0.0606657,644.344722838844
update-table,256,1x,1,4,False,94151,0.0615569,653.8103684506802
update-table,256,2-stackless,1,0,True,94151,0.020073208,213.20228144151417
update-table,256,2-stackless,1,1,True,94151,0.020105834000000003,213.5488098904951
update-table,256,2-stackless,1,2,False,94151,0.020210208,214.6573907871398
update-table,256,2-stackless,1,3,False,94151,0.020083124999999993,213.3076122399124
update-table,256,2-stackless,1,4,False,94151,0.020165333000000008,214.18076281717674
update-table,256,1x,2,0,True,94151,0.0623551,662.288239105267
update-table,256,1x,2,1,True,94151,0.062701,665.9621246720694
update-table,256,1x,2,2,False,94151,0.0619201,657.6680014020031
update-table,256,1x,2,3,False,94151,0.061818,656.5835731962486
update-table,256,1x,2,4,False,94151,0.0627628,666.6185170630157
update-table,256,2-stackless,2,0,True,94151,0.020135291,213.86167964227675
update-table,256,2-stackless,2,1,True,94151,0.019986541,212.2817707724825
update-table,256,2-stackless,2,2,False,94151,0.020176917000000003,214.3037992161528
update-table,256,2-stackless,2,3,False,94151,0.020039000000000008,212.83895019702402
update-table,256,2-stackless,2,4,False,94151,0.020144875000000007,213.96347356905406
const-string,8,1x,0,0,True,1985112,0.0323771,16.30996135230657
const-string,8,1x,0,1,True,1985112,0.0325974,16.420937458440633
const-string,8,1x,0,2,False,1985112,0.0320716,16.156065753468823
const-string,8,1x,0,3,False,1985112,0.0318272,16.032949274398625
const-string,8,1x,0,4,False,1985112,0.0333831,16.81673376615526
const-string,8,2-stackless,0,0,True,1985112,0.01966725,9.907375503246165
const-string,8,2-stackless,0,1,True,1985112,0.019576,9.861408323560585
const-string,8,2-stackless,0,2,False,1985112,0.019600959,9.873981417673159
const-string,8,2-stackless,0,3,False,1985112,0.019462084000000004,9.804023148316066
const-string,8,2-stackless,0,4,False,1985112,0.019356208,9.75068812238302
const-string,8,2-stackless,1,0,True,1985112,0.019440792000000002,9.79329730513946
const-string,8,2-stackless,1,1,True,1985112,0.019300708999999996,9.722730505885812
const-string,8,2-stackless,1,2,False,1985112,0.0193925,9.768970214275063
const-string,8,2-stackless,1,3,False,1985112,0.019419708,9.782676241945039
const-string,8,2-stackless,1,4,False,1985112,0.01944470899999999,9.79527049355401
const-string,8,1x,1,0,True,1985112,0.0322265,16.234096615203576
const-string,8,1x,1,1,True,1985112,0.0317591,15.998643905230535
const-string,8,1x,1,2,False,1985112,0.0317893,16.013857152644285
const-string,8,1x,1,3,False,1985112,0.0317457,15.991893656378078
const-string,8,1x,1,4,False,1985112,0.0319525,16.096069138668245
const-string,8,1x,2,0,True,1985112,0.0329313,16.589139554846273
const-string,8,1x,2,1,True,1985112,0.0334258,16.83824388749854
const-string,8,1x,2,2,False,1985112,0.0321243,16.182613373955725
const-string,8,1x,2,3,False,1985112,0.031959,16.099343513111602
const-string,8,1x,2,4,False,1985112,0.0318518,16.04534152229194
const-string,8,2-stackless,2,0,True,1985112,0.019423625,9.784649430359597
const-string,8,2-stackless,2,1,True,1985112,0.019407375,9.776463494251207
const-string,8,2-stackless,2,2,False,1985112,0.019374208000000004,9.759755620841545
const-string,8,2-stackless,2,3,False,1985112,0.019956667000000004,10.053169292211223
const-string,8,2-stackless,2,4,False,1985112,0.01936016700000001,9.752682468293987
add-float,8,2-stackless,0,0,True,1703941,0.018748292,11.002899748289407
add-float,8,2-stackless,0,1,True,1703941,0.01885025,11.062736327138088
add-float,8,2-stackless,0,2,False,1703941,0.018712584000000004,10.981943623634859
add-float,8,2-stackless,0,3,False,1703941,0.018767083000000004,11.013927712285815
add-float,8,2-stackless,0,4,False,1703941,0.018839625,11.056500782597519
add-float,8,1x,0,0,True,1703941,0.0200942,11.792779210078283
add-float,8,1x,0,1,True,1703941,0.0199358,11.699818244880545
add-float,8,1x,0,2,False,1703941,0.0201232,11.809798578706657
add-float,8,1x,0,3,False,1703941,0.020007,11.741603729237104
add-float,8,1x,0,4,False,1703941,0.0200475,11.765372157838799
add-float,8,1x,1,0,True,1703941,0.020048,11.765665595228942
add-float,8,1x,1,1,True,1703941,0.0199698,11.719771987410363
add-float,8,1x,1,2,False,1703941,0.0200799,11.784386900720154
add-float,8,1x,1,3,False,1703941,0.020095,11.793248709902514
add-float,8,1x,1,4,False,1703941,0.020134,11.816136826333775
add-float,8,2-stackless,1,0,True,1703941,0.018815833,11.04253785782489
add-float,8,2-stackless,1,1,True,1703941,0.018702166,10.975829562173807
add-float,8,2-stackless,1,2,False,1703941,0.018805375,11.03640032137263
add-float,8,2-stackless,1,3,False,1703941,0.018754541,11.006567128791431
add-float,8,2-stackless,1,4,False,1703941,0.018770375000000006,11.015859704062528
add-float,8,1x,2,0,True,1703941,0.0200841,11.786851774797366
add-float,8,1x,2,1,True,1703941,0.0200522,11.768130469306156
add-float,8,1x,2,2,False,1703941,0.0202843,11.904344105811175
add-float,8,1x,2,3,False,1703941,0.0202949,11.910564978482236
add-float,8,1x,2,4,False,1703941,0.0202411,11.878991115302702
add-float,8,2-stackless,2,0,True,1703941,0.018889209,11.085600381703356
add-float,8,2-stackless,2,1,True,1703941,0.01882425,11.04747758285058
add-float,8,2-stackless,2,2,False,1703941,0.018794584000000003,11.030067355618536
add-float,8,2-stackless,2,3,False,1703941,0.018767292000000005,11.014050369114896
add-float,8,2-stackless,2,4,False,1703941,0.019088999999999995,11.202852680932025
add-int,256,1x,0,0,True,97538,0.0216574,222.04064057085444
add-int,256,1x,0,1,True,97538,0.0223093,228.72418954663823
add-int,256,1x,0,2,False,97538,0.0243288,249.4289405154914
add-int,256,1x,0,3,False,97538,0.023332,239.20933379810944
add-int,256,1x,0,4,False,97538,0.0252106,258.46951957185917
add-int,256,2-stackless,0,0,True,97538,0.040994708,420.29473641042466
add-int,256,2-stackless,0,1,True,97538,0.019831334000000006,203.31905513748495
add-int,256,2-stackless,0,2,False,97538,0.019836750000000007,203.3745822141115
add-int,256,2-stackless,0,3,False,97538,0.01995516700000001,204.5886423752795
add-int,256,2-stackless,0,4,False,97538,0.019855374999999995,203.56553343312345
add-int,256,1x,1,0,True,97538,0.0689745,707.1551600401895
add-int,256,1x,1,1,True,97538,0.0640124,656.2816543295946
add-int,256,1x,1,2,False,97538,0.0365527,374.7534294326314
add-int,256,1x,1,3,False,97538,0.0436521,447.53942053353563
add-int,256,1x,1,4,False,97538,0.0319251,327.3093563534212
add-int,256,2-stackless,1,0,True,97538,0.019946625,204.50106625110215
add-int,256,2-stackless,1,1,True,97538,0.020007375000000004,205.12390042855097
add-int,256,2-stackless,1,2,False,97538,0.019802874999999998,203.0272816748344
add-int,256,2-stackless,1,3,False,97538,0.019841917,203.42755643954152
add-int,256,2-stackless,1,4,False,97538,0.019891083000000004,203.93162664807565
add-int,256,2-stackless,2,0,True,97538,0.019821750000000003,203.22079599745743
add-int,256,2-stackless,2,1,True,97538,0.019847374999999997,203.48351411757466
add-int,256,2-stackless,2,2,False,97538,0.019824,203.2438639299555
add-int,256,2-stackless,2,3,False,97538,0.020417583000000003,209.32952285263184
add-int,256,2-stackless,2,4,False,97538,0.019842709,203.43567635178084
add-int,256,1x,2,0,True,97538,0.0474582,486.5611351473272
add-int,256,1x,2,1,True,97538,0.051843,531.5159219996309
add-int,256,1x,2,2,False,97538,0.0737,755.6029444934283
add-int,256,1x,2,3,False,97538,0.079984,820.0291168570199
add-int,256,1x,2,4,False,97538,0.0437243,448.2796448563637
do-int,64,1x,0,0,True,329603,0.192151,582.9770966890471
do-int,64,1x,0,1,True,329603,0.19157,581.214370014836
do-int,64,1x,0,2,False,329603,0.192109,582.8496706644054
do-int,64,1x,0,3,False,329603,0.195263,592.4187583244085
do-int,64,1x,0,4,False,329603,0.196504,596.1838939572759
do-int,64,2-stackless,0,0,True,329603,0.02036675,61.79176160411161
do-int,64,2-stackless,0,1,True,329603,0.020406540999999997,61.91248562664781
do-int,64,2-stackless,0,2,False,329603,0.020484917,62.150274724441225
do-int,64,2-stackless,0,3,False,329603,0.020241166999999997,61.41074868857382
do-int,64,2-stackless,0,4,False,329603,0.020625375,62.57641769037296
do-int,64,1x,1,0,True,329603,0.20236,613.9507225358992
do-int,64,1x,1,1,True,329603,0.202815,615.331171136185
do-int,64,1x,1,2,False,329603,0.203365,616.9998452683986
do-int,64,1x,1,3,False,329603,0.203199,616.496209075767
do-int,64,1x,1,4,False,329603,0.203654,617.8766576760527
do-int,64,2-stackless,1,0,True,329603,0.025425542000000002,77.13989860529183
do-int,64,2-stackless,1,1,True,329603,0.020084459000000002,60.9353039869176
do-int,64,2-stackless,1,2,False,329603,0.020256417,61.45701647133066
do-int,64,2-stackless,1,3,False,329603,0.020126292000000004,61.06222334141377
do-int,64,2-stackless,1,4,False,329603,0.020303332999999993,61.59935740876143
do-int,64,1x,2,0,True,329603,0.195205,592.2427890522841
do-int,64,1x,2,1,True,329603,0.195311,592.5643880668562
do-int,64,1x,2,2,False,329603,0.195274,592.4521318070528
do-int,64,1x,2,3,False,329603,0.196292,595.5406959281318
do-int,64,1x,2,4,False,329603,0.196809,597.1092496124126
do-int,64,2-stackless,2,0,True,329603,0.020333541,61.69100706000856
do-int,64,2-stackless,2,1,True,329603,0.020116332999999997,61.032008203808815
do-int,64,2-stackless,2,2,False,329603,0.020256292000000002,61.45663722720972
do-int,64,2-stackless,2,3,False,329603,0.020136541000000008,61.09331832537934
do-int,64,2-stackless,2,4,False,329603,0.020163833000000006,61.17612096977275
take-seq,0,2-stackless,0,0,True,3953898,0.017730625,4.484340516624354
take-seq,0,2-stackless,0,1,True,3953898,0.017623500000000004,4.457247000301981
take-seq,0,2-stackless,0,2,False,3953898,0.017619084,4.4561301277878185
take-seq,0,2-stackless,0,3,False,3953898,0.01768245799999999,4.472158361191916
take-seq,0,2-stackless,0,4,False,3953898,0.01761199999999999,4.454338478129681
take-seq,0,1x,0,0,True,3953898,0.0207911,5.258380464038273
take-seq,0,1x,0,1,True,3953898,0.020911,5.2887049691216115
take-seq,0,1x,0,2,False,3953898,0.020841,5.271000921116326
take-seq,0,1x,0,3,False,3953898,0.02106,5.326389299875718
take-seq,0,1x,0,4,False,3953898,0.0209432,5.296848831204042
take-seq,0,2-stackless,1,0,True,3953898,0.017696541,4.475720162735609
take-seq,0,2-stackless,1,1,True,3953898,0.017677708,4.470957015077273
take-seq,0,2-stackless,1,2,False,3953898,0.017618375,4.455950811073022
take-seq,0,2-stackless,1,3,False,3953898,0.017655958,4.4654561144470595
take-seq,0,2-stackless,1,4,False,3953898,0.01764887500000001,4.463664717703898
take-seq,0,1x,1,0,True,3953898,0.0211583,5.351250841574568
take-seq,0,1x,1,1,True,3953898,0.0213965,5.411495187786837
take-seq,0,1x,1,2,False,3953898,0.0215793,5.457728044577781
take-seq,0,1x,1,3,False,3953898,0.0209203,5.291057078356599
take-seq,0,1x,1,4,False,3953898,0.0229916,5.81491985883298
take-seq,0,2-stackless,2,0,True,3953898,0.017924458,4.5333637842959025
take-seq,0,2-stackless,2,1,True,3953898,0.017903916,4.528168404951265
take-seq,0,2-stackless,2,2,False,3953898,0.017817459,4.506302135259938
take-seq,0,2-stackless,2,3,False,3953898,0.017909792,4.529654533323824
take-seq,0,2-stackless,2,4,False,3953898,0.017805834000000006,4.503361998716206
take-seq,0,1x,2,0,True,3953898,0.0214668,5.429275110283573
take-seq,0,1x,2,1,True,3953898,0.021478,5.432107757964419
take-seq,0,1x,2,2,False,3953898,0.0210249,5.317511984375924
take-seq,0,1x,2,3,False,3953898,0.0209681,5.303146413994494
take-seq,0,1x,2,4,False,3953898,0.0210428,5.322039162365847
get-table,64,2-stackless,0,0,True,410433,0.019803042,48.24914663294618
get-table,64,2-stackless,0,1,True,410433,0.019629083000000002,47.825304008205975
get-table,64,2-stackless,0,2,False,410433,0.019738125000000002,48.09097952650007
get-table,64,2-stackless,0,3,False,410433,0.019995374999999996,48.71775661313782
get-table,64,2-stackless,0,4,False,410433,0.019853499999999996,48.3720850906238
get-table,64,1x,0,0,True,410433,0.0510644,124.41592172169392
get-table,64,1x,0,1,True,410433,0.0491478,119.74621923675728
get-table,64,1x,0,2,False,410433,0.049298,120.1121742160109
get-table,64,1x,0,3,False,410433,0.0492154,119.91092334193401
get-table,64,1x,0,4,False,410433,0.0512159,124.78504408758555
get-table,64,1x,1,0,True,410433,0.0524377,127.76190023706671
get-table,64,1x,1,1,True,410433,0.0522909,127.40422919209713
get-table,64,1x,1,2,False,410433,0.0522762,127.36841335857497
get-table,64,1x,1,3,False,410433,0.0509729,124.19298643140293
get-table,64,1x,1,4,False,410433,0.0513204,125.03965324425667
get-table,64,2-stackless,1,0,True,410433,0.0199005,48.48659829984431
get-table,64,2-stackless,1,1,True,410433,0.019664875000000002,47.912509471704276
get-table,64,2-stackless,1,2,False,410433,0.020108333,48.992973274566125
get-table,64,2-stackless,1,3,False,410433,0.019695791000000004,47.98783479885878
get-table,64,2-stackless,1,4,False,410433,0.01966887499999999,47.92225527674429
get-table,64,2-stackless,2,0,True,410433,0.019743041,48.102957120894274
get-table,64,2-stackless,2,1,True,410433,0.019312833,47.05477629722756
get-table,64,2-stackless,2,2,False,410433,0.019368792000000003,47.19111767328651
get-table,64,2-stackless,2,3,False,410433,0.020097708000000006,48.967085979928534
get-table,64,2-stackless,2,4,False,410433,0.019497291,47.50419922374663
get-table,64,1x,2,0,True,410433,0.0502297,122.38221585496294
get-table,64,1x,2,1,True,410433,0.0515424,125.58054542397906
get-table,64,1x,2,2,False,410433,0.050463,122.95063993392344
get-table,64,1x,2,3,False,410433,0.051227,124.81208869657166
get-table,64,1x,2,4,False,410433,0.0505468,123.15481454951234
const-string,0,1x,0,0,True,4148603,0.0429009,10.341047335693485
const-string,0,1x,0,1,True,4148603,0.041485,9.999751723652516
const-string,0,1x,0,2,False,4148603,0.0415568,10.017058754477109
const-string,0,1x,0,3,False,4148603,0.0415796,10.02255458042141
const-string,0,1x,0,4,False,4148603,0.0415685,10.019878980948526
const-string,0,2-stackless,0,0,True,4148603,0.020524584,4.947348300138625
const-string,0,2-stackless,0,1,True,4148603,0.020794749999999997,5.0124704629486105
const-string,0,2-stackless,0,2,False,4148603,0.020542166,4.9515863532856725
const-string,0,2-stackless,0,3,False,4148603,0.020548958000000006,4.9532235309090815
const-string,0,2-stackless,0,4,False,4148603,0.020526584,4.947830390133739
const-string,0,1x,1,0,True,4148603,0.0418762,10.094048526696819
const-string,0,1x,1,1,True,4148603,0.0417698,10.068401338956752
const-string,0,1x,1,2,False,4148603,0.0418034,10.076500450874669
const-string,0,1x,1,3,False,4148603,0.0418976,10.099206889644538
const-string,0,1x,1,4,False,4148603,0.0420405,10.133652219795435
const-string,0,2-stackless,1,0,True,4148603,0.020510416,4.943933174613237
const-string,0,2-stackless,1,1,True,4148603,0.020553875000000003,4.954408749162068
const-string,0,2-stackless,1,2,False,4148603,0.020632416,4.9733406643151925
const-string,0,2-stackless,1,3,False,4148603,0.020568958999999998,4.958044671905216
const-string,0,2-stackless,1,4,False,4148603,0.020523708,4.947137144720765
const-string,0,1x,2,0,True,4148603,0.0412227,9.936525620793313
const-string,0,1x,2,1,True,4148603,0.0412847,9.951470410641848
const-string,0,1x,2,2,False,4148603,0.0412806,9.950482126151863
const-string,0,1x,2,3,False,4148603,0.041279,9.950096454155773
const-string,0,1x,2,4,False,4148603,0.0411793,9.926064267899338
const-string,0,2-stackless,2,0,True,4148603,0.020612167,4.96845974415966
const-string,0,2-stackless,2,1,True,4148603,0.020539875000000003,4.95103411919627
const-string,0,2-stackless,2,2,False,4148603,0.020565124999999997,4.957120505384583
const-string,0,2-stackless,2,3,False,4148603,0.020680375000000008,4.984900941353031
const-string,0,2-stackless,2,4,False,4148603,0.020602625,4.966159692792972
take-seq,256,2-stackless,0,0,True,30940,0.019970042,645.4441499676793
take-seq,256,2-stackless,0,1,True,30940,0.019961417,645.1653846153846
take-seq,256,2-stackless,0,2,False,30940,0.019967625000000003,645.3660310277959
take-seq,256,2-stackless,0,3,False,30940,0.019995625000000003,646.2710084033615
take-seq,256,2-stackless,0,4,False,30940,0.019996082999999998,646.2858112475758
take-seq,256,1x,0,0,True,30940,0.033181,1072.4305106658048
take-seq,256,1x,0,1,True,30940,0.0335126,1083.148028442146
take-seq,256,1x,0,2,False,30940,0.0328133,1060.5462184873948
take-seq,256,1x,0,3,False,30940,0.0326995,1056.868131868132
take-seq,256,1x,0,4,False,30940,0.0340875,1101.7291531997414
take-seq,256,1x,1,0,True,30940,0.0326411,1054.9806076276664
take-seq,256,1x,1,1,True,30940,0.0325595,1052.343244990304
take-seq,256,1x,1,2,False,30940,0.0325988,1053.613445378151
take-seq,256,1x,1,3,False,30940,0.0330067,1066.797026502909
take-seq,256,1x,1,4,False,30940,0.0329869,1066.1570782159017
take-seq,256,2-stackless,1,0,True,30940,0.019999416,646.3935358758888
take-seq,256,2-stackless,1,1,True,30940,0.020022291,647.1328700711053
take-seq,256,2-stackless,1,2,False,30940,0.020049209000000005,648.0028765352296
take-seq,256,2-stackless,1,3,False,30940,0.02001675,646.953781512605
take-seq,256,2-stackless,1,4,False,30940,0.019974958,645.6030381383323
take-seq,256,1x,2,0,True,30940,0.0325539,1052.1622495151905
take-seq,256,1x,2,1,True,30940,0.0333161,1076.797026502909
take-seq,256,1x,2,2,False,30940,0.0331032,1069.9159663865546
take-seq,256,1x,2,3,False,30940,0.0333128,1076.6903684550741
take-seq,256,1x,2,4,False,30940,0.032891,1063.0575307045895
take-seq,256,2-stackless,2,0,True,30940,0.019953375,644.905462184874
take-seq,256,2-stackless,2,1,True,30940,0.019958,645.054945054945
take-seq,256,2-stackless,2,2,False,30940,0.019968041,645.379476405947
take-seq,256,2-stackless,2,3,False,30940,0.019966582999999996,645.3323529411764
take-seq,256,2-stackless,2,4,False,30940,0.0199685,645.3943115707822
update-seq,0,2-stackless,0,0,True,3846154,0.019036,4.949359802025608
update-seq,0,2-stackless,0,1,True,3846154,0.019052166000000002,4.953562961857482
update-seq,0,2-stackless,0,2,False,3846154,0.019056416,4.954667961813281
update-seq,0,2-stackless,0,3,False,3846154,0.019085082999999996,4.962121381515144
update-seq,0,2-stackless,0,4,False,3846154,0.019070792000000003,4.958405721663772
update-seq,0,1x,0,0,True,3846154,0.165677,43.07601827695927
update-seq,0,1x,0,1,True,3846154,0.166071,43.17845827286167
update-seq,0,1x,0,2,False,3846154,0.16533,42.98579828056807
update-seq,0,1x,0,3,False,3846154,0.166895,43.39269826429207
update-seq,0,1x,0,4,False,3846154,0.16618,43.20679827172807
update-seq,0,2-stackless,1,0,True,3846154,0.019048916000000003,4.952717961891283
update-seq,0,2-stackless,1,1,True,3846154,0.019032499999999997,4.948449802062007
update-seq,0,2-stackless,1,2,False,3846154,0.019030666999999994,4.947973222081069
update-seq,0,2-stackless,1,3,False,3846154,0.019214166999999997,4.99568322017267
update-seq,0,2-stackless,1,4,False,3846154,0.020076959000000005,5.220009131199635
update-seq,0,1x,1,0,True,3846154,0.165946,43.14595827416167
update-seq,0,1x,1,1,True,3846154,0.166433,43.27257826909687
update-seq,0,1x,1,2,False,3846154,0.165735,43.09109827635607
update-seq,0,1x,1,3,False,3846154,0.166998,43.41947826322087
update-seq,0,1x,1,4,False,3846154,0.16526,42.96759828129607
update-seq,0,2-stackless,2,0,True,3846154,0.019074416,4.959347961626081
update-seq,0,2-stackless,2,1,True,3846154,0.019038832999999998,4.950096381996143
update-seq,0,2-stackless,2,2,False,3846154,0.019184625000000004,4.988002300479909
update-seq,0,2-stackless,2,3,False,3846154,0.019070374999999994,4.958297301668106
update-seq,0,2-stackless,2,4,False,3846154,0.01903816600000001,4.949922962003083
update-seq,0,1x,2,0,True,3846154,0.165211,42.95485828180567
update-seq,0,1x,2,1,True,3846154,0.165138,42.93587828256487
update-seq,0,1x,2,2,False,3846154,0.165125,42.93249828270007
update-seq,0,1x,2,3,False,3846154,0.165655,43.070298277188066
update-seq,0,1x,2,4,False,3846154,0.164696,42.820958287161666
const-int,64,2-stackless,0,0,True,442112,0.01975275,44.67815847568037
const-int,64,2-stackless,0,1,True,442112,0.019941833000000003,45.10583969672844
const-int,64,2-stackless,0,2,False,442112,0.019845291999999994,44.88747647654891
const-int,64,2-stackless,0,3,False,442112,0.019945292000000003,45.11366350607992
const-int,64,2-stackless,0,4,False,442112,0.019812082999999994,44.812362025911966
const-int,64,1x,0,0,True,442112,0.0261371,59.1187300955414
const-int,64,1x,0,1,True,442112,0.0261068,59.050195425593515
const-int,64,1x,0,2,False,442112,0.0259496,58.694629415170816
const-int,64,1x,0,3,False,442112,0.026157,59.16374131441807
const-int,64,1x,0,4,False,442112,0.0259018,58.58651201505501
const-int,64,1x,1,0,True,442112,0.0259777,58.758187970469024
const-int,64,1x,1,1,True,442112,0.0260538,58.9303162999421
const-int,64,1x,1,2,False,442112,0.0260596,58.943435147654895
const-int,64,1x,1,3,False,442112,0.0260452,58.910864215402434
const-int,64,1x,1,4,False,442112,0.0259925,58.79166365083961
const-int,64,2-stackless,1,0,True,442112,0.020019542,45.28160737550666
const-int,64,2-stackless,1,1,True,442112,0.019784875,44.7508210589172
const-int,64,2-stackless,1,2,False,442112,0.019771375,44.720285809930516
const-int,64,2-stackless,1,3,False,442112,0.020034125,45.31459223002316
const-int,64,2-stackless,1,4,False,442112,0.019799125,44.78305271062536
const-int,64,2-stackless,2,0,True,442112,0.019780125,44.74007717501448
const-int,64,2-stackless,2,1,True,442112,0.019725292000000002,44.616052041111764
const-int,64,2-stackless,2,2,False,442112,0.019749667,44.67118512955993
const-int,64,2-stackless,2,3,False,442112,0.019700292,44.55950528372901
const-int,64,2-stackless,2,4,False,442112,0.019756375000000007,44.686357755500886
const-int,64,1x,2,0,True,442112,0.0257439,58.22936269542559
const-int,64,1x,2,1,True,442112,0.0260609,58.94637557903879
const-int,64,1x,2,2,False,442112,0.0262188,59.30352489866821
const-int,64,1x,2,3,False,442112,0.0259502,58.695986537348006
const-int,64,1x,2,4,False,442112,0.0259957,58.798901635784595
update-int,8,2-stackless,0,0,True,1856873,0.022101833,11.902716556274985
update-int,8,2-stackless,0,1,True,1856873,0.022075374999999998,11.88846787044671
update-int,8,2-stackless,0,2,False,1856873,0.022081041999999995,11.891519775450446
update-int,8,2-stackless,0,3,False,1856873,0.02205625,11.878168296916375
update-int,8,2-stackless,0,4,False,1856873,0.022129833,11.917795670463192
update-int,8,1x,0,0,True,1856873,0.0252679,13.607769621293432
update-int,8,1x,0,1,True,1856873,0.0252191,13.581488879422556
update-int,8,1x,0,2,False,1856873,0.0253491,13.651499052439235
update-int,8,1x,0,3,False,1856873,0.025261,13.604053696725623
update-int,8,1x,0,4,False,1856873,0.0253782,13.667170560399123
update-int,8,1x,1,0,True,1856873,0.026291,14.158749682934697
update-int,8,1x,1,1,True,1856873,0.0260695,14.039463118910124
update-int,8,1x,1,2,False,1856873,0.026135,14.074737475314683
update-int,8,1x,1,3,False,1856873,0.0262785,14.152017935529248
update-int,8,1x,1,4,False,1856873,0.0262863,14.156218545910248
update-int,8,2-stackless,1,0,True,1856873,0.022931416,12.349480012903413
update-int,8,2-stackless,1,1,True,1856873,0.0229005,12.332830516680461
update-int,8,2-stackless,1,2,False,1856873,0.022847207999999994,12.304130654061959
update-int,8,2-stackless,1,3,False,1856873,0.022732291,12.242243276734596
update-int,8,2-stackless,1,4,False,1856873,0.02355570800000001,12.685686097002868
update-int,8,1x,2,0,True,1856873,0.0262813,14.153525846948067
update-int,8,1x,2,1,True,1856873,0.0261853,14.101826026874212
update-int,8,1x,2,2,False,1856873,0.0262567,14.140277768054142
update-int,8,1x,2,3,False,1856873,0.0261713,14.094286469780108
update-int,8,1x,2,4,False,1856873,0.0255407,13.754683276669972
update-int,8,2-stackless,2,0,True,1856873,0.022812041,12.285191825181366
update-int,8,2-stackless,2,1,True,1856873,0.02285125,12.30630743190299
update-int,8,2-stackless,2,2,False,1856873,0.022787542000000008,12.271998138806481
update-int,8,2-stackless,2,3,False,1856873,0.022085084000000005,11.893696553291477
update-int,8,2-stackless,2,4,False,1856873,0.02227404100000001,11.995457416850806
get-table,8,1x,0,0,True,2094241,0.169597,80.9825612238515
get-table,8,1x,0,1,True,2094241,0.155403,74.20492674911817
get-table,8,1x,0,2,False,2094241,0.159028,75.93586411497053
get-table,8,1x,0,3,False,2094241,0.15775,75.32561916226452
get-table,8,1x,0,4,False,2094241,0.152102,72.6286993712758
get-table,8,2-stackless,0,0,True,2094241,0.020757416,9.911665371845933
get-table,8,2-stackless,0,1,True,2094241,0.020770833,9.918071988849421
get-table,8,2-stackless,0,2,False,2094241,0.020797332999999994,9.930725737868752
get-table,8,2-stackless,0,3,False,2094241,0.020804667,9.93422772259735
get-table,8,2-stackless,0,4,False,2094241,0.02077599999999999,9.920539231158203
get-table,8,2-stackless,1,0,True,2094241,0.020819958000000003,9.94152917453149
get-table,8,2-stackless,1,1,True,2094241,0.020755833,9.910909489404515
get-table,8,2-stackless,1,2,False,2094241,0.020820458,9.941767924512986
get-table,8,2-stackless,1,3,False,2094241,0.02076462500000001,9.915107669079159
get-table,8,2-stackless,1,4,False,2094241,0.02074875000000001,9.907527357166636
get-table,8,1x,1,0,True,2094241,0.157457,75.18571167310735
get-table,8,1x,1,1,True,2094241,0.155194,74.10512925685248
get-table,8,1x,1,2,False,2094241,0.163208,77.93181396028442
get-table,8,1x,1,3,False,2094241,0.15768,75.29219416485495
get-table,8,1x,1,4,False,2094241,0.154549,73.79714178072152
get-table,8,1x,2,0,True,2094241,0.162777,77.7260114762341
get-table,8,1x,2,1,True,2094241,0.160868,76.81446404687904
get-table,8,1x,2,2,False,2094241,0.155142,74.0802992587768
get-table,8,1x,2,3,False,2094241,0.155514,74.25792924501049
get-table,8,1x,2,4,False,2094241,0.158045,75.46648165134768
get-table,8,2-stackless,2,0,True,2094241,0.020740042,9.90336928748888
get-table,8,2-stackless,2,1,True,2094241,0.020750167,9.908203974614192
get-table,8,2-stackless,2,2,False,2094241,0.020745041999999998,9.905756787303849
get-table,8,2-stackless,2,3,False,2094241,0.020741791000000002,9.904204434924159
get-table,8,2-stackless,2,4,False,2094241,0.020766583000000005,9.916042614006699
const-seq,256,1x,0,0,True,140323,0.0356038,253.72747161905033
const-seq,256,1x,0,1,True,140323,0.0359965,256.52601497972535
const-seq,256,1x,0,2,False,140323,0.0364346,259.6480976033865
const-seq,256,1x,0,3,False,140323,0.0359402,256.12479778796063
const-seq,256,1x,0,4,False,140323,0.035954,256.22314232164365
const-seq,256,2-stackless,0,0,True,140323,0.019950542,142.17585142848998
const-seq,256,2-stackless,0,1,True,140323,0.020020457999999998,142.67410189348857
const-seq,256,2-stackless,0,2,False,140323,0.020186957999999998,143.86065007162046
const-seq,256,2-stackless,0,3,False,140323,0.020144458000000004,143.5577774135388
const-seq,256,2-stackless,0,4,False,140323,0.019937125,142.08023631193745
const-seq,256,1x,1,0,True,140323,0.0344399,245.43303663690202
const-seq,256,1x,1,1,True,140323,0.0355008,252.99345082416994
const-seq,256,1x,1,2,False,140323,0.0356019,253.7139314296302
const-seq,256,1x,1,3,False,140323,0.0357288,254.6182735545848
const-seq,256,1x,1,4,False,140323,0.0360616,256.9899446277517
const-seq,256,2-stackless,1,0,True,140323,0.019740209,140.67693108043585
const-seq,256,2-stackless,1,1,True,140323,0.019724749999999996,140.5667638234644
const-seq,256,2-stackless,1,2,False,140323,0.019704332999999997,140.42126379852195
const-seq,256,2-stackless,1,3,False,140323,0.019721583,140.54419446562574
const-seq,256,2-stackless,1,4,False,140323,0.02093416599999999,149.18556473279497
const-seq,256,1x,2,0,True,140323,0.0355137,253.0853815839171
const-seq,256,1x,2,1,True,140323,0.0357988,255.11712263848406
const-seq,256,1x,2,2,False,140323,0.0352413,251.14414600600045
const-seq,256,1x,2,3,False,140323,0.0353988,252.26655644477384
const-seq,256,1x,2,4,False,140323,0.0357223,254.57195185393698
const-seq,256,2-stackless,2,0,True,140323,0.019959083,142.2367181431412
const-seq,256,2-stackless,2,1,True,140323,0.019953332999999997,142.19574125410657
const-seq,256,2-stackless,2,2,False,140323,0.019888875,141.73638676482116
const-seq,256,2-stackless,2,3,False,140323,0.01968512499999999,140.28437960989996
const-seq,256,2-stackless,2,4,False,140323,0.020148083999999997,143.58361779608472
get-seq,0,2-stackless,0,0,True,3830758,0.018984208000000002,4.955731476642483
get-seq,0,2-stackless,0,1,True,3830758,0.019007375,4.9617791048142434
get-seq,0,2-stackless,0,2,False,3830758,0.018963292,4.950271460635206
get-seq,0,2-stackless,0,3,False,3830758,0.018961167000000008,4.949716740133417
get-seq,0,2-stackless,0,4,False,3830758,0.018982749999999993,4.955350873117015
get-seq,0,1x,0,0,True,3830758,0.16494,43.05675273666465
get-seq,0,1x,0,1,True,3830758,0.164602,42.96851954626212
get-seq,0,1x,0,2,False,3830758,0.16456,42.95755565869731
get-seq,0,1x,0,3,False,3830758,0.164652,42.98157179336309
get-seq,0,1x,0,4,False,3830758,0.165304,43.151773095559676
get-seq,0,2-stackless,1,0,True,3830758,0.019130208000000003,4.9938440381773015
get-seq,0,2-stackless,1,1,True,3830758,0.018990124999999997,4.957276079564409
get-seq,0,2-stackless,1,2,False,3830758,0.018960542000000004,4.949553587044654
get-seq,0,2-stackless,1,3,False,3830758,0.019172041000000008,5.004764331236796
get-seq,0,2-stackless,1,4,False,3830758,0.019934791000000007,5.203876360762023
get-seq,0,1x,1,0,True,3830758,0.165761,43.271070634062504
get-seq,0,1x,1,1,True,3830758,0.164512,42.94502550148039
get-seq,0,1x,1,2,False,3830758,0.165405,43.17813863470363
get-seq,0,1x,1,3,False,3830758,0.166561,43.479906587677945
get-seq,0,1x,1,4,False,3830758,0.165565,43.219905825426714
get-seq,0,2-stackless,2,0,True,3830758,0.018978542,4.954252396001
get-seq,0,2-stackless,2,1,True,3830758,0.018968999999999996,4.951761505164251
get-seq,0,2-stackless,2,2,False,3830758,0.019005083,4.961180789807135
get-seq,0,2-stackless,2,3,False,3830758,0.018976207999999994,4.953643117106326
get-seq,0,2-stackless,2,4,False,3830758,0.018968874999999996,4.9517288745464985
get-seq,0,1x,2,0,True,3830758,0.164929,43.05388124230244
get-seq,0,1x,2,1,True,3830758,0.164709,42.99645135505819
get-seq,0,1x,2,2,False,3830758,0.166046,43.34546844253801
get-seq,0,1x,2,3,False,3830758,0.164845,43.03195346717281
get-seq,0,1x,2,4,False,3830758,0.166724,43.522456913227096
const-seq,64,1x,0,0,True,439158,0.0427852,97.4255279421074
const-seq,64,1x,0,1,True,439158,0.0438135,99.76705422649707
const-seq,64,1x,0,2,False,439158,0.0427686,97.38772833467681
const-seq,64,1x,0,3,False,439158,0.0426503,97.11834920461429
const-seq,64,1x,0,4,False,439158,0.0427251,97.28867514653041
const-seq,64,2-stackless,0,0,True,439158,0.019847958000000002,45.195483174620534
const-seq,64,2-stackless,0,1,True,439158,0.019728082999999997,44.92251763602165
const-seq,64,2-stackless,0,2,False,439158,0.019952875000000002,45.434388079005736
const-seq,64,2-stackless,0,3,False,439158,0.019825791999999995,45.14500931327676
const-seq,64,2-stackless,0,4,False,439158,0.01988454199999999,45.27878804439403
const-seq,64,1x,1,0,True,439158,0.042943,97.78485192117644
const-seq,64,1x,1,1,True,439158,0.0429059,97.70037207565386
const-seq,64,1x,1,2,False,439158,0.0427842,97.42325085732242
const-seq,64,1x,1,3,False,439158,0.0427034,97.23926240669645
const-seq,64,1x,1,4,False,439158,0.0432644,98.51670697106736
const-seq,64,2-stackless,1,0,True,439158,0.019742166,44.95458582104846
const-seq,64,2-stackless,1,1,True,439158,0.019851833000000003,45.20430687816231
const-seq,64,2-stackless,1,2,False,439158,0.019747709000000002,44.967207702011585
const-seq,64,2-stackless,1,3,False,439158,0.019819875,45.13153580260408
const-seq,64,2-stackless,1,4,False,439158,0.019817208000000003,45.12546281748256
const-seq,64,2-stackless,2,0,True,439158,0.020265042,46.145218805076986
const-seq,64,2-stackless,2,1,True,439158,0.019944291000000003,45.41484158321152
const-seq,64,2-stackless,2,2,False,439158,0.019871625000000004,45.24937494022653
const-seq,64,2-stackless,2,3,False,439158,0.019818957999999998,45.129447715856244
const-seq,64,2-stackless,2,4,False,439158,0.019643415999999997,44.72972369853218
const-seq,64,1x,2,0,True,439158,0.0428591,97.59380450771704
const-seq,64,1x,2,1,True,439158,0.0428567,97.5883395042331
const-seq,64,1x,2,2,False,439158,0.0427272,97.29345702457886
const-seq,64,1x,2,3,False,439158,0.0430756,98.0867933636641
const-seq,64,1x,2,4,False,439158,0.0426918,97.21284822319075
assign-int,256,2-stackless,0,0,True,39829,0.02007625,504.0611112505963
assign-int,256,2-stackless,0,1,True,39829,0.020015041000000004,502.524316452836
assign-int,256,2-stackless,0,2,False,39829,0.019985084,501.77217605262496
assign-int,256,2-stackless,0,3,False,39829,0.020421666000000005,512.7335860804942
assign-int,256,2-stackless,0,4,False,39829,0.020279375000000002,509.1610384393282
assign-int,256,1x,0,0,True,39829,0.0241975,607.5347108890506
assign-int,256,1x,0,1,True,39829,0.0246737,619.490823269477
assign-int,256,1x,0,2,False,39829,0.0247906,622.4258705968014
assign-int,256,1x,0,3,False,39829,0.0246629,619.2196640638731
assign-int,256,1x,0,4,False,39829,0.0248804,624.6805091767305
assign-int,256,2-stackless,1,0,True,39829,0.020204916,507.29157146802584
assign-int,256,2-stackless,1,1,True,39829,0.020094083,504.5088503351829
assign-int,256,2-stackless,1,2,False,39829,0.02002425,502.75552989028097
assign-int,256,2-stackless,1,3,False,39829,0.019989375000000004,501.8799116221849
assign-int,256,2-stackless,1,4,False,39829,0.019998542000000008,502.1100705516083
assign-int,256,1x,1,0,True,39829,0.0246052,617.7709709006001
assign-int,256,1x,1,1,True,39829,0.0242537,608.9457430515454
assign-int,256,1x,1,2,False,39829,0.0243396,611.1024630294509
assign-int,256,1x,1,3,False,39829,0.024331,610.8865399583218
assign-int,256,1x,1,4,False,39829,0.0242169,608.0217931657837
assign-int,256,2-stackless,2,0,True,39829,0.02000325,502.22827587938434
assign-int,256,2-stackless,2,1,True,39829,0.020002459,502.20841597830724
assign-int,256,2-stackless,2,2,False,39829,0.019998500000000002,502.10901604358645
assign-int,256,2-stackless,2,3,False,39829,0.020005375,502.2816289638203
assign-int,256,2-stackless,2,4,False,39829,0.02019995799999999,507.16708930678624
assign-int,256,1x,2,0,True,39829,0.0242535,608.9407215847749
assign-int,256,1x,2,1,True,39829,0.0241754,606.9798388109167
assign-int,256,1x,2,2,False,39829,0.024213,607.92387456376
assign-int,256,1x,2,3,False,39829,0.0242952,609.9876974064124
assign-int,256,1x,2,4,False,39829,0.0242685,609.3173315925582
get-int,8,1x,0,0,True,2156335,0.0254727,11.812960416632851
get-int,8,1x,0,1,True,2156335,0.0254046,11.781379052883713
get-int,8,1x,0,2,False,2156335,0.0253697,11.765194183649571
get-int,8,1x,0,3,False,2156335,0.0253626,11.761901559822569
get-int,8,1x,0,4,False,2156335,0.0254673,11.81045616752499
get-int,8,2-stackless,0,0,True,2156335,0.019516166,9.050618758217068
get-int,8,2-stackless,0,1,True,2156335,0.020083708999999998,9.31381673070279
get-int,8,2-stackless,0,2,False,2156335,0.019237959,8.921600307929891
get-int,8,2-stackless,0,3,False,2156335,0.019204333999999997,8.906006719735105
get-int,8,2-stackless,0,4,False,2156335,0.019205708000000002,8.906643912008109
get-int,8,2-stackless,1,0,True,2156335,0.019187875,8.898373861204313
get-int,8,2-stackless,1,1,True,2156335,0.019267416000000002,8.935260986813276
get-int,8,2-stackless,1,2,False,2156335,0.01923225,8.91895276012308
get-int,8,2-stackless,1,3,False,2156335,0.019203042000000003,8.90540755494856
get-int,8,2-stackless,1,4,False,2156335,0.019206666999999997,8.907088648099668
get-int,8,1x,1,0,True,2156335,0.0253978,11.778225554007147
get-int,8,1x,1,1,True,2156335,0.026464,12.272675627859307
get-int,8,1x,1,2,False,2156335,0.0257851,11.957835865020973
get-int,8,1x,1,3,False,2156335,0.0254799,11.816299415443334
get-int,8,1x,1,4,False,2156335,0.0255596,11.853260277276027
get-int,8,1x,2,0,True,2156335,0.0259822,12.04924095745791
get-int,8,1x,2,1,True,2156335,0.0259385,12.028975089677624
get-int,8,1x,2,2,False,2156335,0.0253918,11.775443054998412
get-int,8,1x,2,3,False,2156335,0.0254807,11.816670415311165
get-int,8,1x,2,4,False,2156335,0.0254113,11.784486176776799
get-int,8,2-stackless,2,0,True,2156335,0.019198416,8.903262248212824
get-int,8,2-stackless,2,1,True,2156335,0.019220749999999998,8.913619637023004
get-int,8,2-stackless,2,2,False,2156335,0.019199417000000003,8.903726461797449
get-int,8,2-stackless,2,3,False,2156335,0.019282457999999995,8.94223671182817
get-int,8,2-stackless,2,4,False,2156335,0.019334041999999996,8.966158783305932
make-seq,0,2-stackless,0,0,True,4184801,0.020947125,5.0055247549405575
make-seq,0,2-stackless,0,1,True,4184801,0.020778042,4.965120683157933
make-seq,0,2-stackless,0,2,False,4184801,0.020712375000000005,4.94942889757482
make-seq,0,2-stackless,0,3,False,4184801,0.020784332999999995,4.966623980447337
make-seq,0,2-stackless,0,4,False,4184801,0.020755333,4.959694140772763
make-seq,0,1x,0,0,True,4184801,0.0371635,8.880589542967515
make-seq,0,1x,0,1,True,4184801,0.0370357,8.85005045640163
make-seq,0,1x,0,2,False,4184801,0.0370951,8.86424467973507
make-seq,0,1x,0,3,False,4184801,0.0371634,8.880565646968638
make-seq,0,1x,0,4,False,4184801,0.0371781,8.88407835880368
make-seq,0,2-stackless,1,0,True,4184801,0.02073175,4.954058747357402
make-seq,0,2-stackless,1,1,True,4184801,0.020703709,4.947358070312065
make-seq,0,2-stackless,1,2,False,4184801,0.020706833,4.948104581317009
make-seq,0,2-stackless,1,3,False,4184801,0.020787208999999994,4.9673112293750625
make-seq,0,2-stackless,1,4,False,4184801,0.020716665999999995,4.950454274886666
make-seq,0,1x,1,0,True,4184801,0.0376633,9.000021745358978
make-seq,0,1x,1,1,True,4184801,0.0375774,8.979495082322911
make-seq,0,1x,1,2,False,4184801,0.0374768,8.9554557074518
make-seq,0,1x,1,3,False,4184801,0.0374967,8.960211011228491
make-seq,0,1x,1,4,False,4184801,0.0374756,8.955168955465266
make-seq,0,2-stackless,2,0,True,4184801,0.020738542000000002,4.955681763601185
make-seq,0,2-stackless,2,1,True,4184801,0.020711999999999998,4.9493392875790265
make-seq,0,2-stackless,2,2,False,4184801,0.020715290999999997,4.950125704902096
make-seq,0,2-stackless,2,3,False,4184801,0.020706625,4.948054877639343
make-seq,0,2-stackless,2,4,False,4184801,0.020826542000000003,4.976710242613688
make-seq,0,1x,2,0,True,4184801,0.0369769,8.835999609061458
make-seq,0,1x,2,1,True,4184801,0.0369368,8.826417313511444
make-seq,0,1x,2,2,False,4184801,0.0370133,8.844697752652994
make-seq,0,1x,2,3,False,4184801,0.0370346,8.849787600413974
make-seq,0,1x,2,4,False,4184801,0.0369888,8.838843232927921
add-int,8,1x,0,0,True,1792372,0.0208826,11.650818022151652
add-int,8,1x,0,1,True,1792372,0.0222121,12.392572524007294
add-int,8,1x,0,2,False,1792372,0.0213791,11.927825250561826
add-int,8,1x,0,3,False,1792372,0.0209227,11.673190609984982
add-int,8,1x,0,4,False,1792372,0.0224842,12.544382527734198
add-int,8,2-stackless,0,0,True,1792372,0.019486625,10.871975795203229
add-int,8,2-stackless,0,1,True,1792372,0.019762500000000002,11.025891946537886
add-int,8,2-stackless,0,2,False,1792372,0.019585374999999995,10.92707038494241
add-int,8,2-stackless,0,3,False,1792372,0.019549125,10.90684578870904
add-int,8,2-stackless,0,4,False,1792372,0.019593959000000008,10.931859569330477
add-int,8,1x,1,0,True,1792372,0.022225,12.399769690666893
add-int,8,1x,1,1,True,1792372,0.0222388,12.407468985232976
add-int,8,1x,1,2,False,1792372,0.0219625,12.253315717942481
add-int,8,1x,1,3,False,1792372,0.0208522,11.633857257310424
add-int,8,1x,1,4,False,1792372,0.0208615,11.63904591234409
add-int,8,2-stackless,1,0,True,1792372,0.019510417000000002,10.885249825371075
add-int,8,2-stackless,1,1,True,1792372,0.019614625000000004,10.943389541903134
add-int,8,2-stackless,1,2,False,1792372,0.01957175,10.919468726358144
add-int,8,2-stackless,1,3,False,1792372,0.019578082999999996,10.923002033060099
add-int,8,2-stackless,1,4,False,1792372,0.01954816699999999,10.906311301448579
add-int,8,2-stackless,2,0,True,1792372,0.020833083,11.623191502656814
add-int,8,2-stackless,2,1,True,1792372,0.021022375000000003,11.728801275628053
add-int,8,2-stackless,2,2,False,1792372,0.019959249999999998,11.135662686094179
add-int,8,2-stackless,2,3,False,1792372,0.019560083,10.912959474930428
add-int,8,2-stackless,2,4,False,1792372,0.019529208000000006,10.89573369813856
add-int,8,1x,2,0,True,1792372,0.021263,11.863050750625428
add-int,8,1x,2,1,True,1792372,0.0213296,11.900208215705222
add-int,8,1x,2,2,False,1792372,0.0211253,11.786225180933423
add-int,8,1x,2,3,False,1792372,0.0238896,13.328483149703299
add-int,8,1x,2,4,False,1792372,0.0245835,13.71562376560223
get-table,0,2-stackless,0,0,True,3557241,0.018506667,5.202533930087953
get-table,0,2-stackless,0,1,True,3557241,0.018487,5.19700520712541
get-table,0,2-stackless,0,2,False,3557241,0.018501541000000003,5.20109292566908
get-table,0,2-stackless,0,3,False,3557241,0.018518,5.205719826123673
get-table,0,2-stackless,0,4,False,3557241,0.018484874999999998,5.196407834048915
get-table,0,1x,0,0,True,3557241,0.245037,68.88400307991502
get-table,0,1x,0,1,True,3557241,0.23811,66.93670740891606
get-table,0,1x,0,2,False,3557241,0.251885,70.80909052830552
get-table,0,1x,0,3,False,3557241,0.244656,68.77689760125895
get-table,0,1x,0,4,False,3557241,0.245284,68.95343891515925
get-table,0,2-stackless,1,0,True,3557241,0.018532209,5.209714213909038
get-table,0,2-stackless,1,1,True,3557241,0.018534166999999997,5.210264640489637
get-table,0,2-stackless,1,2,False,3557241,0.018528917000000006,5.208788777594773
get-table,0,2-stackless,1,3,False,3557241,0.018531375000000003,5.209479762546311
get-table,0,2-stackless,1,4,False,3557241,0.018516207999999992,5.205216064922222
get-table,0,1x,1,0,True,3557241,0.239836,67.4219149054
get-table,0,1x,1,1,True,3557241,0.244871,68.83733770076303
get-table,0,1x,1,2,False,3557241,0.250672,70.46809592040573
get-table,0,1x,1,3,False,3557241,0.243959,68.58095923216898
get-table,0,1x,1,4,False,3557241,0.239109,67.21754303405363
get-table,0,1x,2,0,True,3557241,0.236644,66.5245902653208
get-table,0,1x,2,1,True,3557241,0.230472,64.78953773444083
get-table,0,1x,2,2,False,3557241,0.242993,68.30940045951343
get-table,0,1x,2,3,False,3557241,0.241949,68.01591458099128
get-table,0,1x,2,4,False,3557241,0.252448,70.96735925398363
get-table,0,2-stackless,2,0,True,3557241,0.018495584,5.199418313237703
get-table,0,2-stackless,2,1,True,3557241,0.018524957999999998,5.207675836413669
get-table,0,2-stackless,2,2,False,3557241,0.018479583,5.19492016425089
get-table,0,2-stackless,2,3,False,3557241,0.0184895,5.197707998980109
get-table,0,2-stackless,2,4,False,3557241,0.018479583999999993,5.19492044536763
update-table,64,2-stackless,0,0,True,312724,0.019906625,63.65557168621532
update-table,64,2-stackless,0,1,True,312724,0.019946875000000003,63.784279428505656
update-table,64,2-stackless,0,2,False,312724,0.019862332999999996,63.51393880866194
update-table,64,2-stackless,0,3,False,312724,0.020154625000000002,64.44860324119672
update-table,64,2-stackless,0,4,False,312724,0.02003508400000001,64.06634604315629
update-table,64,1x,0,0,True,312724,0.0832349,266.1608958698405
update-table,64,1x,0,1,True,312724,0.0816298,261.0282549468541
update-table,64,1x,0,2,False,312724,0.082075,262.45187449636103
update-table,64,1x,0,3,False,312724,0.0806765,257.9798800220002
update-table,64,1x,0,4,False,312724,0.082118,262.58937593532954
update-table,64,2-stackless,1,0,True,312724,0.019723167,63.068926593417835
update-table,64,2-stackless,1,1,True,312724,0.019615624999999998,62.72503869226537
update-table,64,2-stackless,1,2,False,312724,0.019586833999999997,62.632973484606225
update-table,64,2-stackless,1,3,False,312724,0.019540333000000007,62.484276870339365
update-table,64,2-stackless,1,4,False,312724,0.019598500000000005,62.670277944769204
update-table,64,1x,1,0,True,312724,0.0810064,259.03480385259843
update-table,64,1x,1,1,True,312724,0.0832163,266.1014185032169
update-table,64,1x,1,2,False,312724,0.0805924,257.7109527890408
update-table,64,1x,1,3,False,312724,0.07859,251.3078625241427
update-table,64,1x,1,4,False,312724,0.0784526,250.86849746101993
update-table,64,2-stackless,2,0,True,312724,0.02001125,63.990131873473096
update-table,64,2-stackless,2,1,True,312724,0.019992292,63.92950972742738
update-table,64,2-stackless,2,2,False,312724,0.019929292,63.728054130799045
update-table,64,2-stackless,2,3,False,312724,0.020120584000000004,64.33975006715188
update-table,64,2-stackless,2,4,False,312724,0.020135374999999997,64.38704736444915
update-table,64,1x,2,0,True,312724,0.0833191,266.43014287358824
update-table,64,1x,2,1,True,312724,0.0824695,263.71337025620034
update-table,64,1x,2,2,False,312724,0.0809512,258.8582903774574
update-table,64,1x,2,3,False,312724,0.0815226,260.6854606617976
update-table,64,1x,2,4,False,312724,0.081099,259.3309116025633
do-int,8,2-stackless,0,0,True,1906269,0.020777958000000003,10.899803752775712
do-int,8,2-stackless,0,1,True,1906269,0.020973250000000002,11.002250993957308
do-int,8,2-stackless,0,2,False,1906269,0.021538250000000002,11.298641482393094
do-int,8,2-stackless,0,3,False,1906269,0.021035833000000004,11.035081092962223
do-int,8,2-stackless,0,4,False,1906269,0.021021625000000002,11.0276277902017
do-int,8,1x,0,0,True,1906269,0.136847,71.78787463888885
do-int,8,1x,0,1,True,1906269,0.137296,72.02341327483163
do-int,8,1x,0,2,False,1906269,0.137095,71.91797170283942
do-int,8,1x,0,3,False,1906269,0.136952,71.84295605709373
do-int,8,1x,0,4,False,1906269,0.136403,71.5549589276225
do-int,8,1x,1,0,True,1906269,0.144181,75.63518055426596
do-int,8,1x,1,1,True,1906269,0.143602,75.33144587673618
do-int,8,1x,1,2,False,1906269,0.142661,74.83781145263339
do-int,8,1x,1,3,False,1906269,0.152138,79.80930288432535
do-int,8,1x,1,4,False,1906269,0.149919,78.64524891292886
do-int,8,2-stackless,1,0,True,1906269,0.020728875,10.874055550397138
do-int,8,2-stackless,1,1,True,1906269,0.020748291,10.884240891500623
do-int,8,2-stackless,1,2,False,1906269,0.020764166,10.892568677348265
do-int,8,2-stackless,1,3,False,1906269,0.020795875,10.909202741061204
do-int,8,2-stackless,1,4,False,1906269,0.020763249999999997,10.892088157547542
do-int,8,1x,2,0,True,1906269,0.137996,72.39062272953083
do-int,8,1x,2,1,True,1906269,0.137759,72.26629609986838
do-int,8,1x,2,2,False,1906269,0.138076,72.43258952435359
do-int,8,1x,2,3,False,1906269,0.138713,72.76675012812987
do-int,8,1x,2,4,False,1906269,0.137824,72.30039412066188
do-int,8,2-stackless,2,0,True,1906269,0.020761208,10.891016955109693
do-int,8,2-stackless,2,1,True,1906269,0.02074775,10.883957091050634
do-int,8,2-stackless,2,2,False,1906269,0.020756458,10.888525176667091
do-int,8,2-stackless,2,3,False,1906269,0.020767917000000004,10.89453639544052
do-int,8,2-stackless,2,4,False,1906269,0.020815749999999994,10.919628866649981
assign-table,0,2-stackless,0,0,True,4026819,0.020919333000000002,5.195002059938626
assign-table,0,2-stackless,0,1,True,4026819,0.020934208,5.198696042707656
assign-table,0,2-stackless,0,2,False,4026819,0.020992874999999994,5.213265110748706
assign-table,0,2-stackless,0,3,False,4026819,0.020921958000000004,5.195653939250809
assign-table,0,2-stackless,0,4,False,4026819,0.020928666999999998,5.1973200186052555
assign-table,0,1x,0,0,True,4026819,0.277995,69.03588167235726
assign-table,0,1x,0,1,True,4026819,0.278732,69.21890454972026
assign-table,0,1x,0,2,False,4026819,0.277818,68.99192638159302
assign-table,0,1x,0,3,False,4026819,0.279089,69.30756013617697
assign-table,0,1x,0,4,False,4026819,0.290213,72.07003840997075
assign-table,0,2-stackless,1,0,True,4026819,0.020919666,5.195084755485658
assign-table,0,2-stackless,1,1,True,4026819,0.020918250000000003,5.194733113159544
assign-table,0,2-stackless,1,2,False,4026819,0.021518625,5.3438272244170895
assign-table,0,2-stackless,1,3,False,4026819,0.020971167,5.207874255088197
assign-table,0,2-stackless,1,4,False,4026819,0.021233833000000008,5.273103409912392
assign-table,0,1x,1,0,True,4026819,0.284895,70.74939300723474
assign-table,0,1x,1,1,True,4026819,0.27432,68.12325063530295
assign-table,0,1x,1,2,False,4026819,0.278495,69.16004916039186
assign-table,0,1x,1,3,False,4026819,0.271589,67.44504781565797
assign-table,0,1x,1,4,False,4026819,0.272551,67.68394606263654
assign-table,0,1x,2,0,True,4026819,0.281787,69.97756790161166
assign-table,0,1x,2,1,True,4026819,0.274935,68.27597664558552
assign-table,0,1x,2,2,False,4026819,0.285602,70.92496583531566
assign-table,0,1x,2,3,False,4026819,0.273879,68.01373491085644
assign-table,0,1x,2,4,False,4026819,0.269215,66.85550058246969
assign-table,0,2-stackless,2,0,True,4026819,0.020949458,5.202483151092711
assign-table,0,2-stackless,2,1,True,4026819,0.021013999999999998,5.218511187118168
assign-table,0,2-stackless,2,2,False,4026819,0.020982624999999998,5.210719677243997
assign-table,0,2-stackless,2,3,False,4026819,0.020977542000000002,5.2094573905606385
assign-table,0,2-stackless,2,4,False,4026819,0.02138224999999999,5.30996054205565
update-string,0,2-stackless,0,0,True,3833915,0.019058167,4.9709414527969455
update-string,0,2-stackless,0,1,True,3833915,0.0190315,4.963985899530897
update-string,0,2-stackless,0,2,False,3833915,0.019026958000000004,4.962801209729482
update-string,0,2-stackless,0,3,False,3833915,0.019048625000000007,4.968452613060021
update-string,0,2-stackless,0,4,False,3833915,0.01904458399999999,4.967398599082136
update-string,0,1x,0,0,True,3833915,0.0393017,10.251061904084988
update-string,0,1x,0,1,True,3833915,0.0390766,10.19234907398834
update-string,0,1x,0,2,False,3833915,0.0394241,10.28298749450627
update-string,0,1x,0,3,False,3833915,0.0392559,10.23911589067572
update-string,0,1x,0,4,False,3833915,0.0389654,10.163344779422602
update-string,0,2-stackless,1,0,True,3833915,0.019187792000000002,5.004751539875038
update-string,0,2-stackless,1,1,True,3833915,0.019073708,4.974995011626497
update-string,0,2-stackless,1,2,False,3833915,0.019021167,4.961290743274173
update-string,0,2-stackless,1,3,False,3833915,0.018998958999999996,4.955498230920612
update-string,0,2-stackless,1,4,False,3833915,0.019056332999999995,4.9704630906005995
update-string,0,1x,1,0,True,3833915,0.0389178,10.150929272036548
update-string,0,1x,1,1,True,3833915,0.0390518,10.18588049030821
update-string,0,1x,1,2,False,3833915,0.0387131,10.097537373676778
update-string,0,1x,1,3,False,3833915,0.038526,10.04873608309
update-string,0,1x,1,4,False,3833915,0.0387532,10.107996656159566
update-string,0,1x,2,0,True,3833915,0.0403387,10.521542600709719
update-string,0,1x,2,1,True,3833915,0.0387319,10.102440977434293
update-string,0,1x,2,2,False,3833915,0.0390086,10.174612634865404
update-string,0,1x,2,3,False,3833915,0.0386633,10.084548040319099
update-string,0,1x,2,4,False,3833915,0.038713,10.097511290678067
update-string,0,2-stackless,2,0,True,3833915,0.01909275,4.9799617362408926
update-string,0,2-stackless,2,1,True,3833915,0.019275042,5.027508956249682
update-string,0,2-stackless,2,2,False,3833915,0.019071417,4.974397450126046
update-string,0,2-stackless,2,3,False,3833915,0.019069749999999996,4.973962646537546
update-string,0,2-stackless,2,4,False,3833915,0.019116707999999996,4.9862107010718795
make-table,0,1x,0,0,True,4016710,0.079753,19.855304465594976
make-table,0,1x,0,1,True,4016710,0.0808771,20.1351603675645
make-table,0,1x,0,2,False,4016710,0.0862887,21.48243213973625
make-table,0,1x,0,3,False,4016710,0.0826318,20.572010426443534
make-table,0,1x,0,4,False,4016710,0.0794995,19.792193113269317
make-table,0,2-stackless,0,0,True,4016710,0.021433583000000003,5.3361041748097335
make-table,0,2-stackless,0,1,True,4016710,0.021191625000000002,5.275866318454657
make-table,0,2-stackless,0,2,False,4016710,0.021261708000000004,5.293314180012997
make-table,0,2-stackless,0,3,False,4016710,0.021143708999999997,5.263937152545242
make-table,0,2-stackless,0,4,False,4016710,0.021523791,5.358562355758817
make-table,0,2-stackless,1,0,True,4016710,0.021084416,5.249175569060251
make-table,0,2-stackless,1,1,True,4016710,0.020960583000000005,5.218346109129114
make-table,0,2-stackless,1,2,False,4016710,0.020990083000000007,5.225690428236046
make-table,0,2-stackless,1,3,False,4016710,0.021326583999999996,5.309465707008969
make-table,0,2-stackless,1,4,False,4016710,0.021080957999999997,5.248314665484936
make-table,0,1x,1,0,True,4016710,0.0803152,19.995269760575198
make-table,0,1x,1,1,True,4016710,0.0820175,20.419074317040565
make-table,0,1x,1,2,False,4016710,0.0794205,19.772525275660925
make-table,0,1x,1,3,False,4016710,0.0801317,19.94958560613039
make-table,0,1x,1,4,False,4016710,0.0829943,20.662258415469378
make-table,0,1x,2,0,True,4016710,0.083913,20.890977939657084
make-table,0,1x,2,1,True,4016710,0.0826978,20.58844178444548
make-table,0,1x,2,2,False,4016710,0.0807813,20.111310002464705
make-table,0,1x,2,3,False,4016710,0.0800378,19.926208264973074
make-table,0,1x,2,4,False,4016710,0.0835953,20.811883357274983
make-table,0,2-stackless,2,0,True,4016710,0.021193625,5.276364238394109
make-table,0,2-stackless,2,1,True,4016710,0.021235125,5.286696077137757
make-table,0,2-stackless,2,2,False,4016710,0.021137833,5.26247426376313
make-table,0,2-stackless,2,3,False,4016710,0.02119512500000001,5.2767376783487006
make-table,0,2-stackless,2,4,False,4016710,0.02106904100000001,5.245347809525709
const-int,8,1x,0,0,True,2348328,0.0277817,11.830417215993677
const-int,8,1x,0,1,True,2348328,0.0274185,11.675753983259579
const-int,8,1x,0,2,False,2348328,0.0274665,11.696194058070253
const-int,8,1x,0,3,False,2348328,0.0274491,11.688784530951382
const-int,8,1x,0,4,False,2348328,0.0276506,11.774590261667024
const-int,8,2-stackless,0,0,True,2348328,0.020990666,8.938557986788899
const-int,8,2-stackless,0,1,True,2348328,0.021071542,8.972997809505316
const-int,8,2-stackless,0,2,False,2348328,0.02102375,8.952646308352156
const-int,8,2-stackless,0,3,False,2348328,0.020969709000000003,8.929633764959581
const-int,8,2-stackless,0,4,False,2348328,0.024260915999999993,10.33114454198902
const-int,8,1x,1,0,True,2348328,0.0280941,11.963448036219813
const-int,8,1x,1,1,True,2348328,0.0274608,11.693766799186484
const-int,8,1x,1,2,False,2348328,0.0274492,11.688827114440572
const-int,8,1x,1,3,False,2348328,0.0288999,12.306585792103999
const-int,8,1x,1,4,False,2348328,0.0277057,11.79805376421011
const-int,8,2-stackless,1,0,True,2348328,0.020979541,8.933820573616632
const-int,8,2-stackless,1,1,True,2348328,0.020966875000000003,8.928426948875968
const-int,8,2-stackless,1,2,False,2348328,0.021705790999999995,9.243083163851045
const-int,8,2-stackless,1,3,False,2348328,0.021333624999999995,9.084601895476268
const-int,8,2-stackless,1,4,False,2348328,0.021096208000000005,8.983501452948653
const-int,8,1x,2,0,True,2348328,0.0275817,11.74525023761587
const-int,8,1x,2,1,True,2348328,0.0276168,11.760197042321176
const-int,8,1x,2,2,False,2348328,0.0274851,11.704114587059388
const-int,8,1x,2,3,False,2348328,0.0276035,11.75453343825905
const-int,8,1x,2,4,False,2348328,0.0274225,11.677457322827134
const-int,8,2-stackless,2,0,True,2348328,0.021061542,8.968739460586425
const-int,8,2-stackless,2,1,True,2348328,0.020992083,8.939161394830705
const-int,8,2-stackless,2,2,False,2348328,0.021038333,8.958856258580573
const-int,8,2-stackless,2,3,False,2348328,0.021258208,9.052486705434676
const-int,8,2-stackless,2,4,False,2348328,0.02104154200000001,8.96022276274865
do-int,0,1x,0,0,True,4141473,0.0212101,5.121390384532266
do-int,0,1x,0,1,True,4141473,0.0212924,5.14126254112969
do-int,0,1x,0,2,False,4141473,0.0211802,5.114170731041829
do-int,0,1x,0,3,False,4141473,0.0214411,5.177167640595508
do-int,0,1x,0,4,False,4141473,0.0214418,5.177336662583579
do-int,0,2-stackless,0,0,True,4141473,0.018777542,4.534024971308518
do-int,0,2-stackless,0,1,True,4141473,0.018802458,4.540041188243893
do-int,0,2-stackless,0,2,False,4141473,0.019582625,4.728420298768095
do-int,0,2-stackless,0,3,False,4141473,0.019355291999999996,4.6735284764623595
do-int,0,2-stackless,0,4,False,4141473,0.019307000000000005,4.6618678909653655
do-int,0,1x,1,0,True,4141473,0.0213792,5.162221267650423
do-int,0,1x,1,1,True,4141473,0.0215184,5.1958324972781424
do-int,0,1x,1,2,False,4141473,0.0211736,5.112577095154308
do-int,0,1x,1,3,False,4141473,0.0211526,5.107506435512196
do-int,0,1x,1,4,False,4141473,0.0216772,5.234176342571834
do-int,0,2-stackless,1,0,True,4141473,0.018855917,4.5529493974728314
do-int,0,2-stackless,1,1,True,4141473,0.018722417,4.520714489747971
do-int,0,2-stackless,1,2,False,4141473,0.018755334,4.528662628006992
do-int,0,2-stackless,1,3,False,4141473,0.018696582999999996,4.51447661254824
do-int,0,2-stackless,1,4,False,4141473,0.018706041999999992,4.516760582527036
do-int,0,2-stackless,2,0,True,4141473,0.018680666,4.510633293999502
do-int,0,2-stackless,2,1,True,4141473,0.018893292,4.561973964335878
do-int,0,2-stackless,2,2,False,4141473,0.018858624999999997,4.55360327110668
do-int,0,2-stackless,2,3,False,4141473,0.018858124999999996,4.553482541115201
do-int,0,2-stackless,2,4,False,4141473,0.018709457999999998,4.517585409828822
do-int,0,1x,2,0,True,4141473,0.02108,5.089976440749463
do-int,0,1x,2,1,True,4141473,0.0211997,5.118879200709506
do-int,0,1x,2,2,False,4141473,0.0210914,5.092729084555181
do-int,0,1x,2,3,False,4141473,0.0212607,5.133608259669929
do-int,0,1x,2,4,False,4141473,0.0212145,5.122452808457281
const-string,256,2-stackless,0,0,True,141028,0.019870875,140.90021130555635
const-string,256,2-stackless,0,1,True,141028,0.019911625000000002,141.18916101767027
const-string,256,2-stackless,0,2,False,141028,0.019887792,141.02016620812887
const-string,256,2-stackless,0,3,False,141028,0.019963334,141.55581870266897
const-string,256,2-stackless,0,4,False,141028,0.019914416000000004,141.20895141390366
const-string,256,1x,0,0,True,141028,0.0300426,213.0257821141901
const-string,256,1x,0,1,True,141028,0.0296852,210.4915335961653
const-string,256,1x,0,2,False,141028,0.0300265,212.9116203874408
const-string,256,1x,0,3,False,141028,0.030201,214.14896332643164
const-string,256,1x,0,4,False,141028,0.0298812,211.8813285305046
const-string,256,2-stackless,1,0,True,141028,0.019809334,140.46383696854525
const-string,256,2-stackless,1,1,True,141028,0.019937167,141.3702739881442
const-string,256,2-stackless,1,2,False,141028,0.020041833000000002,142.11243866466236
const-string,256,2-stackless,1,3,False,141028,0.019924790999999997,141.28251836514733
const-string,256,2-stackless,1,4,False,141028,0.019818583,140.529419689707
const-string,256,1x,1,0,True,141028,0.030013,212.81589471594293
const-string,256,1x,1,1,True,141028,0.0298029,211.326119635817
const-string,256,1x,1,2,False,141028,0.0300158,212.83574892929065
const-string,256,1x,1,3,False,141028,0.0299054,212.0529256601526
const-string,256,1x,1,4,False,141028,0.0299624,212.457100717588
const-string,256,1x,2,0,True,141028,0.0299105,212.08908869160734
const-string,256,1x,2,1,True,141028,0.0297863,211.20841251382703
const-string,256,1x,2,2,False,141028,0.030005,212.75916839209236
const-string,256,1x,2,3,False,141028,0.0300083,212.78256800068073
const-string,256,1x,2,4,False,141028,0.0299869,212.6308250843804
const-string,256,2-stackless,2,0,True,141028,0.0200725,142.32989193635308
const-string,256,2-stackless,2,1,True,141028,0.019983541999999997,141.69910939671553
const-string,256,2-stackless,2,2,False,141028,0.019906375000000004,141.15193436764332
const-string,256,2-stackless,2,3,False,141028,0.019875417,140.93241767592252
const-string,256,2-stackless,2,4,False,141028,0.019852542,140.77021584366224
make-seq,256,1x,0,0,True,15549,0.0206737,1329.5838960704868
make-seq,256,1x,0,1,True,15549,0.0208045,1337.9960126053122
make-seq,256,1x,0,2,False,15549,0.0228884,1472.017493086372
make-seq,256,1x,0,3,False,15549,0.0212135,1364.2999549810277
make-seq,256,1x,0,4,False,15549,0.02125,1366.6473728214032
make-seq,256,2-stackless,0,0,True,15549,0.032687542,2102.227924625378
make-seq,256,2-stackless,0,1,True,15549,0.032720458,2104.3448453276737
make-seq,256,2-stackless,0,2,False,15549,0.032615541,2097.5973374493533
make-seq,256,2-stackless,0,3,False,15549,0.032382332999999985,2082.5990738954265
make-seq,256,2-stackless,0,4,False,15549,0.03191587500000001,2052.5998456492384
make-seq,256,1x,1,0,True,15549,0.0207266,1332.9860441185929
make-seq,256,1x,1,1,True,15549,0.0205837,1323.7957424914784
make-seq,256,1x,1,2,False,15549,0.0204291,1313.8529808990932
make-seq,256,1x,1,3,False,15549,0.0205474,1321.461187214612
make-seq,256,1x,1,4,False,15549,0.0204963,1318.1748022380862
make-seq,256,2-stackless,1,0,True,15549,0.032601667,2096.7050614187406
make-seq,256,2-stackless,1,1,True,15549,0.032577708,2095.164190623191
make-seq,256,2-stackless,1,2,False,15549,0.03271895799999999,2104.2483761013564
make-seq,256,2-stackless,1,3,False,15549,0.031968958000000006,2056.013762942955
make-seq,256,2-stackless,1,4,False,15549,0.031473375,2024.1414238857801
make-seq,256,2-stackless,2,0,True,15549,0.031708458,2039.260273972603
make-seq,256,2-stackless,2,1,True,15549,0.031428832999999996,2021.2768023667115
make-seq,256,2-stackless,2,2,False,15549,0.031634334,2034.4931506849316
make-seq,256,2-stackless,2,3,False,15549,0.031698332999999995,2038.609106694964
make-seq,256,2-stackless,2,4,False,15549,0.031378500000000004,2018.0397453212427
make-seq,256,1x,2,0,True,15549,0.0192473,1237.8480931249599
make-seq,256,1x,2,1,True,15549,0.0199805,1285.0022509486141
make-seq,256,1x,2,2,False,15549,0.0197295,1268.8597337449353
make-seq,256,1x,2,3,False,15549,0.0196502,1263.7597273136537
make-seq,256,1x,2,4,False,15549,0.0194393,1250.1961540935108
add-float4,256,2-stackless,0,0,True,90006,0.023175708,257.49070061995866
add-float4,256,2-stackless,0,1,True,90006,0.023147166,257.1735884274382
add-float4,256,2-stackless,0,2,False,90006,0.024502042,272.22676266026707
add-float4,256,2-stackless,0,3,False,90006,0.023182167000000004,257.5624625024999
add-float4,256,2-stackless,0,4,False,90006,0.023245875,258.27028198120126
add-float4,256,1x,0,0,True,90006,0.0700937,778.7669710908161
add-float4,256,1x,0,1,True,90006,0.0695558,772.7907028420327
add-float4,256,1x,0,2,False,90006,0.0270822,300.8932737817479
add-float4,256,1x,0,3,False,90006,0.0189028,210.01710997044643
add-float4,256,1x,0,4,False,90006,0.0188158,209.0505077439282
add-float4,256,2-stackless,1,0,True,90006,0.022467375,249.62085860942605
add-float4,256,2-stackless,1,1,True,90006,0.022417292000000002,249.0644179276937
add-float4,256,2-stackless,1,2,False,90006,0.022397082999999998,248.839888451881
add-float4,256,2-stackless,1,3,False,90006,0.022531833,250.33701086594226
add-float4,256,2-stackless,1,4,False,90006,0.02323033399999999,258.09761571450787
add-float4,256,1x,1,0,True,90006,0.0225156,250.15665622291849
add-float4,256,1x,1,1,True,90006,0.0716917,796.5213430215763
add-float4,256,1x,1,2,False,90006,0.0541247,601.3454658578318
add-float4,256,1x,1,3,False,90006,0.0438091,486.73532875586073
add-float4,256,1x,1,4,False,90006,0.0715818,795.3003133124458
add-float4,256,1x,2,0,True,90006,0.0641839,713.1069039841789
add-float4,256,1x,2,1,True,90006,0.0312926,347.67237739706235
add-float4,256,1x,2,2,False,90006,0.0505933,562.1103037575273
add-float4,256,1x,2,3,False,90006,0.0448999,498.8545208097238
add-float4,256,1x,2,4,False,90006,0.0661334,734.766571117481
add-float4,256,2-stackless,2,0,True,90006,0.022427833,249.18153234228828
add-float4,256,2-stackless,2,1,True,90006,0.022680541999999998,251.9892229406928
add-float4,256,2-stackless,2,2,False,90006,0.022470583000000002,249.65650067773262
add-float4,256,2-stackless,2,3,False,90006,0.022546999999999998,250.50552185409856
add-float4,256,2-stackless,2,4,False,90006,0.022409042000000004,248.9727573717308
add-int,0,1x,0,0,True,4558405,0.0237566,5.211603620125899
add-int,0,1x,0,1,True,4558405,0.0237942,5.219852119326826
add-int,0,1x,0,2,False,4558405,0.0239922,5.26328836511894
add-int,0,1x,0,3,False,4558405,0.0237664,5.21375349491763
add-int,0,1x,0,4,False,4558405,0.0238154,5.224502868876285
add-int,0,2-stackless,0,0,True,4558405,0.020576625,4.513996672081572
add-int,0,2-stackless,0,1,True,4558405,0.020834333,4.570531359104774
add-int,0,2-stackless,0,2,False,4558405,0.020859416999999998,4.576034161071691
add-int,0,2-stackless,0,3,False,4558405,0.021352041999999995,4.6841037599774475
add-int,0,2-stackless,0,4,False,4558405,0.020640624999999996,4.5280366707214466
add-int,0,2-stackless,1,0,True,4558405,0.020740875000000002,4.55002901234094
add-int,0,2-stackless,1,1,True,4558405,0.020859749999999996,4.576107212939613
add-int,0,2-stackless,1,2,False,4558405,0.021282082999999993,4.6687565058392115
add-int,0,2-stackless,1,3,False,4558405,0.020624792000000003,4.52456330668293
add-int,0,2-stackless,1,4,False,4558405,0.020925333000000004,4.590494482170848
add-int,0,1x,1,0,True,4558405,0.0248114,5.443000347709341
add-int,0,1x,1,1,True,4558405,0.0231808,5.085287507362772
add-int,0,1x,1,2,False,4558405,0.023409,5.135348877513078
add-int,0,1x,1,3,False,4558405,0.023162,5.081163257762309
add-int,0,1x,1,4,False,4558405,0.023228,5.095642006359681
add-int,0,2-stackless,2,0,True,4558405,0.020547708,4.5076530058211155
add-int,0,2-stackless,2,1,True,4558405,0.020558292000000002,4.509974870596185
add-int,0,2-stackless,2,2,False,4558405,0.020596583,4.518374957907426
add-int,0,2-stackless,2,3,False,4558405,0.020835666999999995,4.570824005326424
add-int,0,2-stackless,2,4,False,4558405,0.020721667,4.545815257749147
add-int,0,1x,2,0,True,4558405,0.0242026,5.309444860647529
add-int,0,1x,2,1,True,4558405,0.0238957,5.242118679669753
add-int,0,1x,2,2,False,4558405,0.0236545,5.189205434795723
add-int,0,1x,2,3,False,4558405,0.0240247,5.270418051928251
add-int,0,1x,2,4,False,4558405,0.0236978,5.198704371375514
assign-seq,0,2-stackless,0,0,True,4203182,0.02091875,4.976884179652464
assign-seq,0,2-stackless,0,1,True,4203182,0.020884333,4.9686958594702775
assign-seq,0,2-stackless,0,2,False,4203182,0.022252916000000005,5.2943022690904185
assign-seq,0,2-stackless,0,3,False,4203182,0.0210935,5.018459824009525
assign-seq,0,2-stackless,0,4,False,4203182,0.020902124999999994,4.972928842957548
assign-seq,0,1x,0,0,True,4203182,0.181854,43.26579244010847
assign-seq,0,1x,0,1,True,4203182,0.181837,43.26174788529262
assign-seq,0,1x,0,2,False,4203182,0.181792,43.25104171078007
assign-seq,0,1x,0,3,False,4203182,0.181436,43.16634397463636
assign-seq,0,1x,0,4,False,4203182,0.181577,43.19988998810901
assign-seq,0,1x,1,0,True,4203182,0.182668,43.459455241291
assign-seq,0,1x,1,1,True,4203182,0.182091,43.322178292541224
assign-seq,0,1x,1,2,False,4203182,0.181668,43.22154025212327
assign-seq,0,1x,1,3,False,4203182,0.181892,43.274833209696844
assign-seq,0,1x,1,4,False,4203182,0.181246,43.12114012669449
assign-seq,0,2-stackless,1,0,True,4203182,0.021146958,5.031178283500453
assign-seq,0,2-stackless,1,1,True,4203182,0.020922083,4.97767715031136
assign-seq,0,2-stackless,1,2,False,4203182,0.021114083,5.023356828231564
assign-seq,0,2-stackless,1,3,False,4203182,0.021157541999999988,5.0336963757458015
assign-seq,0,2-stackless,1,4,False,4203182,0.020894959000000005,4.971223944145175
assign-seq,0,1x,2,0,True,4203182,0.182668,43.459455241291
assign-seq,0,1x,2,1,True,4203182,0.182302,43.37237835525561
assign-seq,0,1x,2,2,False,4203182,0.182085,43.32075080260621
assign-seq,0,1x,2,3,False,4203182,0.181193,43.108530632268604
assign-seq,0,1x,2,4,False,4203182,0.182385,43.392125299356536
assign-seq,0,2-stackless,2,0,True,4203182,0.020997625,4.995649724423068
assign-seq,0,2-stackless,2,1,True,4203182,0.020953999999999997,4.985270683020625
assign-seq,0,2-stackless,2,2,False,4203182,0.020827000000000005,4.955055479396325
assign-seq,0,2-stackless,2,3,False,4203182,0.021019625,5.0008838541847584
assign-seq,0,2-stackless,2,4,False,4203182,0.020885917000000004,4.96907271681312
take-seq,8,1x,0,0,True,742231,0.0193951,26.130813722412565
take-seq,8,1x,0,1,True,742231,0.0193497,26.069646781123396
take-seq,8,1x,0,2,False,742231,0.0197372,26.591721445210453
take-seq,8,1x,0,3,False,742231,0.0193925,26.127310769827723
take-seq,8,1x,0,4,False,742231,0.0193245,26.035695086839542
take-seq,8,2-stackless,0,0,True,742231,0.018944083,25.52316327396727
take-seq,8,2-stackless,0,1,True,742231,0.018717040999999997,25.217271981364288
take-seq,8,2-stackless,0,2,False,742231,0.018649667,25.126499701575387
take-seq,8,2-stackless,0,3,False,742231,0.018665958000000003,25.148448394098338
take-seq,8,2-stackless,0,4,False,742231,0.018584458999999998,25.03864565074754
take-seq,8,1x,1,0,True,742231,0.0197188,26.566931319225418
take-seq,8,1x,1,1,True,742231,0.019733,26.586062829496477
take-seq,8,1x,1,2,False,742231,0.0194833,26.249644652406058
take-seq,8,1x,1,3,False,742231,0.0193555,26.077461059966506
take-seq,8,1x,1,4,False,742231,0.0194135,26.1556038483976
take-seq,8,2-stackless,1,0,True,742231,0.018582583,25.036118135728636
take-seq,8,2-stackless,1,1,True,742231,0.018584709,25.03898247311147
take-seq,8,2-stackless,1,2,False,742231,0.018689042000000003,25.179549223893915
take-seq,8,2-stackless,1,3,False,742231,0.018858166999999995,25.40740955309061
take-seq,8,2-stackless,1,4,False,742231,0.018604125,25.065141445183507
take-seq,8,2-stackless,2,0,True,742231,0.019015875,25.619887878571497
take-seq,8,2-stackless,2,1,True,742231,0.018779,25.300748688750538
take-seq,8,2-stackless,2,2,False,742231,0.018818333,25.353741624911923
take-seq,8,2-stackless,2,3,False,742231,0.018932958,25.508174678772512
take-seq,8,2-stackless,2,4,False,742231,0.01890125000000001,25.465454824710914
take-seq,8,1x,2,0,True,742231,0.0201881,27.199214260789432
take-seq,8,1x,2,1,True,742231,0.0198176,26.70004351744942
take-seq,8,1x,2,2,False,742231,0.0196135,26.42506173953931
take-seq,8,1x,2,3,False,742231,0.0195291,26.311350509477506
take-seq,8,1x,2,4,False,742231,0.0198009,26.677543783539086
take-table,8,2-stackless,0,0,True,933668,0.019974583,21.393667770556558
take-table,8,2-stackless,0,1,True,933668,0.019825541000000002,21.234037152392503
take-table,8,2-stackless,0,2,False,933668,0.019776042,21.181021519426604
take-table,8,2-stackless,0,3,False,933668,0.020155750000000007,21.587705694101125
take-table,8,2-stackless,0,4,False,933668,0.019734792,21.136840932751255
take-table,8,1x,0,0,True,933668,0.0252183,27.00992215648389
take-table,8,1x,0,1,True,933668,0.02498,26.754692246066053
take-table,8,1x,0,2,False,933668,0.024944,26.716134643149385
take-table,8,1x,0,3,False,933668,0.0248279,26.59178637374313
take-table,8,1x,0,4,False,933668,0.0253887,27.192428143622788
take-table,8,2-stackless,1,0,True,933668,0.019892708,21.305976000034274
take-table,8,2-stackless,1,1,True,933668,0.019738916999999998,21.14125899141879
take-table,8,2-stackless,1,2,False,933668,0.019790916999999998,21.196953306742866
take-table,8,2-stackless,1,3,False,933668,0.019924875,21.34042828928484
take-table,8,2-stackless,1,4,False,933668,0.019810833,21.21828422951199
take-table,8,1x,1,0,True,933668,0.0249664,26.740126040519755
take-table,8,1x,1,1,True,933668,0.0252356,27.0284512267744
take-table,8,1x,1,2,False,933668,0.0249103,26.680040442641282
take-table,8,1x,1,3,False,933668,0.0248713,26.638269706148225
take-table,8,1x,1,4,False,933668,0.0251367,26.922524923206108
take-table,8,2-stackless,2,0,True,933668,0.019977042,21.396301469044673
take-table,8,2-stackless,2,1,True,933668,0.019818874999999996,21.22689756958576
take-table,8,2-stackless,2,2,False,933668,0.020053791,21.47850306532943
take-table,8,2-stackless,2,3,False,933668,0.01993908400000001,21.35564676094716
take-table,8,2-stackless,2,4,False,933668,0.01979824999999999,21.204807276248076
take-table,8,1x,2,0,True,933668,0.0251515,26.93837638218296
take-table,8,1x,2,1,True,933668,0.0248189,26.582146973013963
take-table,8,1x,2,2,False,933668,0.0248616,26.627880574251233
take-table,8,1x,2,3,False,933668,0.0255938,27.41209937579525
take-table,8,1x,2,4,False,933668,0.0260613,27.912812691449208
const-table,256,2-stackless,0,0,True,139321,0.019704708,141.43386854817294
const-table,256,2-stackless,0,1,True,139321,0.019711000000000003,141.47903044049357
const-table,256,2-stackless,0,2,False,139321,0.01969025,141.3300938121317
const-table,256,2-stackless,0,3,False,139321,0.0196685,141.17397951493314
const-table,256,2-stackless,0,4,False,139321,0.019662625000000003,141.13181071051747
const-table,256,1x,0,0,True,139321,0.0379254,272.2159616999591
const-table,256,1x,0,1,True,139321,0.037383,268.32279412292473
const-table,256,1x,0,2,False,139321,0.0374075,268.4986470094243
const-table,256,1x,0,3,False,139321,0.0373046,267.76006488612626
const-table,256,1x,0,4,False,139321,0.0374076,268.49936477630797
const-table,256,2-stackless,1,0,True,139321,0.019648583,141.0310218847123
const-table,256,2-stackless,1,1,True,139321,0.019906041000000003,142.87897014807533
const-table,256,2-stackless,1,2,False,139321,0.019825125,142.29818189648367
const-table,256,2-stackless,1,3,False,139321,0.019702792000000004,141.4201161346818
const-table,256,2-stackless,1,4,False,139321,0.019848417000000007,142.4653641590285
const-table,256,1x,1,0,True,139321,0.0382344,274.4338613705041
const-table,256,1x,1,1,True,139321,0.037759,271.0215976055297
const-table,256,1x,1,2,False,139321,0.0382612,274.62622289532806
const-table,256,1x,1,3,False,139321,0.0375654,269.6320009187416
const-table,256,1x,1,4,False,139321,0.0375445,269.4819876400543
const-table,256,2-stackless,2,0,True,139321,0.019816833000000002,142.23866466648965
const-table,256,2-stackless,2,1,True,139321,0.019859375,142.54401705414116
const-table,256,2-stackless,2,2,False,139321,0.019900165999999997,142.83680134365957
const-table,256,2-stackless,2,3,False,139321,0.020012916999999998,143.64609068266805
const-table,256,2-stackless,2,4,False,139321,0.020116875000000006,144.3922667795954
const-table,256,1x,2,0,True,139321,0.0384323,275.85432203329003
const-table,256,1x,2,1,True,139321,0.0382975,274.8867722741008
const-table,256,1x,2,2,False,139321,0.0380421,273.05359565320373
const-table,256,1x,2,3,False,139321,0.0378424,271.6202151865117
const-table,256,1x,2,4,False,139321,0.0383673,275.3877735589035
assign-table,64,2-stackless,0,0,True,58613,0.014759,251.80420725777557
assign-table,64,2-stackless,0,1,True,58613,0.014454916999999998,246.6162284817361
assign-table,64,2-stackless,0,2,False,58613,0.014805834000000004,252.60324501390483
assign-table,64,2-stackless,0,3,False,58613,0.0145985,249.06590688072612
assign-table,64,2-stackless,0,4,False,58613,0.014816833999999994,252.7909166908364
assign-table,64,1x,0,0,True,58613,0.256257,4372.016446863324
assign-table,64,1x,0,1,True,58613,0.251039,4282.991827751523
assign-table,64,1x,0,2,False,58613,0.254255,4337.860201661747
assign-table,64,1x,0,3,False,58613,0.256335,4373.347209663385
assign-table,64,1x,0,4,False,58613,0.247812,4227.935782164366
assign-table,64,1x,1,0,True,58613,0.267899,4570.641325303261
assign-table,64,1x,1,1,True,58613,0.255248,4354.801835770221
assign-table,64,1x,1,2,False,58613,0.252604,4309.692389060448
assign-table,64,1x,1,3,False,58613,0.253155,4319.093033968574
assign-table,64,1x,1,4,False,58613,0.257508,4393.359834848924
assign-table,64,2-stackless,1,0,True,58613,0.014854082999999999,253.42642417211195
assign-table,64,2-stackless,1,1,True,58613,0.015000208,255.91947178953475
assign-table,64,2-stackless,1,2,False,58613,0.014899500000000003,254.20128640404013
assign-table,64,2-stackless,1,3,False,58613,0.014928042000000002,254.68824322249333
assign-table,64,2-stackless,1,4,False,58613,0.015060333999999995,256.9452851756435
assign-table,64,1x,2,0,True,58613,0.244779,4176.189582515824
assign-table,64,1x,2,1,True,58613,0.254192,4336.785354784774
assign-table,64,1x,2,2,False,58613,0.251542,4291.573541705765
assign-table,64,1x,2,3,False,58613,0.254653,4344.650504154369
assign-table,64,1x,2,4,False,58613,0.252755,4312.268609352874
assign-table,64,2-stackless,2,0,True,58613,0.0146365,249.71422721921758
assign-table,64,2-stackless,2,1,True,58613,0.014880500000000001,253.87712623479436
assign-table,64,2-stackless,2,2,False,58613,0.015100707999999997,257.6341084742292
assign-table,64,2-stackless,2,3,False,58613,0.014848999999999994,253.3397027963079
assign-table,64,2-stackless,2,4,False,58613,0.014884665999999998,253.9482026171668
add-float4,0,1x,0,0,True,4371585,0.022384,5.12033964797665
add-float4,0,1x,0,1,True,4371585,0.0223638,5.115718898294325
add-float4,0,1x,0,2,False,4371585,0.0223362,5.109405398728379
add-float4,0,1x,0,3,False,4371585,0.0226481,5.180752518823264
add-float4,0,1x,0,4,False,4371585,0.0227767,5.210169766800829
add-float4,0,2-stackless,0,0,True,4371585,0.019498125,4.46019578711154
add-float4,0,2-stackless,0,1,True,4371585,0.019832917,4.536779451846413
add-float4,0,2-stackless,0,2,False,4371585,0.019554667000000005,4.4731297687223295
add-float4,0,2-stackless,0,3,False,4371585,0.0195445,4.47080406763222
add-float4,0,2-stackless,0,4,False,4371585,0.02005212499999999,4.586923278399022
add-float4,0,2-stackless,1,0,True,4371585,0.019818875,4.533567344567245
add-float4,0,2-stackless,1,1,True,4371585,0.019528042,4.467039300391048
add-float4,0,2-stackless,1,2,False,4371585,0.019517959,4.464732814299619
add-float4,0,2-stackless,1,3,False,4371585,0.019588625000000005,4.480897660688287
add-float4,0,2-stackless,1,4,False,4371585,0.019824792000000008,4.534920858224193
add-float4,0,1x,1,0,True,4371585,0.0235061,5.377020005329874
add-float4,0,1x,1,1,True,4371585,0.023012,5.263994638100368
add-float4,0,1x,1,2,False,4371585,0.0232967,5.329119758623016
add-float4,0,1x,1,3,False,4371585,0.0230086,5.263216888153839
add-float4,0,1x,1,4,False,4371585,0.0232197,5.311506009833962
add-float4,0,1x,2,0,True,4371585,0.0226704,5.185853643472562
add-float4,0,1x,2,1,True,4371585,0.0225865,5.1666615197920205
add-float4,0,1x,2,2,False,4371585,0.0224212,5.128849147391621
add-float4,0,1x,2,3,False,4371585,0.0225953,5.168674519653627
add-float4,0,1x,2,4,False,4371585,0.0225467,5.1575572704179375
add-float4,0,2-stackless,2,0,True,4371585,0.019815458,4.532785705870983
add-float4,0,2-stackless,2,1,True,4371585,0.019687874999999997,4.503601096627424
add-float4,0,2-stackless,2,2,False,4371585,0.0195745,4.477666567160424
add-float4,0,2-stackless,2,3,False,4371585,0.019776875,4.52395984522776
add-float4,0,2-stackless,2,4,False,4371585,0.019558167,4.473930393667286
assign-int,8,1x,0,0,True,1121756,0.0219681,19.583670602163036
assign-int,8,1x,0,1,True,1121756,0.0221451,19.741458926896758
assign-int,8,1x,0,2,False,1121756,0.0221291,19.7271955755084
assign-int,8,1x,0,3,False,1121756,0.0220074,19.618704959010692
assign-int,8,1x,0,4,False,1121756,0.0221111,19.711149305196496
assign-int,8,2-stackless,0,0,True,1121756,0.0225885,20.136732052246657
assign-int,8,2-stackless,0,1,True,1121756,0.022700458,20.236538070667773
assign-int,8,2-stackless,0,2,False,1121756,0.022368417,19.940536979521394
assign-int,8,2-stackless,0,3,False,1121756,0.022263500000000006,19.847007727170617
assign-int,8,2-stackless,0,4,False,1121756,0.022404875000000005,19.973037808578695
assign-int,8,1x,1,0,True,1121756,0.0223465,19.920998862497726
assign-int,8,1x,1,1,True,1121756,0.0220331,19.641615467178244
assign-int,8,1x,1,2,False,1121756,0.0222359,19.822403446025696
assign-int,8,1x,1,3,False,1121756,0.0221412,19.737982234995847
assign-int,8,1x,1,4,False,1121756,0.0220855,19.68832794297512
assign-int,8,2-stackless,1,0,True,1121756,0.022381208,19.951939637496924
assign-int,8,2-stackless,1,1,True,1121756,0.02231425,19.892249294855567
assign-int,8,2-stackless,1,2,False,1121756,0.022568374999999995,20.118791430578483
assign-int,8,2-stackless,1,3,False,1121756,0.022364916000000012,19.937415979945737
assign-int,8,2-stackless,1,4,False,1121756,0.022391707999999996,19.961299961845533
assign-int,8,2-stackless,2,0,True,1121756,0.02280775,20.332184539240263
assign-int,8,2-stackless,2,1,True,1121756,0.02247425,20.034882808739155
assign-int,8,2-stackless,2,2,False,1121756,0.022841625000000004,20.362382728507807
assign-int,8,2-stackless,2,3,False,1121756,0.022563625000000004,20.114556998135072
assign-int,8,2-stackless,2,4,False,1121756,0.022334790999999993,19.910560763659827
assign-int,8,1x,2,0,True,1121756,0.0228475,20.367620052845716
assign-int,8,1x,2,1,True,1121756,0.0224577,20.02012915464682
assign-int,8,1x,2,2,False,1121756,0.0239019,21.307574909338573
assign-int,8,1x,2,3,False,1121756,0.0223902,19.95995564097718
assign-int,8,1x,2,4,False,1121756,0.0222263,19.81384543519268
get-seq,8,1x,0,0,True,2123887,0.106283,50.04173950874034
get-seq,8,1x,0,1,True,2123887,0.105966,49.89248486383692
get-seq,8,1x,0,2,False,2123887,0.105675,49.755471924824626
get-seq,8,1x,0,3,False,2123887,0.106004,49.91037658783165
get-seq,8,1x,0,4,False,2123887,0.106791,50.280923608459396
get-seq,8,2-stackless,0,0,True,2123887,0.019443417,9.154638170486471
get-seq,8,2-stackless,0,1,True,2123887,0.019552917,9.206194585681818
get-seq,8,2-stackless,0,2,False,2123887,0.019468583000000005,9.166487200119406
get-seq,8,2-stackless,0,3,False,2123887,0.020373708000000004,9.59265158645446
get-seq,8,2-stackless,0,4,False,2123887,0.019461083000000004,9.162955938804656
get-seq,8,2-stackless,1,0,True,2123887,0.019541583,9.200858143582968
get-seq,8,2-stackless,1,1,True,2123887,0.019575584000000004,9.216866999044678
get-seq,8,2-stackless,1,2,False,2123887,0.019485916,9.174648180435211
get-seq,8,2-stackless,1,3,False,2123887,0.019484959000000003,9.17419759149145
get-seq,8,2-stackless,1,4,False,2123887,0.019453957999999993,9.159601240555638
get-seq,8,1x,1,0,True,2123887,0.105248,49.55442544730487
get-seq,8,1x,1,1,True,2123887,0.105297,49.577496354561234
get-seq,8,1x,1,2,False,2123887,0.105743,49.787488694078355
get-seq,8,1x,1,3,False,2123887,0.105568,49.7050925967342
get-seq,8,1x,1,4,False,2123887,0.105263,49.56148796993437
get-seq,8,1x,2,0,True,2123887,0.105777,49.80349707870522
get-seq,8,1x,2,1,True,2123887,0.106714,50.24466932562797
get-seq,8,1x,2,2,False,2123887,0.106356,50.076110452203906
get-seq,8,1x,2,3,False,2123887,0.106204,50.00454355622498
get-seq,8,1x,2,4,False,2123887,0.105266,49.56290047446027
get-seq,8,2-stackless,2,0,True,2123887,0.019442083000000002,9.154010076807289
get-seq,8,2-stackless,2,1,True,2123887,0.019444457999999998,9.155128309556957
get-seq,8,2-stackless,2,2,False,2123887,0.019512999999999996,9.187400271295035
get-seq,8,2-stackless,2,3,False,2123887,0.019437417,9.15181316143467
get-seq,8,2-stackless,2,4,False,2123887,0.019461208000000008,9.163014793159903
update-int,64,2-stackless,0,0,True,302744,0.019131916000000002,63.19502946383744
update-int,64,2-stackless,0,1,True,302744,0.018870500000000002,62.33154083978543
update-int,64,2-stackless,0,2,False,302744,0.018978458999999996,62.688142456993354
update-int,64,2-stackless,0,3,False,302744,0.018883459,62.374345982083874
update-int,64,2-stackless,0,4,False,302744,0.018980999999999998,62.69653568691699
update-int,64,1x,0,0,True,302744,0.0235889,77.91698596834289
update-int,64,1x,0,1,True,302744,0.0235967,77.94275031049335
update-int,64,1x,0,2,False,302744,0.0237883,78.57562825357398
update-int,64,1x,0,3,False,302744,0.0240958,79.59133789604418
update-int,64,1x,0,4,False,302744,0.0238147,78.66283064239093
update-int,64,1x,1,0,True,302744,0.0236705,78.18652062468621
update-int,64,1x,1,1,True,302744,0.0237022,78.29122955368231
update-int,64,1x,1,2,False,302744,0.0236881,78.24465555056418
update-int,64,1x,1,3,False,302744,0.0236393,78.08346325608434
update-int,64,1x,1,4,False,302744,0.0236584,78.1465528631451
update-int,64,2-stackless,1,0,True,302744,0.018581584,61.3772163940491
update-int,64,2-stackless,1,1,True,302744,0.018713833000000003,61.81405081521022
update-int,64,2-stackless,1,2,False,302744,0.018713208000000002,61.8119863647174
update-int,64,2-stackless,1,3,False,302744,0.018866749999999995,62.319154136828466
update-int,64,2-stackless,1,4,False,302744,0.018913082999999997,62.47219763232301
update-int,64,2-stackless,2,0,True,302744,0.018739541,61.89896744444151
update-int,64,2-stackless,2,1,True,302744,0.018688874999999997,61.73161152657029
update-int,64,2-stackless,2,2,False,302744,0.018750250000000003,61.934340564965794
update-int,64,2-stackless,2,3,False,302744,0.018741334,61.90488994001532
update-int,64,2-stackless,2,4,False,302744,0.01902129200000001,62.82962502972811
update-int,64,1x,2,0,True,302744,0.0237426,78.42467563353857
update-int,64,1x,2,1,True,302744,0.0237048,78.29981766773247
update-int,64,1x,2,2,False,302744,0.0236867,78.24003118146024
update-int,64,1x,2,3,False,302744,0.0236419,78.0920513701345
update-int,64,1x,2,4,False,302744,0.023849,78.7761276854372
get-int,256,2-stackless,0,0,True,137544,0.019751083000000003,143.59828854766477
get-int,256,2-stackless,0,1,True,137544,0.019718791000000003,143.36351276682373
get-int,256,2-stackless,0,2,False,137544,0.019599874999999996,142.49894579189203
get-int,256,2-stackless,0,3,False,137544,0.019584333000000002,142.38594922352124
get-int,256,2-stackless,0,4,False,137544,0.01995237500000001,145.06176205432448
get-int,256,1x,0,0,True,137544,0.0306329,222.7134589658582
get-int,256,1x,0,1,True,137544,0.0295716,214.997382655732
get-int,256,1x,0,2,False,137544,0.0301068,218.88850113418252
get-int,256,1x,0,3,False,137544,0.030039,218.39556796370616
get-int,256,1x,0,4,False,137544,0.0306774,223.03699179898797
get-int,256,1x,1,0,True,137544,0.0299723,217.91063223404873
get-int,256,1x,1,1,True,137544,0.0293568,213.43570057581573
get-int,256,1x,1,2,False,137544,0.0304264,221.21212121212122
get-int,256,1x,1,3,False,137544,0.0307605,223.641162100855
get-int,256,1x,1,4,False,137544,0.0289567,210.52681323794567
get-int,256,2-stackless,1,0,True,137544,0.0198085,144.01573314721108
get-int,256,2-stackless,1,1,True,137544,0.019613958,142.6013348455767
get-int,256,2-stackless,1,2,False,137544,0.019702582999999996,143.245674111557
get-int,256,2-stackless,1,3,False,137544,0.019602792,142.5201535508637
get-int,256,2-stackless,1,4,False,137544,0.020737375000000002,150.76902663874836
get-int,256,1x,2,0,True,137544,0.0293871,213.65599371837376
get-int,256,1x,2,1,True,137544,0.0298184,216.7917175594719
get-int,256,1x,2,2,False,137544,0.0294597,214.18382481242367
get-int,256,1x,2,3,False,137544,0.0290068,210.89106031524457
get-int,256,1x,2,4,False,137544,0.029439,214.03332751701274
get-int,256,2-stackless,2,0,True,137544,0.020300791000000002,147.59488600011636
get-int,256,2-stackless,2,1,True,137544,0.019719834000000002,143.37109579480023
get-int,256,2-stackless,2,2,False,137544,0.020092791999999998,146.08264991566335
get-int,256,2-stackless,2,3,False,137544,0.019561750000000003,142.22176176350843
get-int,256,2-stackless,2,4,False,137544,0.019851042,144.32503053568314
assign-seq,8,1x,0,0,True,588452,0.228958,389.08526098985135
assign-seq,8,1x,0,1,True,588452,0.228519,388.3392358255219
assign-seq,8,1x,0,2,False,588452,0.228875,388.9442129519485
assign-seq,8,1x,0,3,False,588452,0.228882,388.956108569603
assign-seq,8,1x,0,4,False,588452,0.232406,394.94470237164626
assign-seq,8,2-stackless,0,0,True,588452,0.019546917,33.217521565055435
assign-seq,8,2-stackless,0,1,True,588452,0.021120084,35.89092058485654
assign-seq,8,2-stackless,0,2,False,588452,0.019784667,33.62154772181928
assign-seq,8,2-stackless,0,3,False,588452,0.019551333000000004,33.22502600042145
assign-seq,8,2-stackless,0,4,False,588452,0.019760791,33.58097346937388
assign-seq,8,2-stackless,1,0,True,588452,0.019506458,33.14876659438663
assign-seq,8,2-stackless,1,1,True,588452,0.019592792000000005,33.29548034504089
assign-seq,8,2-stackless,1,2,False,588452,0.020031208,34.040513074983174
assign-seq,8,2-stackless,1,3,False,588452,0.01958075,33.275016483927324
assign-seq,8,2-stackless,1,4,False,588452,0.019641915999999995,33.37896039099195
assign-seq,8,1x,1,0,True,588452,0.22673,385.299055827833
assign-seq,8,1x,1,1,True,588452,0.227315,386.29318958895544
assign-seq,8,1x,1,2,False,588452,0.228399,388.1353109514455
assign-seq,8,1x,1,3,False,588452,0.227801,387.1190853289648
assign-seq,8,1x,1,4,False,588452,0.227545,386.6840455976018
assign-seq,8,2-stackless,2,0,True,588452,0.019572208,33.260500431640985
assign-seq,8,2-stackless,2,1,True,588452,0.019801084,33.64944634396688
assign-seq,8,2-stackless,2,2,False,588452,0.019711708,33.497563097754785
assign-seq,8,2-stackless,2,3,False,588452,0.019725582999999998,33.521141911319866
assign-seq,8,2-stackless,2,4,False,588452,0.019739084000000004,33.54408515902742
assign-seq,8,1x,2,0,True,588452,0.227869,387.23464275760807
assign-seq,8,1x,2,1,True,588452,0.226725,385.2905589580798
assign-seq,8,1x,2,2,False,588452,0.226432,384.79264239054334
assign-seq,8,1x,2,3,False,588452,0.227542,386.6789474757499
assign-seq,8,1x,2,4,False,588452,0.227019,385.790174899567
take-table,256,1x,0,0,True,36540,0.0284138,777.608100711549
take-table,256,1x,0,1,True,36540,0.0281989,771.7268746579091
take-table,256,1x,0,2,False,36540,0.0282932,774.3076081007116
take-table,256,1x,0,3,False,36540,0.028345,775.7252326217844
take-table,256,1x,0,4,False,36540,0.0283273,775.2408319649699
take-table,256,2-stackless,0,0,True,36540,0.020467042,560.1270388615217
take-table,256,2-stackless,0,1,True,36540,0.0199945,547.1948549534757
take-table,256,2-stackless,0,2,False,36540,0.019976042,546.6897099069513
take-table,256,2-stackless,0,3,False,36540,0.019970375,546.5346195949644
take-table,256,2-stackless,0,4,False,36540,0.019977708999999996,546.7353311439517
take-table,256,1x,1,0,True,36540,0.028291,774.247400109469
take-table,256,1x,1,1,True,36540,0.0279059,763.7082649151615
take-table,256,1x,1,2,False,36540,0.0275793,754.7701149425287
take-table,256,1x,1,3,False,36540,0.0278453,762.0498084291188
take-table,256,1x,1,4,False,36540,0.0281058,769.1789819376027
take-table,256,2-stackless,1,0,True,36540,0.019940208,545.7090311986864
take-table,256,2-stackless,1,1,True,36540,0.020190499999999997,552.558839627805
take-table,256,2-stackless,1,2,False,36540,0.020082625,549.606595511768
take-table,256,2-stackless,1,3,False,36540,0.020019875000000006,547.8892993979202
take-table,256,2-stackless,1,4,False,36540,0.020029832999999997,548.1618226600984
take-table,256,2-stackless,2,0,True,36540,0.019988667,547.0352216748769
take-table,256,2-stackless,2,1,True,36540,0.019984084000000003,546.9097974822114
take-table,256,2-stackless,2,2,False,36540,0.020003207999999995,547.4331691297208
take-table,256,2-stackless,2,3,False,36540,0.019992291999999995,547.1344280240831
take-table,256,2-stackless,2,4,False,36540,0.020061791999999995,549.0364532019703
take-table,256,1x,2,0,True,36540,0.0285125,780.3092501368363
take-table,256,1x,2,1,True,36540,0.0276555,756.855500821018
take-table,256,1x,2,2,False,36540,0.0286905,785.1806239737274
take-table,256,1x,2,3,False,36540,0.028196,771.647509578544
take-table,256,1x,2,4,False,36540,0.0283267,775.2244116037219
assign-string,64,1x,0,0,True,83972,0.0444374,529.193064354785
assign-string,64,1x,0,1,True,83972,0.0438075,521.691754394322
assign-string,64,1x,0,2,False,83972,0.0441665,525.9669889963321
assign-string,64,1x,0,3,False,83972,0.0438703,522.4396227313866
assign-string,64,1x,0,4,False,83972,0.0439013,522.8087934073262
assign-string,64,2-stackless,0,0,True,83972,0.019823792,236.0762158814843
assign-string,64,2-stackless,0,1,True,83972,0.019844667000000003,236.32481065116949
assign-string,64,2-stackless,0,2,False,83972,0.019792041999999996,235.69811365693323
assign-string,64,2-stackless,0,3,False,83972,0.019793000000000005,235.709522221693
assign-string,64,2-stackless,0,4,False,83972,0.019855499999999998,236.4538179393131
assign-string,64,1x,1,0,True,83972,0.0450195,536.1251369504121
assign-string,64,1x,1,1,True,83972,0.0439373,523.2375077406755
assign-string,64,1x,1,2,False,83972,0.0441984,526.3468775306054
assign-string,64,1x,1,3,False,83972,0.0441273,525.5001667222407
assign-string,64,1x,1,4,False,83972,0.0439343,523.2017815462297
assign-string,64,2-stackless,1,0,True,83972,0.019963875000000002,237.7444267136665
assign-string,64,2-stackless,1,1,True,83972,0.020182541999999998,240.34847330062397
assign-string,64,2-stackless,1,2,False,83972,0.02035075,242.35161720573524
assign-string,64,2-stackless,1,3,False,83972,0.020060040999999994,238.88964178535693
assign-string,64,2-stackless,1,4,False,83972,0.019933583000000005,237.3836874196161
assign-string,64,1x,2,0,True,83972,0.042349,504.3228695279379
assign-string,64,1x,2,1,True,83972,0.045308,539.5608059829467
assign-string,64,1x,2,2,False,83972,0.0466811,555.9126851807746
assign-string,64,1x,2,3,False,83972,0.0450117,536.032248844853
assign-string,64,1x,2,4,False,83972,0.0442015,526.3837945981994
assign-string,64,2-stackless,2,0,True,83972,0.019923417,237.26262325537084
assign-string,64,2-stackless,2,1,True,83972,0.019911041999999997,237.115252703282
assign-string,64,2-stackless,2,2,False,83972,0.019903959000000006,237.03090315819568
assign-string,64,2-stackless,2,3,False,83972,0.019893917000000004,236.91131567665417
assign-string,64,2-stackless,2,4,False,83972,0.021064416000000002,250.850473967513
const-int,256,2-stackless,0,0,True,141715,0.019860416000000002,140.14335814839646
const-int,256,2-stackless,0,1,True,141715,0.019979542,140.9839607663268
const-int,256,2-stackless,0,2,False,141715,0.019807250000000005,139.7681967328794
const-int,256,2-stackless,0,3,False,141715,0.019881207999999997,140.29007515083086
const-int,256,2-stackless,0,4,False,141715,0.01999091700000001,141.0642274988534
const-int,256,1x,0,0,True,141715,0.0294984,208.15298309988356
const-int,256,1x,0,1,True,141715,0.0300395,211.97120982253114
const-int,256,1x,0,2,False,141715,0.0304749,215.04357336908583
const-int,256,1x,0,3,False,141715,0.0302182,213.23219137000316
const-int,256,1x,0,4,False,141715,0.0302759,213.6393465758741
const-int,256,2-stackless,1,0,True,141715,0.019856417,140.11513954062733
const-int,256,2-stackless,1,1,True,141715,0.019860292,140.14248315280668
const-int,256,2-stackless,1,2,False,141715,0.019904332999999996,140.45325477190133
const-int,256,2-stackless,1,3,False,141715,0.020333375,143.48075362523375
const-int,256,2-stackless,1,4,False,141715,0.019855458000000006,140.10837243763896
const-int,256,1x,1,0,True,141715,0.0296733,209.3871502663797
const-int,256,1x,1,1,True,141715,0.0305153,215.32865257735597
const-int,256,1x,1,2,False,141715,0.0307965,217.31291676957272
const-int,256,1x,1,3,False,141715,0.030579,215.77814627950465
const-int,256,1x,1,4,False,141715,0.0300406,211.97897188018206
const-int,256,1x,2,0,True,141715,0.0300396,211.97191546413578
const-int,256,1x,2,1,True,141715,0.0302945,213.7705959143351
const-int,256,1x,2,2,False,141715,0.0302506,213.46081924990298
const-int,256,1x,2,3,False,141715,0.0303343,214.05144127297746
const-int,256,1x,2,4,False,141715,0.0300569,212.09399146173658
const-int,256,2-stackless,2,0,True,141715,0.019838708,139.99017746886358
const-int,256,2-stackless,2,1,True,141715,0.019886,140.3238894965247
const-int,256,2-stackless,2,2,False,141715,0.019855124999999994,140.10602265109546
const-int,256,2-stackless,2,3,False,141715,0.019878375000000004,140.2700843241718
const-int,256,2-stackless,2,4,False,141715,0.019880207999999996,140.28301873478458
update-seq,8,1x,0,0,True,1655753,0.176404,106.5400455261141
update-seq,8,1x,0,1,True,1655753,0.171926,103.83553585589155
update-seq,8,1x,0,2,False,1655753,0.173586,104.83810085199906
update-seq,8,1x,0,3,False,1655753,0.172281,104.04993981590249
update-seq,8,1x,0,4,False,1655753,0.173025,104.49928219970008
update-seq,8,2-stackless,0,0,True,1655753,0.020484541000000002,12.371737209595878
update-seq,8,2-stackless,0,1,True,1655753,0.020636708000000004,12.463639202224005
update-seq,8,2-stackless,0,2,False,1655753,0.020899334,12.62225343997565
update-seq,8,2-stackless,0,3,False,1655753,0.020740291999999994,12.526199257981107
update-seq,8,2-stackless,0,4,False,1655753,0.020508,12.38590538564629
update-seq,8,1x,1,0,True,1655753,0.17415,105.17873136874884
update-seq,8,1x,1,1,True,1655753,0.174597,105.44869917191755
update-seq,8,1x,1,2,False,1655753,0.176789,106.772568130633
update-seq,8,1x,1,3,False,1655753,0.178028,107.52086814881206
update-seq,8,1x,1,4,False,1655753,0.179694,108.52705687382115
update-seq,8,2-stackless,1,0,True,1655753,0.021123958,12.757916186774235
update-seq,8,2-stackless,1,1,True,1655753,0.020147083000000003,12.16792782498356
update-seq,8,2-stackless,1,2,False,1655753,0.020128375000000004,12.156629038268392
update-seq,8,2-stackless,1,3,False,1655753,0.020309917000000004,12.266272203643902
update-seq,8,2-stackless,1,4,False,1655753,0.020186042,12.19145730069642
update-seq,8,1x,2,0,True,1655753,0.17923,108.2468218387646
update-seq,8,1x,2,1,True,1655753,0.177874,107.42785910700448
update-seq,8,1x,2,2,False,1655753,0.178634,107.88686476787299
update-seq,8,1x,2,3,False,1655753,0.176991,106.89456700365332
update-seq,8,1x,2,4,False,1655753,0.178271,107.66762916932659
update-seq,8,2-stackless,2,0,True,1655753,0.020498709,12.380294041442172
update-seq,8,2-stackless,2,1,True,1655753,0.020523707999999998,12.39539230791066
update-seq,8,2-stackless,2,2,False,1655753,0.02008575,12.130885464196652
update-seq,8,2-stackless,2,3,False,1655753,0.020095207999999996,12.136597668855195
update-seq,8,2-stackless,2,4,False,1655753,0.020477833,12.367685880683894
make-table,8,2-stackless,0,0,True,480721,0.054701,113.78949536217473
make-table,8,2-stackless,0,1,True,480721,0.053191499999999996,110.64942034984948
make-table,8,2-stackless,0,2,False,480721,0.05396770800000002,112.26409497400782
make-table,8,2-stackless,0,3,False,480721,0.05437166700000001,113.10441399481199
make-table,8,2-stackless,0,4,False,480721,0.05414416700000002,112.6311665186252
make-table,8,1x,0,0,True,480721,0.0199806,41.56381768218988
make-table,8,1x,0,1,True,480721,0.0206582,42.973367088186286
make-table,8,1x,0,2,False,480721,0.0214609,44.64315060086828
make-table,8,1x,0,3,False,480721,0.0209482,43.576627607281566
make-table,8,1x,0,4,False,480721,0.0206537,42.964006149096875
make-table,8,1x,1,0,True,480721,0.0207999,43.26813265906836
make-table,8,1x,1,1,True,480721,0.020434,42.506984300665046
make-table,8,1x,1,2,False,480721,0.0204893,42.62201984103045
make-table,8,1x,1,3,False,480721,0.020415,42.46746033562087
make-table,8,1x,1,4,False,480721,0.0204324,42.50365596676659
make-table,8,2-stackless,1,0,True,480721,0.053994375000000004,112.31956789905165
make-table,8,2-stackless,1,1,True,480721,0.053178375,110.62211761083871
make-table,8,2-stackless,1,2,False,480721,0.05412616699999999,112.59372276226749
make-table,8,2-stackless,1,3,False,480721,0.054816166,114.02906467576827
make-table,8,2-stackless,1,4,False,480721,0.05453633299999999,113.44695363838899
make-table,8,2-stackless,2,0,True,480721,0.055530833,115.51572117714849
make-table,8,2-stackless,2,1,True,480721,0.05678250000000001,118.11944974319826
make-table,8,2-stackless,2,2,False,480721,0.055565667,115.58818316653527
make-table,8,2-stackless,2,3,False,480721,0.053994916000000004,112.32069329195106
make-table,8,2-stackless,2,4,False,480721,0.054455417000000034,113.27863147230939
make-table,8,1x,2,0,True,480721,0.0201388,41.892906696399784
make-table,8,1x,2,1,True,480721,0.019689,40.95722882919615
make-table,8,1x,2,2,False,480721,0.0199534,41.50723600591611
make-table,8,1x,2,3,False,480721,0.0198152,41.21975116543692
make-table,8,1x,2,4,False,480721,0.019922,41.4419174531589
add-int,64,2-stackless,0,0,True,329106,0.02219375,67.43647943215863
add-int,64,2-stackless,0,1,True,329106,0.020005207999999997,60.786518629256214
add-int,64,2-stackless,0,2,False,329106,0.019876917,60.39670197443984
add-int,64,2-stackless,0,3,False,329106,0.019938708,60.58445607190389
add-int,64,2-stackless,0,4,False,329106,0.019908125,60.49152856526469
add-int,64,1x,0,0,True,329106,0.0206207,62.656712426999206
add-int,64,1x,0,1,True,329106,0.0197216,59.924765880901596
add-int,64,1x,0,2,False,329106,0.0197368,59.97095160829642
add-int,64,1x,0,3,False,329106,0.0197702,60.07243866717714
add-int,64,1x,0,4,False,329106,0.0196939,59.840598469793925
add-int,64,1x,1,0,True,329106,0.0200445,60.90590873457184
add-int,64,1x,1,1,True,329106,0.020205,61.39359355344479
add-int,64,1x,1,2,False,329106,0.0202513,61.53427770991717
add-int,64,1x,1,3,False,329106,0.0201746,61.301222098655145
add-int,64,1x,1,4,False,329106,0.0202618,61.56618232423596
add-int,64,2-stackless,1,0,True,329106,0.019817,60.21464209099804
add-int,64,2-stackless,1,1,True,329106,0.020057500000000002,60.94540968563321
add-int,64,2-stackless,1,2,False,329106,0.020277167,61.612875486925184
add-int,64,2-stackless,1,3,False,329106,0.01981529199999999,60.209452273735494
add-int,64,2-stackless,1,4,False,329106,0.019833584,60.265033150413544
add-int,64,2-stackless,2,0,True,329106,0.019747708,60.00409594477159
add-int,64,2-stackless,2,1,True,329106,0.019996249999999997,60.75929943544024
add-int,64,2-stackless,2,2,False,329106,0.020174709,61.30155329893712
add-int,64,2-stackless,2,3,False,329106,0.019944791000000003,60.60293947846591
add-int,64,2-stackless,2,4,False,329106,0.020031791999999993,60.86729503564199
add-int,64,1x,2,0,True,329106,0.0195535,59.41398819833124
add-int,64,1x,2,1,True,329106,0.0197157,59.906838526189134
add-int,64,1x,2,2,False,329106,0.019815,60.20856502160398
add-int,64,1x,2,3,False,329106,0.0198314,60.258396990635234
add-int,64,1x,2,4,False,329106,0.0198992,60.46440964309372
assign-table,256,2-stackless,0,0,True,14646,0.014625917,998.6287723610542
assign-table,256,2-stackless,0,1,True,14646,0.014071832999999999,960.7970094223678
assign-table,256,2-stackless,0,2,False,14646,0.014060332999999998,960.0118120988665
assign-table,256,2-stackless,0,3,False,14646,0.014052708000000004,959.4911921343714
assign-table,256,2-stackless,0,4,False,14646,0.014105458000000001,963.0928581182577
assign-table,256,1x,0,0,True,14646,0.248132,16941.963676089035
assign-table,256,1x,0,1,True,14646,0.245685,16774.887341253583
assign-table,256,1x,0,2,False,14646,0.231757,15823.910965451318
assign-table,256,1x,0,3,False,14646,0.242613,16565.13723883654
assign-table,256,1x,0,4,False,14646,0.251204,17151.713778506073
assign-table,256,2-stackless,1,0,True,14646,0.014526292000000001,991.8265738085486
assign-table,256,2-stackless,1,1,True,14646,0.014004582999999998,956.2053120305884
assign-table,256,2-stackless,1,2,False,14646,0.013952415999999999,952.6434521371021
assign-table,256,2-stackless,1,3,False,14646,0.013938792000000005,951.7132322818521
assign-table,256,2-stackless,1,4,False,14646,0.014606833000000007,997.3257544722113
assign-table,256,1x,1,0,True,14646,0.247965,16930.561245391233
assign-table,256,1x,1,1,True,14646,0.260419,17780.895807729074
assign-table,256,1x,1,2,False,14646,0.249069,17005.94018844736
assign-table,256,1x,1,3,False,14646,0.250742,17120.169329509765
assign-table,256,1x,1,4,False,14646,0.259232,17699.849788338113
assign-table,256,2-stackless,2,0,True,14646,0.014561459,994.2277072238154
assign-table,256,2-stackless,2,1,True,14646,0.014400792,983.2576812781647
assign-table,256,2-stackless,2,2,False,14646,0.014005582999999999,956.2735900587189
assign-table,256,2-stackless,2,3,False,14646,0.013943417,952.0290181619555
assign-table,256,2-stackless,2,4,False,14646,0.014602583000000002,997.0355728526562
assign-table,256,1x,2,0,True,14646,0.246639,16840.02458009013
assign-table,256,1x,2,1,True,14646,0.239161,16329.441485729893
assign-table,256,1x,2,2,False,14646,0.252268,17224.36160043698
assign-table,256,1x,2,3,False,14646,0.250143,17079.270790659564
assign-table,256,1x,2,4,False,14646,0.243067,16596.13546360781
update-table,0,2-stackless,0,0,True,3555349,0.018469459,5.194837131319598
update-table,0,2-stackless,0,1,True,3555349,0.018483583999999997,5.198810018369503
update-table,0,2-stackless,0,2,False,3555349,0.018472542,5.195704275445252
update-table,0,2-stackless,0,3,False,3555349,0.018469,5.194708030069622
update-table,0,2-stackless,0,4,False,3555349,0.018479791999999995,5.1977434564089195
update-table,0,1x,0,0,True,3555349,0.244624,68.80449711125405
update-table,0,1x,0,1,True,3555349,0.232715,65.4548962703802
update-table,0,1x,0,2,False,3555349,0.239086,67.24684412135068
update-table,0,1x,0,3,False,3555349,0.235989,66.37576226693919
update-table,0,1x,0,4,False,3555349,0.252352,70.97812338535543
update-table,0,2-stackless,1,0,True,3555349,0.018472166,5.19559851930148
update-table,0,2-stackless,1,1,True,3555349,0.018522,5.2096151460798925
update-table,0,2-stackless,1,2,False,3555349,0.018477459,5.197087262038129
update-table,0,2-stackless,1,3,False,3555349,0.018463417000000003,5.193137720094428
update-table,0,2-stackless,1,4,False,3555349,0.018485,5.199208291506685
update-table,0,1x,1,0,True,3555349,0.247772,69.68992354899618
update-table,0,1x,1,1,True,3555349,0.247306,69.55885343464172
update-table,0,1x,1,2,False,3555349,0.247545,69.62607608985785
update-table,0,1x,1,3,False,3555349,0.244265,68.70352249525996
update-table,0,1x,1,4,False,3555349,0.248723,69.9574078381616
update-table,0,2-stackless,2,0,True,3555349,0.018512291,5.206884331186615
update-table,0,2-stackless,2,1,True,3555349,0.018473292,5.195915225200114
update-table,0,2-stackless,2,2,False,3555349,0.018478540999999994,5.197391592217809
update-table,0,2-stackless,2,3,False,3555349,0.018554249999999994,5.21868598553897
update-table,0,2-stackless,2,4,False,3555349,0.018667124999999993,5.250433923645749
update-table,0,1x,2,0,True,3555349,0.248685,69.94671971724857
update-table,0,1x,2,1,True,3555349,0.251759,70.81133244584427
update-table,0,1x,2,2,False,3555349,0.243884,68.5963600197899
update-table,0,1x,2,3,False,3555349,0.253935,71.42336800128483
update-table,0,1x,2,4,False,3555349,0.245141,68.94991180893915
const-int,0,1x,0,0,True,4181214,0.0214948,5.140803603929385
const-int,0,1x,0,1,True,4181214,0.0215731,5.1595302225621555
const-int,0,1x,0,2,False,4181214,0.0215308,5.149413543530659
const-int,0,1x,0,3,False,4181214,0.0215871,5.162878532407095
const-int,0,1x,0,4,False,4181214,0.0215013,5.1423581763573925
const-int,0,2-stackless,0,0,True,4181214,0.018818917,4.500826075871744
const-int,0,2-stackless,0,1,True,4181214,0.018852125,4.5087682668239415
const-int,0,2-stackless,0,2,False,4181214,0.018960500000000005,4.53468777249861
const-int,0,2-stackless,0,3,False,4181214,0.019297667000000004,4.61532631431924
const-int,0,2-stackless,0,4,False,4181214,0.018876416999999993,4.514578062734888
const-int,0,2-stackless,1,0,True,4181214,0.018850917000000002,4.508479355517321
const-int,0,2-stackless,1,1,True,4181214,0.018869333000000002,4.512883817953352
const-int,0,2-stackless,1,2,False,4181214,0.018986834,4.540985943316941
const-int,0,2-stackless,1,3,False,4181214,0.018901625000000005,4.520606933775694
const-int,0,2-stackless,1,4,False,4181214,0.018834083,4.50445325209377
const-int,0,1x,1,0,True,4181214,0.0218286,5.220636877232306
const-int,0,1x,1,1,True,4181214,0.0218358,5.222358865152561
const-int,0,1x,1,2,False,4181214,0.0218555,5.227070415434369
const-int,0,1x,1,3,False,4181214,0.0221007,5.2857136707186
const-int,0,1x,1,4,False,4181214,0.0220804,5.280858621443437
const-int,0,1x,2,0,True,4181214,0.0212807,5.089598379800699
const-int,0,1x,2,1,True,4181214,0.021211,5.072928580072677
const-int,0,1x,2,2,False,4181214,0.0213927,5.116384858560218
const-int,0,1x,2,3,False,4181214,0.0212581,5.08419325105101
const-int,0,1x,2,4,False,4181214,0.0212381,5.079409951272525
const-int,0,2-stackless,2,0,True,4181214,0.018848208,4.507831457562325
const-int,0,2-stackless,2,1,True,4181214,0.018836708,4.5050810601896965
const-int,0,2-stackless,2,2,False,4181214,0.018866416999999996,4.512186412845646
const-int,0,2-stackless,2,3,False,4181214,0.018830417000000002,4.503576473244374
const-int,0,2-stackless,2,4,False,4181214,0.018834000000000004,4.50443340139969
make-table,64,1x,0,0,True,94610,0.0203255,214.83458408202094
make-table,64,1x,0,1,True,94610,0.0205313,217.00982982771376
make-table,64,1x,0,2,False,94610,0.0206105,217.84695063946728
make-table,64,1x,0,3,False,94610,0.020455,216.2033611668957
make-table,64,1x,0,4,False,94610,0.0206129,217.87231793679314
make-table,64,2-stackless,0,0,True,94610,0.053606375,566.6036888278195
make-table,64,2-stackless,0,1,True,94610,0.052993208,560.1226931613994
make-table,64,2-stackless,0,2,False,94610,0.05331170800000001,563.4891449106862
make-table,64,2-stackless,0,3,False,94610,0.05306095800000002,560.8387908254944
make-table,64,2-stackless,0,4,False,94610,0.05434654199999997,574.4270373110662
make-table,64,2-stackless,1,0,True,94610,0.054383417,574.8167952647711
make-table,64,2-stackless,1,1,True,94610,0.053436708,564.8103583130747
make-table,64,2-stackless,1,2,False,94610,0.05291612500000001,559.3079484198289
make-table,64,2-stackless,1,3,False,94610,0.052956583,559.7355776344996
make-table,64,2-stackless,1,4,False,94610,0.052929666999999986,559.4510833949898
make-table,64,1x,1,0,True,94610,0.0209598,221.53894937110243
make-table,64,1x,1,1,True,94610,0.0203605,215.20452383468978
make-table,64,1x,1,2,False,94610,0.0205257,216.95063946728675
make-table,64,1x,1,3,False,94610,0.0205618,217.33220589789664
make-table,64,1x,1,4,False,94610,0.0207167,218.96945354613678
make-table,64,2-stackless,2,0,True,94610,0.053193833,562.2432406722334
make-table,64,2-stackless,2,1,True,94610,0.053701834,567.6126625092485
make-table,64,2-stackless,2,2,False,94610,0.054296334,573.8963534510094
make-table,64,2-stackless,2,3,False,94610,0.05368704199999999,567.4563154000633
make-table,64,2-stackless,2,4,False,94610,0.05297929200000001,559.9756051157384
make-table,64,1x,2,0,True,94610,0.0204135,215.76471831730262
make-table,64,1x,2,1,True,94610,0.0204461,216.1092907726456
make-table,64,1x,2,2,False,94610,0.0203669,215.27216996089209
make-table,64,1x,2,3,False,94610,0.0204141,215.77106014163408
make-table,64,1x,2,4,False,94610,0.0202873,214.43082126625092
push-shared-seq,0,2-stackless,0,0,True,2288985,0.019300875000000002,8.43206705155342
push-shared-seq,0,2-stackless,0,1,True,2288985,0.019502292000000004,8.520061075105342
push-shared-seq,0,2-stackless,0,2,False,2288985,0.018825709000000003,8.224478972120833
push-shared-seq,0,2-stackless,0,3,False,2288985,0.019040166999999997,8.31817028071394
push-shared-seq,0,2-stackless,0,4,False,2288985,0.01881116599999999,8.21812550104085
push-shared-seq,0,1x,0,0,True,2288985,0.222663,97.27586681433037
push-shared-seq,0,1x,0,1,True,2288985,0.209862,91.6834317393954
push-shared-seq,0,1x,0,2,False,2288985,0.211484,92.39204276131123
push-shared-seq,0,1x,0,3,False,2288985,0.218511,95.46196239818086
push-shared-seq,0,1x,0,4,False,2288985,0.218085,95.27585370808458
push-shared-seq,0,1x,1,0,True,2288985,0.216091,94.40472523847906
push-shared-seq,0,1x,1,1,True,2288985,0.218184,95.3191043191633
push-shared-seq,0,1x,1,2,False,2288985,0.213945,93.46719179024764
push-shared-seq,0,1x,1,3,False,2288985,0.212996,93.05259754869516
push-shared-seq,0,1x,1,4,False,2288985,0.226134,98.79225945124149
push-shared-seq,0,2-stackless,1,0,True,2288985,0.018859459000000002,8.239223498624938
push-shared-seq,0,2-stackless,1,1,True,2288985,0.018722958,8.179589643444583
push-shared-seq,0,2-stackless,1,2,False,2288985,0.018912083000000003,8.262213601225
push-shared-seq,0,2-stackless,1,3,False,2288985,0.018952791999999996,8.279998339875533
push-shared-seq,0,2-stackless,1,4,False,2288985,0.018987124999999994,8.294997564422657
push-shared-seq,0,1x,2,0,True,2288985,0.221398,96.72322011721353
push-shared-seq,0,1x,2,1,True,2288985,0.215628,94.2024521785857
push-shared-seq,0,1x,2,2,False,2288985,0.215121,93.98095662487958
push-shared-seq,0,1x,2,3,False,2288985,0.210008,91.74721546886502
push-shared-seq,0,1x,2,4,False,2288985,0.214356,93.6467473574532
push-shared-seq,0,2-stackless,2,0,True,2288985,0.01881625,8.220346572825948
push-shared-seq,0,2-stackless,2,1,True,2288985,0.019181458,8.37989676647073
push-shared-seq,0,2-stackless,2,2,False,2288985,0.018960125,8.283201943219375
push-shared-seq,0,2-stackless,2,3,False,2288985,0.018992125,8.297181938719563
push-shared-seq,0,2-stackless,2,4,False,2288985,0.018969582999999998,8.287333905639398
get-string,8,1x,0,0,True,2013430,0.0324567,16.120103504964163
get-string,8,1x,0,1,True,2013430,0.0318961,15.841673164699044
get-string,8,1x,0,2,False,2013430,0.0318944,15.84082883437716
get-string,8,1x,0,3,False,2013430,0.0318463,15.816939252916665
get-string,8,1x,0,4,False,2013430,0.0318894,15.838345509901014
get-string,8,2-stackless,0,0,True,2013430,0.01939525,9.632939809181348
get-string,8,2-stackless,0,1,True,2013430,0.019447875,9.65907679929275
get-string,8,2-stackless,0,2,False,2013430,0.019426167,9.648295197747128
get-string,8,2-stackless,0,3,False,2013430,0.019458458000000005,9.664333003878955
get-string,8,2-stackless,0,4,False,2013430,0.01968754099999999,9.778110488072587
get-string,8,1x,1,0,True,2013430,0.0319247,15.855877780702583
get-string,8,1x,1,1,True,2013430,0.0320075,15.897001634027506
get-string,8,1x,1,2,False,2013430,0.0319653,15.876042375448863
get-string,8,1x,1,3,False,2013430,0.0318885,15.83789851149531
get-string,8,1x,1,4,False,2013430,0.0318814,15.834372190739185
get-string,8,2-stackless,1,0,True,2013430,0.019375458,9.623109817574983
get-string,8,2-stackless,1,1,True,2013430,0.019452957999999996,9.661601346955194
get-string,8,2-stackless,1,2,False,2013430,0.019563542000000003,9.71652453772915
get-string,8,2-stackless,1,3,False,2013430,0.019536291999999997,9.702990419334169
get-string,8,2-stackless,1,4,False,2013430,0.019468709,9.66942431571994
get-string,8,1x,2,0,True,2013430,0.0322187,16.001897259899774
get-string,8,1x,2,1,True,2013430,0.0324545,16.119010842194662
get-string,8,1x,2,2,False,2013430,0.0319917,15.889154328682892
get-string,8,1x,2,3,False,2013430,0.0318954,15.841325499272385
get-string,8,1x,2,4,False,2013430,0.0319767,15.881704355254465
get-string,8,2-stackless,2,0,True,2013430,0.019649042,9.758989386271189
get-string,8,2-stackless,2,1,True,2013430,0.019596833000000004,9.733059008756204
get-string,8,2-stackless,2,2,False,2013430,0.019687541999999995,9.778110984737486
get-string,8,2-stackless,2,3,False,2013430,0.019486290999999996,9.678156677907847
get-string,8,2-stackless,2,4,False,2013430,0.019729165999999992,9.798784164336476
assign-seq,256,1x,0,0,True,21576,0.227089,10525.074156470151
assign-seq,256,1x,0,1,True,21576,0.227814,10558.676307007787
assign-seq,256,1x,0,2,False,21576,0.228008,10567.667779013718
assign-seq,256,1x,0,3,False,21576,0.2269,10516.314423433445
assign-seq,256,1x,0,4,False,21576,0.229164,10621.245828698555
assign-seq,256,2-stackless,0,0,True,21576,0.01983175,919.1578605858361
assign-seq,256,2-stackless,0,1,True,21576,0.019865832999999996,920.7375324434555
assign-seq,256,2-stackless,0,2,False,21576,0.020049167,929.2346588802372
assign-seq,256,2-stackless,0,3,False,21576,0.020039749999999995,928.7982017055987
assign-seq,256,2-stackless,0,4,False,21576,0.020023250000000006,928.0334631071564
assign-seq,256,2-stackless,1,0,True,21576,0.019926250000000003,923.53772710419
assign-seq,256,2-stackless,1,1,True,21576,0.019984125000000002,926.2201056729701
assign-seq,256,2-stackless,1,2,False,21576,0.020001458,927.0234519836856
assign-seq,256,2-stackless,1,3,False,21576,0.019997458000000003,926.8380608083057
assign-seq,256,2-stackless,1,4,False,21576,0.020004791000000008,927.1779291805714
assign-seq,256,1x,1,0,True,21576,0.232943,10796.394141638859
assign-seq,256,1x,1,1,True,21576,0.227653,10551.21431219874
assign-seq,256,1x,1,2,False,21576,0.228161,10574.758991472007
assign-seq,256,1x,1,3,False,21576,0.227886,10562.013348164628
assign-seq,256,1x,1,4,False,21576,0.2279,10562.662217278457
assign-seq,256,1x,2,0,True,21576,0.226983,10520.161290322581
assign-seq,256,1x,2,1,True,21576,0.227819,10558.908045977012
assign-seq,256,1x,2,2,False,21576,0.229345,10629.634779384502
assign-seq,256,1x,2,3,False,21576,0.228453,10588.29254727475
assign-seq,256,1x,2,4,False,21576,0.229159,10621.01408972933
assign-seq,256,2-stackless,2,0,True,21576,0.019777167000000002,916.6280589543937
assign-seq,256,2-stackless,2,1,True,21576,0.019822959,918.7504171301446
assign-seq,256,2-stackless,2,2,False,21576,0.0200115,927.4888765294772
assign-seq,256,2-stackless,2,3,False,21576,0.019934125000000004,923.9027159807194
assign-seq,256,2-stackless,2,4,False,21576,0.019993459000000005,926.6527159807194
